dataset,sigma,trial,method,recovery_rmse,maximum_negative_slope,end_to_end_seconds,refit_seconds,selected_parameter,iterations,converged,message
sensor_log,0.02,1,MonotoneLSPIA,0.006555244290437688,0.0,0.020695670042186975,0.020695670042186975,,127,True,
sensor_log,0.02,1,Penalized monotone B-spline,0.006496347592154681,0.0,0.041745360009372234,0.0017988499603234231,0.01,13,True,Optimization terminated successfully
sensor_log,0.02,1,pyGAM,0.006944822387795536,0.0,0.08541553700342774,0.010249052022118121,1.0,2,True,
sensor_log,0.02,2,MonotoneLSPIA,0.007250678467315801,0.0,0.01767972600646317,0.01767972600646317,,138,True,
sensor_log,0.02,2,Penalized monotone B-spline,0.005853102381010971,0.0,0.01294833596330136,0.0004413669812493026,1.0,1,True,Optimization terminated successfully
sensor_log,0.02,2,pyGAM,0.006240488132421178,0.0,0.07318295200821012,0.010743909981101751,1.0,2,True,
sensor_log,0.02,3,MonotoneLSPIA,0.00519342600384233,0.0,0.016602309013251215,0.016602309013251215,,137,True,
sensor_log,0.02,3,Penalized monotone B-spline,0.003996223887162383,0.0,0.018964149989187717,0.0005639820010401309,1.0,1,True,Optimization terminated successfully
sensor_log,0.02,3,pyGAM,0.0058173190129688955,0.0,0.07056673400802538,0.00906151399249211,1.0,2,True,
sensor_log,0.02,4,MonotoneLSPIA,0.007419261453934366,0.0,0.013945886050350964,0.013945886050350964,,115,True,
sensor_log,0.02,4,Penalized monotone B-spline,0.0058945640884203844,0.0,0.025419973011594266,0.0004364060005173087,1.0,1,True,Optimization terminated successfully
sensor_log,0.02,4,pyGAM,0.005936383080107197,0.0,0.07251803897088394,0.009997382992878556,0.1,2,True,
sensor_log,0.02,5,MonotoneLSPIA,0.005801789190416364,0.0,0.01728162996005267,0.01728162996005267,,140,True,
sensor_log,0.02,5,Penalized monotone B-spline,0.005517343883813118,0.0,0.021555665007326752,0.00042189500527456403,1.0,1,True,Optimization terminated successfully
sensor_log,0.02,5,pyGAM,0.0055767336891543486,0.0,0.07724593399325386,0.009772385994438082,1.0,2,True,
sensor_log,0.02,6,MonotoneLSPIA,0.006659647131616327,0.0,0.017103941994719207,0.017103941994719207,,138,True,
sensor_log,0.02,6,Penalized monotone B-spline,0.006184730681057773,0.0,0.03467841102974489,0.0017959640244953334,0.01,13,True,Optimization terminated successfully
sensor_log,0.02,6,pyGAM,0.004637932587241351,0.0,0.07922770699951798,0.009096812980715185,0.1,3,True,
sensor_log,0.02,7,MonotoneLSPIA,0.004323621677477285,0.0,0.016075723979156464,0.016075723979156464,,135,True,
sensor_log,0.02,7,Penalized monotone B-spline,0.004443487400916803,0.0,0.023020510969217867,0.00043003802420571446,1.0,1,True,Optimization terminated successfully
sensor_log,0.02,7,pyGAM,0.003079853723029567,0.0,0.0781164380023256,0.009751815989147872,1.0,2,True,
sensor_log,0.02,8,MonotoneLSPIA,0.006028874476891065,0.0,0.016119744977913797,0.016119744977913797,,135,True,
sensor_log,0.02,8,Penalized monotone B-spline,0.005435205809937336,0.0,0.028757540974766016,0.0017947139567695558,0.01,10,True,Optimization terminated successfully
sensor_log,0.02,8,pyGAM,0.005464918954136348,0.0,0.08230889495462179,0.011292023991700262,1.0,2,True,
sensor_log,0.02,9,MonotoneLSPIA,0.006152253787189773,0.0,0.018738134007435292,0.018738134007435292,,135,True,
sensor_log,0.02,9,Penalized monotone B-spline,0.005986139710347897,0.0,0.03693884896347299,0.0004229370388202369,1.0,1,True,Optimization terminated successfully
sensor_log,0.02,9,pyGAM,0.006153970937707817,0.0,0.08454810600960627,0.009371805004775524,1.0,2,True,
sensor_log,0.02,10,MonotoneLSPIA,0.005145806336310163,0.0,0.015730252023786306,0.015730252023786306,,130,True,
sensor_log,0.02,10,Penalized monotone B-spline,0.00537043378297681,0.0,0.012160114012658596,0.0004196680383756757,1.0,1,True,Optimization terminated successfully
sensor_log,0.02,10,pyGAM,0.004419018442505514,0.0,0.07250653498340398,0.009154787985607982,0.1,2,True,
sensor_log,0.02,11,MonotoneLSPIA,0.0036588596222034094,0.0,0.0159539160085842,0.0159539160085842,,136,True,
sensor_log,0.02,11,Penalized monotone B-spline,0.0038231192266919866,0.0,0.012149104033596814,0.0004162669647485018,1.0,1,True,Optimization terminated successfully
sensor_log,0.02,11,pyGAM,0.004886740391342818,0.0,0.07138223701622337,0.009171537996735424,1.0,2,True,
sensor_log,0.02,12,MonotoneLSPIA,0.0074733013706968845,0.0,0.017502547008916736,0.017502547008916736,,145,True,
sensor_log,0.02,12,Penalized monotone B-spline,0.0057725182562095665,0.0,0.02910084999166429,0.0004213529755361378,1.0,1,True,Optimization terminated successfully
sensor_log,0.02,12,pyGAM,0.005226244981687127,0.0,0.08074595301877707,0.009797614009585232,0.1,3,True,
sensor_log,0.02,13,MonotoneLSPIA,0.004715029012789686,0.0,0.01724754401948303,0.01724754401948303,,141,True,
sensor_log,0.02,13,Penalized monotone B-spline,0.005155918834356145,0.0,0.032973029010463506,0.0004200509865768254,1.0,1,True,Optimization terminated successfully
sensor_log,0.02,13,pyGAM,0.004148352124181975,0.0,0.07895793300122023,0.009403653035406023,0.1,3,True,
sensor_log,0.02,14,MonotoneLSPIA,0.006124173800569892,0.0,0.015887981047853827,0.015887981047853827,,136,True,
sensor_log,0.02,14,Penalized monotone B-spline,0.003707545542051634,0.0,0.018338374968152493,0.00042098696576431394,1.0,1,True,Optimization terminated successfully
sensor_log,0.02,14,pyGAM,0.00557381724991378,0.0,0.0793428189936094,0.009679434006102383,1.0,2,True,
sensor_log,0.02,15,MonotoneLSPIA,0.008038871198121673,0.0,0.016766292974352837,0.016766292974352837,,137,True,
sensor_log,0.02,15,Penalized monotone B-spline,0.0061987451628661375,0.0,0.03232515702256933,0.0004161400138400495,1.0,1,True,Optimization terminated successfully
sensor_log,0.02,15,pyGAM,0.006799717810271777,0.0,0.07966077199671417,0.00940333999460563,0.1,2,True,
sensor_log,0.02,16,MonotoneLSPIA,0.00507344167986861,0.0,0.01741709199268371,0.01741709199268371,,143,True,
sensor_log,0.02,16,Penalized monotone B-spline,0.0035427691227474887,0.0,0.016760857950430363,0.00046207004925236106,1.0,1,True,Optimization terminated successfully
sensor_log,0.02,16,pyGAM,0.004710408665923902,0.0,0.07389436196535826,0.012910285033285618,1.0,2,True,
sensor_log,0.02,17,MonotoneLSPIA,0.009924427883854966,0.0,0.017368385975714773,0.017368385975714773,,140,True,
sensor_log,0.02,17,Penalized monotone B-spline,0.009924429213688761,0.0,0.03163919202052057,0.003031561034731567,1e-08,13,True,Optimization terminated successfully
sensor_log,0.02,17,pyGAM,0.009898625601092255,0.0,0.08851267996942624,0.01891789003275335,0.001,4,True,
sensor_log,0.02,18,MonotoneLSPIA,0.007119567958034965,0.0,0.0171501130098477,0.0171501130098477,,133,True,
sensor_log,0.02,18,Penalized monotone B-spline,0.0071562156541844875,0.0,0.03467239299789071,0.0005089420010335743,1.0,1,True,Optimization terminated successfully
sensor_log,0.02,18,pyGAM,0.0078023075265559,0.0,0.08160798903554678,0.009996942011639476,1.0,2,True,
sensor_log,0.02,19,MonotoneLSPIA,0.00617917384780229,0.0,0.016947275027632713,0.016947275027632713,,139,True,
sensor_log,0.02,19,Penalized monotone B-spline,0.00440673670041527,0.0,0.023094008036423475,0.00041961699025705457,1.0,1,True,Optimization terminated successfully
sensor_log,0.02,19,pyGAM,0.0036546055039116294,0.0,0.07167547201970592,0.01040246500633657,0.1,2,True,
sensor_log,0.02,20,MonotoneLSPIA,0.004576163680125536,0.0,0.016200023994315416,0.016200023994315416,,132,True,
sensor_log,0.02,20,Penalized monotone B-spline,0.004492613050693113,0.0,0.01746842503780499,0.0004225599695928395,1.0,1,True,Optimization terminated successfully
sensor_log,0.02,20,pyGAM,0.004279948858109901,0.0,0.07895847404142842,0.009315705974586308,0.1,2,True,
sensor_log,0.02,21,MonotoneLSPIA,0.005586332838144303,0.0,0.0159460449940525,0.0159460449940525,,135,True,
sensor_log,0.02,21,Penalized monotone B-spline,0.004936448609322459,0.0,0.020800949016120285,0.0007470329874195158,1.0,1,True,Optimization terminated successfully
sensor_log,0.02,21,pyGAM,0.004863467766406292,0.0,0.07704872597241774,0.009462170011829585,0.1,3,True,
sensor_log,0.02,22,MonotoneLSPIA,0.005092493591143602,0.0,0.015267929993569851,0.015267929993569851,,128,True,
sensor_log,0.02,22,Penalized monotone B-spline,0.00437048243248368,0.0,0.012250472966115922,0.00042360398219898343,1.0,1,True,Optimization terminated successfully
sensor_log,0.02,22,pyGAM,0.005289367586581987,0.0,0.07046319998335093,0.00930942699778825,1.0,2,True,
sensor_log,0.02,23,MonotoneLSPIA,0.005975735361927234,0.0,0.01766732201213017,0.01766732201213017,,148,True,
sensor_log,0.02,23,Penalized monotone B-spline,0.005736570527780547,0.0,0.015830306976567954,0.0004877499886788428,0.01,1,True,Optimization terminated successfully
sensor_log,0.02,23,pyGAM,0.004945732706074042,0.0,0.07087637798395008,0.009971774998120964,1.0,2,True,
sensor_log,0.02,24,MonotoneLSPIA,0.00684555986612718,0.0,0.01656248699873686,0.01656248699873686,,137,True,
sensor_log,0.02,24,Penalized monotone B-spline,0.006382202860259965,0.0,0.03361395397223532,0.00042358599603176117,1.0,1,True,Optimization terminated successfully
sensor_log,0.02,24,pyGAM,0.007082299403631747,0.0,0.07843887899070978,0.009631716995500028,1.0,2,True,
sensor_log,0.02,25,MonotoneLSPIA,0.006834362699032439,0.0,0.01649855903815478,0.01649855903815478,,141,True,
sensor_log,0.02,25,Penalized monotone B-spline,0.005855364680853575,0.0,0.025868983997497708,0.0004165989812463522,1.0,1,True,Optimization terminated successfully
sensor_log,0.02,25,pyGAM,0.006033372847413075,0.0,0.07921599602559581,0.010229248960968107,1.0,2,True,
sensor_log,0.02,26,MonotoneLSPIA,0.005434864830217988,0.0,0.015014650009106845,0.015014650009106845,,126,True,
sensor_log,0.02,26,Penalized monotone B-spline,0.00532809186472717,0.0,0.012495208997279406,0.0004883119836449623,1.0,1,True,Optimization terminated successfully
sensor_log,0.02,26,pyGAM,0.0037056490921536286,0.0,0.07223842496750876,0.009632804954890162,0.1,2,True,
sensor_log,0.02,27,MonotoneLSPIA,0.005806713418946748,0.0,0.017574892030097544,0.017574892030097544,,150,True,
sensor_log,0.02,27,Penalized monotone B-spline,0.005425834758725501,0.0,0.027073404984548688,0.0004944439860992134,0.01,1,True,Optimization terminated successfully
sensor_log,0.02,27,pyGAM,0.004666421048299059,0.0,0.0713622949551791,0.009646383987274021,0.1,2,True,
sensor_log,0.02,28,MonotoneLSPIA,0.00523373857393497,0.0,0.017009278992190957,0.017009278992190957,,135,True,
sensor_log,0.02,28,Penalized monotone B-spline,0.005168986164780659,0.0,0.024229062953963876,0.0005061299889348447,1.0,1,True,Optimization terminated successfully
sensor_log,0.02,28,pyGAM,0.004259395067139761,0.0,0.08352190296864137,0.009815764031372964,0.1,3,True,
sensor_log,0.02,29,MonotoneLSPIA,0.004091256646297434,0.0,0.017609192989766598,0.017609192989766598,,144,True,
sensor_log,0.02,29,Penalized monotone B-spline,0.00460826626407637,0.0,0.012866390985436738,0.0004226119490340352,1.0,1,True,Optimization terminated successfully
sensor_log,0.02,29,pyGAM,0.0028949566242223034,0.0,0.07112764701014385,0.009574358991812915,0.1,2,True,
sensor_log,0.02,30,MonotoneLSPIA,0.0036778858657300455,0.0,0.01678486296441406,0.01678486296441406,,135,True,
sensor_log,0.02,30,Penalized monotone B-spline,0.0033435922247135094,0.0,0.02745371701894328,0.0005202650208957493,1.0,1,True,Optimization terminated successfully
sensor_log,0.02,30,pyGAM,0.00435948743663002,0.0,0.08055952499853447,0.009539763967040926,1.0,2,True,
sensor_log,0.02,31,MonotoneLSPIA,0.005965444381455117,0.0,0.01802426902577281,0.01802426902577281,,142,True,
sensor_log,0.02,31,Penalized monotone B-spline,0.005301776269434111,0.0,0.020197434991132468,0.00041699997382238507,1.0,1,True,Optimization terminated successfully
sensor_log,0.02,31,pyGAM,0.005794827279603147,0.0,0.0740407329867594,0.009838631958700716,1.0,2,True,
sensor_log,0.02,32,MonotoneLSPIA,0.005978251912495956,0.0,0.0182727700448595,0.0182727700448595,,149,True,
sensor_log,0.02,32,Penalized monotone B-spline,0.005466628082520802,0.0,0.0254827729659155,0.0004246300086379051,1.0,1,True,Optimization terminated successfully
sensor_log,0.02,32,pyGAM,0.004397256850894004,0.0,0.08021401602309197,0.00969483598601073,0.1,2,True,
sensor_log,0.02,33,MonotoneLSPIA,0.005767149435746215,0.0,0.016649044991936535,0.016649044991936535,,126,True,
sensor_log,0.02,33,Penalized monotone B-spline,0.0054950066254872715,0.0,0.029689710994716734,0.0017409440479241312,0.01,13,True,Optimization terminated successfully
sensor_log,0.02,33,pyGAM,0.004735015774647989,0.0,0.07796939904801548,0.009427774988580495,1.0,2,True,
sensor_log,0.02,34,MonotoneLSPIA,0.005922323294212786,0.0,0.017738867027219385,0.017738867027219385,,148,True,
sensor_log,0.02,34,Penalized monotone B-spline,0.004192277804100333,0.0,0.012225110025610775,0.0004717630217783153,1.0,1,True,Optimization terminated successfully
sensor_log,0.02,34,pyGAM,0.004181992695798374,0.0,0.07133580098161474,0.009175275976303965,0.1,2,True,
sensor_log,0.02,35,MonotoneLSPIA,0.005602149555390239,0.0,0.01724621100584045,0.01724621100584045,,141,True,
sensor_log,0.02,35,Penalized monotone B-spline,0.004946562736760224,0.0,0.012184565013740212,0.0005539030535146594,1.0,1,True,Optimization terminated successfully
sensor_log,0.02,35,pyGAM,0.0033332915738273792,0.0,0.07130381499882787,0.010344704031012952,0.1,2,True,
sensor_log,0.02,36,MonotoneLSPIA,0.004784505282700238,0.0,0.016280293988529593,0.016280293988529593,,130,True,
sensor_log,0.02,36,Penalized monotone B-spline,0.005233114131460281,0.0,0.01652842399198562,0.000581660948228091,1.0,1,True,Optimization terminated successfully
sensor_log,0.02,36,pyGAM,0.0060453776203973335,0.0,0.07383402896812186,0.009493318968452513,1.0,2,True,
sensor_log,0.02,37,MonotoneLSPIA,0.004071648046057926,0.0,0.016361012996640056,0.016361012996640056,,132,True,
sensor_log,0.02,37,Penalized monotone B-spline,0.0036409982735750215,0.0,0.022544196981471032,0.0004291149671189487,1.0,1,True,Optimization terminated successfully
sensor_log,0.02,37,pyGAM,0.0047830209189384165,0.0,0.07018943701405078,0.009769349009729922,1.0,2,True,
sensor_log,0.02,38,MonotoneLSPIA,0.004710110152806729,0.0,0.017026139015797526,0.017026139015797526,,143,True,
sensor_log,0.02,38,Penalized monotone B-spline,0.0033980882576125047,0.0,0.020747310016304255,0.0005706669762730598,1.0,1,True,Optimization terminated successfully
sensor_log,0.02,38,pyGAM,0.0046340301864506534,0.0,0.07831692200852558,0.009591731999535114,1.0,2,True,
sensor_log,0.02,39,MonotoneLSPIA,0.005494698500866072,0.0,0.016314818989485502,0.016314818989485502,,137,True,
sensor_log,0.02,39,Penalized monotone B-spline,0.0045495090803939035,0.0,0.025970260961912572,0.0005585679900832474,1.0,1,True,Optimization terminated successfully
sensor_log,0.02,39,pyGAM,0.004405128959809154,0.0,0.07924645597813651,0.009716233005747199,1.0,2,True,
sensor_log,0.02,40,MonotoneLSPIA,0.00510042092685143,0.0,0.016414111014455557,0.016414111014455557,,138,True,
sensor_log,0.02,40,Penalized monotone B-spline,0.004595477319953742,0.0,0.03399217396508902,0.00042555300751701,1.0,1,True,Optimization terminated successfully
sensor_log,0.02,40,pyGAM,0.00352020592583656,0.0,0.07785227801650763,0.009409810008946806,0.1,3,True,
sensor_log,0.02,41,MonotoneLSPIA,0.003694449796607883,0.0,0.01506666699424386,0.01506666699424386,,130,True,
sensor_log,0.02,41,Penalized monotone B-spline,0.002765724130344347,0.0,0.032666631042957306,0.0006166259991005063,1.0,1,True,Optimization terminated successfully
sensor_log,0.02,41,pyGAM,0.003850369164942697,0.0,0.0777379689970985,0.009492470999248326,1.0,2,True,
sensor_log,0.02,42,MonotoneLSPIA,0.006260473229626748,0.0,0.018014146015048027,0.018014146015048027,,148,True,
sensor_log,0.02,42,Penalized monotone B-spline,0.006102472870316358,0.0,0.012013116967864335,0.00042133498936891556,1.0,1,True,Optimization terminated successfully
sensor_log,0.02,42,pyGAM,0.005780829082149015,0.0,0.07076269102981314,0.00936651398660615,1.0,2,True,
sensor_log,0.02,43,MonotoneLSPIA,0.007173281733354857,0.0,0.01609319099225104,0.01609319099225104,,138,True,
sensor_log,0.02,43,Penalized monotone B-spline,0.006508230131421113,0.0,0.033069965953473,0.00042931397911161184,1.0,1,True,Optimization terminated successfully
sensor_log,0.02,43,pyGAM,0.007339667680041193,0.0,0.0799582619802095,0.00971570098772645,1.0,2,True,
sensor_log,0.02,44,MonotoneLSPIA,0.004337547653493229,0.0,0.016676804050803185,0.016676804050803185,,141,True,
sensor_log,0.02,44,Penalized monotone B-spline,0.0035624843375628365,0.0,0.023627360991667956,0.00041788496309891343,1.0,1,True,Optimization terminated successfully
sensor_log,0.02,44,pyGAM,0.004318640109642097,0.0,0.078415835974738,0.009969425038434565,1.0,2,True,
sensor_log,0.02,45,MonotoneLSPIA,0.006567424108982048,0.0,0.016071317018941045,0.016071317018941045,,137,True,
sensor_log,0.02,45,Penalized monotone B-spline,0.005542181071392739,0.0,0.027434167044702917,0.00041828997200354934,1.0,1,True,Optimization terminated successfully
sensor_log,0.02,45,pyGAM,0.006442791462003124,0.0,0.08114554500207305,0.009289502981118858,1.0,2,True,
sensor_log,0.02,46,MonotoneLSPIA,0.006450810320624083,0.0,0.01613623899174854,0.01613623899174854,,138,True,
sensor_log,0.02,46,Penalized monotone B-spline,0.00476433130101347,0.0,0.02262109098955989,0.0004259450361132622,1.0,1,True,Optimization terminated successfully
sensor_log,0.02,46,pyGAM,0.00525101119605362,0.0,0.07072539802175015,0.009289149020332843,1.0,2,True,
sensor_log,0.02,47,MonotoneLSPIA,0.0073945999116625215,0.0,0.016807569016236812,0.016807569016236812,,141,True,
sensor_log,0.02,47,Penalized monotone B-spline,0.005833914612340899,0.0,0.012343253009021282,0.0004679089761339128,1.0,1,True,Optimization terminated successfully
sensor_log,0.02,47,pyGAM,0.005846534445692813,0.0,0.07265668298350647,0.009130706021096557,0.1,2,True,
sensor_log,0.02,48,MonotoneLSPIA,0.006804312261252856,0.0,0.015061419981066138,0.015061419981066138,,128,True,
sensor_log,0.02,48,Penalized monotone B-spline,0.006158200279194475,0.0,0.027217380004003644,0.00041718001011759043,1.0,1,True,Optimization terminated successfully
sensor_log,0.02,48,pyGAM,0.00645684571746075,0.0,1.722412149014417,1.704210060997866,0.001,500,False,did not converge; did not converge
sensor_log,0.02,49,MonotoneLSPIA,0.008054503608025206,0.0,0.01704364101169631,0.01704364101169631,,132,True,
sensor_log,0.02,49,Penalized monotone B-spline,0.00609996399941189,0.0,0.016638488974422216,0.0004399149911478162,1.0,1,True,Optimization terminated successfully
sensor_log,0.02,49,pyGAM,0.006771466107043966,0.0,0.07111188897397369,0.009390071965754032,0.1,2,True,
sensor_log,0.02,50,MonotoneLSPIA,0.005851589526617742,0.0,0.016039125970564783,0.016039125970564783,,131,True,
sensor_log,0.02,50,Penalized monotone B-spline,0.0049148019764005116,0.0,0.03149609896354377,0.0004891249700449407,1.0,1,True,Optimization terminated successfully
sensor_log,0.02,50,pyGAM,0.005292762154943811,0.0,0.07804530899738893,0.009292931004893035,0.1,3,True,
sensor_log,0.02,51,MonotoneLSPIA,0.00541543157344838,0.0,0.017763049982022494,0.017763049982022494,,149,True,
sensor_log,0.02,51,Penalized monotone B-spline,0.004886298797977446,0.0,0.026619673997629434,0.0004214359796606004,1.0,1,True,Optimization terminated successfully
sensor_log,0.02,51,pyGAM,0.00584561232467797,0.0,0.07032779202563688,0.010163680999539793,1.0,2,True,
sensor_log,0.02,52,MonotoneLSPIA,0.004777148924409806,0.0,0.01622392301214859,0.01622392301214859,,138,True,
sensor_log,0.02,52,Penalized monotone B-spline,0.004911207802999209,0.0,0.023362270032521337,0.0005533489747904241,1.0,1,True,Optimization terminated successfully
sensor_log,0.02,52,pyGAM,0.005477884879214433,0.0,0.08168369502527639,0.009474414982832968,1.0,2,True,
sensor_log,0.02,53,MonotoneLSPIA,0.006974942097265384,0.0,0.01657653698930517,0.01657653698930517,,134,True,
sensor_log,0.02,53,Penalized monotone B-spline,0.006523674557634698,0.0,0.020713358011562377,0.0004210429615341127,1.0,1,True,Optimization terminated successfully
sensor_log,0.02,53,pyGAM,0.006147847307086027,0.0,0.07217629702063277,0.009411495993845165,0.1,2,True,
sensor_log,0.02,54,MonotoneLSPIA,0.005869667692345303,0.0,0.016200612008105963,0.016200612008105963,,135,True,
sensor_log,0.02,54,Penalized monotone B-spline,0.005674782866204809,0.0,0.029928150994237512,0.00041969300946220756,1.0,1,True,Optimization terminated successfully
sensor_log,0.02,54,pyGAM,0.0051346000359311725,0.0,0.07888526102760807,0.010306751006282866,1.0,2,True,
sensor_log,0.02,55,MonotoneLSPIA,0.00487335223091911,0.0,0.016311434970702976,0.016311434970702976,,132,True,
sensor_log,0.02,55,Penalized monotone B-spline,0.004160799397181884,0.0,0.02982681803405285,0.0004193760105408728,1.0,1,True,Optimization terminated successfully
sensor_log,0.02,55,pyGAM,0.005224708884612281,0.0,1.7441682170028798,0.010623039037454873,1.0,2,True,did not converge
sensor_log,0.02,56,MonotoneLSPIA,0.008013929045396818,0.0,0.017918055993504822,0.017918055993504822,,148,True,
sensor_log,0.02,56,Penalized monotone B-spline,0.005851822343047787,0.0,0.021817441971506923,0.00043245800770819187,1.0,1,True,Optimization terminated successfully
sensor_log,0.02,56,pyGAM,0.006406615021287351,0.0,0.07187360798707232,0.009064391953870654,0.1,2,True,
sensor_log,0.02,57,MonotoneLSPIA,0.0035427213324211327,0.0,0.018050376034807414,0.018050376034807414,,135,True,
sensor_log,0.02,57,Penalized monotone B-spline,0.00341191438462242,0.0,0.025523878983221948,0.0004853659775108099,1.0,1,True,Optimization terminated successfully
sensor_log,0.02,57,pyGAM,0.00448299235334097,0.0,1.7752011940465309,0.009838767990004271,1.0,2,True,did not converge
sensor_log,0.02,58,MonotoneLSPIA,0.005110120035517716,0.0,0.01748388196574524,0.01748388196574524,,145,True,
sensor_log,0.02,58,Penalized monotone B-spline,0.0037312782313114277,0.0,0.017743280972354114,0.0004390329704619944,1.0,1,True,Optimization terminated successfully
sensor_log,0.02,58,pyGAM,0.005170597498245973,0.0,0.0736860340111889,0.009549818991217762,1.0,2,True,
sensor_log,0.02,59,MonotoneLSPIA,0.006503097706927577,0.0,0.01823985599912703,0.01823985599912703,,138,True,
sensor_log,0.02,59,Penalized monotone B-spline,0.005353412316586797,0.0,0.012976508995052427,0.0004500789800658822,1.0,1,True,Optimization terminated successfully
sensor_log,0.02,59,pyGAM,0.0056027462515356565,0.0,0.07537035999121144,0.01110985002014786,0.1,2,True,
sensor_log,0.02,60,MonotoneLSPIA,0.005559420574415963,0.0,0.014540135976858437,0.014540135976858437,,118,True,
sensor_log,0.02,60,Penalized monotone B-spline,0.005165000147252253,0.0,0.03244189702672884,0.0006811100174672902,1.0,1,True,Optimization terminated successfully
sensor_log,0.02,60,pyGAM,0.004810989186383835,0.0,0.0847463560057804,0.01015838497551158,0.1,3,True,
sensor_log,0.02,61,MonotoneLSPIA,0.004120087309254775,0.0,0.017046711000148207,0.017046711000148207,,135,True,
sensor_log,0.02,61,Penalized monotone B-spline,0.004456639403412474,0.0,0.012499930977355689,0.00044763798359781504,1.0,1,True,Optimization terminated successfully
sensor_log,0.02,61,pyGAM,0.004336014795488921,0.0,0.07314842595951632,0.009130704973358661,1.0,2,True,
sensor_log,0.02,62,MonotoneLSPIA,0.0033738473691008,0.0,0.015571579977404326,0.015571579977404326,,133,True,
sensor_log,0.02,62,Penalized monotone B-spline,0.0038845170384083335,0.0,0.01622724800836295,0.0004256560350768268,1.0,1,True,Optimization terminated successfully
sensor_log,0.02,62,pyGAM,0.003870917201201318,0.0,0.07724713900825009,0.009414352010935545,1.0,2,True,
sensor_log,0.02,63,MonotoneLSPIA,0.004433580125230441,0.0,0.018709060037508607,0.018709060037508607,,130,True,
sensor_log,0.02,63,Penalized monotone B-spline,0.0038325384274499217,0.0,0.036686576961074024,0.000552068988326937,1.0,1,True,Optimization terminated successfully
sensor_log,0.02,63,pyGAM,0.004983252428847819,0.0,0.12129387399181724,0.01134369900682941,1.0,2,True,
sensor_log,0.02,64,MonotoneLSPIA,0.007052250202890269,0.0,0.021417858020868152,0.021417858020868152,,140,True,
sensor_log,0.02,64,Penalized monotone B-spline,0.006946241760948877,0.0,0.01838684204267338,0.0005182899767532945,0.01,1,True,Optimization terminated successfully
sensor_log,0.02,64,pyGAM,0.006379610702353839,0.0,0.09207775298273191,0.011473902966827154,0.1,2,True,
sensor_log,0.02,65,MonotoneLSPIA,0.0062081031675288705,0.0,0.020183257991448045,0.020183257991448045,,139,True,
sensor_log,0.02,65,Penalized monotone B-spline,0.005512063982005048,0.0,0.018779113015625626,0.0005173190147615969,1.0,1,True,Optimization terminated successfully
sensor_log,0.02,65,pyGAM,0.0047301493735764895,0.0,0.0833744730334729,0.010957942984532565,0.1,2,True,
sensor_log,0.02,66,MonotoneLSPIA,0.006449082635217185,0.0,0.018849746964406222,0.018849746964406222,,134,True,
sensor_log,0.02,66,Penalized monotone B-spline,0.004651649304693378,0.0,0.026369256956968457,0.0004987510037608445,1.0,1,True,Optimization terminated successfully
sensor_log,0.02,66,pyGAM,0.005464503038887389,0.0,0.149485016008839,0.015827097988221794,0.1,3,True,
sensor_log,0.02,67,MonotoneLSPIA,0.003499825014633654,0.0,0.020345021970570087,0.020345021970570087,,123,True,
sensor_log,0.02,67,Penalized monotone B-spline,0.0034417221112149005,0.0,0.036235823994502425,0.0005821489612571895,1.0,1,True,Optimization terminated successfully
sensor_log,0.02,67,pyGAM,0.004077536269028033,0.0,1.818524194008205,0.00933828396955505,1.0,2,True,did not converge
sensor_log,0.02,68,MonotoneLSPIA,0.005996700548994145,0.0,0.01696693798294291,0.01696693798294291,,145,True,
sensor_log,0.02,68,Penalized monotone B-spline,0.0048832025861415395,0.0,0.019728789979126304,0.0007053809822537005,1.0,1,True,Optimization terminated successfully
sensor_log,0.02,68,pyGAM,0.00489340152052916,0.0,0.07422234100522473,0.009171485027763993,1.0,2,True,
sensor_log,0.02,69,MonotoneLSPIA,0.005712773672933584,0.0,0.017414306988939643,0.017414306988939643,,145,True,
sensor_log,0.02,69,Penalized monotone B-spline,0.005058735120569472,0.0,0.019960777019150555,0.00043713103514164686,1.0,1,True,Optimization terminated successfully
sensor_log,0.02,69,pyGAM,0.005980932258562566,0.0,0.07325577497249469,0.009777444007340819,1.0,2,True,
sensor_log,0.02,70,MonotoneLSPIA,0.0077342779501399506,0.0,0.015433227003086358,0.015433227003086358,,131,True,
sensor_log,0.02,70,Penalized monotone B-spline,0.007175613895854895,0.0,0.033140110957901925,0.0004221650306135416,1.0,1,True,Optimization terminated successfully
sensor_log,0.02,70,pyGAM,0.006241986841277435,0.0,0.07751209498383105,0.00939166801981628,0.1,3,True,
sensor_log,0.02,71,MonotoneLSPIA,0.005474228726696384,0.0,0.01609740505227819,0.01609740505227819,,138,True,
sensor_log,0.02,71,Penalized monotone B-spline,0.004262112289103499,0.0,0.01562983199255541,0.0004162190016359091,1.0,1,True,Optimization terminated successfully
sensor_log,0.02,71,pyGAM,0.003927566870056652,0.0,0.06891827599611133,0.009391137980856001,0.1,2,True,
sensor_log,0.02,72,MonotoneLSPIA,0.00513479157184662,0.0,0.01551928196568042,0.01551928196568042,,134,True,
sensor_log,0.02,72,Penalized monotone B-spline,0.004465771364997307,0.0,0.016051123035140336,0.0004301220178604126,1.0,1,True,Optimization terminated successfully
sensor_log,0.02,72,pyGAM,0.005042923253174438,0.0,0.06931882002390921,0.009504176035989076,1.0,2,True,
sensor_log,0.02,73,MonotoneLSPIA,0.006667422995740341,0.0,0.01644648000365123,0.01644648000365123,,141,True,
sensor_log,0.02,73,Penalized monotone B-spline,0.006330459693656515,0.0,0.012231909029651433,0.0006255580228753388,0.01,1,True,Optimization terminated successfully
sensor_log,0.02,73,pyGAM,0.005010642861226362,0.0,0.06973566301167011,0.008546098950318992,1.0,2,True,
sensor_log,0.02,74,MonotoneLSPIA,0.006551877189906537,0.0,0.01681242196355015,0.01681242196355015,,127,True,
sensor_log,0.02,74,Penalized monotone B-spline,0.006393039182378082,0.0,0.03125898301368579,0.0016777010168880224,0.01,12,True,Optimization terminated successfully
sensor_log,0.02,74,pyGAM,0.005935883416866862,0.0,0.07981888198992237,0.00976187502965331,1.0,2,True,
sensor_log,0.02,75,MonotoneLSPIA,0.004195352271384735,0.0,0.016317393048666418,0.016317393048666418,,136,True,
sensor_log,0.02,75,Penalized monotone B-spline,0.0036473558906516697,0.0,0.012701762025244534,0.000421440985519439,1.0,1,True,Optimization terminated successfully
sensor_log,0.02,75,pyGAM,0.00441804724218369,0.0,0.06870804901700467,0.008927278046030551,1.0,2,True,
sensor_log,0.02,76,MonotoneLSPIA,0.006125119905100923,0.0,0.015945003018714488,0.015945003018714488,,134,True,
sensor_log,0.02,76,Penalized monotone B-spline,0.00451791368300116,0.0,0.016119131993036717,0.0004951179726049304,1.0,1,True,Optimization terminated successfully
sensor_log,0.02,76,pyGAM,0.005415664721545888,0.0,0.07246719801332802,0.009191112010739744,1.0,2,True,
sensor_log,0.02,77,MonotoneLSPIA,0.00688636527172406,0.0,0.01859654998406768,0.01859654998406768,,141,True,
sensor_log,0.02,77,Penalized monotone B-spline,0.005079544884029428,0.0,0.02795024699298665,0.000425404985435307,1.0,1,True,Optimization terminated successfully
sensor_log,0.02,77,pyGAM,0.005134142048034039,0.0,0.08423314499668777,0.011002401995938271,1.0,2,True,
sensor_log,0.02,78,MonotoneLSPIA,0.004407544283212608,0.0,0.017231319972779602,0.017231319972779602,,128,True,
sensor_log,0.02,78,Penalized monotone B-spline,0.004093281976535318,0.0,0.03522891202010214,0.0005710420082323253,1.0,1,True,Optimization terminated successfully
sensor_log,0.02,78,pyGAM,0.004223966553057677,0.0,0.0866377679631114,0.010668576986063272,1.0,2,True,
sensor_log,0.02,79,MonotoneLSPIA,0.005982311958853713,0.0,0.019796481006778777,0.019796481006778777,,148,True,
sensor_log,0.02,79,Penalized monotone B-spline,0.005749153255356295,0.0,0.02020114299375564,0.0005061860429123044,1.0,1,True,Optimization terminated successfully
sensor_log,0.02,79,pyGAM,0.006243786146306774,0.0,0.0874469670234248,0.011107262049335986,1.0,2,True,
sensor_log,0.02,80,MonotoneLSPIA,0.006127017225750446,0.0,0.01820300001418218,0.01820300001418218,,133,True,
sensor_log,0.02,80,Penalized monotone B-spline,0.005632382008928368,0.0,0.019622468971647322,0.0005090070189908147,1.0,1,True,Optimization terminated successfully
sensor_log,0.02,80,pyGAM,0.006247154555209082,0.0,0.08704883098835126,0.01054904900956899,1.0,2,True,
sensor_log,0.02,81,MonotoneLSPIA,0.006442335862872656,0.0,0.018557458999566734,0.018557458999566734,,137,True,
sensor_log,0.02,81,Penalized monotone B-spline,0.006253906475718994,0.0,0.01976152800489217,0.0004986500134691596,1.0,1,True,Optimization terminated successfully
sensor_log,0.02,81,pyGAM,0.006514067752558015,0.0,0.08669430000009015,0.010474211012478918,1.0,2,True,
sensor_log,0.02,82,MonotoneLSPIA,0.006555216384136572,0.0,0.016251660999841988,0.016251660999841988,,121,True,
sensor_log,0.02,82,Penalized monotone B-spline,0.0062305244220359855,0.0,0.013620354991871864,0.0004991170135326684,1.0,1,True,Optimization terminated successfully
sensor_log,0.02,82,pyGAM,0.0062590924587132704,0.0,0.0788638400263153,0.010596556006930768,1.0,2,True,
sensor_log,0.02,83,MonotoneLSPIA,0.006280621659080208,0.0,0.018325123994145542,0.018325123994145542,,139,True,
sensor_log,0.02,83,Penalized monotone B-spline,0.005028374133976941,0.0,0.02607631601858884,0.0005052049527876079,1.0,1,True,Optimization terminated successfully
sensor_log,0.02,83,pyGAM,0.004171628016469666,0.0,0.0793871019850485,0.010472683992702514,0.1,2,True,
sensor_log,0.02,84,MonotoneLSPIA,0.008485141671132146,0.0,0.020311478001531214,0.020311478001531214,,148,True,
sensor_log,0.02,84,Penalized monotone B-spline,0.008485146125505626,0.0,0.03499734203796834,0.0019086729735136032,1e-08,12,True,Optimization terminated successfully
sensor_log,0.02,84,pyGAM,0.006180399494919056,0.0,1.9254758679890074,0.010555254993960261,1.0,2,True,did not converge
sensor_log,0.02,85,MonotoneLSPIA,0.004684839448687774,0.0,0.01738626800943166,0.01738626800943166,,128,True,
sensor_log,0.02,85,Penalized monotone B-spline,0.005229846548919351,0.0,0.038740300049539655,0.0005831249873153865,1.0,1,True,Optimization terminated successfully
sensor_log,0.02,85,pyGAM,0.005838673118113356,0.0,0.08833516598679125,0.010595221014227718,1.0,2,True,
sensor_log,0.02,86,MonotoneLSPIA,0.005494059520131294,0.0,0.018503840023186058,0.018503840023186058,,136,True,
sensor_log,0.02,86,Penalized monotone B-spline,0.004894818958448596,0.0,0.027288803015835583,0.0019022119813598692,0.01,10,True,Optimization terminated successfully
sensor_log,0.02,86,pyGAM,0.0035913955994584944,0.0,0.08983937400626019,0.010593503015115857,0.1,3,True,
sensor_log,0.02,87,MonotoneLSPIA,0.006002357441127256,0.0,0.017431002983357757,0.017431002983357757,,128,True,
sensor_log,0.02,87,Penalized monotone B-spline,0.004753152199436474,0.0,0.019508638011757284,0.000500997994095087,1.0,1,True,Optimization terminated successfully
sensor_log,0.02,87,pyGAM,0.005419471530205315,0.0,0.07917756697861478,0.010726607986725867,1.0,2,True,
sensor_log,0.02,88,MonotoneLSPIA,0.00672887955774806,0.0,0.0177509420318529,0.0177509420318529,,130,True,
sensor_log,0.02,88,Penalized monotone B-spline,0.006349894632238761,0.0,0.03465675801271573,0.0019185959827154875,0.01,12,True,Optimization terminated successfully
sensor_log,0.02,88,pyGAM,0.006331900864393867,0.0,0.0868964460096322,0.014444770000409335,0.001,3,True,
sensor_log,0.02,89,MonotoneLSPIA,0.006776909488553417,0.0,0.017613711999729276,0.017613711999729276,,135,True,
sensor_log,0.02,89,Penalized monotone B-spline,0.005061914310350739,0.0,0.019839667016640306,0.0005030150059610605,1.0,1,True,Optimization terminated successfully
sensor_log,0.02,89,pyGAM,0.006276300384717453,0.0,0.07928539498243481,0.010435881034936756,1.0,2,True,
sensor_log,0.02,90,MonotoneLSPIA,0.004492750229075739,0.0,0.016871557978447527,0.016871557978447527,,124,True,
sensor_log,0.02,90,Penalized monotone B-spline,0.004075366289144438,0.0,0.037659386987797916,0.0005083200521767139,1.0,1,True,Optimization terminated successfully
sensor_log,0.02,90,pyGAM,0.004314332717060566,0.0,0.08765634900191799,0.014731689007021487,0.01,2,True,
sensor_log,0.02,91,MonotoneLSPIA,0.004945153177670941,0.0,0.018525520979892462,0.018525520979892462,,136,True,
sensor_log,0.02,91,Penalized monotone B-spline,0.0033637232046499765,0.0,0.022196540026925504,0.0004954750183969736,1.0,1,True,Optimization terminated successfully
sensor_log,0.02,91,pyGAM,0.00290498911672711,0.0,0.07946218695724383,0.010383979009930044,0.1,2,True,
sensor_log,0.02,92,MonotoneLSPIA,0.006711416624873784,0.0,0.018556293041910976,0.018556293041910976,,139,True,
sensor_log,0.02,92,Penalized monotone B-spline,0.00634323639682659,0.0,0.026445488969329745,0.000495018030051142,0.01,1,True,Optimization terminated successfully
sensor_log,0.02,92,pyGAM,0.005137505350968769,0.0,0.08724955999059603,0.01069546805229038,1.0,2,True,
sensor_log,0.02,93,MonotoneLSPIA,0.004392737798693731,0.0,0.01690777001203969,0.01690777001203969,,123,True,
sensor_log,0.02,93,Penalized monotone B-spline,0.004425275858419243,0.0,0.0337639200151898,0.0005021559773012996,1.0,1,True,Optimization terminated successfully
sensor_log,0.02,93,pyGAM,0.0027599548322956836,0.0,0.08601346699288115,0.010549889993853867,0.1,2,True,
sensor_log,0.02,94,MonotoneLSPIA,0.0048028479533234435,0.0,0.01967113499995321,0.01967113499995321,,145,True,
sensor_log,0.02,94,Penalized monotone B-spline,0.004464302510833988,0.0,0.018082842987496406,0.0005026549915783107,1.0,1,True,Optimization terminated successfully
sensor_log,0.02,94,pyGAM,0.0047785599544107925,0.0,0.07858806400327012,0.010550706007052213,1.0,2,True,
sensor_log,0.02,95,MonotoneLSPIA,0.005402289744812571,0.0,0.01700115401763469,0.01700115401763469,,125,True,
sensor_log,0.02,95,Penalized monotone B-spline,0.0055065618735290235,0.0,0.02546241000527516,0.0005013549816794693,1.0,1,True,Optimization terminated successfully
sensor_log,0.02,95,pyGAM,0.004385974161231451,0.0,0.0880607750150375,0.010734705021604896,0.1,3,True,
sensor_log,0.02,96,MonotoneLSPIA,0.008859688914452947,0.0,0.017222853028215468,0.017222853028215468,,130,True,
sensor_log,0.02,96,Penalized monotone B-spline,0.008148445194144734,0.0,0.019986166968010366,0.0005075299995951355,1.0,1,True,Optimization terminated successfully
sensor_log,0.02,96,pyGAM,0.009422350531248923,0.0,0.08141526801045984,0.010997690027579665,1.0,2,True,
sensor_log,0.02,97,MonotoneLSPIA,0.0062532185828403815,0.0,0.018089583958499134,0.018089583958499134,,131,True,
sensor_log,0.02,97,Penalized monotone B-spline,0.00540855659895282,0.0,0.013751003018114716,0.0005067280144430697,1.0,1,True,Optimization terminated successfully
sensor_log,0.02,97,pyGAM,0.005586314942408738,0.0,0.08004255697596818,0.010838410002179444,1.0,2,True,
sensor_log,0.02,98,MonotoneLSPIA,0.004279107078820915,0.0,0.017560194013640285,0.017560194013640285,,131,True,
sensor_log,0.02,98,Penalized monotone B-spline,0.0038594866816770157,0.0,0.013649275002535433,0.0005012250039726496,1.0,1,True,Optimization terminated successfully
sensor_log,0.02,98,pyGAM,0.003656849647723964,0.0,0.07856233499478549,0.010858359979465604,1.0,2,True,
sensor_log,0.02,99,MonotoneLSPIA,0.004172775699682515,0.0,0.019816458981949836,0.019816458981949836,,149,True,
sensor_log,0.02,99,Penalized monotone B-spline,0.00460948591546489,0.0,0.017750245984643698,0.0005234259879216552,1.0,1,True,Optimization terminated successfully
sensor_log,0.02,99,pyGAM,0.0039109757221327274,0.0,0.08053086599102244,0.010901546047534794,1.0,2,True,
sensor_log,0.02,100,MonotoneLSPIA,0.008339246063030758,0.0,0.018238516990095377,0.018238516990095377,,135,True,
sensor_log,0.02,100,Penalized monotone B-spline,0.007890214221207361,0.0,0.02543273300398141,0.0005225930362939835,1.0,1,True,Optimization terminated successfully
sensor_log,0.02,100,pyGAM,0.007512935143367687,0.0,0.08072348299901932,0.01055431505665183,0.01,2,True,
sensor_log,0.05,1,MonotoneLSPIA,0.01644235620870657,0.0,0.02119015296921134,0.02119015296921134,,140,True,
sensor_log,0.05,1,Penalized monotone B-spline,0.013049305823934806,0.0,0.03759810497285798,0.0005755099700763822,1.0,1,True,Optimization terminated successfully
sensor_log,0.05,1,pyGAM,0.012948291076952568,0.0,0.08621637400938198,0.010398896993137896,1.0,2,True,
sensor_log,0.05,2,MonotoneLSPIA,0.016947009365349573,0.0,0.017353256000205874,0.017353256000205874,,126,True,
sensor_log,0.05,2,Penalized monotone B-spline,0.01694701315328145,0.0,0.04158246697625145,0.0020562129793688655,1e-08,14,True,Optimization terminated successfully
sensor_log,0.05,2,pyGAM,0.016976009003300742,0.0,0.10397247498622164,0.02370162500301376,0.001,5,True,
sensor_log,0.05,3,MonotoneLSPIA,0.012487228385089125,0.0,0.01641433301847428,0.01641433301847428,,117,True,
sensor_log,0.05,3,Penalized monotone B-spline,0.012487230125585516,0.0,0.04037919797701761,0.0018367349985055625,1e-08,10,True,Optimization terminated successfully
sensor_log,0.05,3,pyGAM,0.01177575754395957,0.0,0.09210019995225593,0.011210052005480975,10.0,2,True,
sensor_log,0.05,4,MonotoneLSPIA,0.012471635673807513,0.0,0.01878867601044476,0.01878867601044476,,136,True,
sensor_log,0.05,4,Penalized monotone B-spline,0.010122778967528261,0.0,0.024270751979202032,0.0005190030205994844,1.0,1,True,Optimization terminated successfully
sensor_log,0.05,4,pyGAM,0.01365766891227862,0.0,0.08388062502490357,0.011310167028568685,10.0,2,True,
sensor_log,0.05,5,MonotoneLSPIA,0.013734125300902393,0.0,0.018899289949331433,0.018899289949331433,,131,True,
sensor_log,0.05,5,Penalized monotone B-spline,0.008445945336437017,0.0,0.0331589300185442,0.0005133840022608638,1.0,1,True,Optimization terminated successfully
sensor_log,0.05,5,pyGAM,0.009259852165677632,0.0,0.08308931899955496,0.011306651053018868,1.0,2,True,
sensor_log,0.05,6,MonotoneLSPIA,0.009820092896100837,0.0,0.01987648702925071,0.01987648702925071,,137,True,
sensor_log,0.05,6,Penalized monotone B-spline,0.007519421001756345,0.0,0.0404332639882341,0.0005168800125829875,1.0,1,True,Optimization terminated successfully
sensor_log,0.05,6,pyGAM,0.009274445154361528,0.0,0.10540985001716763,0.011368161998689175,10.0,2,True,
sensor_log,0.05,7,MonotoneLSPIA,0.0077164409140592785,0.0,0.020423759007826447,0.020423759007826447,,141,True,
sensor_log,0.05,7,Penalized monotone B-spline,0.0064495326320332105,0.0,0.041985496995039284,0.001169416995253414,1.0,5,True,Optimization terminated successfully
sensor_log,0.05,7,pyGAM,0.011765010310473318,0.0,0.08824223902774975,0.010712652001529932,10.0,2,True,
sensor_log,0.05,8,MonotoneLSPIA,0.009548061551101904,0.0,0.020107178017497063,0.020107178017497063,,149,True,
sensor_log,0.05,8,Penalized monotone B-spline,0.006287520188008555,0.0,0.03886248602066189,0.0005012929905205965,1.0,1,True,Optimization terminated successfully
sensor_log,0.05,8,pyGAM,0.0063152981018965906,0.0,0.09164444898488,0.01080199796706438,1.0,3,True,
sensor_log,0.05,9,MonotoneLSPIA,0.018814125231136875,0.0,0.020902409974951297,0.020902409974951297,,157,True,
sensor_log,0.05,9,Penalized monotone B-spline,0.015459073123218257,0.0,0.025644586014095694,0.0005141989677213132,1.0,1,True,Optimization terminated successfully
sensor_log,0.05,9,pyGAM,0.013674595877654211,0.0,0.08015036699362099,0.010248872975353152,1.0,2,True,
sensor_log,0.05,10,MonotoneLSPIA,0.01487796183488479,0.0,0.018957136024255306,0.018957136024255306,,139,True,
sensor_log,0.05,10,Penalized monotone B-spline,0.009796807875558396,0.0,0.032594989985227585,0.000506078009493649,1.0,1,True,Optimization terminated successfully
sensor_log,0.05,10,pyGAM,0.009997954517179967,0.0,0.08788878098130226,0.010632531018927693,0.1,3,True,
sensor_log,0.05,11,MonotoneLSPIA,0.013231993037662216,0.0,0.01733732398133725,0.01733732398133725,,126,True,
sensor_log,0.05,11,Penalized monotone B-spline,0.008892374288174649,0.0,0.03656057402258739,0.0004997099749743938,1.0,1,True,Optimization terminated successfully
sensor_log,0.05,11,pyGAM,0.012085297367990163,0.0,0.09468059602659196,0.010483896010555327,10.0,2,True,
sensor_log,0.05,12,MonotoneLSPIA,0.01344029025964414,0.0,0.020470145042054355,0.020470145042054355,,152,True,
sensor_log,0.05,12,Penalized monotone B-spline,0.008778994745126912,0.0,0.03152329899603501,0.0005535809905268252,1.0,1,True,Optimization terminated successfully
sensor_log,0.05,12,pyGAM,0.0062597069653874005,0.0,0.09171076398342848,0.010893730039242655,1.0,2,True,
sensor_log,0.05,13,MonotoneLSPIA,0.015016046217252804,0.0,0.02066368400119245,0.02066368400119245,,151,True,
sensor_log,0.05,13,Penalized monotone B-spline,0.012156052845035297,0.0,0.03733981598634273,0.0005106739699840546,1.0,1,True,Optimization terminated successfully
sensor_log,0.05,13,pyGAM,0.013937819725367595,0.0,0.09540004801237956,0.01057243102695793,10.0,2,True,
sensor_log,0.05,14,MonotoneLSPIA,0.015193364515885426,0.0,0.018243959988467395,0.018243959988467395,,135,True,
sensor_log,0.05,14,Penalized monotone B-spline,0.011568864247829573,0.0,0.03272314497735351,0.0004984379629604518,1.0,1,True,Optimization terminated successfully
sensor_log,0.05,14,pyGAM,0.010681184446357319,0.0,0.08717283298028633,0.010897709988057613,1.0,2,True,
sensor_log,0.05,15,MonotoneLSPIA,0.015621009630803314,0.0,0.019484512973576784,0.019484512973576784,,142,True,
sensor_log,0.05,15,Penalized monotone B-spline,0.011683161833294283,0.0,0.0322060200269334,0.0005026179715059698,1.0,1,True,Optimization terminated successfully
sensor_log,0.05,15,pyGAM,0.011913849086045439,0.0,0.09199350699782372,0.010399265971500427,1.0,2,True,
sensor_log,0.05,16,MonotoneLSPIA,0.014041843462769965,0.0,0.0175398780265823,0.0175398780265823,,127,True,
sensor_log,0.05,16,Penalized monotone B-spline,0.010245603333811656,0.0,0.038398416014388204,0.0005194999976083636,1.0,1,True,Optimization terminated successfully
sensor_log,0.05,16,pyGAM,0.008158548247361749,0.0,0.09736149403033778,0.010709495982155204,1.0,3,True,
sensor_log,0.05,17,MonotoneLSPIA,0.01512294748201828,0.0,0.015102512028533965,0.015102512028533965,,110,True,
sensor_log,0.05,17,Penalized monotone B-spline,0.015122958187157663,0.0,0.037009917956311256,0.001727019960526377,1e-08,10,True,Optimization terminated successfully
sensor_log,0.05,17,pyGAM,0.011923305290015906,0.0,0.09547796496190131,0.010620001005008817,1.0,4,True,
sensor_log,0.05,18,MonotoneLSPIA,0.017874157218798595,0.0,0.01602643303340301,0.01602643303340301,,117,True,
sensor_log,0.05,18,Penalized monotone B-spline,0.015505446075860317,0.0,0.038175290974322706,0.0005306779639795423,1.0,1,True,Optimization terminated successfully
sensor_log,0.05,18,pyGAM,0.015814428541892554,0.0,0.08830845600459725,0.010682166961487383,1.0,2,True,
sensor_log,0.05,19,MonotoneLSPIA,0.014884352838338317,0.0,0.019741208001505584,0.019741208001505584,,141,True,
sensor_log,0.05,19,Penalized monotone B-spline,0.009829564844046533,0.0,0.030590805981773883,0.0005151250516064465,1.0,1,True,Optimization terminated successfully
sensor_log,0.05,19,pyGAM,0.00978737800064636,0.0,0.09183359699090943,0.01082382199820131,1.0,2,True,
sensor_log,0.05,20,MonotoneLSPIA,0.01622142051464645,0.0,0.020019712042994797,0.020019712042994797,,150,True,
sensor_log,0.05,20,Penalized monotone B-spline,0.015278131070358195,0.0,0.023864115006290376,0.0005141600267961621,1.0,1,True,Optimization terminated successfully
sensor_log,0.05,20,pyGAM,0.01415046326717972,0.0,0.07883002300513908,0.010626399016473442,1.0,2,True,
sensor_log,0.05,21,MonotoneLSPIA,0.011836767964782152,0.0,0.019507583987433463,0.019507583987433463,,144,True,
sensor_log,0.05,21,Penalized monotone B-spline,0.010003677094440031,0.0,0.04039793903939426,0.000507308985106647,1.0,1,True,Optimization terminated successfully
sensor_log,0.05,21,pyGAM,0.010686586160882057,0.0,0.08700547995977104,0.010462075006216764,10.0,2,True,
sensor_log,0.05,22,MonotoneLSPIA,0.017374723673888932,0.0,0.0163793140091002,0.0163793140091002,,119,True,
sensor_log,0.05,22,Penalized monotone B-spline,0.015056150119590895,0.0,0.038365427986718714,0.0005077290115877986,1.0,1,True,Optimization terminated successfully
sensor_log,0.05,22,pyGAM,0.012719536831664068,0.0,0.09171094896737486,0.010685715009458363,1.0,3,True,
sensor_log,0.05,23,MonotoneLSPIA,0.009422169129964327,0.0,0.020164648012723774,0.020164648012723774,,153,True,
sensor_log,0.05,23,Penalized monotone B-spline,0.008091185059872198,0.0,0.023640010971575975,0.0005698800086975098,1.0,1,True,Optimization terminated successfully
sensor_log,0.05,23,pyGAM,0.009701669500397463,0.0,0.08088644203962758,0.010869385965634137,10.0,2,True,
sensor_log,0.05,24,MonotoneLSPIA,0.01764657688819248,0.0,0.019689231005031615,0.019689231005031615,,146,True,
sensor_log,0.05,24,Penalized monotone B-spline,0.01357701076599813,0.0,0.033977129962295294,0.0005008759908378124,1.0,1,True,Optimization terminated successfully
sensor_log,0.05,24,pyGAM,0.013814008153487161,0.0,0.08838266902603209,0.010745208011940122,0.1,3,True,
sensor_log,0.05,25,MonotoneLSPIA,0.012922857357963731,0.0,0.017444664961658418,0.017444664961658418,,127,True,
sensor_log,0.05,25,Penalized monotone B-spline,0.006339664967858036,0.0,0.036828709999099374,0.0005000170203857124,1.0,1,True,Optimization terminated successfully
sensor_log,0.05,25,pyGAM,0.008774235294023396,0.0,0.09230978396954015,0.01078095898265019,10.0,2,True,
sensor_log,0.05,26,MonotoneLSPIA,0.012976518977209875,0.0,0.01921606797259301,0.01921606797259301,,144,True,
sensor_log,0.05,26,Penalized monotone B-spline,0.009810274685821994,0.0,0.037688463053200394,0.0005023850244469941,1.0,1,True,Optimization terminated successfully
sensor_log,0.05,26,pyGAM,0.012654169620015976,0.0,0.08774657500907779,0.010648346040397882,10.0,2,True,
sensor_log,0.05,27,MonotoneLSPIA,0.013058317224085153,0.0,0.02012312796432525,0.02012312796432525,,154,True,
sensor_log,0.05,27,Penalized monotone B-spline,0.010596252108769674,0.0,0.034929305023979396,0.0005073639913462102,1.0,1,True,Optimization terminated successfully
sensor_log,0.05,27,pyGAM,0.011253200082305527,0.0,0.08973142900504172,0.01078683597734198,1.0,2,True,
sensor_log,0.05,28,MonotoneLSPIA,0.013004756823653455,0.0,0.01814652100438252,0.01814652100438252,,136,True,
sensor_log,0.05,28,Penalized monotone B-spline,0.01130843975403372,0.0,0.04078363499138504,0.001460533996578306,1.0,8,True,Optimization terminated successfully
sensor_log,0.05,28,pyGAM,0.011662474807749061,0.0,0.0884258919977583,0.010799916053656489,1.0,3,True,
sensor_log,0.05,29,MonotoneLSPIA,0.015734411533665643,0.0,0.02032815502025187,0.02032815502025187,,149,True,
sensor_log,0.05,29,Penalized monotone B-spline,0.011355972165232285,0.0,0.03576363599859178,0.0005149600328877568,1.0,1,True,Optimization terminated successfully
sensor_log,0.05,29,pyGAM,0.011642907150360973,0.0,0.0871414829744026,0.010645632981322706,1.0,2,True,
sensor_log,0.05,30,MonotoneLSPIA,0.013884783542719369,0.0,0.019596533966250718,0.019596533966250718,,147,True,
sensor_log,0.05,30,Penalized monotone B-spline,0.010321649515322965,0.0,0.03180866502225399,0.0005723650101572275,1.0,1,True,Optimization terminated successfully
sensor_log,0.05,30,pyGAM,0.010054468625969698,0.0,0.08796599198831245,0.010419308033306152,1.0,2,True,
sensor_log,0.05,31,MonotoneLSPIA,0.017187792533467333,0.0,0.019466749974526465,0.019466749974526465,,142,True,
sensor_log,0.05,31,Penalized monotone B-spline,0.011917643302182236,0.0,0.030652895977254957,0.0005062870332039893,1.0,1,True,Optimization terminated successfully
sensor_log,0.05,31,pyGAM,0.010723938921956484,0.0,0.08726396301062778,0.010608785029035062,1.0,2,True,
sensor_log,0.05,32,MonotoneLSPIA,0.011443967507656892,0.0,0.017402547993697226,0.017402547993697226,,128,True,
sensor_log,0.05,32,Penalized monotone B-spline,0.008083231362372812,0.0,0.037814183975569904,0.00049789302283898,1.0,1,True,Optimization terminated successfully
sensor_log,0.05,32,pyGAM,0.009228640067080627,0.0,0.08996307197958231,0.01042981503996998,1.0,3,True,
sensor_log,0.05,33,MonotoneLSPIA,0.01429241406244263,0.0,0.018292826018296182,0.018292826018296182,,136,True,
sensor_log,0.05,33,Penalized monotone B-spline,0.010477476043557152,0.0,0.03642370703164488,0.0005003539845347404,1.0,1,True,Optimization terminated successfully
sensor_log,0.05,33,pyGAM,0.009009729615985559,0.0,0.08709579997230321,0.010587482014670968,1.0,2,True,
sensor_log,0.05,34,MonotoneLSPIA,0.019249619226902038,0.0,0.016549512976780534,0.016549512976780534,,123,True,
sensor_log,0.05,34,Penalized monotone B-spline,0.01668676821677445,0.0,0.02768905903212726,0.0005058049573563039,1.0,1,True,Optimization terminated successfully
sensor_log,0.05,34,pyGAM,0.01311196668285845,0.0,0.07910106796771288,0.010489542037248611,1.0,2,True,
sensor_log,0.05,35,MonotoneLSPIA,0.014179333652759219,0.0,0.018860625044908375,0.018860625044908375,,138,True,
sensor_log,0.05,35,Penalized monotone B-spline,0.009581198856957325,0.0,0.03781926701776683,0.0005083700525574386,1.0,1,True,Optimization terminated successfully
sensor_log,0.05,35,pyGAM,0.00805255991943192,0.0,0.09579772100551054,0.010575671039987355,1.0,2,True,
sensor_log,0.05,36,MonotoneLSPIA,0.012519234495084009,0.0,0.01944873499451205,0.01944873499451205,,144,True,
sensor_log,0.05,36,Penalized monotone B-spline,0.008568604091725971,0.0,0.0373316960176453,0.0005001829704269767,1.0,1,True,Optimization terminated successfully
sensor_log,0.05,36,pyGAM,0.011638595975191224,0.0,1.9238854530267417,0.010790346947032958,10.0,2,True,did not converge
sensor_log,0.05,37,MonotoneLSPIA,0.017189353258275752,0.0,0.017755720007698983,0.017755720007698983,,128,True,
sensor_log,0.05,37,Penalized monotone B-spline,0.014266439559863594,0.0,0.038407946994993836,0.0005075899534858763,1.0,1,True,Optimization terminated successfully
sensor_log,0.05,37,pyGAM,0.01375278315151732,0.0,0.08853967301547527,0.010859004978556186,10.0,2,True,
sensor_log,0.05,38,MonotoneLSPIA,0.01183782931448654,0.0,0.021531846025027335,0.021531846025027335,,162,True,
sensor_log,0.05,38,Penalized monotone B-spline,0.008432832774003866,0.0,0.030302099010441452,0.0005048370221629739,1.0,1,True,Optimization terminated successfully
sensor_log,0.05,38,pyGAM,0.00956009386809626,0.0,0.08811492403037846,0.010394515004009008,10.0,2,True,
sensor_log,0.05,39,MonotoneLSPIA,0.013832491177598903,0.0,0.01759232097538188,0.01759232097538188,,135,True,
sensor_log,0.05,39,Penalized monotone B-spline,0.011681481648905735,0.0,0.030109888000879437,0.0005015829810872674,1.0,1,True,Optimization terminated successfully
sensor_log,0.05,39,pyGAM,0.009018510266469769,0.0,0.0797864860505797,0.011207039002329111,1.0,2,True,
sensor_log,0.05,40,MonotoneLSPIA,0.009367086882066548,0.0,0.019238096952904016,0.019238096952904016,,143,True,
sensor_log,0.05,40,Penalized monotone B-spline,0.007359997997878539,0.0,0.03733747196383774,0.000503271003253758,1.0,1,True,Optimization terminated successfully
sensor_log,0.05,40,pyGAM,0.011888481393881847,0.0,0.09733110596425831,0.01077354303561151,10.0,2,True,
sensor_log,0.05,41,MonotoneLSPIA,0.011936838098973359,0.0,0.019856519007589668,0.019856519007589668,,148,True,
sensor_log,0.05,41,Penalized monotone B-spline,0.00849725922631057,0.0,0.03887549496721476,0.0005420729867182672,1.0,1,True,Optimization terminated successfully
sensor_log,0.05,41,pyGAM,0.011271388984608166,0.0,0.09172750497236848,0.010690082039218396,10.0,2,True,
sensor_log,0.05,42,MonotoneLSPIA,0.01627781573306165,0.0,0.01915867201751098,0.01915867201751098,,143,True,
sensor_log,0.05,42,Penalized monotone B-spline,0.01323425711747286,0.0,0.03712115902453661,0.0005041579715907574,1.0,1,True,Optimization terminated successfully
sensor_log,0.05,42,pyGAM,0.011567705127462729,0.0,0.09625972301000729,0.01133188500534743,1.0,2,True,
sensor_log,0.05,43,MonotoneLSPIA,0.015625174686103447,0.0,0.01697096897987649,0.01697096897987649,,121,True,
sensor_log,0.05,43,Penalized monotone B-spline,0.01132086459701361,0.0,0.037687781965360045,0.0004978430224582553,1.0,1,True,Optimization terminated successfully
sensor_log,0.05,43,pyGAM,0.010862040467936544,0.0,0.09162420098436996,0.010392009047791362,1.0,2,True,
sensor_log,0.05,44,MonotoneLSPIA,0.011769300750440442,0.0,0.01846553396899253,0.01846553396899253,,136,True,
sensor_log,0.05,44,Penalized monotone B-spline,0.00851553100578153,0.0,0.03818044299259782,0.0004967490094713867,1.0,1,True,Optimization terminated successfully
sensor_log,0.05,44,pyGAM,0.012278420554516058,0.0,0.08851192699512467,0.010690054041333497,10.0,2,True,
sensor_log,0.05,45,MonotoneLSPIA,0.012896273787435613,0.0,0.019662649952806532,0.019662649952806532,,144,True,
sensor_log,0.05,45,Penalized monotone B-spline,0.010477431911108856,0.0,0.03769721504068002,0.0005340700154192746,1.0,1,True,Optimization terminated successfully
sensor_log,0.05,45,pyGAM,0.014078499346796456,0.0,0.0865059009520337,0.01037951500620693,10.0,2,True,
sensor_log,0.05,46,MonotoneLSPIA,0.014831484403760921,0.0,0.018678697000723332,0.018678697000723332,,141,True,
sensor_log,0.05,46,Penalized monotone B-spline,0.011565764746641298,0.0,0.03180023899767548,0.0005353559972718358,1.0,1,True,Optimization terminated successfully
sensor_log,0.05,46,pyGAM,0.011398700421279816,0.0,0.08829526900080964,0.01044405100401491,1.0,2,True,
sensor_log,0.05,47,MonotoneLSPIA,0.01252828145575051,0.0,0.01615709305042401,0.01615709305042401,,120,True,
sensor_log,0.05,47,Penalized monotone B-spline,0.007804229912030288,0.0,0.032006614026613533,0.0005040099495090544,1.0,1,True,Optimization terminated successfully
sensor_log,0.05,47,pyGAM,0.009888081497804681,0.0,0.08677763497689739,0.010914376995060593,10.0,2,True,
sensor_log,0.05,48,MonotoneLSPIA,0.011127799985577802,0.0,0.01759989495621994,0.01759989495621994,,132,True,
sensor_log,0.05,48,Penalized monotone B-spline,0.007768349928489786,0.0,0.03562303999206051,0.0005055689834989607,1.0,1,True,Optimization terminated successfully
sensor_log,0.05,48,pyGAM,0.005368555762718004,0.0,0.08810913603520021,0.0109461999963969,1.0,2,True,
sensor_log,0.05,49,MonotoneLSPIA,0.015060334609923983,0.0,0.01792721002129838,0.01792721002129838,,129,True,
sensor_log,0.05,49,Penalized monotone B-spline,0.008730056802591988,0.0,0.03803430503467098,0.0005111049977131188,1.0,1,True,Optimization terminated successfully
sensor_log,0.05,49,pyGAM,0.009719626486678424,0.0,0.09686698100995272,0.01085941499331966,1.0,3,True,
sensor_log,0.05,50,MonotoneLSPIA,0.012867598868186211,0.0,0.017495370004326105,0.017495370004326105,,127,True,
sensor_log,0.05,50,Penalized monotone B-spline,0.010691578958377175,0.0,0.044683079002425075,0.0018484870088286698,1.0,8,True,Optimization terminated successfully
sensor_log,0.05,50,pyGAM,0.013985998283351949,0.0,0.10660830099368468,0.010714498988818377,10.0,2,True,
sensor_log,0.05,51,MonotoneLSPIA,0.012483175922747274,0.0,0.019595722027588636,0.019595722027588636,,142,True,
sensor_log,0.05,51,Penalized monotone B-spline,0.00962321073406867,0.0,0.024126756004989147,0.0005077149835415184,1.0,1,True,Optimization terminated successfully
sensor_log,0.05,51,pyGAM,0.010428585234403803,0.0,0.07970591000048444,0.010407970985397696,1.0,2,True,
sensor_log,0.05,52,MonotoneLSPIA,0.018947711136477068,0.0,0.015038604964502156,0.015038604964502156,,105,True,
sensor_log,0.05,52,Penalized monotone B-spline,0.018947709950609692,0.0,0.037527945009060204,0.0018699000356718898,1e-08,10,True,Optimization terminated successfully
sensor_log,0.05,52,pyGAM,0.019168095340230822,0.0,0.09531895001418889,0.018252786016091704,0.001,4,True,
sensor_log,0.05,53,MonotoneLSPIA,0.015814593487666267,0.0,0.017945270985364914,0.017945270985364914,,132,True,
sensor_log,0.05,53,Penalized monotone B-spline,0.013240150562180017,0.0,0.03937763505382463,0.0004955520271323621,1.0,1,True,Optimization terminated successfully
sensor_log,0.05,53,pyGAM,0.011737670012838522,0.0,0.08745903096860275,0.010859614005312324,1.0,2,True,
sensor_log,0.05,54,MonotoneLSPIA,0.010257686979559482,0.0,0.021527707984205335,0.021527707984205335,,156,True,
sensor_log,0.05,54,Penalized monotone B-spline,0.007159937869708091,0.0,0.029785649967379868,0.0004967749700881541,1.0,1,True,Optimization terminated successfully
sensor_log,0.05,54,pyGAM,0.006428043358631591,0.0,0.07891179103171453,0.010820361028891057,1.0,2,True,
sensor_log,0.05,55,MonotoneLSPIA,0.011144887535280347,0.0,0.019273473997600377,0.019273473997600377,,138,True,
sensor_log,0.05,55,Penalized monotone B-spline,0.00947522864902822,0.0,0.03606827498879284,0.0005003809928894043,1.0,1,True,Optimization terminated successfully
sensor_log,0.05,55,pyGAM,0.013226447415906848,0.0,0.09331275202566758,0.010352999961469322,10.0,2,True,
sensor_log,0.05,56,MonotoneLSPIA,0.01401415195056832,0.0,0.014561794989276677,0.014561794989276677,,106,True,
sensor_log,0.05,56,Penalized monotone B-spline,0.008517101462916473,0.0,0.02510398701997474,0.0005098250112496316,1.0,1,True,Optimization terminated successfully
sensor_log,0.05,56,pyGAM,0.011211852813940978,0.0,0.08852222398854792,0.011218246014323086,10.0,2,True,
sensor_log,0.05,57,MonotoneLSPIA,0.022046323408941464,0.0,0.018610397004522383,0.018610397004522383,,137,True,
sensor_log,0.05,57,Penalized monotone B-spline,0.01989915456010724,0.0,0.037752203992567956,0.0005835960037074983,1.0,1,True,Optimization terminated successfully
sensor_log,0.05,57,pyGAM,0.01958260360344899,0.0,0.09675819997210056,0.011454692983534187,1.0,2,True,
sensor_log,0.05,58,MonotoneLSPIA,0.009612688310347462,0.0,0.016053413972258568,0.016053413972258568,,118,True,
sensor_log,0.05,58,Penalized monotone B-spline,0.009277660557250086,0.0,0.03961410000920296,0.0005741160130128264,1.0,1,True,Optimization terminated successfully
sensor_log,0.05,58,pyGAM,0.012335007506586332,0.0,0.08982551703229547,0.01067395304562524,10.0,2,True,
sensor_log,0.05,59,MonotoneLSPIA,0.014464150126356117,0.0,0.018301437026821077,0.018301437026821077,,133,True,
sensor_log,0.05,59,Penalized monotone B-spline,0.008937042131235315,0.0,0.03206593100912869,0.0005007590516470373,1.0,1,True,Optimization terminated successfully
sensor_log,0.05,59,pyGAM,0.011042865945654502,0.0,0.09188670595176518,0.01062244497006759,0.1,3,True,
sensor_log,0.05,60,MonotoneLSPIA,0.016279062144708367,0.0,0.018903944990597665,0.018903944990597665,,141,True,
sensor_log,0.05,60,Penalized monotone B-spline,0.016275334123407786,0.0,0.039839686010964215,0.0021773959742859006,0.0001,15,True,Optimization terminated successfully
sensor_log,0.05,60,pyGAM,0.013563617029521541,0.0,0.09220577898668125,0.011008178989868611,10.0,2,True,
sensor_log,0.05,61,MonotoneLSPIA,0.012867931917930805,0.0,0.01839187100995332,0.01839187100995332,,130,True,
sensor_log,0.05,61,Penalized monotone B-spline,0.006790752110229179,0.0,0.03688304702518508,0.0005992149817757308,1.0,1,True,Optimization terminated successfully
sensor_log,0.05,61,pyGAM,0.007962188509112565,0.0,0.09580942400498316,0.010962466010823846,1.0,2,True,
sensor_log,0.05,62,MonotoneLSPIA,0.016563239436886434,0.0,0.015936295967549086,0.015936295967549086,,114,True,
sensor_log,0.05,62,Penalized monotone B-spline,0.012560035986202964,0.0,0.037292470049578696,0.0005092110368423164,1.0,1,True,Optimization terminated successfully
sensor_log,0.05,62,pyGAM,0.015164451039376683,0.0,0.09412227297434583,0.010723208950366825,10.0,2,True,
sensor_log,0.05,63,MonotoneLSPIA,0.005752187616859657,0.0,0.0196954759885557,0.0196954759885557,,146,True,
sensor_log,0.05,63,Penalized monotone B-spline,0.0048074174013966655,0.0,0.03907339001307264,0.0005031020264141262,1.0,1,True,Optimization terminated successfully
sensor_log,0.05,63,pyGAM,0.004119546171965947,0.0,0.08858932001749054,0.01057859102729708,1.0,3,True,
sensor_log,0.05,64,MonotoneLSPIA,0.015869920936860155,0.0,0.01782043103594333,0.01782043103594333,,131,True,
sensor_log,0.05,64,Penalized monotone B-spline,0.013375413281483707,0.0,0.03786754095926881,0.0005104260053485632,1.0,1,True,Optimization terminated successfully
sensor_log,0.05,64,pyGAM,0.01431276001753039,0.0,0.0873339879908599,0.010653929028194398,10.0,2,True,
sensor_log,0.05,65,MonotoneLSPIA,0.012534834608808295,0.0,0.018057551002129912,0.018057551002129912,,132,True,
sensor_log,0.05,65,Penalized monotone B-spline,0.012167236632141809,0.0,0.041992696991655976,0.0022536509786732495,0.01,13,True,Optimization terminated successfully
sensor_log,0.05,65,pyGAM,0.011681693977412495,0.0,0.09553317102836445,0.014666819013655186,0.1,2,True,
sensor_log,0.05,66,MonotoneLSPIA,0.014178688696872947,0.0,0.01976897200802341,0.01976897200802341,,146,True,
sensor_log,0.05,66,Penalized monotone B-spline,0.010983823362637063,0.0,0.043670059996657073,0.0017500540125183761,1.0,9,True,Optimization terminated successfully
sensor_log,0.05,66,pyGAM,0.012254107985008842,0.0,0.09844340500421822,0.014846806006971747,0.1,2,True,
sensor_log,0.05,67,MonotoneLSPIA,0.011861102482668015,0.0,0.019144179997965693,0.019144179997965693,,143,True,
sensor_log,0.05,67,Penalized monotone B-spline,0.009841660499534038,0.0,0.04367238003760576,0.0015497790300287306,1.0,8,True,Optimization terminated successfully
sensor_log,0.05,67,pyGAM,0.010385008105494812,0.0,0.09655517898499966,0.010561786009930074,1.0,3,True,
sensor_log,0.05,68,MonotoneLSPIA,0.01689151841730931,0.0,0.020742884022183716,0.020742884022183716,,154,True,
sensor_log,0.05,68,Penalized monotone B-spline,0.012534234374610502,0.0,0.03722342604305595,0.0005029399762861431,1.0,1,True,Optimization terminated successfully
sensor_log,0.05,68,pyGAM,0.015014589487734037,0.0,0.08872404601424932,0.011108797043561935,10.0,2,True,
sensor_log,0.05,69,MonotoneLSPIA,0.008843406615103952,0.0,0.014866298995912075,0.014866298995912075,,109,True,
sensor_log,0.05,69,Penalized monotone B-spline,0.00461584513070192,0.0,0.03591230302117765,0.0005089989863336086,1.0,1,True,Optimization terminated successfully
sensor_log,0.05,69,pyGAM,0.009930972998367099,0.0,0.10439907305408269,0.013606454012915492,10.0,2,True,
sensor_log,0.05,70,MonotoneLSPIA,0.009807947995742113,0.0,0.024664440017659217,0.024664440017659217,,140,True,
sensor_log,0.05,70,Penalized monotone B-spline,0.007134940352891949,0.0,0.04289505601627752,0.0005173190147615969,1.0,1,True,Optimization terminated successfully
sensor_log,0.05,70,pyGAM,0.010746100214701156,0.0,0.10374698002124205,0.01221909502055496,10.0,2,True,
sensor_log,0.05,71,MonotoneLSPIA,0.015993745179566973,0.0,0.019129470048937947,0.019129470048937947,,139,True,
sensor_log,0.05,71,Penalized monotone B-spline,0.009072670442950405,0.0,0.042985106993000954,0.0007047989638522267,1.0,1,True,Optimization terminated successfully
sensor_log,0.05,71,pyGAM,0.006805092860245089,0.0,0.11477040301542729,0.01330634398618713,1.0,2,True,
sensor_log,0.05,72,MonotoneLSPIA,0.01762993904174015,0.0,0.018723724002484232,0.018723724002484232,,128,True,
sensor_log,0.05,72,Penalized monotone B-spline,0.017629939860176927,0.0,0.03535889298655093,0.0017974699730984867,1e-08,10,True,Optimization terminated successfully
sensor_log,0.05,72,pyGAM,0.015639790302062345,0.0,0.0966357930446975,0.01093799399677664,10.0,2,True,
sensor_log,0.05,73,MonotoneLSPIA,0.007421056164126374,0.0,0.020221756014507264,0.020221756014507264,,126,True,
sensor_log,0.05,73,Penalized monotone B-spline,0.005933455973971789,0.0,0.03417002200149,0.0006507629877887666,1.0,1,True,Optimization terminated successfully
sensor_log,0.05,73,pyGAM,0.009687273199718039,0.0,0.09204126201802865,0.010911988967563957,10.0,2,True,
sensor_log,0.05,74,MonotoneLSPIA,0.015002175492274642,0.0,0.019475378037896007,0.019475378037896007,,140,True,
sensor_log,0.05,74,Penalized monotone B-spline,0.01225434928610167,0.0,0.024971769016701728,0.0005514799850061536,1.0,1,True,Optimization terminated successfully
sensor_log,0.05,74,pyGAM,0.00929797443075628,0.0,0.10095738398376852,0.013592151983175427,1.0,2,True,
sensor_log,0.05,75,MonotoneLSPIA,0.012770778218200399,0.0,0.018288985011167824,0.018288985011167824,,126,True,
sensor_log,0.05,75,Penalized monotone B-spline,0.011593343784648226,0.0,0.03480597399175167,0.00060408900026232,1.0,1,True,Optimization terminated successfully
sensor_log,0.05,75,pyGAM,0.014890912816090209,0.0,0.09873805899405852,0.014516853960230947,10.0,2,True,
sensor_log,0.05,76,MonotoneLSPIA,0.01103820762914789,0.0,0.023686506028752774,0.023686506028752774,,145,True,
sensor_log,0.05,76,Penalized monotone B-spline,0.009179979352361966,0.0,0.04744901496451348,0.0007490180432796478,1.0,1,True,Optimization terminated successfully
sensor_log,0.05,76,pyGAM,0.008090743073720687,0.0,1.9339556460035965,0.010754699003882706,1.0,2,True,did not converge
sensor_log,0.05,77,MonotoneLSPIA,0.012670252854797809,0.0,0.01812476699706167,0.01812476699706167,,130,True,
sensor_log,0.05,77,Penalized monotone B-spline,0.009089284178761023,0.0,0.03503368201199919,0.0005012999754399061,1.0,1,True,Optimization terminated successfully
sensor_log,0.05,77,pyGAM,0.011131811813892964,0.0,0.09607716096797958,0.010545019002165645,10.0,2,True,
sensor_log,0.05,78,MonotoneLSPIA,0.011316374856676909,0.0,0.01811779401032254,0.01811779401032254,,129,True,
sensor_log,0.05,78,Penalized monotone B-spline,0.009469164587952049,0.0,0.0366827700054273,0.0005224539781920612,1.0,1,True,Optimization terminated successfully
sensor_log,0.05,78,pyGAM,0.010015595927712726,0.0,0.08867224695859477,0.010594160994514823,1.0,3,True,
sensor_log,0.05,79,MonotoneLSPIA,0.0178559573246983,0.0,0.01885174697963521,0.01885174697963521,,140,True,
sensor_log,0.05,79,Penalized monotone B-spline,0.014911441178512114,0.0,0.032048167020548135,0.0004997639916837215,1.0,1,True,Optimization terminated successfully
sensor_log,0.05,79,pyGAM,0.014818241454460312,0.0,0.0876511000096798,0.010703055013436824,1.0,2,True,
sensor_log,0.05,80,MonotoneLSPIA,0.01430327713430568,0.0,0.019473078020382673,0.019473078020382673,,145,True,
sensor_log,0.05,80,Penalized monotone B-spline,0.012313996230692075,0.0,0.03756749100284651,0.0004981739912182093,1.0,1,True,Optimization terminated successfully
sensor_log,0.05,80,pyGAM,0.014629994013350215,0.0,0.08928382402518764,0.01033284905133769,10.0,2,True,
sensor_log,0.05,81,MonotoneLSPIA,0.01846040998355936,0.0,0.018651693011634052,0.018651693011634052,,141,True,
sensor_log,0.05,81,Penalized monotone B-spline,0.013604758569082024,0.0,0.03811413998482749,0.0004984529805369675,1.0,1,True,Optimization terminated successfully
sensor_log,0.05,81,pyGAM,0.014577545079236654,0.0,0.08749955496750772,0.010691545030567795,1.0,2,True,
sensor_log,0.05,82,MonotoneLSPIA,0.010201903607922015,0.0,0.0181233620387502,0.0181233620387502,,138,True,
sensor_log,0.05,82,Penalized monotone B-spline,0.007319313449586414,0.0,0.031174317002296448,0.0004977480275556445,1.0,1,True,Optimization terminated successfully
sensor_log,0.05,82,pyGAM,0.005825329613620208,0.0,0.07906370901037008,0.010769523971248418,1.0,2,True,
sensor_log,0.05,83,MonotoneLSPIA,0.011289498356857408,0.0,0.019653872004710138,0.019653872004710138,,144,True,
sensor_log,0.05,83,Penalized monotone B-spline,0.009893374527553409,0.0,0.03184596204664558,0.000497936038300395,1.0,1,True,Optimization terminated successfully
sensor_log,0.05,83,pyGAM,0.008968725056464224,0.0,0.08770217100391164,0.010769197018817067,1.0,2,True,
sensor_log,0.05,84,MonotoneLSPIA,0.011554961945409803,0.0,0.019674315000884235,0.019674315000884235,,147,True,
sensor_log,0.05,84,Penalized monotone B-spline,0.007810760967101732,0.0,0.03623030096059665,0.0005056639784015715,1.0,1,True,Optimization terminated successfully
sensor_log,0.05,84,pyGAM,0.011611735705723892,0.0,0.07855976896826178,0.010626079980283976,10.0,2,True,
sensor_log,0.05,85,MonotoneLSPIA,0.015448449708381282,0.0,0.020027449005283415,0.020027449005283415,,149,True,
sensor_log,0.05,85,Penalized monotone B-spline,0.01250478730270026,0.0,0.041490945033729076,0.0015061019803397357,1.0,8,True,Optimization terminated successfully
sensor_log,0.05,85,pyGAM,0.014087649247675377,0.0,0.09786987799452618,0.010816866008099169,10.0,2,True,
sensor_log,0.05,86,MonotoneLSPIA,0.014536031918741914,0.0,0.02004998701158911,0.02004998701158911,,144,True,
sensor_log,0.05,86,Penalized monotone B-spline,0.014076348927280494,0.0,0.03797363903140649,0.0005564230377785861,1.0,1,True,Optimization terminated successfully
sensor_log,0.05,86,pyGAM,0.013698171742785327,0.0,0.0883487340179272,0.01075999898603186,1.0,2,True,
sensor_log,0.05,87,MonotoneLSPIA,0.01072531081506292,0.0,0.018366024014540017,0.018366024014540017,,136,True,
sensor_log,0.05,87,Penalized monotone B-spline,0.008424245115291143,0.0,0.03961463499581441,0.0005045239813625813,1.0,1,True,Optimization terminated successfully
sensor_log,0.05,87,pyGAM,0.011286391895101161,0.0,0.09278813900891691,0.010637589963153005,10.0,2,True,
sensor_log,0.05,88,MonotoneLSPIA,0.011990269485708813,0.0,0.019441607990302145,0.019441607990302145,,149,True,
sensor_log,0.05,88,Penalized monotone B-spline,0.008752812954048882,0.0,0.03087260399479419,0.0004965030238963664,1.0,1,True,Optimization terminated successfully
sensor_log,0.05,88,pyGAM,0.011894413401612867,0.0,0.08688407600857317,0.011979820963460952,10.0,2,True,
sensor_log,0.05,89,MonotoneLSPIA,0.007616266160003189,0.0,0.019022094027604908,0.019022094027604908,,137,True,
sensor_log,0.05,89,Penalized monotone B-spline,0.005413581869985198,0.0,0.03192522103199735,0.0005116899847052991,1.0,1,True,Optimization terminated successfully
sensor_log,0.05,89,pyGAM,0.006005676897554973,0.0,0.09329719102242962,0.010534679982811213,1.0,2,True,
sensor_log,0.05,90,MonotoneLSPIA,0.019352228028151126,0.0,0.01717513700714335,0.01717513700714335,,130,True,
sensor_log,0.05,90,Penalized monotone B-spline,0.014450848089528859,0.0,0.03744793398072943,0.0005050050094723701,1.0,1,True,Optimization terminated successfully
sensor_log,0.05,90,pyGAM,0.013944802013841148,0.0,0.09221446904120967,0.010629497992340475,1.0,2,True,
sensor_log,0.05,91,MonotoneLSPIA,0.0122400195739866,0.0,0.01940004201605916,0.01940004201605916,,145,True,
sensor_log,0.05,91,Penalized monotone B-spline,0.009460646496411122,0.0,0.03755079203983769,0.0005231279646977782,1.0,1,True,Optimization terminated successfully
sensor_log,0.05,91,pyGAM,0.014124583357676508,0.0,0.09217507898574695,0.010854166990611702,10.0,2,True,
sensor_log,0.05,92,MonotoneLSPIA,0.017941258642731512,0.0,0.017733224958647043,0.017733224958647043,,131,True,
sensor_log,0.05,92,Penalized monotone B-spline,0.015499417780194995,0.0,0.03830342396395281,0.0004979349905624986,1.0,1,True,Optimization terminated successfully
sensor_log,0.05,92,pyGAM,0.017219428852112466,0.0,0.08855650300392881,0.010405023989733309,10.0,2,True,
sensor_log,0.05,93,MonotoneLSPIA,0.019464919129009443,0.0,0.019976776966359466,0.019976776966359466,,147,True,
sensor_log,0.05,93,Penalized monotone B-spline,0.015759210385728653,0.0,0.02843135001603514,0.0004983950057066977,1.0,1,True,Optimization terminated successfully
sensor_log,0.05,93,pyGAM,0.01761516046298686,0.0,0.07960259600076824,0.010713244962971658,10.0,2,True,
sensor_log,0.05,94,MonotoneLSPIA,0.007914689657339288,0.0,0.018904233002103865,0.018904233002103865,,141,True,
sensor_log,0.05,94,Penalized monotone B-spline,0.007016118004176493,0.0,0.04192122496897355,0.0015195140149444342,1.0,8,True,Optimization terminated successfully
sensor_log,0.05,94,pyGAM,0.006075409944204323,0.0,0.08971867902437225,0.011311181995552033,1.0,3,True,
sensor_log,0.05,95,MonotoneLSPIA,0.01300253402149734,0.0,0.018782000988721848,0.018782000988721848,,136,True,
sensor_log,0.05,95,Penalized monotone B-spline,0.013002539326188969,0.0,0.04105149500537664,0.0020790029666386545,1e-08,11,True,Optimization terminated successfully
sensor_log,0.05,95,pyGAM,0.009011913663451694,0.0,0.09499753097770736,0.01074376399628818,1.0,3,True,
sensor_log,0.05,96,MonotoneLSPIA,0.0137531541888461,0.0,0.016616149980109185,0.016616149980109185,,121,True,
sensor_log,0.05,96,Penalized monotone B-spline,0.011480244873434681,0.0,0.03719017800176516,0.0005102080176584423,1.0,1,True,Optimization terminated successfully
sensor_log,0.05,96,pyGAM,0.01370575332538227,0.0,0.08826116303680465,0.010509390034712851,10.0,2,True,
sensor_log,0.05,97,MonotoneLSPIA,0.012201171490233103,0.0,0.01668797800084576,0.01668797800084576,,124,True,
sensor_log,0.05,97,Penalized monotone B-spline,0.01097418502897638,0.0,0.030693721026182175,0.0004963839892297983,1.0,1,True,Optimization terminated successfully
sensor_log,0.05,97,pyGAM,0.010619703146554473,0.0,0.08662331500090659,0.010725788015406579,1.0,2,True,
sensor_log,0.05,98,MonotoneLSPIA,0.012096312284048852,0.0,0.01670425303746015,0.01670425303746015,,124,True,
sensor_log,0.05,98,Penalized monotone B-spline,0.008636639340979439,0.0,0.03631830000085756,0.0005110669881105423,1.0,1,True,Optimization terminated successfully
sensor_log,0.05,98,pyGAM,0.013138551550611487,0.0,1.9214467129786499,0.010628738964442164,10.0,2,True,did not converge
sensor_log,0.05,99,MonotoneLSPIA,0.009973787477044438,0.0,0.020319432020187378,0.020319432020187378,,149,True,
sensor_log,0.05,99,Penalized monotone B-spline,0.007154880698519013,0.0,0.0396050339913927,0.0004985159612260759,1.0,1,True,Optimization terminated successfully
sensor_log,0.05,99,pyGAM,0.007534121118654651,0.0,0.0969079930218868,0.013655223010573536,1.0,3,True,
sensor_log,0.05,100,MonotoneLSPIA,0.016007958907212336,0.0,0.02396997099276632,0.02396997099276632,,141,True,
sensor_log,0.05,100,Penalized monotone B-spline,0.015866193810029537,0.0,0.039414545986801386,0.0019368199864402413,0.01,12,True,Optimization terminated successfully
sensor_log,0.05,100,pyGAM,0.015812587126647574,0.0,0.08718860999215394,0.01465109403943643,0.01,2,True,
sensor_log,0.1,1,MonotoneLSPIA,0.028138423552679592,0.0,0.017581733991391957,0.017581733991391957,,111,True,
sensor_log,0.1,1,Penalized monotone B-spline,0.025334927770787274,0.0,0.03965332999359816,0.0005499870167113841,100.0,1,True,Optimization terminated successfully
sensor_log,0.1,1,pyGAM,0.02221810192095002,0.0,0.09256295097293332,0.01058788801310584,10.0,2,True,
sensor_log,0.1,2,MonotoneLSPIA,0.018252658264902747,0.0,0.018879122042562813,0.018879122042562813,,138,True,
sensor_log,0.1,2,Penalized monotone B-spline,0.01192858343160215,0.0,0.03690358001040295,0.000501211965456605,1.0,1,True,Optimization terminated successfully
sensor_log,0.1,2,pyGAM,0.012357376507724121,0.0,0.09767713898327202,0.011054662987589836,10.0,2,True,
sensor_log,0.1,3,MonotoneLSPIA,0.016501266099279606,0.0,0.01654713397147134,0.01654713397147134,,116,True,
sensor_log,0.1,3,Penalized monotone B-spline,0.016501265176901005,0.0,0.040205368015449494,0.001954220002517104,1e-08,12,True,Optimization terminated successfully
sensor_log,0.1,3,pyGAM,0.014459768465192754,0.0,0.098472123965621,0.010779901989735663,10.0,2,True,
sensor_log,0.1,4,MonotoneLSPIA,0.03252275103778336,0.0,0.017919439997058362,0.017919439997058362,,130,True,
sensor_log,0.1,4,Penalized monotone B-spline,0.02189217405913894,0.0,0.04214545199647546,0.0014952849596738815,1.0,8,True,Optimization terminated successfully
sensor_log,0.1,4,pyGAM,0.017876830837164945,0.0,0.10027182998601347,0.01049683301243931,10.0,2,True,
sensor_log,0.1,5,MonotoneLSPIA,0.02388925201448055,0.0,0.02003863302525133,0.02003863302525133,,151,True,
sensor_log,0.1,5,Penalized monotone B-spline,0.020546313288162994,0.0,0.039810181013308465,0.0005064550205133855,1.0,1,True,Optimization terminated successfully
sensor_log,0.1,5,pyGAM,0.02048999238572522,0.0,0.09638967999489978,0.01060053100809455,10.0,2,True,
sensor_log,0.1,6,MonotoneLSPIA,0.03494315806103516,0.0,0.017197316978126764,0.017197316978126764,,128,True,
sensor_log,0.1,6,Penalized monotone B-spline,0.03074473780694443,0.0,0.039049129001796246,0.000550505006685853,1.0,1,True,Optimization terminated successfully
sensor_log,0.1,6,pyGAM,0.03147280962340882,0.0,0.08829793700715527,0.010497255017980933,10.0,2,True,
sensor_log,0.1,7,MonotoneLSPIA,0.02657047091660426,0.0,0.014686180977150798,0.014686180977150798,,102,True,
sensor_log,0.1,7,Penalized monotone B-spline,0.02326341249104792,0.0,0.03853836399503052,0.000499802001286298,100.0,1,True,Optimization terminated successfully
sensor_log,0.1,7,pyGAM,0.017367385120265692,0.0,0.09576562099391595,0.010632379038725048,10.0,2,True,
sensor_log,0.1,8,MonotoneLSPIA,0.028589443008294975,0.0,0.016129483003169298,0.016129483003169298,,117,True,
sensor_log,0.1,8,Penalized monotone B-spline,0.018352321365936536,0.0,0.04392704402562231,0.0015877890400588512,1.0,9,True,Optimization terminated successfully
sensor_log,0.1,8,pyGAM,0.020147083433454633,0.0,0.1081164869829081,0.010514578025322407,10.0,2,True,
sensor_log,0.1,9,MonotoneLSPIA,0.023610109834552893,0.0,0.016277313989121467,0.016277313989121467,,114,True,
sensor_log,0.1,9,Penalized monotone B-spline,0.0198764872684982,0.0,0.0363577640382573,0.0005054670036770403,1.0,1,True,Optimization terminated successfully
sensor_log,0.1,9,pyGAM,0.021610076188524768,0.0,0.09117967798374593,0.010519500996451825,10.0,2,True,
sensor_log,0.1,10,MonotoneLSPIA,0.022126865549552642,0.0,0.01786896795965731,0.01786896795965731,,132,True,
sensor_log,0.1,10,Penalized monotone B-spline,0.02093064216454235,0.0,0.0427780449972488,0.000496844993904233,100.0,1,True,Optimization terminated successfully
sensor_log,0.1,10,pyGAM,0.014420644295737412,0.0,0.09924454899737611,0.010777766001410782,10.0,2,True,
sensor_log,0.1,11,MonotoneLSPIA,0.02494083761598887,0.0,0.018495009979233146,0.018495009979233146,,130,True,
sensor_log,0.1,11,Penalized monotone B-spline,0.023572328713573863,0.0,0.031830965948756784,0.0004952569724991918,1.0,1,True,Optimization terminated successfully
sensor_log,0.1,11,pyGAM,0.016178775639022473,0.0,0.1007465859875083,0.011001328995916992,10.0,2,True,
sensor_log,0.1,12,MonotoneLSPIA,0.016806358601138195,0.0,0.01709821098484099,0.01709821098484099,,121,True,
sensor_log,0.1,12,Penalized monotone B-spline,0.014084814606871955,0.0,0.03820342302788049,0.0005052439519204199,100.0,1,True,Optimization terminated successfully
sensor_log,0.1,12,pyGAM,0.012705673715029129,0.0,0.10329245199682191,0.011467900010757148,10.0,2,True,
sensor_log,0.1,13,MonotoneLSPIA,0.028681578007831617,0.0,0.018220186000689864,0.018220186000689864,,122,True,
sensor_log,0.1,13,Penalized monotone B-spline,0.020578564458632254,0.0,0.03916392399696633,0.0005188669892959297,100.0,1,True,Optimization terminated successfully
sensor_log,0.1,13,pyGAM,0.016435498576105427,0.0,0.10141856496920809,0.010794137953780591,10.0,2,True,
sensor_log,0.1,14,MonotoneLSPIA,0.028036003549258455,0.0,0.016888522019144148,0.016888522019144148,,124,True,
sensor_log,0.1,14,Penalized monotone B-spline,0.029108071361580997,0.0,0.03791619895491749,0.0004905700334347785,100.0,1,True,Optimization terminated successfully
sensor_log,0.1,14,pyGAM,0.020821453668226814,0.0,0.09108238102635369,0.01037311099935323,10.0,2,True,
sensor_log,0.1,15,MonotoneLSPIA,0.020009650237961144,0.0,0.019683745980728418,0.019683745980728418,,148,True,
sensor_log,0.1,15,Penalized monotone B-spline,0.009315849458309749,0.0,0.04204145597759634,0.0004910749848932028,100.0,1,True,Optimization terminated successfully
sensor_log,0.1,15,pyGAM,0.013871026661452032,0.0,0.09652883396483958,0.01072976499563083,10.0,2,True,
sensor_log,0.1,16,MonotoneLSPIA,0.022831042747968728,0.0,0.01645075698615983,0.01645075698615983,,118,True,
sensor_log,0.1,16,Penalized monotone B-spline,0.027689887677641765,0.0,0.038115160015877336,0.000490575039293617,100.0,1,True,Optimization terminated successfully
sensor_log,0.1,16,pyGAM,0.02007198444958214,0.0,0.09131513105239719,0.01054126996314153,10.0,2,True,
sensor_log,0.1,17,MonotoneLSPIA,0.028606778577830148,0.0,0.016876687004696578,0.016876687004696578,,122,True,
sensor_log,0.1,17,Penalized monotone B-spline,0.03266701502623218,0.0,0.037201952014584094,0.0004932330339215696,100.0,1,True,Optimization terminated successfully
sensor_log,0.1,17,pyGAM,0.02575805849288231,0.0,0.0914435550221242,0.010891416983213276,10.0,2,True,
sensor_log,0.1,18,MonotoneLSPIA,0.027849931106638616,0.0,0.01392432302236557,0.01392432302236557,,97,True,
sensor_log,0.1,18,Penalized monotone B-spline,0.027849929514980998,0.0,0.03745744499610737,0.0019476280431263149,1e-08,13,True,Optimization terminated successfully
sensor_log,0.1,18,pyGAM,0.02509773332068521,0.0,0.09218298102496192,0.014967572002205998,0.1,2,True,
sensor_log,0.1,19,MonotoneLSPIA,0.020406074817912203,0.0,0.015346760977990925,0.015346760977990925,,101,True,
sensor_log,0.1,19,Penalized monotone B-spline,0.018201195499244385,0.0,0.0403086650185287,0.0015568580129183829,1.0,8,True,Optimization terminated successfully
sensor_log,0.1,19,pyGAM,0.015388566052839602,0.0,0.09635951498057693,0.010803643963299692,10.0,2,True,
sensor_log,0.1,20,MonotoneLSPIA,0.03144221765178971,0.0,0.01639808400068432,0.01639808400068432,,121,True,
sensor_log,0.1,20,Penalized monotone B-spline,0.03398021434387494,0.0,0.0393694179947488,0.0004891639691777527,100.0,1,True,Optimization terminated successfully
sensor_log,0.1,20,pyGAM,0.02806164317490151,0.0,0.09965764201479033,0.01053987501654774,10.0,2,True,
sensor_log,0.1,21,MonotoneLSPIA,0.02723674068866772,0.0,0.017697054019663483,0.017697054019663483,,129,True,
sensor_log,0.1,21,Penalized monotone B-spline,0.030658455598498717,0.0,0.03947401500772685,0.0005282500060275197,100.0,1,True,Optimization terminated successfully
sensor_log,0.1,21,pyGAM,0.027030806696977314,0.0,0.09110328200040385,0.010701321996748447,10.0,2,True,
sensor_log,0.1,22,MonotoneLSPIA,0.03333322648644439,0.0,0.016665802977513522,0.016665802977513522,,116,True,
sensor_log,0.1,22,Penalized monotone B-spline,0.03333322553178102,0.0,0.03845096699660644,0.0018340679816901684,1e-08,11,True,Optimization terminated successfully
sensor_log,0.1,22,pyGAM,0.0331121636233165,0.0,0.09232547698775306,0.014527421968523413,0.01,2,True,
sensor_log,0.1,23,MonotoneLSPIA,0.03767590744034082,0.0,0.016305955999996513,0.016305955999996513,,116,True,
sensor_log,0.1,23,Penalized monotone B-spline,0.03745351659392836,0.0,0.038493377971462905,0.0019501960487104952,0.01,13,True,Optimization terminated successfully
sensor_log,0.1,23,pyGAM,0.028013297587092843,0.0,0.09509773697936907,0.010615573963150382,10.0,2,True,
sensor_log,0.1,24,MonotoneLSPIA,0.016915253284285607,0.0,0.017148340004496276,0.017148340004496276,,124,True,
sensor_log,0.1,24,Penalized monotone B-spline,0.022243296783044143,0.0,0.03856401797384024,0.0004920150386169553,100.0,1,True,Optimization terminated successfully
sensor_log,0.1,24,pyGAM,0.015831197371738524,0.0,0.08796209999127313,0.010642862995155156,10.0,2,True,
sensor_log,0.1,25,MonotoneLSPIA,0.03422077248976177,0.0,0.021536167012527585,0.021536167012527585,,158,True,
sensor_log,0.1,25,Penalized monotone B-spline,0.02842865420962886,0.0,0.042227388999890536,0.0018781810067594051,1.0,11,True,Optimization terminated successfully
sensor_log,0.1,25,pyGAM,0.023341481668800998,0.0,0.09305928699905053,0.014823274977970868,1.0,2,True,
sensor_log,0.1,26,MonotoneLSPIA,0.025103011852115092,0.0,0.015435376961249858,0.015435376961249858,,111,True,
sensor_log,0.1,26,Penalized monotone B-spline,0.025102978723870947,0.0,0.040439780976157635,0.0019075640011578798,1e-08,13,True,Optimization terminated successfully
sensor_log,0.1,26,pyGAM,0.025129695371935535,0.0,0.10295443399809301,0.01819461799459532,0.001,4,True,
sensor_log,0.1,27,MonotoneLSPIA,0.036408027815675204,0.0,0.018953013001009822,0.018953013001009822,,138,True,
sensor_log,0.1,27,Penalized monotone B-spline,0.030932984663580933,0.0,0.03580981696723029,0.0005001610261388123,1.0,1,True,Optimization terminated successfully
sensor_log,0.1,27,pyGAM,0.023388013021342476,0.0,0.10621263296343386,0.01088889897800982,10.0,2,True,
sensor_log,0.1,28,MonotoneLSPIA,0.027024111748774594,0.0,0.015708053018897772,0.015708053018897772,,113,True,
sensor_log,0.1,28,Penalized monotone B-spline,0.027022724424324168,0.0,0.042770864034537226,0.0017706130165606737,0.0001,10,True,Optimization terminated successfully
sensor_log,0.1,28,pyGAM,0.013524909778224748,0.0,0.10054558201227337,0.010703125037252903,10.0,2,True,
sensor_log,0.1,29,MonotoneLSPIA,0.018724077246267734,0.0,0.016432026983238757,0.016432026983238757,,118,True,
sensor_log,0.1,29,Penalized monotone B-spline,0.022960416449209497,0.0,0.03969886596314609,0.0004945900291204453,100.0,1,True,Optimization terminated successfully
sensor_log,0.1,29,pyGAM,0.014730392693926331,0.0,0.09884924202924594,0.010655660007614642,10.0,2,True,
sensor_log,0.1,30,MonotoneLSPIA,0.032769770696416345,0.0,0.016333529027178884,0.016333529027178884,,119,True,
sensor_log,0.1,30,Penalized monotone B-spline,0.02699900516953092,0.0,0.042947090056259185,0.0016716679674573243,1.0,9,True,Optimization terminated successfully
sensor_log,0.1,30,pyGAM,0.018554353655259745,0.0,0.10176481597591192,0.01494209497468546,1.0,3,True,
sensor_log,0.1,31,MonotoneLSPIA,0.024123471759859332,0.0,0.019963593978900462,0.019963593978900462,,146,True,
sensor_log,0.1,31,Penalized monotone B-spline,0.017509748925094486,0.0,0.037334907974582165,0.00048816995695233345,100.0,1,True,Optimization terminated successfully
sensor_log,0.1,31,pyGAM,0.012320991689143239,0.0,0.08862959698308259,0.010787890991196036,10.0,2,True,
sensor_log,0.1,32,MonotoneLSPIA,0.03908915878017952,0.0,0.016688535048160702,0.016688535048160702,,118,True,
sensor_log,0.1,32,Penalized monotone B-spline,0.03865861088048147,0.0,0.04204666399164125,0.0020975199877284467,0.01,12,True,Optimization terminated successfully
sensor_log,0.1,32,pyGAM,0.037505673996933005,0.0,0.09547518100589514,0.018379021028522402,0.1,2,True,
sensor_log,0.1,33,MonotoneLSPIA,0.022342657377922594,0.0,0.01526323996949941,0.01526323996949941,,109,True,
sensor_log,0.1,33,Penalized monotone B-spline,0.015221190501578266,0.0,0.03735623700777069,0.0004994420451112092,1.0,1,True,Optimization terminated successfully
sensor_log,0.1,33,pyGAM,0.013962285066386167,0.0,0.09115812700474635,0.010490078013390303,10.0,2,True,
sensor_log,0.1,34,MonotoneLSPIA,0.024511435361244168,0.0,0.01567082601832226,0.01567082601832226,,112,True,
sensor_log,0.1,34,Penalized monotone B-spline,0.020264391565209625,0.0,0.03573965298710391,0.0005028370069339871,1.0,1,True,Optimization terminated successfully
sensor_log,0.1,34,pyGAM,0.01517989051673682,0.0,0.10053355997661129,0.01210185996023938,10.0,2,True,
sensor_log,0.1,35,MonotoneLSPIA,0.018273354188211174,0.0,0.014571357984095812,0.014571357984095812,,99,True,
sensor_log,0.1,35,Penalized monotone B-spline,0.0168652378355906,0.0,0.03685020899865776,0.0004942209925502539,100.0,1,True,Optimization terminated successfully
sensor_log,0.1,35,pyGAM,0.013261486945115138,0.0,0.09430935798445717,0.010387359012383968,10.0,2,True,
sensor_log,0.1,36,MonotoneLSPIA,0.02889027719249607,0.0,0.016254935995675623,0.016254935995675623,,121,True,
sensor_log,0.1,36,Penalized monotone B-spline,0.021124810260837255,0.0,0.03858387900982052,0.0005023870035074651,1.0,1,True,Optimization terminated successfully
sensor_log,0.1,36,pyGAM,0.017906856765550698,0.0,0.08955334697384387,0.010638746025506407,10.0,2,True,
sensor_log,0.1,37,MonotoneLSPIA,0.027452774381321952,0.0,0.01727909198962152,0.01727909198962152,,131,True,
sensor_log,0.1,37,Penalized monotone B-spline,0.016127533185302596,0.0,0.036368194967508316,0.0005005190032534301,1.0,1,True,Optimization terminated successfully
sensor_log,0.1,37,pyGAM,0.013395629572761567,0.0,0.10023671097587794,0.010560454975347966,10.0,2,True,
sensor_log,0.1,38,MonotoneLSPIA,0.024262055116369887,0.0,0.01934288500342518,0.01934288500342518,,142,True,
sensor_log,0.1,38,Penalized monotone B-spline,0.020789184950032097,0.0,0.043300492980051786,0.0015975409769453108,1.0,8,True,Optimization terminated successfully
sensor_log,0.1,38,pyGAM,0.013819004451589758,0.0,0.09676209301687777,0.01100159395718947,10.0,2,True,
sensor_log,0.1,39,MonotoneLSPIA,0.024179760439625636,0.0,0.013452191022224724,0.013452191022224724,,98,True,
sensor_log,0.1,39,Penalized monotone B-spline,0.025503110124826065,0.0,0.03672984801232815,0.0004920120118185878,100.0,1,True,Optimization terminated successfully
sensor_log,0.1,39,pyGAM,0.018278538075843075,0.0,0.09143811604008079,0.010807087004650384,10.0,2,True,
sensor_log,0.1,40,MonotoneLSPIA,0.024880600762268338,0.0,0.019615916011389345,0.019615916011389345,,148,True,
sensor_log,0.1,40,Penalized monotone B-spline,0.021092167796013278,0.0,0.03843319299630821,0.0005143359885551035,1.0,1,True,Optimization terminated successfully
sensor_log,0.1,40,pyGAM,0.01805465279622599,0.0,0.07985489803832024,0.010688990994822234,10.0,2,True,
sensor_log,0.1,41,MonotoneLSPIA,0.02264776013133878,0.0,0.01290527603123337,0.01290527603123337,,93,True,
sensor_log,0.1,41,Penalized monotone B-spline,0.021221793472067832,0.0,0.03949307696893811,0.0004983270191587508,1.0,1,True,Optimization terminated successfully
sensor_log,0.1,41,pyGAM,0.01845502561840854,0.0,0.09946134203346446,0.010779945005197078,10.0,2,True,
sensor_log,0.1,42,MonotoneLSPIA,0.015504477125705792,0.0,0.01986537000630051,0.01986537000630051,,149,True,
sensor_log,0.1,42,Penalized monotone B-spline,0.012386957598334074,0.0,0.03801167098572478,0.0005103619769215584,1.0,1,True,Optimization terminated successfully
sensor_log,0.1,42,pyGAM,0.015393567940180023,0.0,0.08871208503842354,0.010794283996801823,10.0,2,True,
sensor_log,0.1,43,MonotoneLSPIA,0.024289281539758404,0.0,0.016837914008647203,0.016837914008647203,,121,True,
sensor_log,0.1,43,Penalized monotone B-spline,0.02275688764919427,0.0,0.03722649201517925,0.0005003210389986634,100.0,1,True,Optimization terminated successfully
sensor_log,0.1,43,pyGAM,0.0146673599297522,0.0,0.0961295340093784,0.010594156046863645,10.0,2,True,
sensor_log,0.1,44,MonotoneLSPIA,0.03038839350173481,0.0,0.01777878700522706,0.01777878700522706,,129,True,
sensor_log,0.1,44,Penalized monotone B-spline,0.023473823126926998,0.0,0.039980234985705465,0.0005026640137657523,1.0,1,True,Optimization terminated successfully
sensor_log,0.1,44,pyGAM,0.020134429818513103,0.0,0.09284108504652977,0.010364024026785046,10.0,2,True,
sensor_log,0.1,45,MonotoneLSPIA,0.023413150449229987,0.0,0.016898678964935243,0.016898678964935243,,125,True,
sensor_log,0.1,45,Penalized monotone B-spline,0.01921640887277687,0.0,0.03604878397891298,0.0004964489489793777,1.0,1,True,Optimization terminated successfully
sensor_log,0.1,45,pyGAM,0.014840647454307236,0.0,0.09949187998427078,0.010612113983370364,10.0,2,True,
sensor_log,0.1,46,MonotoneLSPIA,0.019056076373385945,0.0,0.017542244982905686,0.017542244982905686,,129,True,
sensor_log,0.1,46,Penalized monotone B-spline,0.01750143082668162,0.0,0.03623055398929864,0.0005041690310463309,100.0,1,True,Optimization terminated successfully
sensor_log,0.1,46,pyGAM,0.016390180745783474,0.0,0.09217666299082339,0.011011070979293436,10.0,2,True,
sensor_log,0.1,47,MonotoneLSPIA,0.03176616783947106,0.0,0.018501556012779474,0.018501556012779474,,135,True,
sensor_log,0.1,47,Penalized monotone B-spline,0.024303685376273157,0.0,0.036845177004579455,0.0005089599872007966,1.0,1,True,Optimization terminated successfully
sensor_log,0.1,47,pyGAM,0.01722247671341838,0.0,0.09236336394678801,0.010755523049738258,10.0,2,True,
sensor_log,0.1,48,MonotoneLSPIA,0.02153563410634523,0.0,0.0171022720169276,0.0171022720169276,,122,True,
sensor_log,0.1,48,Penalized monotone B-spline,0.017057224865841145,0.0,0.042376575991511345,0.002010518976021558,1.0,11,True,Optimization terminated successfully
sensor_log,0.1,48,pyGAM,0.01736433967980556,0.0,0.10497754899552092,0.010506624996196479,10.0,4,True,
sensor_log,0.1,49,MonotoneLSPIA,0.023653553285652083,0.0,0.016695611993782222,0.016695611993782222,,120,True,
sensor_log,0.1,49,Penalized monotone B-spline,0.01704136605048747,0.0,0.03590829198947176,0.0004932130104862154,100.0,1,True,Optimization terminated successfully
sensor_log,0.1,49,pyGAM,0.017733694891554817,0.0,0.0907620660145767,0.010581761016510427,10.0,2,True,
sensor_log,0.1,50,MonotoneLSPIA,0.01825200734555715,0.0,0.017312380019575357,0.017312380019575357,,126,True,
sensor_log,0.1,50,Penalized monotone B-spline,0.014114196407446284,0.0,0.03821466496447101,0.0004943449748679996,100.0,1,True,Optimization terminated successfully
sensor_log,0.1,50,pyGAM,0.011984986111771104,0.0,0.0928876360412687,0.010752254980616271,10.0,2,True,
sensor_log,0.1,51,MonotoneLSPIA,0.019307150771023684,0.0,0.015159834001678973,0.015159834001678973,,107,True,
sensor_log,0.1,51,Penalized monotone B-spline,0.01229690249925171,0.0,0.0390066200052388,0.0015752000035718083,1.0,8,True,Optimization terminated successfully
sensor_log,0.1,51,pyGAM,0.019279079775883074,0.0,0.10435858101118356,0.018605601973831654,0.001,4,True,
sensor_log,0.1,52,MonotoneLSPIA,0.02570527791256684,0.0,0.016079910041298717,0.016079910041298717,,115,True,
sensor_log,0.1,52,Penalized monotone B-spline,0.03150180932479298,0.0,0.03762177802855149,0.0005074309883639216,100.0,1,True,Optimization terminated successfully
sensor_log,0.1,52,pyGAM,0.036375322828161735,0.0,0.09573887597071007,0.010415777040179819,100.0,2,True,
sensor_log,0.1,53,MonotoneLSPIA,0.02969496817311455,0.0,0.01915566500974819,0.01915566500974819,,139,True,
sensor_log,0.1,53,Penalized monotone B-spline,0.024678370816464446,0.0,0.0394280559848994,0.0005093680229038,1.0,1,True,Optimization terminated successfully
sensor_log,0.1,53,pyGAM,0.018967163872970743,0.0,0.09689709002850577,0.01063855696702376,10.0,2,True,
sensor_log,0.1,54,MonotoneLSPIA,0.026183895574307402,0.0,0.01823053596308455,0.01823053596308455,,135,True,
sensor_log,0.1,54,Penalized monotone B-spline,0.017666427400004712,0.0,0.0386514839483425,0.0005054909852333367,100.0,1,True,Optimization terminated successfully
sensor_log,0.1,54,pyGAM,0.015490304208663642,0.0,0.10323647898621857,0.01081233803415671,1.0,3,True,
sensor_log,0.1,55,MonotoneLSPIA,0.0305504264844309,0.0,0.015909555018879473,0.015909555018879473,,109,True,
sensor_log,0.1,55,Penalized monotone B-spline,0.022920403954439124,0.0,0.03978218900738284,0.0014643169706687331,1.0,8,True,Optimization terminated successfully
sensor_log,0.1,55,pyGAM,0.019823778890450384,0.0,0.09239548305049539,0.010538806964177638,10.0,2,True,
sensor_log,0.1,56,MonotoneLSPIA,0.02116253583767546,0.0,0.01786542503396049,0.01786542503396049,,133,True,
sensor_log,0.1,56,Penalized monotone B-spline,0.026821573945262574,0.0,0.036349908041302115,0.0005015380447730422,100.0,1,True,Optimization terminated successfully
sensor_log,0.1,56,pyGAM,0.01871257385817391,0.0,0.08824287395691499,0.010758191987406462,10.0,2,True,
sensor_log,0.1,57,MonotoneLSPIA,0.019751499317030394,0.0,0.01800742303021252,0.01800742303021252,,130,True,
sensor_log,0.1,57,Penalized monotone B-spline,0.013103199874619302,0.0,0.039726104005239904,0.0004918570048175752,100.0,1,True,Optimization terminated successfully
sensor_log,0.1,57,pyGAM,0.016087639392293473,0.0,0.09566238400293514,0.010434882016852498,10.0,2,True,
sensor_log,0.1,58,MonotoneLSPIA,0.034872697571479934,0.0,0.016912224993575364,0.016912224993575364,,121,True,
sensor_log,0.1,58,Penalized monotone B-spline,0.02864500830836646,0.0,0.03722382499836385,0.0005106820026412606,1.0,1,True,Optimization terminated successfully
sensor_log,0.1,58,pyGAM,0.0343700277322691,0.0,0.10714819002896547,0.022297040035482496,0.001,5,True,
sensor_log,0.1,59,MonotoneLSPIA,0.016847765192607958,0.0,0.019127542967908084,0.019127542967908084,,141,True,
sensor_log,0.1,59,Penalized monotone B-spline,0.013264974464460233,0.0,0.0421062340028584,0.001568747975397855,1.0,8,True,Optimization terminated successfully
sensor_log,0.1,59,pyGAM,0.013438919861675561,0.0,0.09946824103826657,0.010867927980143577,10.0,3,True,
sensor_log,0.1,60,MonotoneLSPIA,0.02821302028000608,0.0,0.021553910977672786,0.021553910977672786,,152,True,
sensor_log,0.1,60,Penalized monotone B-spline,0.024778406962218624,0.0,0.03831964102573693,0.0005072170170024037,1.0,1,True,Optimization terminated successfully
sensor_log,0.1,60,pyGAM,0.023943441795602958,0.0,0.09296289901249111,0.010913700971286744,10.0,2,True,
sensor_log,0.1,61,MonotoneLSPIA,0.015219238595221996,0.0,0.015254832978826016,0.015254832978826016,,108,True,
sensor_log,0.1,61,Penalized monotone B-spline,0.01215244685524442,0.0,0.04053427994949743,0.001966383948456496,1.0,12,True,Optimization terminated successfully
sensor_log,0.1,61,pyGAM,0.0122648484990752,0.0,0.10447663196828216,0.010369617957621813,10.0,4,True,
sensor_log,0.1,62,MonotoneLSPIA,0.021827089384760665,0.0,0.013337097014300525,0.013337097014300525,,97,True,
sensor_log,0.1,62,Penalized monotone B-spline,0.01777840448497044,0.0,0.04270881100092083,0.0017433710163459182,1.0,10,True,Optimization terminated successfully
sensor_log,0.1,62,pyGAM,0.017330859452251376,0.0,0.0923505750251934,0.010490734013728797,10.0,2,True,
sensor_log,0.1,63,MonotoneLSPIA,0.02628239053760732,0.0,0.013944919977802783,0.013944919977802783,,98,True,
sensor_log,0.1,63,Penalized monotone B-spline,0.02929135883065181,0.0,0.03839572804281488,0.0005075529916211963,100.0,1,True,Optimization terminated successfully
sensor_log,0.1,63,pyGAM,0.023297504878998912,0.0,0.09269390598637983,0.010650560026988387,10.0,2,True,
sensor_log,0.1,64,MonotoneLSPIA,0.016091507204299943,0.0,0.018890706996899098,0.018890706996899098,,140,True,
sensor_log,0.1,64,Penalized monotone B-spline,0.02158115904698731,0.0,0.035082300018984824,0.0004997950163669884,100.0,1,True,Optimization terminated successfully
sensor_log,0.1,64,pyGAM,0.013745975160742685,0.0,0.08706017897929996,0.010502325952984393,10.0,2,True,
sensor_log,0.1,65,MonotoneLSPIA,0.020654927465204063,0.0,0.018188369052950293,0.018188369052950293,,134,True,
sensor_log,0.1,65,Penalized monotone B-spline,0.019194229026670492,0.0,0.03883907897397876,0.0004921400104649365,100.0,1,True,Optimization terminated successfully
sensor_log,0.1,65,pyGAM,0.015203964057601006,0.0,0.09525923797627911,0.01088690699543804,10.0,2,True,
sensor_log,0.1,66,MonotoneLSPIA,0.023396926104218497,0.0,0.0151252819923684,0.0151252819923684,,105,True,
sensor_log,0.1,66,Penalized monotone B-spline,0.023396927473762118,0.0,0.03911946195876226,0.0020998120307922363,1e-08,14,True,Optimization terminated successfully
sensor_log,0.1,66,pyGAM,0.0146189911160142,0.0,0.0997913739993237,0.010566890006884933,10.0,2,True,
sensor_log,0.1,67,MonotoneLSPIA,0.023619916381898753,0.0,0.018021710973698646,0.018021710973698646,,132,True,
sensor_log,0.1,67,Penalized monotone B-spline,0.02704548172793225,0.0,0.0389436770346947,0.0004900150233879685,100.0,1,True,Optimization terminated successfully
sensor_log,0.1,67,pyGAM,0.022086808147738873,0.0,0.09133029903750867,0.010742416023276746,10.0,2,True,
sensor_log,0.1,68,MonotoneLSPIA,0.027120191279411007,0.0,0.018363887968007475,0.018363887968007475,,134,True,
sensor_log,0.1,68,Penalized monotone B-spline,0.02446086932178412,0.0,0.03726900601759553,0.0004969509900547564,100.0,1,True,Optimization terminated successfully
sensor_log,0.1,68,pyGAM,0.018157316618973993,0.0,0.09503790800226852,0.010517346032429487,10.0,2,True,
sensor_log,0.1,69,MonotoneLSPIA,0.0361955164706069,0.0,0.018870669999159873,0.018870669999159873,,138,True,
sensor_log,0.1,69,Penalized monotone B-spline,0.029758021321036467,0.0,0.04290117399068549,0.001558438001666218,1.0,8,True,Optimization terminated successfully
sensor_log,0.1,69,pyGAM,0.03335697771515151,0.0,0.0955854689818807,0.014848341990727931,0.1,2,True,
sensor_log,0.1,70,MonotoneLSPIA,0.019681618059811112,0.0,0.01650585501920432,0.01650585501920432,,119,True,
sensor_log,0.1,70,Penalized monotone B-spline,0.020463223085852637,0.0,0.0378107670112513,0.0004962609964422882,100.0,1,True,Optimization terminated successfully
sensor_log,0.1,70,pyGAM,0.013821494208819675,0.0,0.09539549303008243,0.010469775996170938,10.0,2,True,
sensor_log,0.1,71,MonotoneLSPIA,0.020947847578580897,0.0,0.019151698041241616,0.019151698041241616,,137,True,
sensor_log,0.1,71,Penalized monotone B-spline,0.018269982022395354,0.0,0.042880969995167106,0.0014775620074942708,1.0,8,True,Optimization terminated successfully
sensor_log,0.1,71,pyGAM,0.018855582632683623,0.0,0.09987200098112226,0.010763124970253557,1.0,3,True,
sensor_log,0.1,72,MonotoneLSPIA,0.03038004535644653,0.0,0.01937251799972728,0.01937251799972728,,143,True,
sensor_log,0.1,72,Penalized monotone B-spline,0.022307079800091594,0.0,0.03728192503331229,0.0005238609737716615,1.0,1,True,Optimization terminated successfully
sensor_log,0.1,72,pyGAM,0.018797425700349746,0.0,0.0796106340130791,0.010601654008496553,1.0,2,True,
sensor_log,0.1,73,MonotoneLSPIA,0.02154668941387825,0.0,0.01939897600095719,0.01939897600095719,,138,True,
sensor_log,0.1,73,Penalized monotone B-spline,0.02622030025096273,0.0,0.03738619800424203,0.0004901450010947883,100.0,1,True,Optimization terminated successfully
sensor_log,0.1,73,pyGAM,0.017829029175626794,0.0,0.09572549699805677,0.010735624004155397,10.0,2,True,
sensor_log,0.1,74,MonotoneLSPIA,0.022017879958559777,0.0,0.01613536902004853,0.01613536902004853,,117,True,
sensor_log,0.1,74,Penalized monotone B-spline,0.018465203443499476,0.0,0.03664414997911081,0.000499611021950841,1.0,1,True,Optimization terminated successfully
sensor_log,0.1,74,pyGAM,0.0184323064912742,0.0,0.10050139302620664,0.010822478972841054,10.0,2,True,
sensor_log,0.1,75,MonotoneLSPIA,0.04235372378291281,0.0,0.017427932005375624,0.017427932005375624,,126,True,
sensor_log,0.1,75,Penalized monotone B-spline,0.03863178547126734,0.0,0.040681971993763,0.0017407220439054072,1.0,9,True,Optimization terminated successfully
sensor_log,0.1,75,pyGAM,0.03859222194725831,0.0,0.10350778797874227,0.014913728984538466,1.0,3,True,
sensor_log,0.1,76,MonotoneLSPIA,0.02239194377733131,0.0,0.01845555700128898,0.01845555700128898,,133,True,
sensor_log,0.1,76,Penalized monotone B-spline,0.0249278901707958,0.0,0.036817483021877706,0.0004995720228180289,100.0,1,True,Optimization terminated successfully
sensor_log,0.1,76,pyGAM,0.016855705826398927,0.0,0.09787525498541072,0.010569131991360337,10.0,2,True,
sensor_log,0.1,77,MonotoneLSPIA,0.021538175067834606,0.0,0.018412125995382667,0.018412125995382667,,131,True,
sensor_log,0.1,77,Penalized monotone B-spline,0.012707871591061374,0.0,0.04003375704633072,0.0015482489834539592,1.0,8,True,Optimization terminated successfully
sensor_log,0.1,77,pyGAM,0.009547831003051942,0.0,0.09904915298102424,0.010656991973519325,10.0,2,True,
sensor_log,0.1,78,MonotoneLSPIA,0.026936452272118334,0.0,0.015673095011152327,0.015673095011152327,,112,True,
sensor_log,0.1,78,Penalized monotone B-spline,0.03043748071334193,0.0,0.03942593600368127,0.0005043679848313332,100.0,1,True,Optimization terminated successfully
sensor_log,0.1,78,pyGAM,0.026104538981079617,0.0,0.1002791189821437,0.010430201014969498,10.0,3,True,
sensor_log,0.1,79,MonotoneLSPIA,0.032397458403455766,0.0,0.01910975098144263,0.01910975098144263,,140,True,
sensor_log,0.1,79,Penalized monotone B-spline,0.02266733824352915,0.0,0.044205467973370105,0.002028238959610462,1.0,12,True,Optimization terminated successfully
sensor_log,0.1,79,pyGAM,0.021860303174519972,0.0,0.09275848401011899,0.010956560028716922,1.0,3,True,
sensor_log,0.1,80,MonotoneLSPIA,0.020029161160112847,0.0,0.015256363025400788,0.015256363025400788,,111,True,
sensor_log,0.1,80,Penalized monotone B-spline,0.02045232871153805,0.0,0.034482148999813944,0.0005030030151829123,100.0,1,True,Optimization terminated successfully
sensor_log,0.1,80,pyGAM,0.018201011378691477,0.0,0.10001574596390128,0.010571471997536719,10.0,2,True,
sensor_log,0.1,81,MonotoneLSPIA,0.02248644012346658,0.0,0.017132762994151562,0.017132762994151562,,126,True,
sensor_log,0.1,81,Penalized monotone B-spline,0.017376651260911445,0.0,0.040242030983790755,0.0015616670134477317,1.0,8,True,Optimization terminated successfully
sensor_log,0.1,81,pyGAM,0.01851106746566727,0.0,0.10085381398675963,0.010527573002036661,10.0,4,True,
sensor_log,0.1,82,MonotoneLSPIA,0.025667728100398923,0.0,0.018513085029553622,0.018513085029553622,,136,True,
sensor_log,0.1,82,Penalized monotone B-spline,0.028162362376469196,0.0,0.03688739502103999,0.0004978399956598878,100.0,1,True,Optimization terminated successfully
sensor_log,0.1,82,pyGAM,0.022347323997823715,0.0,0.09201188402948901,0.010445096995681524,10.0,2,True,
sensor_log,0.1,83,MonotoneLSPIA,0.03134048791483621,0.0,0.019359996949788183,0.019359996949788183,,144,True,
sensor_log,0.1,83,Penalized monotone B-spline,0.027206471297880615,0.0,0.03952347399899736,0.0004995720228180289,1.0,1,True,Optimization terminated successfully
sensor_log,0.1,83,pyGAM,0.02447871567722159,0.0,0.092421337030828,0.010549370024818927,1.0,3,True,
sensor_log,0.1,84,MonotoneLSPIA,0.02132253511727683,0.0,0.01934530003927648,0.01934530003927648,,143,True,
sensor_log,0.1,84,Penalized monotone B-spline,0.030031090586637457,0.0,0.036060351005289704,0.000494453008286655,100.0,1,True,Optimization terminated successfully
sensor_log,0.1,84,pyGAM,0.0216608818274272,0.0,0.08704757003579289,0.010706881002988666,10.0,2,True,
sensor_log,0.1,85,MonotoneLSPIA,0.017055339318541234,0.0,0.019841274013742805,0.019841274013742805,,147,True,
sensor_log,0.1,85,Penalized monotone B-spline,0.02277475735378949,0.0,0.0419632859993726,0.0004960009828209877,100.0,1,True,Optimization terminated successfully
sensor_log,0.1,85,pyGAM,0.016985955158711607,0.0,0.09557836700696498,0.01070272398646921,10.0,2,True,
sensor_log,0.1,86,MonotoneLSPIA,0.024702791770197317,0.0,0.019519599969498813,0.019519599969498813,,143,True,
sensor_log,0.1,86,Penalized monotone B-spline,0.020314642493546777,0.0,0.03696082200622186,0.0015563230263069272,1.0,8,True,Optimization terminated successfully
sensor_log,0.1,86,pyGAM,0.018004018960694833,0.0,0.09157477598637342,0.010795503971166909,10.0,2,True,
sensor_log,0.1,87,MonotoneLSPIA,0.02656862081578822,0.0,0.01538253400940448,0.01538253400940448,,109,True,
sensor_log,0.1,87,Penalized monotone B-spline,0.02217109347726407,0.0,0.041393043007701635,0.0017290929681621492,1.0,9,True,Optimization terminated successfully
sensor_log,0.1,87,pyGAM,0.021199127127940014,0.0,0.10067213501315564,0.010827760037500411,10.0,3,True,
sensor_log,0.1,88,MonotoneLSPIA,0.029029946671615715,0.0,0.01837054395582527,0.01837054395582527,,127,True,
sensor_log,0.1,88,Penalized monotone B-spline,0.020845807385460685,0.0,0.037432793993502855,0.0005118060507811606,1.0,1,True,Optimization terminated successfully
sensor_log,0.1,88,pyGAM,0.021090345068969313,0.0,0.09709859499707818,0.011068239982705563,10.0,2,True,
sensor_log,0.1,89,MonotoneLSPIA,0.014155620135615164,0.0,0.016148874012287706,0.016148874012287706,,113,True,
sensor_log,0.1,89,Penalized monotone B-spline,0.014155619469475052,0.0,0.03971779398852959,0.0019528050324879587,1e-08,10,True,Optimization terminated successfully
sensor_log,0.1,89,pyGAM,0.010944642251356098,0.0,0.10084997600642964,0.0106644420302473,10.0,2,True,
sensor_log,0.1,90,MonotoneLSPIA,0.02217862374281105,0.0,0.018577358045149595,0.018577358045149595,,133,True,
sensor_log,0.1,90,Penalized monotone B-spline,0.020402235006112993,0.0,0.04228060500463471,0.0018586789956316352,1.0,10,True,Optimization terminated successfully
sensor_log,0.1,90,pyGAM,0.020434388017384897,0.0,0.10099020099733025,0.010851482977159321,10.0,4,True,
sensor_log,0.1,91,MonotoneLSPIA,0.022736839637363455,0.0,0.01514338597189635,0.01514338597189635,,111,True,
sensor_log,0.1,91,Penalized monotone B-spline,0.022204153184151906,0.0,0.03721630899235606,0.0004975739866495132,100.0,1,True,Optimization terminated successfully
sensor_log,0.1,91,pyGAM,0.014171427005882012,0.0,0.0965013430104591,0.010812011023517698,10.0,2,True,
sensor_log,0.1,92,MonotoneLSPIA,0.022760100336756506,0.0,0.014224912039935589,0.014224912039935589,,99,True,
sensor_log,0.1,92,Penalized monotone B-spline,0.022712084910045532,0.0,0.03876776504330337,0.0020492380135692656,0.01,12,True,Optimization terminated successfully
sensor_log,0.1,92,pyGAM,0.017684552739142254,0.0,0.10206532297888771,0.010891629033721983,10.0,2,True,
sensor_log,0.1,93,MonotoneLSPIA,0.022411954527718315,0.0,0.017341230995953083,0.017341230995953083,,122,True,
sensor_log,0.1,93,Penalized monotone B-spline,0.017885685947739333,0.0,0.04127737402450293,0.0016052749706432223,1.0,8,True,Optimization terminated successfully
sensor_log,0.1,93,pyGAM,0.018720252207582288,0.0,0.10414473299169913,0.010380996973253787,10.0,4,True,
sensor_log,0.1,94,MonotoneLSPIA,0.027840815102046567,0.0,0.015104296966455877,0.015104296966455877,,110,True,
sensor_log,0.1,94,Penalized monotone B-spline,0.013081088633466846,0.0,0.038254913000855595,0.0004936860059387982,100.0,1,True,Optimization terminated successfully
sensor_log,0.1,94,pyGAM,0.020952495417870143,0.0,0.09504245704738423,0.01061409997055307,10.0,2,True,
sensor_log,0.1,95,MonotoneLSPIA,0.023262802282674095,0.0,0.013607020024210215,0.013607020024210215,,96,True,
sensor_log,0.1,95,Penalized monotone B-spline,0.027603294932476947,0.0,0.03634764900198206,0.0005133500089868903,100.0,1,True,Optimization terminated successfully
sensor_log,0.1,95,pyGAM,0.02251264361478353,0.0,0.09622658201260492,0.011223923997022212,10.0,2,True,
sensor_log,0.1,96,MonotoneLSPIA,0.034425172521434184,0.0,0.01842136401683092,0.01842136401683092,,135,True,
sensor_log,0.1,96,Penalized monotone B-spline,0.024147778940903128,0.0,0.03664282301906496,0.0005688599776476622,1.0,1,True,Optimization terminated successfully
sensor_log,0.1,96,pyGAM,0.023349003158024625,0.0,0.0961975060054101,0.01083386701066047,1.0,3,True,
sensor_log,0.1,97,MonotoneLSPIA,0.02988956772262245,0.0,0.01141285797348246,0.01141285797348246,,76,True,
sensor_log,0.1,97,Penalized monotone B-spline,0.019799909229418943,0.0,0.036853841971606016,0.0004975629854016006,1.0,1,True,Optimization terminated successfully
sensor_log,0.1,97,pyGAM,0.014731816849208313,0.0,0.0972907500108704,0.010947586968541145,10.0,2,True,
sensor_log,0.1,98,MonotoneLSPIA,0.015862228567433745,0.0,0.016591005958616734,0.016591005958616734,,118,True,
sensor_log,0.1,98,Penalized monotone B-spline,0.019611184636991148,0.0,0.0377982149948366,0.0004907689872197807,100.0,1,True,Optimization terminated successfully
sensor_log,0.1,98,pyGAM,0.014549696677248824,0.0,0.09677714301506057,0.010881886002607644,10.0,2,True,
sensor_log,0.1,99,MonotoneLSPIA,0.0205210676525868,0.0,0.018096340994816273,0.018096340994816273,,130,True,
sensor_log,0.1,99,Penalized monotone B-spline,0.01644299490689646,0.0,0.04284853802528232,0.0016177149955183268,1.0,9,True,Optimization terminated successfully
sensor_log,0.1,99,pyGAM,0.01838523824341479,0.0,0.10690755397081375,0.010500825999770314,10.0,3,True,
sensor_log,0.1,100,MonotoneLSPIA,0.030123919127450802,0.0,0.020183943037409335,0.020183943037409335,,146,True,
sensor_log,0.1,100,Penalized monotone B-spline,0.03486439617401617,0.0,0.0405672499909997,0.0005106779863126576,100.0,1,True,Optimization terminated successfully
sensor_log,0.1,100,pyGAM,0.040096798744149016,0.0,0.09559011500095949,0.010468990018125623,100.0,2,True,
dose_response,0.02,1,MonotoneLSPIA,0.005840224488233538,0.0,0.017355015967041254,0.017355015967041254,,107,True,
dose_response,0.02,1,Penalized monotone B-spline,0.005608871037172516,0.0,0.04568656597984955,0.0021403570426627994,0.01,13,True,Optimization terminated successfully
dose_response,0.02,1,pyGAM,0.005622614288887723,0.0,0.09958093496970832,0.01855186600005254,0.01,2,True,
dose_response,0.02,2,MonotoneLSPIA,0.004236641545193109,0.0,0.014861867006402463,0.014861867006402463,,102,True,
dose_response,0.02,2,Penalized monotone B-spline,0.004201486036993953,0.0,0.0401341569959186,0.001802606973797083,0.01,10,True,Optimization terminated successfully
dose_response,0.02,2,pyGAM,0.004149962444993982,0.0,0.1123118469840847,0.01864212000509724,0.001,4,True,
dose_response,0.02,3,MonotoneLSPIA,0.005894877525673178,0.0,0.015923683997243643,0.015923683997243643,,110,True,
dose_response,0.02,3,Penalized monotone B-spline,0.005584887531727449,0.0,0.040998640994075686,0.0019439100287854671,0.01,10,True,Optimization terminated successfully
dose_response,0.02,3,pyGAM,0.00555862214057917,0.0,0.11909897695295513,0.015178145957179368,0.01,2,True,
dose_response,0.02,4,MonotoneLSPIA,0.006428094773761641,0.0,0.016843300021719187,0.016843300021719187,,116,True,
dose_response,0.02,4,Penalized monotone B-spline,0.006329226856085763,0.0,0.04206255299504846,0.0019175789784640074,0.01,11,True,Optimization terminated successfully
dose_response,0.02,4,pyGAM,0.006223003237637451,0.0,0.09953932900680229,0.022371096012648195,0.001,5,True,
dose_response,0.02,5,MonotoneLSPIA,0.0052724651423334155,0.0,0.011987848032731563,0.011987848032731563,,84,True,
dose_response,0.02,5,Penalized monotone B-spline,0.005322286245337777,0.0,0.04202917998190969,0.0018341239774599671,0.01,11,True,Optimization terminated successfully
dose_response,0.02,5,pyGAM,0.0059701877615061716,0.0,0.09708425495773554,0.015406180988065898,0.1,2,True,
dose_response,0.02,6,MonotoneLSPIA,0.0052514570778556275,0.0,0.016059832007158548,0.016059832007158548,,109,True,
dose_response,0.02,6,Penalized monotone B-spline,0.005216573155482065,0.0,0.04375934199197218,0.001984553993679583,0.01,12,True,Optimization terminated successfully
dose_response,0.02,6,pyGAM,0.005616574864953574,0.0,0.10207457200158387,0.015161258983425796,0.1,2,True,
dose_response,0.02,7,MonotoneLSPIA,0.005650965471475927,0.0,0.01590856397524476,0.01590856397524476,,113,True,
dose_response,0.02,7,Penalized monotone B-spline,0.00561872001485669,0.0,0.04261047003092244,0.0019525829702615738,0.01,12,True,Optimization terminated successfully
dose_response,0.02,7,pyGAM,0.00577671940586948,0.0,0.10631079995073378,0.014730029040947556,0.1,2,True,
dose_response,0.02,8,MonotoneLSPIA,0.00840469901828999,0.0,0.014501273981295526,0.014501273981295526,,103,True,
dose_response,0.02,8,Penalized monotone B-spline,0.00841640572818934,0.0,0.0420795829850249,0.0021094470284879208,0.01,12,True,Optimization terminated successfully
dose_response,0.02,8,pyGAM,0.008236423553473907,0.0,0.11237174598500133,0.01871022197883576,0.01,2,True,
dose_response,0.02,9,MonotoneLSPIA,0.006647937225700136,0.0,0.01241965004010126,0.01241965004010126,,84,True,
dose_response,0.02,9,Penalized monotone B-spline,0.006584855905108408,0.0,0.041388059966266155,0.001887441030703485,0.01,12,True,Optimization terminated successfully
dose_response,0.02,9,pyGAM,0.006687426225465241,0.0,0.10448276903480291,0.014718657999765128,0.1,2,True,
dose_response,0.02,10,MonotoneLSPIA,0.00458860032109575,0.0,0.01700590900145471,0.01700590900145471,,123,True,
dose_response,0.02,10,Penalized monotone B-spline,0.004508195568059858,0.0,0.040593888028524816,0.002053877047728747,0.01,13,True,Optimization terminated successfully
dose_response,0.02,10,pyGAM,0.004504979950780676,0.0,0.11077165597816929,0.018900588038377464,0.001,4,True,
dose_response,0.02,11,MonotoneLSPIA,0.006694973555911646,0.0,0.01608614798169583,0.01608614798169583,,112,True,
dose_response,0.02,11,Penalized monotone B-spline,0.006368970822961748,0.0,0.04233270202530548,0.002065257984213531,0.01,13,True,Optimization terminated successfully
dose_response,0.02,11,pyGAM,0.006190708660101968,0.0,0.09708403801778331,0.018400040979031473,0.01,2,True,
dose_response,0.02,12,MonotoneLSPIA,0.007018322694623864,0.0,0.014878220041282475,0.014878220041282475,,108,True,
dose_response,0.02,12,Penalized monotone B-spline,0.006910525251120991,0.0,0.04184082703432068,0.0018122479668818414,0.01,10,True,Optimization terminated successfully
dose_response,0.02,12,pyGAM,0.006772092093549162,0.0,0.10470898600760847,0.015139124006964266,0.01,2,True,
dose_response,0.02,13,MonotoneLSPIA,0.00581708491199389,0.0,0.01679363299626857,0.01679363299626857,,122,True,
dose_response,0.02,13,Penalized monotone B-spline,0.005822519476694266,0.0,0.042181479977443814,0.001958762004505843,0.01,12,True,Optimization terminated successfully
dose_response,0.02,13,pyGAM,0.0063303892282829234,0.0,0.11337098298827186,0.015128933999221772,0.1,3,True,
dose_response,0.02,14,MonotoneLSPIA,0.004761928247367808,0.0,0.015028947964310646,0.015028947964310646,,109,True,
dose_response,0.02,14,Penalized monotone B-spline,0.004502997286677157,0.0,0.043137449014466256,0.0020892019965685904,0.01,13,True,Optimization terminated successfully
dose_response,0.02,14,pyGAM,0.004492324791940256,0.0,0.11007347697159275,0.018775817996356636,0.01,2,True,
dose_response,0.02,15,MonotoneLSPIA,0.005048545126600728,0.0,0.013300092017743737,0.013300092017743737,,92,True,
dose_response,0.02,15,Penalized monotone B-spline,0.005055387860306275,0.0,0.042207466962281615,0.0016621469985693693,0.01,9,True,Optimization terminated successfully
dose_response,0.02,15,pyGAM,0.004938912450377535,0.0,0.11316428997088224,0.01845486997626722,0.01,2,True,
dose_response,0.02,16,MonotoneLSPIA,0.0043650807762219725,0.0,0.014806394989136606,0.014806394989136606,,105,True,
dose_response,0.02,16,Penalized monotone B-spline,0.0043650670166915035,0.0,0.04131303104804829,0.0018797600059770048,1e-08,12,True,Optimization terminated successfully
dose_response,0.02,16,pyGAM,0.00402386219439612,0.0,0.11226565396646038,0.01472953800112009,0.01,2,True,
dose_response,0.02,17,MonotoneLSPIA,0.005753920606496074,0.0,0.015766469994559884,0.015766469994559884,,112,True,
dose_response,0.02,17,Penalized monotone B-spline,0.005567724445885381,0.0,0.039878330018837005,0.0018100350280292332,0.01,10,True,Optimization terminated successfully
dose_response,0.02,17,pyGAM,0.005076029438720484,0.0,0.09760294697480276,0.014754521020222455,0.1,3,True,
dose_response,0.02,18,MonotoneLSPIA,0.005900044248376855,0.0,0.016481072991155088,0.016481072991155088,,122,True,
dose_response,0.02,18,Penalized monotone B-spline,0.005847879469314291,0.0,0.04218780994415283,0.002011278993450105,0.01,11,True,Optimization terminated successfully
dose_response,0.02,18,pyGAM,0.006249956309491021,0.0,0.11356536904349923,0.015052820963319391,0.1,3,True,
dose_response,0.02,19,MonotoneLSPIA,0.007307226234502879,0.0,0.016126595030073076,0.016126595030073076,,117,True,
dose_response,0.02,19,Penalized monotone B-spline,0.007001308116012981,0.0,0.041758524952456355,0.0018025030149146914,0.01,10,True,Optimization terminated successfully
dose_response,0.02,19,pyGAM,0.006984049858120539,0.0,0.10400537704117596,0.014464743959251791,0.01,2,True,
dose_response,0.02,20,MonotoneLSPIA,0.005390570610887221,3.3273384048016694e-13,0.012645289010833949,0.012645289010833949,,89,True,
dose_response,0.02,20,Penalized monotone B-spline,0.005375532623915875,4.4364512064022255e-13,0.04029712697956711,0.001877009985037148,0.01,11,True,Optimization terminated successfully
dose_response,0.02,20,pyGAM,0.0054080971257013544,1.1690048928868567e-10,0.10524136101594195,0.018228780012577772,0.01,2,True,
dose_response,0.02,21,MonotoneLSPIA,0.00332549924533657,0.0,0.01445095898816362,0.01445095898816362,,99,True,
dose_response,0.02,21,Penalized monotone B-spline,0.0033824761112755536,0.0,0.04216179403010756,0.0019658710225485265,0.01,12,True,Optimization terminated successfully
dose_response,0.02,21,pyGAM,0.004464342853159054,0.0,0.10104912199312821,0.014541598968207836,0.1,2,True,
dose_response,0.02,22,MonotoneLSPIA,0.0037898086238454505,3.3273384048016694e-13,0.012440340011380613,0.012440340011380613,,87,True,
dose_response,0.02,22,Penalized monotone B-spline,0.003997091108270591,3.3273384048016694e-13,0.03927356004714966,0.0018275869661010802,0.01,11,True,Optimization terminated successfully
dose_response,0.02,22,pyGAM,0.005646264196163815,1.8011991897991037e-10,0.1057366770110093,0.014880052010994405,0.1,2,True,
dose_response,0.02,23,MonotoneLSPIA,0.00427501417181847,0.0,0.011505056056194007,0.011505056056194007,,76,True,
dose_response,0.02,23,Penalized monotone B-spline,0.0043252202854004145,0.0,0.04247206303989515,0.0016405180213041604,0.01,9,True,Optimization terminated successfully
dose_response,0.02,23,pyGAM,0.004290894860645395,0.0,0.11286203900817782,0.018444648012518883,0.001,4,True,
dose_response,0.02,24,MonotoneLSPIA,0.006398113610723784,0.0,0.017394289025105536,0.017394289025105536,,120,True,
dose_response,0.02,24,Penalized monotone B-spline,0.006484308976762043,0.0,0.042524782998953015,0.001961195026524365,0.01,12,True,Optimization terminated successfully
dose_response,0.02,24,pyGAM,0.0064887467769023125,0.0,0.11000007705297321,0.0185743430047296,0.01,2,True,
dose_response,0.02,25,MonotoneLSPIA,0.006007761481988765,0.0,0.01663509797072038,0.01663509797072038,,120,True,
dose_response,0.02,25,Penalized monotone B-spline,0.005932462911345876,0.0,0.04123358998913318,0.0019914399599656463,0.01,13,True,Optimization terminated successfully
dose_response,0.02,25,pyGAM,0.006035575744770667,0.0,0.10344906302634627,0.018203366023954004,0.1,2,True,
dose_response,0.02,26,MonotoneLSPIA,0.0031502909043917495,0.0,0.014682903012726456,0.014682903012726456,,106,True,
dose_response,0.02,26,Penalized monotone B-spline,0.003220570694042479,0.0,0.042189645988401026,0.001964067982044071,0.01,12,True,Optimization terminated successfully
dose_response,0.02,26,pyGAM,0.004420179235709486,0.0,0.09966448997147381,0.018564819998573512,0.1,2,True,
dose_response,0.02,27,MonotoneLSPIA,0.006065060864776064,0.0,0.014654588012490422,0.014654588012490422,,103,True,
dose_response,0.02,27,Penalized monotone B-spline,0.0057719001325089135,0.0,0.042768454994075,0.0019042629864998162,0.01,12,True,Optimization terminated successfully
dose_response,0.02,27,pyGAM,0.005782779025228401,0.0,0.10327495500678197,0.019438704010099173,0.01,2,True,
dose_response,0.02,28,MonotoneLSPIA,0.005677077084677541,0.0,0.017318783968221396,0.017318783968221396,,118,True,
dose_response,0.02,28,Penalized monotone B-spline,0.005415746976129773,0.0,0.04248506500152871,0.001779496029485017,0.01,10,True,Optimization terminated successfully
dose_response,0.02,28,pyGAM,0.005401156427410242,0.0,0.10749557003146037,0.015077049029059708,0.01,2,True,
dose_response,0.02,29,MonotoneLSPIA,0.006124084674065893,0.0,0.015629720001015812,0.015629720001015812,,113,True,
dose_response,0.02,29,Penalized monotone B-spline,0.006104849578363913,0.0,0.04169841395923868,0.0020164099987596273,0.01,13,True,Optimization terminated successfully
dose_response,0.02,29,pyGAM,0.006088920692697198,0.0,0.10894255799939856,0.01848339894786477,0.01,2,True,
dose_response,0.02,30,MonotoneLSPIA,0.004418079240393188,0.0,0.01575034501729533,0.01575034501729533,,112,True,
dose_response,0.02,30,Penalized monotone B-spline,0.004378713634563445,0.0,0.04047569399699569,0.001941428054124117,0.01,11,True,Optimization terminated successfully
dose_response,0.02,30,pyGAM,0.00439699362040298,0.0,0.11209065496223047,0.018202229985035956,0.001,4,True,
dose_response,0.02,31,MonotoneLSPIA,0.005743911461445901,0.0,0.013798204017803073,0.013798204017803073,,100,True,
dose_response,0.02,31,Penalized monotone B-spline,0.005659061641370153,0.0,0.04129008000018075,0.0020117960521019995,0.01,13,True,Optimization terminated successfully
dose_response,0.02,31,pyGAM,0.005230018546452197,0.0,0.1044286239775829,0.01473351800814271,0.1,2,True,
dose_response,0.02,32,MonotoneLSPIA,0.0040149609085587575,0.0,0.01665797200985253,0.01665797200985253,,122,True,
dose_response,0.02,32,Penalized monotone B-spline,0.0038373742657328578,0.0,0.04190293897408992,0.001880711002741009,0.01,10,True,Optimization terminated successfully
dose_response,0.02,32,pyGAM,0.003732934057113854,0.0,0.1120677720173262,0.018595502013340592,0.01,2,True,
dose_response,0.02,33,MonotoneLSPIA,0.004740531379438022,3.3273384048016694e-13,0.011510815005749464,0.011510815005749464,,79,True,
dose_response,0.02,33,Penalized monotone B-spline,0.004649258484855482,3.3273384048016694e-13,0.04008600005181506,0.001852239016443491,0.01,11,True,Optimization terminated successfully
dose_response,0.02,33,pyGAM,0.004633730233218952,5.944844616578323e-11,0.10423524799989536,0.018206622975412756,0.01,2,True,
dose_response,0.02,34,MonotoneLSPIA,0.0035515705803573043,3.3273384048016694e-13,0.01246539200656116,0.01246539200656116,,88,True,
dose_response,0.02,34,Penalized monotone B-spline,0.003620489273383737,4.436451206401733e-13,0.041561026009730995,0.0020234790281392634,0.01,13,True,Optimization terminated successfully
dose_response,0.02,34,pyGAM,0.005043563389827413,1.2965528650710504e-10,0.11223429098026827,0.02267856599064544,0.1,2,True,
dose_response,0.02,35,MonotoneLSPIA,0.005158847339903314,0.0,0.013402070966549218,0.013402070966549218,,96,True,
dose_response,0.02,35,Penalized monotone B-spline,0.004875917786243889,0.0,0.0424588659661822,0.0019227610318921506,0.01,12,True,Optimization terminated successfully
dose_response,0.02,35,pyGAM,0.004852514768170404,0.0,0.10741531697567552,0.01542368100490421,0.01,2,True,
dose_response,0.02,36,MonotoneLSPIA,0.0038264817509182695,0.0,0.015067689004354179,0.015067689004354179,,105,True,
dose_response,0.02,36,Penalized monotone B-spline,0.003941015702654093,0.0,0.04337081196717918,0.0019120890065096319,0.01,10,True,Optimization terminated successfully
dose_response,0.02,36,pyGAM,0.0052004721788787124,0.0,0.10905197099782526,0.011158794979564846,0.1,3,True,
dose_response,0.02,37,MonotoneLSPIA,0.006246062322093136,0.0,0.01568784104892984,0.01568784104892984,,110,True,
dose_response,0.02,37,Penalized monotone B-spline,0.005989686757933697,0.0,0.041845850995741785,0.0017706929938867688,0.01,10,True,Optimization terminated successfully
dose_response,0.02,37,pyGAM,0.0060017830477992595,0.0,0.09856811194913462,0.01483086496591568,0.1,2,True,
dose_response,0.02,38,MonotoneLSPIA,0.005064993553799273,4.4364512064022255e-13,0.012658627005293965,0.012658627005293965,,90,True,
dose_response,0.02,38,Penalized monotone B-spline,0.0051047105503167186,4.4364512064022255e-13,0.04183965700212866,0.001840731012634933,0.01,10,True,Optimization terminated successfully
dose_response,0.02,38,pyGAM,0.005102315182264459,1.6414869463688234e-10,0.10724772699177265,0.022762970998883247,0.01,2,True,
dose_response,0.02,39,MonotoneLSPIA,0.0058715544425489655,0.0,0.016234159003943205,0.016234159003943205,,116,True,
dose_response,0.02,39,Penalized monotone B-spline,0.005700750642141542,0.0,0.04078706505242735,0.0017558139516040683,0.01,10,True,Optimization terminated successfully
dose_response,0.02,39,pyGAM,0.0053199722453678286,0.0,0.09980379103217274,0.014660581015050411,0.01,2,True,
dose_response,0.02,40,MonotoneLSPIA,0.00636163599074974,0.0,0.01475985802244395,0.01475985802244395,,103,True,
dose_response,0.02,40,Penalized monotone B-spline,0.0064577076156565475,0.0,0.040345492016058415,0.0020824259845539927,0.01,11,True,Optimization terminated successfully
dose_response,0.02,40,pyGAM,0.007579565990497025,0.0,0.10879781102994457,0.014767247019335628,0.1,2,True,
dose_response,0.02,41,MonotoneLSPIA,0.007640612649908298,0.0,0.01644157397095114,0.01644157397095114,,123,True,
dose_response,0.02,41,Penalized monotone B-spline,0.007508008208809486,0.0,0.04134170897305012,0.002050900016911328,0.01,12,True,Optimization terminated successfully
dose_response,0.02,41,pyGAM,0.007418990770704993,0.0,0.10800419596489519,0.01888693799264729,0.01,2,True,
dose_response,0.02,42,MonotoneLSPIA,0.006449995215100507,0.0,0.01129978901008144,0.01129978901008144,,80,True,
dose_response,0.02,42,Penalized monotone B-spline,0.006461473098467162,0.0,0.040729089989326894,0.001989866024814546,0.01,13,True,Optimization terminated successfully
dose_response,0.02,42,pyGAM,0.006472804368306071,0.0,0.110919467988424,0.018944238021504134,0.001,4,True,
dose_response,0.02,43,MonotoneLSPIA,0.005753474257336989,0.0,0.012978968967217952,0.012978968967217952,,92,True,
dose_response,0.02,43,Penalized monotone B-spline,0.0057612960261148585,0.0,0.03951519902329892,0.0018170480034314096,0.01,10,True,Optimization terminated successfully
dose_response,0.02,43,pyGAM,0.006408149334572654,0.0,0.10991028504213318,0.01952517603058368,0.1,2,True,
dose_response,0.02,44,MonotoneLSPIA,0.004698178203714319,0.0,0.013905778003390878,0.013905778003390878,,99,True,
dose_response,0.02,44,Penalized monotone B-spline,0.004695411773520558,0.0,0.0444603490177542,0.0020306830410845578,0.0001,13,True,Optimization terminated successfully
dose_response,0.02,44,pyGAM,0.0043798017081769485,0.0,0.11047919699922204,0.015425308025442064,0.1,2,True,
dose_response,0.02,45,MonotoneLSPIA,0.005686565035745629,0.0,0.015741991985123605,0.015741991985123605,,110,True,
dose_response,0.02,45,Penalized monotone B-spline,0.005737919535095555,0.0,0.04161718301475048,0.002039326005615294,0.01,13,True,Optimization terminated successfully
dose_response,0.02,45,pyGAM,0.005699447682332268,0.0,0.11246789601864293,0.018226451007649302,0.01,2,True,
dose_response,0.02,46,MonotoneLSPIA,0.004878805408341447,4.4364512064022255e-13,0.01282285200431943,0.01282285200431943,,90,True,
dose_response,0.02,46,Penalized monotone B-spline,0.004989387444147744,3.3273384048016694e-13,0.04096405301243067,0.0016600160161033273,0.01,9,True,Optimization terminated successfully
dose_response,0.02,46,pyGAM,0.004878868092555777,1.696942586448663e-10,0.11816353799076751,0.02196784398984164,0.001,5,True,
dose_response,0.02,47,MonotoneLSPIA,0.004395486600518256,0.0,0.015011454001069069,0.015011454001069069,,106,True,
dose_response,0.02,47,Penalized monotone B-spline,0.004485916669081299,0.0,0.04140792804537341,0.0017839260399341583,0.01,10,True,Optimization terminated successfully
dose_response,0.02,47,pyGAM,0.004423321422140676,0.0,0.10604477400192991,0.014490384026430547,0.01,2,True,
dose_response,0.02,48,MonotoneLSPIA,0.005066709170283257,0.0,0.014001629024278373,0.014001629024278373,,101,True,
dose_response,0.02,48,Penalized monotone B-spline,0.004893034212787914,0.0,0.04341132799163461,0.0021988729713484645,0.01,14,True,Optimization terminated successfully
dose_response,0.02,48,pyGAM,0.004899358487856711,0.0,0.1114354109740816,0.022452402976341546,0.001,5,True,
dose_response,0.02,49,MonotoneLSPIA,0.005723284361081402,3.3273384048016694e-13,0.010847928992006928,0.010847928992006928,,76,True,
dose_response,0.02,49,Penalized monotone B-spline,0.005591758186030099,4.4364512064022255e-13,0.042243685049470514,0.002082457998767495,0.01,13,True,Optimization terminated successfully
dose_response,0.02,49,pyGAM,0.005493811187496811,1.2865708498565027e-10,0.10418588999891654,0.01840837299823761,0.01,2,True,
dose_response,0.02,50,MonotoneLSPIA,0.0045886966983750875,0.0,0.012036895961500704,0.012036895961500704,,86,True,
dose_response,0.02,50,Penalized monotone B-spline,0.004551629546808887,0.0,0.042904254980385303,0.002074212010484189,0.01,13,True,Optimization terminated successfully
dose_response,0.02,50,pyGAM,0.004424620967521181,0.0,0.10304114501923323,0.018233384005725384,0.001,4,True,
dose_response,0.02,51,MonotoneLSPIA,0.005170144388519271,0.0,0.014533161011058837,0.014533161011058837,,106,True,
dose_response,0.02,51,Penalized monotone B-spline,0.00516932549643558,0.0,0.042436908988747746,0.0017993429792113602,0.0001,10,True,Optimization terminated successfully
dose_response,0.02,51,pyGAM,0.0050293276176221315,0.0,0.11015549098374322,0.015062813996337354,0.001,3,True,
dose_response,0.02,52,MonotoneLSPIA,0.006097805361310217,0.0,0.01629478094400838,0.01629478094400838,,116,True,
dose_response,0.02,52,Penalized monotone B-spline,0.006106512447526416,0.0,0.04322648298693821,0.0021246980177238584,0.01,14,True,Optimization terminated successfully
dose_response,0.02,52,pyGAM,0.006429771823777333,0.0,0.11008892703102902,0.014859038987196982,0.1,2,True,
dose_response,0.02,53,MonotoneLSPIA,0.003633015479301192,0.0,0.016574751993175596,0.016574751993175596,,121,True,
dose_response,0.02,53,Penalized monotone B-spline,0.003613913986526618,0.0,0.04090727603761479,0.0019194399937987328,0.01,12,True,Optimization terminated successfully
dose_response,0.02,53,pyGAM,0.0035717182335423215,0.0,0.12430060200858861,0.01487840199843049,0.01,2,True,
dose_response,0.02,54,MonotoneLSPIA,0.007107691671157824,2.2182256032011127e-13,0.013860137027222663,0.013860137027222663,,92,True,
dose_response,0.02,54,Penalized monotone B-spline,0.006911346362550588,4.4364512064022255e-13,0.04151190700940788,0.00195318297483027,0.01,11,True,Optimization terminated successfully
dose_response,0.02,54,pyGAM,0.006989939345022892,2.5309954132524695e-10,0.10456233797594905,0.018453831027727574,0.001,4,True,
dose_response,0.02,55,MonotoneLSPIA,0.005801254765014417,0.0,0.017273353005293757,0.017273353005293757,,127,True,
dose_response,0.02,55,Penalized monotone B-spline,0.005629444201094461,0.0,0.04223284701583907,0.001963122049346566,0.01,12,True,Optimization terminated successfully
dose_response,0.02,55,pyGAM,0.004955198324932861,0.0,0.0966692470246926,0.014768230961635709,0.1,2,True,
dose_response,0.02,56,MonotoneLSPIA,0.006574958229306196,0.0,0.013060242054052651,0.013060242054052651,,93,True,
dose_response,0.02,56,Penalized monotone B-spline,0.0065491483732988956,0.0,0.042706298001576215,0.0019859260064549744,0.01,12,True,Optimization terminated successfully
dose_response,0.02,56,pyGAM,0.006484202372488602,0.0,0.11859243898652494,0.02215175499441102,0.001,5,True,
dose_response,0.02,57,MonotoneLSPIA,0.006043110737522277,0.0,0.01485771796433255,0.01485771796433255,,108,True,
dose_response,0.02,57,Penalized monotone B-spline,0.005863055708768583,0.0,0.04123966098995879,0.002071302034892142,0.01,13,True,Optimization terminated successfully
dose_response,0.02,57,pyGAM,0.005868672487936774,0.0,0.11350323801161721,0.018560800002887845,0.01,2,True,
dose_response,0.02,58,MonotoneLSPIA,0.0068941409038772525,0.0,0.012555918016005307,0.012555918016005307,,91,True,
dose_response,0.02,58,Penalized monotone B-spline,0.006891121713744795,0.0,0.04019406402949244,0.0016342540038749576,0.0001,9,True,Optimization terminated successfully
dose_response,0.02,58,pyGAM,0.00655829036821954,0.0,0.11084383603883907,0.018209971021860838,0.01,2,True,
dose_response,0.02,59,MonotoneLSPIA,0.0049793656716085035,3.3273384048013003e-13,0.011675929999910295,0.011675929999910295,,81,True,
dose_response,0.02,59,Penalized monotone B-spline,0.004930484882245504,4.4364512064022255e-13,0.04154936701525003,0.0019038860336877406,0.01,12,True,Optimization terminated successfully
dose_response,0.02,59,pyGAM,0.005040479028480286,1.6592327511944324e-10,0.11956001695943996,0.023621254018507898,0.01,3,True,
dose_response,0.02,60,MonotoneLSPIA,0.004759557510144689,0.0,0.0168087370111607,0.0168087370111607,,113,True,
dose_response,0.02,60,Penalized monotone B-spline,0.004730624970241752,0.0,0.04099142999621108,0.0019212780171073973,0.01,12,True,Optimization terminated successfully
dose_response,0.02,60,pyGAM,0.004741599493467508,0.0,0.111910974024795,0.019441718992311507,0.01,2,True,
dose_response,0.02,61,MonotoneLSPIA,0.0060084562114535185,0.0,0.013096743961796165,0.013096743961796165,,92,True,
dose_response,0.02,61,Penalized monotone B-spline,0.006170611575951695,0.0,0.044744585000444204,0.001901639043353498,0.01,11,True,Optimization terminated successfully
dose_response,0.02,61,pyGAM,0.007401519515777789,0.0,0.10133437003241852,0.018484540982171893,0.1,2,True,
dose_response,0.02,62,MonotoneLSPIA,0.0037392617986180643,0.0,0.015991704014595598,0.015991704014595598,,113,True,
dose_response,0.02,62,Penalized monotone B-spline,0.0035242349903860013,0.0,0.04319007502635941,0.0020090590114705265,0.01,13,True,Optimization terminated successfully
dose_response,0.02,62,pyGAM,0.003494255966664457,0.0,0.111003399011679,0.018740605970378965,0.01,2,True,
dose_response,0.02,63,MonotoneLSPIA,0.0054275443980239466,0.0,0.015477926994208246,0.015477926994208246,,109,True,
dose_response,0.02,63,Penalized monotone B-spline,0.005231904871513072,0.0,0.043105655000545084,0.0022287670290097594,0.01,14,True,Optimization terminated successfully
dose_response,0.02,63,pyGAM,0.005108944344728413,0.0,0.11635620199376717,0.014772574999369681,0.01,2,True,
dose_response,0.02,64,MonotoneLSPIA,0.005865035215659161,0.0,0.014665503986179829,0.014665503986179829,,102,True,
dose_response,0.02,64,Penalized monotone B-spline,0.005818927342458049,0.0,0.040891189011745155,0.0016698419931344688,0.01,9,True,Optimization terminated successfully
dose_response,0.02,64,pyGAM,0.005791457929375591,0.0,0.10360811999998987,0.01446461898740381,0.01,2,True,
dose_response,0.02,65,MonotoneLSPIA,0.004078260521301012,3.3273384048016694e-13,0.015505529998335987,0.015505529998335987,,107,True,
dose_response,0.02,65,Penalized monotone B-spline,0.00410598085993057,4.4364512064022255e-13,0.04022448597243056,0.0019574359757825732,0.01,11,True,Optimization terminated successfully
dose_response,0.02,65,pyGAM,0.004567396122315459,4.0016789881743636e-10,0.1005304969730787,0.01463526498991996,0.1,2,True,
dose_response,0.02,66,MonotoneLSPIA,0.003527387479601583,4.4364512064022255e-13,0.017863148998003453,0.017863148998003453,,126,True,
dose_response,0.02,66,Penalized monotone B-spline,0.003355254903793824,4.4364512064022255e-13,0.03857621899805963,0.0018169180257245898,0.01,11,True,Optimization terminated successfully
dose_response,0.02,66,pyGAM,0.003705106348740366,1.2222423073638132e-10,0.10651056200731546,0.018397349980659783,0.1,2,True,
dose_response,0.02,67,MonotoneLSPIA,0.005681973017271773,3.3273384048016694e-13,0.015468047000467777,0.015468047000467777,,114,True,
dose_response,0.02,67,Penalized monotone B-spline,0.00583042674417842,3.3273384048016694e-13,0.041298057010862976,0.0016520810313522816,0.01,9,True,Optimization terminated successfully
dose_response,0.02,67,pyGAM,0.007315206546306136,2.1927160087640567e-10,0.10312549903756008,0.019680672965478152,0.1,2,True,
dose_response,0.02,68,MonotoneLSPIA,0.0036361825310418164,0.0,0.012962898996192962,0.012962898996192962,,92,True,
dose_response,0.02,68,Penalized monotone B-spline,0.0035757645314588643,0.0,0.04222708201268688,0.0019263310241512954,0.01,12,True,Optimization terminated successfully
dose_response,0.02,68,pyGAM,0.003541560515273113,0.0,0.11801214196020737,0.018677281972486526,0.01,2,True,
dose_response,0.02,69,MonotoneLSPIA,0.0053883174257742476,0.0,0.015974705980625004,0.015974705980625004,,114,True,
dose_response,0.02,69,Penalized monotone B-spline,0.005281943775700048,0.0,0.04222108703106642,0.0020071290200576186,0.01,13,True,Optimization terminated successfully
dose_response,0.02,69,pyGAM,0.004998570700938347,0.0,0.09338583599310368,0.014794806018471718,0.1,2,True,
dose_response,0.02,70,MonotoneLSPIA,0.0038966619006922973,0.0,0.012719812046270818,0.012719812046270818,,91,True,
dose_response,0.02,70,Penalized monotone B-spline,0.003998409028648458,0.0,0.04280065395869315,0.0020844960235990584,0.01,14,True,Optimization terminated successfully
dose_response,0.02,70,pyGAM,0.005232072742380193,0.0,0.11554435198195279,0.01464786595897749,0.1,3,True,
dose_response,0.02,71,MonotoneLSPIA,0.00478925276188127,0.0,0.010149628040380776,0.010149628040380776,,71,True,
dose_response,0.02,71,Penalized monotone B-spline,0.0048493216007179365,0.0,0.043183405010495335,0.0020508880261331797,0.01,13,True,Optimization terminated successfully
dose_response,0.02,71,pyGAM,0.005908514012877939,0.0,0.12548337498446926,0.01587708300212398,0.1,3,True,
dose_response,0.02,72,MonotoneLSPIA,0.005807851496129605,4.4364512064022255e-13,0.01285804802319035,0.01285804802319035,,82,True,
dose_response,0.02,72,Penalized monotone B-spline,0.0058067104491308485,4.4364512064022255e-13,0.04958552401512861,0.0017598309786990285,0.0001,9,True,Optimization terminated successfully
dose_response,0.02,72,pyGAM,0.005699938156175933,2.2514989872488797e-10,0.1202088959980756,0.01975472702179104,0.01,2,True,
dose_response,0.02,73,MonotoneLSPIA,0.00473535255388461,0.0,0.013594439951702952,0.013594439951702952,,91,True,
dose_response,0.02,73,Penalized monotone B-spline,0.004809197455161849,0.0,0.04105269495630637,0.0022419230081140995,0.01,11,True,Optimization terminated successfully
dose_response,0.02,73,pyGAM,0.00564100570713391,0.0,0.11562512896489352,0.019013073993846774,0.1,2,True,
dose_response,0.02,74,MonotoneLSPIA,0.005926309977164262,0.0,0.017414626956451684,0.017414626956451684,,124,True,
dose_response,0.02,74,Penalized monotone B-spline,0.005756898357590551,0.0,0.04257217998383567,0.0018183920183219016,0.01,10,True,Optimization terminated successfully
dose_response,0.02,74,pyGAM,0.005693872179970085,0.0,0.10434096399694681,0.014522815006785095,0.01,2,True,
dose_response,0.02,75,MonotoneLSPIA,0.003215141056052074,0.0,0.015126360056456178,0.015126360056456178,,108,True,
dose_response,0.02,75,Penalized monotone B-spline,0.0031056730832233473,0.0,0.042019553016871214,0.0020061310497112572,0.01,13,True,Optimization terminated successfully
dose_response,0.02,75,pyGAM,0.003204164211084087,0.0,0.11832536000292748,0.01873418502509594,0.001,4,True,
dose_response,0.02,76,MonotoneLSPIA,0.004392822235787036,3.3273384048016694e-13,0.013878708006814122,0.013878708006814122,,96,True,
dose_response,0.02,76,Penalized monotone B-spline,0.004272493005253948,3.3273384048016694e-13,0.04218324099201709,0.0016580260125920177,0.01,9,True,Optimization terminated successfully
dose_response,0.02,76,pyGAM,0.004179306608204796,3.7798564278546963e-10,0.11329281301004812,0.019884643028490245,0.01,2,True,
dose_response,0.02,77,MonotoneLSPIA,0.005744973678130182,0.0,0.016768275992944837,0.016768275992944837,,117,True,
dose_response,0.02,77,Penalized monotone B-spline,0.0058010616944550635,0.0,0.040590062038972974,0.0017691879766061902,0.01,10,True,Optimization terminated successfully
dose_response,0.02,77,pyGAM,0.006778317773134539,0.0,0.09791177394799888,0.014537375012878329,0.1,2,True,
dose_response,0.02,78,MonotoneLSPIA,0.005452974089575577,0.0,0.01562834100332111,0.01562834100332111,,113,True,
dose_response,0.02,78,Penalized monotone B-spline,0.005143743341453881,0.0,0.042153995018452406,0.0021023100125603378,0.01,12,True,Optimization terminated successfully
dose_response,0.02,78,pyGAM,0.005107501103517311,0.0,0.10639087797608227,0.01870469597633928,0.01,2,True,
dose_response,0.02,79,MonotoneLSPIA,0.006680907024266951,0.0,0.015959762036800385,0.015959762036800385,,116,True,
dose_response,0.02,79,Penalized monotone B-spline,0.00663183634764732,0.0,0.04257949400926009,0.002035521960351616,0.01,13,True,Optimization terminated successfully
dose_response,0.02,79,pyGAM,0.006483264890334962,0.0,0.10703620698768646,0.018650904996320605,0.01,2,True,
dose_response,0.02,80,MonotoneLSPIA,0.0050674609288618895,3.3273384048016694e-13,0.010740442958194762,0.010740442958194762,,70,True,
dose_response,0.02,80,Penalized monotone B-spline,0.0050581784370046165,3.3273384048016694e-13,0.035663902992382646,0.001391009020153433,0.01,7,True,Optimization terminated successfully
dose_response,0.02,80,pyGAM,0.005047702892310966,6.521583273410549e-10,0.11078180797630921,0.018594668013975024,0.01,2,True,
dose_response,0.02,81,MonotoneLSPIA,0.006513274866907454,0.0,0.015925758983939886,0.015925758983939886,,116,True,
dose_response,0.02,81,Penalized monotone B-spline,0.006520642044345142,0.0,0.04143283801386133,0.001924087991937995,0.01,12,True,Optimization terminated successfully
dose_response,0.02,81,pyGAM,0.006534978503860778,0.0,0.10155978298280388,0.022706611023750156,0.001,5,True,
dose_response,0.02,82,MonotoneLSPIA,0.0043506066196118956,0.0,0.013458326982799917,0.013458326982799917,,94,True,
dose_response,0.02,82,Penalized monotone B-spline,0.004349641278370489,0.0,0.04098148096818477,0.0020137180108577013,0.0001,11,True,Optimization terminated successfully
dose_response,0.02,82,pyGAM,0.004198907025013582,0.0,0.1046849470003508,0.018413505982607603,0.01,2,True,
dose_response,0.02,83,MonotoneLSPIA,0.0063997181030071015,0.0,0.01760188298067078,0.01760188298067078,,129,True,
dose_response,0.02,83,Penalized monotone B-spline,0.006140826653685681,0.0,0.04253590101143345,0.001958619977813214,0.01,11,True,Optimization terminated successfully
dose_response,0.02,83,pyGAM,0.005519702907496333,0.0,0.08959218498785049,0.015293506963644177,0.1,2,True,
dose_response,0.02,84,MonotoneLSPIA,0.004171292188245208,0.0,0.01642336801160127,0.01642336801160127,,110,True,
dose_response,0.02,84,Penalized monotone B-spline,0.004299294935048931,0.0,0.0438597520114854,0.0020837400224991143,0.01,11,True,Optimization terminated successfully
dose_response,0.02,84,pyGAM,0.005618449448129141,0.0,0.10241268802201375,0.015237554034683853,0.1,2,True,
dose_response,0.02,85,MonotoneLSPIA,0.005337159693582755,0.0,0.015155702014453709,0.015155702014453709,,104,True,
dose_response,0.02,85,Penalized monotone B-spline,0.005346899007990339,0.0,0.039816914999391884,0.0016487830434925854,0.01,9,True,Optimization terminated successfully
dose_response,0.02,85,pyGAM,0.005934194271249769,0.0,0.11039728403557092,0.01887984696077183,0.1,2,True,
dose_response,0.02,86,MonotoneLSPIA,0.00815699612708835,0.0,0.013696414011064917,0.013696414011064917,,97,True,
dose_response,0.02,86,Penalized monotone B-spline,0.008139185281819878,0.0,0.040438885043840855,0.0016927060205489397,0.01,9,True,Optimization terminated successfully
dose_response,0.02,86,pyGAM,0.008555330967459182,0.0,0.10715626802993938,0.01854692300548777,0.1,2,True,
dose_response,0.02,87,MonotoneLSPIA,0.005014914669521471,4.4364512064022255e-13,0.016849301988258958,0.016849301988258958,,122,True,
dose_response,0.02,87,Penalized monotone B-spline,0.005016204387828094,4.4364512064022255e-13,0.04101203999016434,0.0020524539868347347,0.01,14,True,Optimization terminated successfully
dose_response,0.02,87,pyGAM,0.00489852819754702,7.896883147395086e-11,0.11048357898835093,0.018253936024848372,0.01,2,True,
dose_response,0.02,88,MonotoneLSPIA,0.00465781708837806,6.654676809603339e-13,0.012604975025169551,0.012604975025169551,,90,True,
dose_response,0.02,88,Penalized monotone B-spline,0.0047719731957723424,2.2182256032011127e-13,0.04141682101180777,0.0016389930387958884,0.01,9,True,Optimization terminated successfully
dose_response,0.02,88,pyGAM,0.005975463226889575,3.5935254771858025e-11,0.10472540796035901,0.018909815000370145,0.1,2,True,
dose_response,0.02,89,MonotoneLSPIA,0.007020154514660709,0.0,0.014908132958225906,0.014908132958225906,,103,True,
dose_response,0.02,89,Penalized monotone B-spline,0.007171009482372837,0.0,0.04276317998301238,0.0018788150046020746,0.01,11,True,Optimization terminated successfully
dose_response,0.02,89,pyGAM,0.008461998474059389,0.0,0.10507333697751164,0.015264854999259114,0.1,3,True,
dose_response,0.02,90,MonotoneLSPIA,0.0045049031682830145,4.4364512064022255e-13,0.01627409504726529,0.01627409504726529,,119,True,
dose_response,0.02,90,Penalized monotone B-spline,0.004504503438227958,3.3273384048016694e-13,0.04017658898374066,0.0018680340144783258,0.0001,11,True,Optimization terminated successfully
dose_response,0.02,90,pyGAM,0.004771377874613332,2.1838431063512532e-10,0.11204681399976835,0.01457323896465823,0.1,3,True,
dose_response,0.02,91,MonotoneLSPIA,0.006355784047672104,0.0,0.014624160015955567,0.014624160015955567,,107,True,
dose_response,0.02,91,Penalized monotone B-spline,0.006023925160232732,0.0,0.04035971697885543,0.0020850770524702966,0.01,14,True,Optimization terminated successfully
dose_response,0.02,91,pyGAM,0.005993631628192805,0.0,0.09591681900201365,0.018809213011991233,0.01,2,True,
dose_response,0.02,92,MonotoneLSPIA,0.004636153402531654,0.0,0.013659326010383666,0.013659326010383666,,95,True,
dose_response,0.02,92,Penalized monotone B-spline,0.004600151216347955,0.0,0.043865913001354784,0.0024545660126022995,0.01,14,True,Optimization terminated successfully
dose_response,0.02,92,pyGAM,0.0045435070687815104,0.0,0.11598915100330487,0.019383709004614502,0.001,4,True,
dose_response,0.02,93,MonotoneLSPIA,0.0038833778361713964,3.3273384048016694e-13,0.011232938966713846,0.011232938966713846,,76,True,
dose_response,0.02,93,Penalized monotone B-spline,0.003983389863166823,3.3273384048016694e-13,0.039834834984503686,0.0015189519617706537,0.01,8,True,Optimization terminated successfully
dose_response,0.02,93,pyGAM,0.005096008857682108,2.806055388049096e-10,0.11485056497622281,0.018773532996419817,0.1,2,True,
dose_response,0.02,94,MonotoneLSPIA,0.004521322458666004,0.0,0.015561642008833587,0.015561642008833587,,111,True,
dose_response,0.02,94,Penalized monotone B-spline,0.004479567428369213,0.0,0.038776095025241375,0.0016237300005741417,0.01,8,True,Optimization terminated successfully
dose_response,0.02,94,pyGAM,0.004626702114279275,0.0,0.10812734201317653,0.014643540023826063,0.1,2,True,
dose_response,0.02,95,MonotoneLSPIA,0.004233429566079367,4.436451206401733e-13,0.01593787601450458,0.01593787601450458,,116,True,
dose_response,0.02,95,Penalized monotone B-spline,0.0040400052589066255,4.4364512064022255e-13,0.04050000797724351,0.002104034007061273,0.01,13,True,Optimization terminated successfully
dose_response,0.02,95,pyGAM,0.00399728244264538,1.6614509767976335e-10,0.10858314501820132,0.018284341029357165,0.01,2,True,
dose_response,0.02,96,MonotoneLSPIA,0.007926219936021363,3.3273384048016694e-13,0.011852955969516188,0.011852955969516188,,80,True,
dose_response,0.02,96,Penalized monotone B-spline,0.007963139865387863,0.0,0.042936387995723635,0.002013346995227039,0.01,12,True,Optimization terminated successfully
dose_response,0.02,96,pyGAM,0.007860175980126425,7.675060587074999e-11,0.11058115004561841,0.021982313017360866,0.001,5,True,
dose_response,0.02,97,MonotoneLSPIA,0.004212102010940516,4.4364512064022255e-13,0.012682054017204791,0.012682054017204791,,87,True,
dose_response,0.02,97,Penalized monotone B-spline,0.0042899978657837765,4.4364512064022255e-13,0.0388343789963983,0.0015044200117699802,0.01,8,True,Optimization terminated successfully
dose_response,0.02,97,pyGAM,0.004298489169069871,1.9076740187527454e-10,0.11791705997893587,0.02265930501744151,0.01,2,True,
dose_response,0.02,98,MonotoneLSPIA,0.005174976516751758,0.0,0.012831202009692788,0.012831202009692788,,90,True,
dose_response,0.02,98,Penalized monotone B-spline,0.005189607815126789,0.0,0.04240509000374004,0.0020161739666946232,0.01,12,True,Optimization terminated successfully
dose_response,0.02,98,pyGAM,0.005717829279233697,0.0,0.11762150697177276,0.01897216698853299,0.1,3,True,
dose_response,0.02,99,MonotoneLSPIA,0.005797755293499568,3.3273384048016694e-13,0.011940854019485414,0.011940854019485414,,82,True,
dose_response,0.02,99,Penalized monotone B-spline,0.00579774472394486,3.3273384048016694e-13,0.03888176998589188,0.001620679977349937,1e-08,9,True,Optimization terminated successfully
dose_response,0.02,99,pyGAM,0.005685152100752497,1.2433154505942236e-10,0.10821610398124903,0.01867895101895556,0.01,2,True,
dose_response,0.02,100,MonotoneLSPIA,0.0064876076213095405,0.0,0.011181659006979316,0.011181659006979316,,77,True,
dose_response,0.02,100,Penalized monotone B-spline,0.006442352755438313,0.0,0.04274723498383537,0.0020782279898412526,0.01,13,True,Optimization terminated successfully
dose_response,0.02,100,pyGAM,0.006440842182945782,0.0,0.11425194598268718,0.018592501000966877,0.01,2,True,
dose_response,0.05,1,MonotoneLSPIA,0.012278821969182889,0.0,0.01969836698845029,0.01969836698845029,,121,True,
dose_response,0.05,1,Penalized monotone B-spline,0.012156333027179436,0.0,0.04281991999596357,0.0017314089927822351,0.01,9,True,Optimization terminated successfully
dose_response,0.05,1,pyGAM,0.011951967076892445,0.0,0.09646375104784966,0.015129660023376346,0.01,2,True,
dose_response,0.05,2,MonotoneLSPIA,0.011826814976500307,4.4364512064022255e-13,0.011259134975261986,0.011259134975261986,,76,True,
dose_response,0.05,2,Penalized monotone B-spline,0.01155717205309942,4.4364512064022255e-13,0.03943047398934141,0.001815247000195086,0.01,11,True,Optimization terminated successfully
dose_response,0.05,2,pyGAM,0.011551710795622281,1.102458124790953e-09,0.11193382804049179,0.022176394006237388,0.01,2,True,
dose_response,0.05,3,MonotoneLSPIA,0.013782051606391744,0.0,0.016930336016230285,0.016930336016230285,,124,True,
dose_response,0.05,3,Penalized monotone B-spline,0.013743185967697105,0.0,0.04123326000990346,0.0019180679810233414,0.01,11,True,Optimization terminated successfully
dose_response,0.05,3,pyGAM,0.01339761007344505,0.0,0.10558647301513702,0.01464710000436753,0.1,2,True,
dose_response,0.05,4,MonotoneLSPIA,0.013781306029976192,0.0,0.014456067001447082,0.014456067001447082,,101,True,
dose_response,0.05,4,Penalized monotone B-spline,0.013776674829251932,0.0,0.040886832983233035,0.0017746500088833272,0.0001,10,True,Optimization terminated successfully
dose_response,0.05,4,pyGAM,0.011841816226952531,0.0,0.09202674397965893,0.014514929964207113,0.1,2,True,
dose_response,0.05,5,MonotoneLSPIA,0.012990751617718503,0.0,0.012514555011875927,0.012514555011875927,,88,True,
dose_response,0.05,5,Penalized monotone B-spline,0.012986672190827718,0.0,0.042359969986137,0.0018808310269378126,0.0001,11,True,Optimization terminated successfully
dose_response,0.05,5,pyGAM,0.012176638113675966,0.0,0.10078867600532249,0.01804013003129512,0.01,2,True,
dose_response,0.05,6,MonotoneLSPIA,0.010922173231696546,4.4364512064022255e-13,0.009819550032261759,0.009819550032261759,,66,True,
dose_response,0.05,6,Penalized monotone B-spline,0.010847232500298051,4.4364512064022255e-13,0.0398686999687925,0.0018201540224254131,0.01,11,True,Optimization terminated successfully
dose_response,0.05,6,pyGAM,0.010742382991302596,1.1115528497640623e-09,0.1114582329755649,0.018286384001839906,0.1,2,True,
dose_response,0.05,7,MonotoneLSPIA,0.010548630858774248,4.436451206401733e-13,0.00996532296994701,0.00996532296994701,,70,True,
dose_response,0.05,7,Penalized monotone B-spline,0.010589863206677971,4.4364512064022255e-13,0.04220064904075116,0.0020493160118348897,0.01,13,True,Optimization terminated successfully
dose_response,0.05,7,pyGAM,0.00960118932879053,0.0,0.11251884500961751,0.01958910800749436,0.1,2,True,
dose_response,0.05,8,MonotoneLSPIA,0.010707792786983989,2.5994831287512454e-15,0.010464744991622865,0.010464744991622865,,69,True,
dose_response,0.05,8,Penalized monotone B-spline,0.010618283753271507,3.4659775050016606e-15,0.04121251800097525,0.0016173129552043974,0.01,8,True,Optimization terminated successfully
dose_response,0.05,8,pyGAM,0.01031619566483577,1.197176358047624e-09,0.11551189300371334,0.014892676030285656,0.1,3,True,
dose_response,0.05,9,MonotoneLSPIA,0.014751780198900714,0.0,0.01319966500159353,0.01319966500159353,,91,True,
dose_response,0.05,9,Penalized monotone B-spline,0.014282953139173432,0.0,0.04371279396582395,0.001987911993637681,0.01,12,True,Optimization terminated successfully
dose_response,0.05,9,pyGAM,0.012127351353180946,0.0,0.10142642603022978,0.014689459989313036,0.1,2,True,
dose_response,0.05,10,MonotoneLSPIA,0.013950107667689322,0.0,0.015121694013942033,0.015121694013942033,,106,True,
dose_response,0.05,10,Penalized monotone B-spline,0.013771864777325206,0.0,0.042877521016635,0.0021910550422035158,0.01,12,True,Optimization terminated successfully
dose_response,0.05,10,pyGAM,0.019600422784715712,0.0,0.11529558501206338,0.018555172020569444,1.0,4,True,
dose_response,0.05,11,MonotoneLSPIA,0.012153258045207133,0.0,0.014254934969358146,0.014254934969358146,,102,True,
dose_response,0.05,11,Penalized monotone B-spline,0.012122486008535095,0.0,0.04237010795623064,0.0018982620094902813,0.01,11,True,Optimization terminated successfully
dose_response,0.05,11,pyGAM,0.011872940905795892,0.0,0.11001156800193712,0.014811069006100297,0.1,3,True,
dose_response,0.05,12,MonotoneLSPIA,0.009535940379721646,0.0,0.013046904001384974,0.013046904001384974,,89,True,
dose_response,0.05,12,Penalized monotone B-spline,0.00959694043222517,0.0,0.04154925898183137,0.002041599014773965,0.01,12,True,Optimization terminated successfully
dose_response,0.05,12,pyGAM,0.01019039527105477,0.0,0.11177028197562322,0.014603518997319043,0.1,3,True,
dose_response,0.05,13,MonotoneLSPIA,0.013208822528735266,0.0,0.015464404015801847,0.015464404015801847,,114,True,
dose_response,0.05,13,Penalized monotone B-spline,0.013297561789313857,0.0,0.042036294005811214,0.0020904919947497547,0.01,12,True,Optimization terminated successfully
dose_response,0.05,13,pyGAM,0.01385200418764059,0.0,0.09892052999930456,0.014454777992796153,0.1,2,True,
dose_response,0.05,14,MonotoneLSPIA,0.011831411869417238,4.4364512064022255e-13,0.011070727952755988,0.011070727952755988,,77,True,
dose_response,0.05,14,Penalized monotone B-spline,0.011899460856779589,4.4364512064022255e-13,0.04206220799824223,0.002095820032991469,0.01,14,True,Optimization terminated successfully
dose_response,0.05,14,pyGAM,0.012668209494305886,9.917686671912175e-10,0.11317624495131895,0.018619192007463425,0.1,2,True,
dose_response,0.05,15,MonotoneLSPIA,0.0129666927751089,4.436451206401733e-13,0.012417550955433398,0.012417550955433398,,88,True,
dose_response,0.05,15,Penalized monotone B-spline,0.012835000473359972,3.3273384048016694e-13,0.03901941399089992,0.0016579189687035978,0.01,9,True,Optimization terminated successfully
dose_response,0.05,15,pyGAM,0.012335890858858247,5.851679141244536e-10,0.10933199600549415,0.018514926952775568,0.1,2,True,
dose_response,0.05,16,MonotoneLSPIA,0.01249540192135547,0.0,0.011318258009850979,0.011318258009850979,,76,True,
dose_response,0.05,16,Penalized monotone B-spline,0.012367513477628322,0.0,0.04094976600026712,0.0018602419877424836,0.01,11,True,Optimization terminated successfully
dose_response,0.05,16,pyGAM,0.012352151366465076,0.0,0.11034446500707418,0.01934921502834186,0.001,4,True,
dose_response,0.05,17,MonotoneLSPIA,0.010160579343187457,3.3273384048016694e-13,0.01044497499242425,0.01044497499242425,,73,True,
dose_response,0.05,17,Penalized monotone B-spline,0.009953504920903666,3.3273384048016694e-13,0.042216801026370376,0.001732631993945688,0.01,10,True,Optimization terminated successfully
dose_response,0.05,17,pyGAM,0.009053063299820783,9.555006785787734e-10,0.11087265302194282,0.014988704991992563,0.1,2,True,
dose_response,0.05,18,MonotoneLSPIA,0.011444355939669696,4.4364512064022255e-13,0.011930741020478308,0.011930741020478308,,83,True,
dose_response,0.05,18,Penalized monotone B-spline,0.011056049554539068,4.4364512064022255e-13,0.04202503600390628,0.002032601973041892,0.01,13,True,Optimization terminated successfully
dose_response,0.05,18,pyGAM,0.009314843519268807,3.7909475558702813e-10,0.1049810370313935,0.018512258015107363,0.1,3,True,
dose_response,0.05,19,MonotoneLSPIA,0.016932655497480922,0.0,0.015872324001975358,0.015872324001975358,,117,True,
dose_response,0.05,19,Penalized monotone B-spline,0.01679992364998842,0.0,0.04079589300090447,0.0022299059783108532,0.01,14,True,Optimization terminated successfully
dose_response,0.05,19,pyGAM,0.01518729102772878,0.0,0.09641539002768695,0.014440722006838769,0.1,2,True,
dose_response,0.05,20,MonotoneLSPIA,0.018510128824832595,0.0,0.014548762002959847,0.014548762002959847,,104,True,
dose_response,0.05,20,Penalized monotone B-spline,0.018470713252136898,0.0,0.0418280340381898,0.00196351099293679,0.01,13,True,Optimization terminated successfully
dose_response,0.05,20,pyGAM,0.01854463947442311,0.0,0.09692883602110669,0.018385882023721933,0.1,2,True,
dose_response,0.05,21,MonotoneLSPIA,0.013819648581083943,4.4364512064022255e-13,0.010550855018664151,0.010550855018664151,,72,True,
dose_response,0.05,21,Penalized monotone B-spline,0.01331491515292026,4.436451206401733e-13,0.04024334595305845,0.0015715560293756425,0.01,9,True,Optimization terminated successfully
dose_response,0.05,21,pyGAM,0.013086642716136201,5.770713906727695e-10,0.10838973894715309,0.0181883160257712,0.01,2,True,
dose_response,0.05,22,MonotoneLSPIA,0.009281963048049435,0.0,0.014235668000765145,0.014235668000765145,,104,True,
dose_response,0.05,22,Penalized monotone B-spline,0.00930173731380823,0.0,0.042334323981776834,0.002095031028147787,0.01,13,True,Optimization terminated successfully
dose_response,0.05,22,pyGAM,0.018294981655634226,3.214208899038056e-10,0.10922842100262642,0.01823552796849981,1.0,3,True,
dose_response,0.05,23,MonotoneLSPIA,0.01252978099465164,0.0,0.012735505995806307,0.012735505995806307,,90,True,
dose_response,0.05,23,Penalized monotone B-spline,0.012155280537143901,0.0,0.04037681099725887,0.0019402390462346375,0.01,12,True,Optimization terminated successfully
dose_response,0.05,23,pyGAM,0.009880623347582865,0.0,0.10801760898903012,0.01840282796183601,0.1,2,True,
dose_response,0.05,24,MonotoneLSPIA,0.013229105931855377,3.3273384048016694e-13,0.009969486040063202,0.009969486040063202,,69,True,
dose_response,0.05,24,Penalized monotone B-spline,0.013089606759216844,3.3273384048016694e-13,0.03948143601883203,0.00192413100739941,0.01,13,True,Optimization terminated successfully
dose_response,0.05,24,pyGAM,0.013097594688389013,6.67685906563535e-10,0.11889972601784393,0.0267021429608576,0.01,2,True,
dose_response,0.05,25,MonotoneLSPIA,0.015730741512905027,2.2182256032011127e-13,0.014954957994632423,0.014954957994632423,,101,True,
dose_response,0.05,25,Penalized monotone B-spline,0.015722078881685,2.2182256032011127e-13,0.04018015100155026,0.0016548479907214642,0.0001,9,True,Optimization terminated successfully
dose_response,0.05,25,pyGAM,0.014937158399104098,7.053957418179539e-11,0.10898298799293116,0.014481007994618267,0.01,2,True,
dose_response,0.05,26,MonotoneLSPIA,0.011963812284013126,0.0,0.0157830539974384,0.0157830539974384,,111,True,
dose_response,0.05,26,Penalized monotone B-spline,0.012035692970201467,0.0,0.04436129704117775,0.0020624109893105924,0.01,13,True,Optimization terminated successfully
dose_response,0.05,26,pyGAM,0.012492293090932922,0.0,0.09750324202468619,0.01840993296355009,0.1,2,True,
dose_response,0.05,27,MonotoneLSPIA,0.017173969246835903,0.0,0.015056089032441378,0.015056089032441378,,104,True,
dose_response,0.05,27,Penalized monotone B-spline,0.017024972932408736,0.0,0.041136036976240575,0.0016697910032235086,0.01,9,True,Optimization terminated successfully
dose_response,0.05,27,pyGAM,0.01640389102172911,0.0,0.10412392398575321,0.015114282025024295,0.1,3,True,
dose_response,0.05,28,MonotoneLSPIA,0.018048634113167632,0.0,0.01419938204344362,0.01419938204344362,,98,True,
dose_response,0.05,28,Penalized monotone B-spline,0.01746560229353153,0.0,0.042671979987062514,0.001963217044249177,0.01,12,True,Optimization terminated successfully
dose_response,0.05,28,pyGAM,0.017808434912541776,0.0,0.11229680600808933,0.018490655987989157,0.001,4,True,
dose_response,0.05,29,MonotoneLSPIA,0.013152395982160593,0.0,0.015155605971813202,0.015155605971813202,,108,True,
dose_response,0.05,29,Penalized monotone B-spline,0.012972392053438172,0.0,0.042625837959349155,0.0020040940144099295,0.01,12,True,Optimization terminated successfully
dose_response,0.05,29,pyGAM,0.012271330593450286,0.0,0.10365597397321835,0.014437445963267237,0.1,2,True,
dose_response,0.05,30,MonotoneLSPIA,0.012607019119586301,0.0,0.01362178398994729,0.01362178398994729,,96,True,
dose_response,0.05,30,Penalized monotone B-spline,0.012296780192637424,0.0,0.0416211950359866,0.0020302950288169086,0.01,12,True,Optimization terminated successfully
dose_response,0.05,30,pyGAM,0.011410437281792028,0.0,0.09486276499228552,0.01462063897633925,0.1,3,True,
dose_response,0.05,31,MonotoneLSPIA,0.00838695210949258,4.4364512064022255e-13,0.012632123020011932,0.012632123020011932,,88,True,
dose_response,0.05,31,Penalized monotone B-spline,0.008076028138729686,2.2182256032011127e-13,0.04105178196914494,0.0017995809903368354,0.01,10,True,Optimization terminated successfully
dose_response,0.05,31,pyGAM,0.005909618787192382,7.307944249746066e-10,0.10498781799105927,0.01858434302266687,0.1,2,True,
dose_response,0.05,32,MonotoneLSPIA,0.015188190724919243,3.3273384048016694e-13,0.012520910007879138,0.012520910007879138,,89,True,
dose_response,0.05,32,Penalized monotone B-spline,0.014979294632725694,4.4364512064022255e-13,0.037857554969377816,0.0017422140226699412,0.01,10,True,Optimization terminated successfully
dose_response,0.05,32,pyGAM,0.014176550498948219,1.8629767728484548e-09,0.10959832498338073,0.01906311302445829,0.1,2,True,
dose_response,0.05,33,MonotoneLSPIA,0.010553248910501321,0.0,0.013712858955841511,0.013712858955841511,,93,True,
dose_response,0.05,33,Penalized monotone B-spline,0.010647074382244732,0.0,0.04332569899270311,0.0020468340371735394,0.01,11,True,Optimization terminated successfully
dose_response,0.05,33,pyGAM,0.011457901509899044,0.0,0.10154925199458376,0.014728445035871118,0.1,3,True,
dose_response,0.05,34,MonotoneLSPIA,0.01144029905067434,0.0,0.014694870973471552,0.014694870973471552,,105,True,
dose_response,0.05,34,Penalized monotone B-spline,0.018912947547484373,0.0,0.04218728997511789,0.0014515790389850736,1.0,7,True,Optimization terminated successfully
dose_response,0.05,34,pyGAM,0.01143351601968447,0.0,0.09740358899580315,0.014960978995077312,0.1,2,True,
dose_response,0.05,35,MonotoneLSPIA,0.006837573462812711,4.4364512064022255e-13,0.009792522003408521,0.009792522003408521,,65,True,
dose_response,0.05,35,Penalized monotone B-spline,0.0065980310417172415,4.4364512064022255e-13,0.03867278998950496,0.001684324990492314,0.01,10,True,Optimization terminated successfully
dose_response,0.05,35,pyGAM,0.006318744648448651,7.719425099139872e-10,0.10730475303716958,0.0183822070248425,0.1,2,True,
dose_response,0.05,36,MonotoneLSPIA,0.012627033222084142,3.3273384048016694e-13,0.009586792963091284,0.009586792963091284,,66,True,
dose_response,0.05,36,Penalized monotone B-spline,0.01247887704869851,3.3273384048016694e-13,0.03717669897014275,0.001691901998128742,0.01,10,True,Optimization terminated successfully
dose_response,0.05,36,pyGAM,0.0120398876786629,1.6580127271124877e-09,0.11171551299048588,0.018487530993297696,0.1,2,True,
dose_response,0.05,37,MonotoneLSPIA,0.010640622140379469,0.0,0.012625848990865052,0.012625848990865052,,89,True,
dose_response,0.05,37,Penalized monotone B-spline,0.01064059493070241,0.0,0.04097471502609551,0.00199868599884212,1e-08,13,True,Optimization terminated successfully
dose_response,0.05,37,pyGAM,0.010516109578933642,0.0,0.1064181620022282,0.01811381703009829,0.01,2,True,
dose_response,0.05,38,MonotoneLSPIA,0.011110463164445228,0.0,0.011373963963706046,0.011373963963706046,,81,True,
dose_response,0.05,38,Penalized monotone B-spline,0.011240970603042794,0.0,0.04003301897319034,0.0019780619768425822,0.01,13,True,Optimization terminated successfully
dose_response,0.05,38,pyGAM,0.012394419491109705,0.0,0.10869674995774403,0.018290544976480305,0.1,2,True,
dose_response,0.05,39,MonotoneLSPIA,0.015135936823958243,0.0,0.0160046600503847,0.0160046600503847,,118,True,
dose_response,0.05,39,Penalized monotone B-spline,0.014846429540073097,0.0,0.042387792957015336,0.0017984479782171547,0.01,10,True,Optimization terminated successfully
dose_response,0.05,39,pyGAM,0.013113537753050297,0.0,0.1011210770229809,0.015039169986266643,0.1,2,True,
dose_response,0.05,40,MonotoneLSPIA,0.008418933904275866,0.0,0.010581889015156776,0.010581889015156776,,73,True,
dose_response,0.05,40,Penalized monotone B-spline,0.008189098274222723,0.0,0.04054233600618318,0.001821151003241539,0.01,10,True,Optimization terminated successfully
dose_response,0.05,40,pyGAM,0.006838578413938873,0.0,0.10550569999031723,0.018444885965436697,0.1,2,True,
dose_response,0.05,41,MonotoneLSPIA,0.013327522084481081,3.3273384048016694e-13,0.01059988996712491,0.01059988996712491,,72,True,
dose_response,0.05,41,Penalized monotone B-spline,0.013211164223435561,4.4364512064022255e-13,0.04171550401952118,0.002107978973072022,0.01,13,True,Optimization terminated successfully
dose_response,0.05,41,pyGAM,0.012908225399562516,1.6769785560200412e-10,0.11490675498498604,0.01875566999660805,0.1,3,True,
dose_response,0.05,42,MonotoneLSPIA,0.00859320084270209,4.4364512064022255e-13,0.010047073010355234,0.010047073010355234,,68,True,
dose_response,0.05,42,Penalized monotone B-spline,0.008741379227073607,3.3273384048016694e-13,0.042110837006475776,0.0019712650100700557,0.01,12,True,Optimization terminated successfully
dose_response,0.05,42,pyGAM,0.009495178516229691,1.6880696840358596e-10,0.11306468100519851,0.018616526038385928,0.1,2,True,
dose_response,0.05,43,MonotoneLSPIA,0.011248719344483895,3.4659775050016665e-15,0.009705803997348994,0.009705803997348994,,64,True,
dose_response,0.05,43,Penalized monotone B-spline,0.011131746143504062,1.7329887525008453e-15,0.03995060903253034,0.001459601044189185,0.01,7,True,Optimization terminated successfully
dose_response,0.05,43,pyGAM,0.010668435066206704,4.910042372685595e-10,0.10906986898044124,0.018709619995206594,0.1,3,True,
dose_response,0.05,44,MonotoneLSPIA,0.01228698730370495,4.4364512064022255e-13,0.013229727977886796,0.013229727977886796,,96,True,
dose_response,0.05,44,Penalized monotone B-spline,0.012296530455969075,4.4364512064022255e-13,0.03866587299853563,0.0015385420410893857,0.01,8,True,Optimization terminated successfully
dose_response,0.05,44,pyGAM,0.012956051086016267,1.7546164521318856e-10,0.10624646104406565,0.018514033989049494,0.1,2,True,
dose_response,0.05,45,MonotoneLSPIA,0.01432934167668451,0.0,0.013424222997855395,0.013424222997855395,,93,True,
dose_response,0.05,45,Penalized monotone B-spline,0.02177940682300256,0.0,0.041797926009166986,0.0017151599749922752,1.0,9,True,Optimization terminated successfully
dose_response,0.05,45,pyGAM,0.015173894103769542,0.0,0.10361853201175109,0.015240305045153946,0.1,2,True,
dose_response,0.05,46,MonotoneLSPIA,0.015488984963712303,0.0,0.015498833963647485,0.015498833963647485,,110,True,
dose_response,0.05,46,Penalized monotone B-spline,0.015165165363830762,0.0,0.03850538400001824,0.0020093509810976684,0.01,13,True,Optimization terminated successfully
dose_response,0.05,46,pyGAM,0.013827723303815218,0.0,0.11172023799736053,0.014947482966817915,0.1,4,True,
dose_response,0.05,47,MonotoneLSPIA,0.010003097041375981,0.0,0.012741321988869458,0.012741321988869458,,91,True,
dose_response,0.05,47,Penalized monotone B-spline,0.009564040556649623,0.0,0.039788494003005326,0.0016898339963518083,0.01,9,True,Optimization terminated successfully
dose_response,0.05,47,pyGAM,0.00678450893680725,0.0,0.10727661900455132,0.01458520395681262,0.1,4,True,
dose_response,0.05,48,MonotoneLSPIA,0.01556794558667742,0.0,0.01230482803657651,0.01230482803657651,,83,True,
dose_response,0.05,48,Penalized monotone B-spline,0.015567991466719017,0.0,0.04294149100314826,0.0021912140073254704,1e-08,15,True,Optimization terminated successfully
dose_response,0.05,48,pyGAM,0.015127531569642404,0.0,0.10542679799254984,0.01834247901570052,0.001,4,True,
dose_response,0.05,49,MonotoneLSPIA,0.013727062476432777,6.931955010003333e-15,0.013350569002795964,0.013350569002795964,,96,True,
dose_response,0.05,49,Penalized monotone B-spline,0.013728937226717124,6.931955010003333e-15,0.038893093005754054,0.0016865329816937447,0.01,9,True,Optimization terminated successfully
dose_response,0.05,49,pyGAM,0.013862911118945418,9.691427660385528e-10,0.10569253499852493,0.01882992999162525,0.1,2,True,
dose_response,0.05,50,MonotoneLSPIA,0.012956787245449528,0.0,0.014105867012403905,0.014105867012403905,,99,True,
dose_response,0.05,50,Penalized monotone B-spline,0.012795409023261331,0.0,0.04199410101864487,0.002053094038274139,0.01,13,True,Optimization terminated successfully
dose_response,0.05,50,pyGAM,0.011431850937603972,0.0,0.1134902200428769,0.019453526998404413,0.1,4,True,
dose_response,0.05,51,MonotoneLSPIA,0.010828991645209216,0.0,0.009940854040905833,0.009940854040905833,,70,True,
dose_response,0.05,51,Penalized monotone B-spline,0.010776246747802901,0.0,0.04264244996011257,0.0018941729795187712,0.01,12,True,Optimization terminated successfully
dose_response,0.05,51,pyGAM,0.010478595835400641,0.0,0.10998161497991532,0.014727314992342144,0.1,3,True,
dose_response,0.05,52,MonotoneLSPIA,0.008201386479643873,0.0,0.01564486196730286,0.01564486196730286,,112,True,
dose_response,0.05,52,Penalized monotone B-spline,0.008010541154991427,0.0,0.04263716097921133,0.0017818330088630319,0.01,11,True,Optimization terminated successfully
dose_response,0.05,52,pyGAM,0.007492836066075682,0.0,0.10482610802864656,0.014613809995353222,0.1,2,True,
dose_response,0.05,53,MonotoneLSPIA,0.008339686840685454,3.3273384048016694e-13,0.011698680988047272,0.011698680988047272,,81,True,
dose_response,0.05,53,Penalized monotone B-spline,0.0078093598796890725,3.3273384048016694e-13,0.041866825020406395,0.0018065220210701227,0.01,11,True,Optimization terminated successfully
dose_response,0.05,53,pyGAM,0.005748197310589854,2.0429857805482248e-10,0.10432438895804808,0.018723670043982565,0.1,2,True,
dose_response,0.05,54,MonotoneLSPIA,0.019005849618226725,0.0,0.016015461995266378,0.016015461995266378,,118,True,
dose_response,0.05,54,Penalized monotone B-spline,0.0188047490016495,0.0,0.04273992299567908,0.0016556049813516438,0.01,9,True,Optimization terminated successfully
dose_response,0.05,54,pyGAM,0.018011146100785407,0.0,0.10761954099871218,0.014803945028688759,0.1,2,True,
dose_response,0.05,55,MonotoneLSPIA,0.009591549105366588,0.0,0.014949042000807822,0.014949042000807822,,107,True,
dose_response,0.05,55,Penalized monotone B-spline,0.009366363958634577,0.0,0.039646078017540276,0.002100949001032859,0.01,13,True,Optimization terminated successfully
dose_response,0.05,55,pyGAM,0.0066417845123058475,0.0,0.09749364998424426,0.014515309012494981,0.1,2,True,
dose_response,0.05,56,MonotoneLSPIA,0.011262969268982606,6.498707821878124e-16,0.009311383008025587,0.009311383008025587,,64,True,
dose_response,0.05,56,Penalized monotone B-spline,0.011262968061834267,0.0,0.03901574801420793,0.0017585349851287901,1e-08,10,True,Optimization terminated successfully
dose_response,0.05,56,pyGAM,0.011177753275196057,5.573291828042641e-10,0.1074794260202907,0.018245932995341718,0.1,3,True,
dose_response,0.05,57,MonotoneLSPIA,0.014739714872653038,0.0,0.016304232995025814,0.016304232995025814,,123,True,
dose_response,0.05,57,Penalized monotone B-spline,0.014602425477466381,0.0,0.04295365698635578,0.0020367729593999684,0.01,14,True,Optimization terminated successfully
dose_response,0.05,57,pyGAM,0.013817001415328638,0.0,0.1056697079911828,0.015023446001578122,0.1,2,True,
dose_response,0.05,58,MonotoneLSPIA,0.010670519616048134,0.0,0.01628210605122149,0.01628210605122149,,118,True,
dose_response,0.05,58,Penalized monotone B-spline,0.010261204366989808,0.0,0.04095667402725667,0.0020832770387642086,0.01,14,True,Optimization terminated successfully
dose_response,0.05,58,pyGAM,0.006996986815924222,0.0,0.10942258295835927,0.01880166301270947,0.1,3,True,
dose_response,0.05,59,MonotoneLSPIA,0.012527885087843492,0.0,0.013661321019753814,0.013661321019753814,,96,True,
dose_response,0.05,59,Penalized monotone B-spline,0.01252787470758271,0.0,0.04253318498376757,0.002093981020152569,1e-08,14,True,Optimization terminated successfully
dose_response,0.05,59,pyGAM,0.010549275594023173,0.0,0.11698634596541524,0.014996778045315295,0.1,4,True,
dose_response,0.05,60,MonotoneLSPIA,0.00848743342894665,4.4364512064022255e-13,0.009508045972324908,0.009508045972324908,,64,True,
dose_response,0.05,60,Penalized monotone B-spline,0.008374494347359741,4.4364512064022255e-13,0.03818618803052232,0.0018462099833413959,0.01,11,True,Optimization terminated successfully
dose_response,0.05,60,pyGAM,0.008650001024261118,1.215365807993755e-09,0.1117672739783302,0.01828007202129811,0.1,2,True,
dose_response,0.05,61,MonotoneLSPIA,0.012304531253613589,0.0,0.010528779006563127,0.010528779006563127,,72,True,
dose_response,0.05,61,Penalized monotone B-spline,0.011992442728940293,0.0,0.04210127197438851,0.0019333360251039267,0.01,12,True,Optimization terminated successfully
dose_response,0.05,61,pyGAM,0.011057234846813183,0.0,0.10249961097724736,0.015066102962009609,0.1,2,True,
dose_response,0.05,62,MonotoneLSPIA,0.014161438813481446,0.0,0.013526870054192841,0.013526870054192841,,98,True,
dose_response,0.05,62,Penalized monotone B-spline,0.014030683353453156,0.0,0.04162089299643412,0.0022183950059115887,0.01,15,True,Optimization terminated successfully
dose_response,0.05,62,pyGAM,0.014065995378368074,0.0,0.10401285899570212,0.02240120799979195,0.001,5,True,
dose_response,0.05,63,MonotoneLSPIA,0.010640572336869674,4.4364512064022255e-13,0.013741515984293073,0.013741515984293073,,96,True,
dose_response,0.05,63,Penalized monotone B-spline,0.010446796854271334,2.2182256032011127e-13,0.03879566496470943,0.0017349360277876258,0.01,10,True,Optimization terminated successfully
dose_response,0.05,63,pyGAM,0.009578211758913222,6.341906999551981e-10,0.10952642001211643,0.01827682403381914,0.1,3,True,
dose_response,0.05,64,MonotoneLSPIA,0.013903447966511905,0.0,0.014004766999278218,0.014004766999278218,,101,True,
dose_response,0.05,64,Penalized monotone B-spline,0.013890593210227465,0.0,0.03929669101489708,0.0020992450299672782,0.01,13,True,Optimization terminated successfully
dose_response,0.05,64,pyGAM,0.01352105558660609,0.0,0.09874542098259553,0.014589369995519519,0.1,3,True,
dose_response,0.05,65,MonotoneLSPIA,0.009923913542019554,0.0,0.012929846998304129,0.012929846998304129,,91,True,
dose_response,0.05,65,Penalized monotone B-spline,0.009872103951472507,0.0,0.03897024499019608,0.0017452649772167206,0.01,10,True,Optimization terminated successfully
dose_response,0.05,65,pyGAM,0.009643650580631368,0.0,0.10858392401132733,0.019288590003270656,0.1,2,True,
dose_response,0.05,66,MonotoneLSPIA,0.013022981246464473,3.4659775050016665e-15,0.007441406953148544,0.007441406953148544,,46,True,
dose_response,0.05,66,Penalized monotone B-spline,0.013067812113670602,2.5994831287512498e-15,0.040842102956958115,0.0021699219942092896,0.01,11,True,Optimization terminated successfully
dose_response,0.05,66,pyGAM,0.01335535218275066,2.0795865030010144e-10,0.11101084103574976,0.018992618017364293,0.1,2,True,
dose_response,0.05,67,MonotoneLSPIA,0.00990616778884829,0.0,0.01315091596916318,0.01315091596916318,,95,True,
dose_response,0.05,67,Penalized monotone B-spline,0.009805694443056992,0.0,0.04169791401363909,0.0016340410220436752,0.01,9,True,Optimization terminated successfully
dose_response,0.05,67,pyGAM,0.00973956466988906,0.0,0.09665739204501733,0.014877718000207096,0.1,3,True,
dose_response,0.05,68,MonotoneLSPIA,0.005720894252976634,0.0,0.01326107798377052,0.01326107798377052,,91,True,
dose_response,0.05,68,Penalized monotone B-spline,0.005681114197592974,0.0,0.0390306250192225,0.0017164010205306113,0.01,10,True,Optimization terminated successfully
dose_response,0.05,68,pyGAM,0.005889874626815354,0.0,0.10877924598753452,0.014575099979992956,0.1,2,True,
dose_response,0.05,69,MonotoneLSPIA,0.009640304753309766,0.0,0.012565343989990652,0.012565343989990652,,89,True,
dose_response,0.05,69,Penalized monotone B-spline,0.009440805122634876,0.0,0.043703094008378685,0.0019958479679189622,0.01,13,True,Optimization terminated successfully
dose_response,0.05,69,pyGAM,0.008359990482381745,0.0,0.0988249919610098,0.01438883604714647,0.1,2,True,
dose_response,0.05,70,MonotoneLSPIA,0.016223191042852064,0.0,0.01263911195565015,0.01263911195565015,,89,True,
dose_response,0.05,70,Penalized monotone B-spline,0.01624541651167395,0.0,0.04148542397888377,0.002184488985221833,0.01,13,True,Optimization terminated successfully
dose_response,0.05,70,pyGAM,0.02296934594763813,0.0,0.09604811103781685,0.014397001010365784,1.0,2,True,
dose_response,0.05,71,MonotoneLSPIA,0.009139886669091286,4.4364512064022255e-13,0.010262286989018321,0.010262286989018321,,70,True,
dose_response,0.05,71,Penalized monotone B-spline,0.009103069236040961,3.3273384048016694e-13,0.03764467500150204,0.0018730009905993938,0.01,12,True,Optimization terminated successfully
dose_response,0.05,71,pyGAM,0.008956872731036567,1.359661383482122e-09,0.11177955300081521,0.018796529970131814,0.1,2,True,
dose_response,0.05,72,MonotoneLSPIA,0.012958784823358589,0.0,0.015894746989943087,0.015894746989943087,,112,True,
dose_response,0.05,72,Penalized monotone B-spline,0.01258927837426711,0.0,0.04111544700572267,0.002058538026176393,0.01,14,True,Optimization terminated successfully
dose_response,0.05,72,pyGAM,0.01045667893198971,0.0,0.10701853001955897,0.018168667040299624,0.1,3,True,
dose_response,0.05,73,MonotoneLSPIA,0.017209896667307333,0.0,0.015961626020725816,0.015961626020725816,,115,True,
dose_response,0.05,73,Penalized monotone B-spline,0.01714789476347621,0.0,0.041315681010019034,0.0019447029917500913,0.01,12,True,Optimization terminated successfully
dose_response,0.05,73,pyGAM,0.01694214289831713,0.0,0.1034722410258837,0.018280379008501768,0.1,2,True,
dose_response,0.05,74,MonotoneLSPIA,0.016892586506928462,0.0,0.017094440991058946,0.017094440991058946,,130,True,
dose_response,0.05,74,Penalized monotone B-spline,0.016642243909174567,0.0,0.03448219399433583,0.0016722820000723004,0.01,9,True,Optimization terminated successfully
dose_response,0.05,74,pyGAM,0.015413980071330049,0.0,1.9308232399635017,0.014692750002723187,0.1,3,True,did not converge
dose_response,0.05,75,MonotoneLSPIA,0.017737222641333865,0.0,0.014085566974245012,0.014085566974245012,,103,True,
dose_response,0.05,75,Penalized monotone B-spline,0.0173650105415451,0.0,0.04349688900401816,0.0018251310102641582,0.01,10,True,Optimization terminated successfully
dose_response,0.05,75,pyGAM,0.014962188695957489,0.0,0.09958877402823418,0.015056690957862884,0.1,3,True,
dose_response,0.05,76,MonotoneLSPIA,0.011733510983847648,0.0,0.01221972901839763,0.01221972901839763,,85,True,
dose_response,0.05,76,Penalized monotone B-spline,0.011623640288867176,0.0,0.042313785990700126,0.002067412016913295,0.01,13,True,Optimization terminated successfully
dose_response,0.05,76,pyGAM,0.010159068190493328,4.88675100385195e-10,0.10449952504131943,0.018387699965387583,0.1,3,True,
dose_response,0.05,77,MonotoneLSPIA,0.01027552743499634,0.0,0.01287177501944825,0.01287177501944825,,94,True,
dose_response,0.05,77,Penalized monotone B-spline,0.010069724470773355,0.0,0.04064757499145344,0.0018646240350790322,0.01,11,True,Optimization terminated successfully
dose_response,0.05,77,pyGAM,0.00934753169810792,0.0,0.10280235798563808,0.014393368037417531,0.1,2,True,
dose_response,0.05,78,MonotoneLSPIA,0.006606421106490884,0.0,0.0157613159972243,0.0157613159972243,,115,True,
dose_response,0.05,78,Penalized monotone B-spline,0.006619432721312593,4.332471881252076e-15,0.04052277602022514,0.0019727990147657692,0.01,12,True,Optimization terminated successfully
dose_response,0.05,78,pyGAM,0.006743434219596911,4.778057949295097e-10,0.12044676503865048,0.018262329045683146,0.1,3,True,
dose_response,0.05,79,MonotoneLSPIA,0.010982762486082672,1.7329887525008453e-15,0.010861182992812246,0.010861182992812246,,77,True,
dose_response,0.05,79,Penalized monotone B-spline,0.010770922284063221,2.599483128751268e-15,0.041062837990466505,0.0017088649910874665,0.01,9,True,Optimization terminated successfully
dose_response,0.05,79,pyGAM,0.008642434879141991,5.256085566784964e-10,0.10403705999488011,0.014559054980054498,0.1,2,True,
dose_response,0.05,80,MonotoneLSPIA,0.01109768528755672,1.2997415643756249e-15,0.01034522702684626,0.01034522702684626,,69,True,
dose_response,0.05,80,Penalized monotone B-spline,0.010977856077695044,1.7329887525008303e-15,0.03924442996503785,0.0016067349934019148,0.01,9,True,Optimization terminated successfully
dose_response,0.05,80,pyGAM,0.010970415887634297,1.609322675122385e-10,0.11564413300948218,0.01876074797473848,0.01,2,True,
dose_response,0.05,81,MonotoneLSPIA,0.014597266734240052,3.3273384048016694e-13,0.011396496032830328,0.011396496032830328,,79,True,
dose_response,0.05,81,Penalized monotone B-spline,0.014648531155196,4.4364512064022255e-13,0.037744389032013714,0.0019648050074465573,0.01,9,True,Optimization terminated successfully
dose_response,0.05,81,pyGAM,0.014143979502939887,7.19592385678441e-10,0.11136628303211182,0.018923851021099836,0.01,2,True,
dose_response,0.05,82,MonotoneLSPIA,0.015089887837868557,0.0,0.009802782034967095,0.009802782034967095,,66,True,
dose_response,0.05,82,Penalized monotone B-spline,0.014931794385010863,0.0,0.04185913200490177,0.0016592539614066482,0.01,8,True,Optimization terminated successfully
dose_response,0.05,82,pyGAM,0.013668405799645063,0.0,0.10477731795981526,0.014734818018041551,0.1,2,True,
dose_response,0.05,83,MonotoneLSPIA,0.01026451238049193,0.0,0.011712273000739515,0.011712273000739515,,79,True,
dose_response,0.05,83,Penalized monotone B-spline,0.01026471204903621,0.0,0.043091678991913795,0.00206581101519987,0.01,13,True,Optimization terminated successfully
dose_response,0.05,83,pyGAM,0.010049126019811132,0.0,0.11124254000606015,0.014825307996943593,0.1,2,True,
dose_response,0.05,84,MonotoneLSPIA,0.012667228967429847,2.5994831287512498e-15,0.012350808014161885,0.012350808014161885,,85,True,
dose_response,0.05,84,Penalized monotone B-spline,0.012560957914609407,1.7329887525008453e-15,0.03965261997655034,0.0018052529776468873,0.01,11,True,Optimization terminated successfully
dose_response,0.05,84,pyGAM,0.012328870099181651,3.2918467951504056e-10,0.10142690601060167,0.01858061703387648,0.1,2,True,
dose_response,0.05,85,MonotoneLSPIA,0.013131855415703072,0.0,0.014685681031551212,0.014685681031551212,,107,True,
dose_response,0.05,85,Penalized monotone B-spline,0.01293086447259544,0.0,0.04832758801057935,0.002856104983948171,0.01,10,True,Optimization terminated successfully
dose_response,0.05,85,pyGAM,0.012421194247132195,0.0,0.10860986000625417,0.01724456896772608,0.1,2,True,
dose_response,0.05,86,MonotoneLSPIA,0.01226212578930254,3.3273384048016694e-13,0.013801500026602298,0.013801500026602298,,92,True,
dose_response,0.05,86,Penalized monotone B-spline,0.012149177303976178,3.3273384048016694e-13,0.04704804701032117,0.002274125989060849,0.01,14,True,Optimization terminated successfully
dose_response,0.05,86,pyGAM,0.01212602219101398,1.437410190874321e-10,0.11258369300048798,0.01969346503028646,0.01,2,True,
dose_response,0.05,87,MonotoneLSPIA,0.012805166259593272,4.4364512064022255e-13,0.012470277026295662,0.012470277026295662,,86,True,
dose_response,0.05,87,Penalized monotone B-spline,0.012551878293244823,4.4364512064022255e-13,0.042656523000914603,0.001955148996785283,0.01,11,True,Optimization terminated successfully
dose_response,0.05,87,pyGAM,0.011887916751379029,9.18789044845799e-10,0.1542593120248057,0.034863788983784616,0.1,2,True,
dose_response,0.05,88,MonotoneLSPIA,0.013191182294957639,2.2182256032011127e-13,0.028668448037933558,0.028668448037933558,,106,True,
dose_response,0.05,88,Penalized monotone B-spline,0.013051624619576914,2.2182256032011127e-13,0.06586274999426678,0.002280067012179643,0.01,10,True,Optimization terminated successfully
dose_response,0.05,88,pyGAM,0.012778389929816355,1.3548921984352397e-09,0.13788798701716587,0.0231181780109182,0.1,2,True,
dose_response,0.05,89,MonotoneLSPIA,0.011973604873160834,4.4364512064022255e-13,0.01029225200181827,0.01029225200181827,,54,True,
dose_response,0.05,89,Penalized monotone B-spline,0.012011056433209884,3.3273384048016694e-13,0.04662660701433197,0.00160436105215922,0.01,7,True,Optimization terminated successfully
dose_response,0.05,89,pyGAM,0.01166552694157981,8.946103857710088e-10,0.11785260902252048,0.019556565035600215,0.1,2,True,
dose_response,0.05,90,MonotoneLSPIA,0.016048552965184468,0.0,0.010852726991288364,0.010852726991288364,,72,True,
dose_response,0.05,90,Penalized monotone B-spline,0.015646588645940165,0.0,0.043810856994241476,0.0022861399920657277,0.01,14,True,Optimization terminated successfully
dose_response,0.05,90,pyGAM,0.01584550347408316,0.0,0.1203065009904094,0.02309274801518768,0.001,5,True,
dose_response,0.05,91,MonotoneLSPIA,0.014214287470567966,3.3273384048016694e-13,0.013740283960942179,0.013740283960942179,,95,True,
dose_response,0.05,91,Penalized monotone B-spline,0.01415577837033314,3.3273384048016694e-13,0.04201653500786051,0.0018268909770995378,0.01,11,True,Optimization terminated successfully
dose_response,0.05,91,pyGAM,0.014417282121378014,6.60254850792738e-10,0.11924750899197534,0.02058162004686892,0.1,3,True,
dose_response,0.05,92,MonotoneLSPIA,0.01748715897367019,0.0,0.016981724998913705,0.016981724998913705,,109,True,
dose_response,0.05,92,Penalized monotone B-spline,0.017487158981119907,0.0,0.04353732196614146,0.0022851770045235753,1e-08,12,True,Optimization terminated successfully
dose_response,0.05,92,pyGAM,0.015045226632965019,0.0,0.1161067970097065,0.015121227013878524,0.1,4,True,
dose_response,0.05,93,MonotoneLSPIA,0.013408080018677812,4.4364512064022255e-13,0.009088016988243908,0.009088016988243908,,59,True,
dose_response,0.05,93,Penalized monotone B-spline,0.013400087695562342,3.3273384048016694e-13,0.04158401000313461,0.0016890739789232612,0.01,10,True,Optimization terminated successfully
dose_response,0.05,93,pyGAM,0.013509490614477678,7.01181113171794e-10,0.11426966299768537,0.022727983014192432,0.1,2,True,
dose_response,0.05,94,MonotoneLSPIA,0.015179872731493679,0.0,0.012233982037287205,0.012233982037287205,,85,True,
dose_response,0.05,94,Penalized monotone B-spline,0.01518497025653935,0.0,0.04117784899426624,0.001788353023584932,0.01,11,True,Optimization terminated successfully
dose_response,0.05,94,pyGAM,0.015019050785758622,0.0,0.10298342100577429,0.015303996973671019,0.1,2,True,
dose_response,0.05,95,MonotoneLSPIA,0.014230086172213881,0.0,0.01328672596719116,0.01328672596719116,,87,True,
dose_response,0.05,95,Penalized monotone B-spline,0.01395918537164232,0.0,0.041466903989203274,0.0018491219962015748,0.01,11,True,Optimization terminated successfully
dose_response,0.05,95,pyGAM,0.012439106887823112,2.74727240956454e-10,0.11166710703400895,0.018952927959617227,0.1,3,True,
dose_response,0.05,96,MonotoneLSPIA,0.01282182217102253,0.0,0.016042078961618245,0.016042078961618245,,107,True,
dose_response,0.05,96,Penalized monotone B-spline,0.012437984946372611,0.0,0.04277736897347495,0.0018093920079991221,0.01,9,True,Optimization terminated successfully
dose_response,0.05,96,pyGAM,0.010104920920579337,0.0,2.199358498037327,0.014641490997746587,0.1,3,True,did not converge
dose_response,0.05,97,MonotoneLSPIA,0.007022162638857358,3.3273384048016694e-13,0.011172263999469578,0.011172263999469578,,78,True,
dose_response,0.05,97,Penalized monotone B-spline,0.007118610009376437,3.3273384048016694e-13,0.038474977016448975,0.0017106360173784196,0.01,9,True,Optimization terminated successfully
dose_response,0.05,97,pyGAM,0.008300138636849794,1.0973562059034688e-09,0.1046111669857055,0.014589844970032573,0.1,3,True,
dose_response,0.05,98,MonotoneLSPIA,0.011488606633630922,1.0397932515004982e-14,0.009656959970016032,0.009656959970016032,,66,True,
dose_response,0.05,98,Penalized monotone B-spline,0.011376423321290866,1.0397932515005072e-14,0.03926869697170332,0.0018021439900621772,0.01,11,True,Optimization terminated successfully
dose_response,0.05,98,pyGAM,0.01076020233862346,4.985462043194363e-10,0.11299645999679342,0.01867778698215261,0.1,2,True,
dose_response,0.05,99,MonotoneLSPIA,0.012486039303875077,4.4364512064022255e-13,0.010440640966407955,0.010440640966407955,,67,True,
dose_response,0.05,99,Penalized monotone B-spline,0.012464769980865887,4.4364512064022255e-13,0.03950043203076348,0.0017429260187782347,0.01,10,True,Optimization terminated successfully
dose_response,0.05,99,pyGAM,0.01304637865967521,1.5665109209806259e-09,0.11084155703429133,0.022063902055379003,0.1,2,True,
dose_response,0.05,100,MonotoneLSPIA,0.008707132617589399,5.198966257502491e-15,0.010529924009460956,0.010529924009460956,,71,True,
dose_response,0.05,100,Penalized monotone B-spline,0.008518123564650924,6.931955010003321e-15,0.040780127979815006,0.001844292040914297,0.01,11,True,Optimization terminated successfully
dose_response,0.05,100,pyGAM,0.00847672277736705,3.873021903189089e-10,0.148139139986597,0.021476242982316762,0.1,2,True,
dose_response,0.1,1,MonotoneLSPIA,0.01361364353236956,0.0,0.017836979997809976,0.017836979997809976,,108,True,
dose_response,0.1,1,Penalized monotone B-spline,0.01897499045339372,0.0,0.045608150016050786,0.002140628988854587,1.0,13,True,Optimization terminated successfully
dose_response,0.1,1,pyGAM,0.018904879030633783,0.0,0.106725940015167,0.014760832011234015,1.0,3,True,
dose_response,0.1,2,MonotoneLSPIA,0.02171496030888323,0.0,0.008711414004210383,0.008711414004210383,,59,True,
dose_response,0.1,2,Penalized monotone B-spline,0.02146824406484869,0.0,0.03978986298898235,0.001961195026524365,0.01,12,True,Optimization terminated successfully
dose_response,0.1,2,pyGAM,0.02032253299177586,0.0,0.10156333399936557,0.018781157967168838,0.01,2,True,
dose_response,0.1,3,MonotoneLSPIA,0.01999849813223289,0.0,0.016936458996497095,0.016936458996497095,,120,True,
dose_response,0.1,3,Penalized monotone B-spline,0.025802311115415,0.0,0.04258003499126062,0.0018294320325367153,1.0,10,True,Optimization terminated successfully
dose_response,0.1,3,pyGAM,0.025768228740259698,0.0,0.10799834300996736,0.014585099008399993,1.0,4,True,
dose_response,0.1,4,MonotoneLSPIA,0.031417092746327674,0.0,0.014989893999882042,0.014989893999882042,,102,True,
dose_response,0.1,4,Penalized monotone B-spline,0.03339713334999034,0.0,0.04232379503082484,0.0020784380030818284,1.0,13,True,Optimization terminated successfully
dose_response,0.1,4,pyGAM,0.031902632320847106,0.0,0.10815075295977294,0.014583059994038194,1.0,4,True,
dose_response,0.1,5,MonotoneLSPIA,0.019184986445197887,4.436451206401733e-13,0.01234773499891162,0.01234773499891162,,87,True,
dose_response,0.1,5,Penalized monotone B-spline,0.019183917641354877,4.4364512064022255e-13,0.038400389021262527,0.0016563720419071615,0.0001,9,True,Optimization terminated successfully
dose_response,0.1,5,pyGAM,0.018903039336896264,5.74076786108448e-10,0.10741482500452548,0.018394812010228634,0.001,4,True,
dose_response,0.1,6,MonotoneLSPIA,0.031880373234101034,4.4364512064022255e-13,0.006893110985402018,0.006893110985402018,,43,True,
dose_response,0.1,6,Penalized monotone B-spline,0.03193267864854268,4.436451206401733e-13,0.03611170599469915,0.001254804024938494,0.01,6,True,Optimization terminated successfully
dose_response,0.1,6,pyGAM,0.031093430700599736,2.543417476630396e-09,0.11683981301030144,0.01941883802646771,0.01,2,True,
dose_response,0.1,7,MonotoneLSPIA,0.028557472809651985,4.4364512064022255e-13,0.008170050976332277,0.008170050976332277,,54,True,
dose_response,0.1,7,Penalized monotone B-spline,0.02737281740415466,4.4364512064022255e-13,0.03976184403290972,0.0016447230009362102,1.0,9,True,Optimization terminated successfully
dose_response,0.1,7,pyGAM,0.026945013866212834,1.6472543329371464e-09,0.11229845200432464,0.018669909972231835,1.0,2,True,
dose_response,0.1,8,MonotoneLSPIA,0.020353055971374347,0.0,0.01360580901382491,0.01360580901382491,,97,True,
dose_response,0.1,8,Penalized monotone B-spline,0.02554705562294895,3.3273384048016694e-13,0.04206905100727454,0.0016929999692365527,1.0,9,True,Optimization terminated successfully
dose_response,0.1,8,pyGAM,0.025484423588172638,4.944424869534732e-10,0.10871310200309381,0.014747940003871918,1.0,4,True,
dose_response,0.1,9,MonotoneLSPIA,0.020134030918988292,6.654676809603339e-13,0.009687515965197235,0.009687515965197235,,65,True,
dose_response,0.1,9,Penalized monotone B-spline,0.02522254838173671,4.4364512064022255e-13,0.038172685948666185,0.0017697099829092622,1.0,10,True,Optimization terminated successfully
dose_response,0.1,9,pyGAM,0.02520935597479393,2.1981506614920816e-09,0.10967409098520875,0.01578414801042527,1.0,2,True,
dose_response,0.1,10,MonotoneLSPIA,0.02084190920551681,0.0,0.012999152997508645,0.012999152997508645,,92,True,
dose_response,0.1,10,Penalized monotone B-spline,0.02593639537293301,0.0,0.04346325999358669,0.0015979549498297274,1.0,8,True,Optimization terminated successfully
dose_response,0.1,10,pyGAM,0.02585042463814755,0.0,0.11657255096361041,0.015019619022496045,1.0,4,True,
dose_response,0.1,11,MonotoneLSPIA,0.021076952771011192,4.4364512064022255e-13,0.018096296000294387,0.018096296000294387,,124,True,
dose_response,0.1,11,Penalized monotone B-spline,0.023589396125093087,4.4364512064022255e-13,0.04140945401741192,0.0020667670178227127,1.0,12,True,Optimization terminated successfully
dose_response,0.1,11,pyGAM,0.023581270546447573,2.128942022672268e-09,0.10286241502035409,0.018542838981375098,1.0,2,True,
dose_response,0.1,12,MonotoneLSPIA,0.023370444044743338,4.4364512064022255e-13,0.013258450024295598,0.013258450024295598,,92,True,
dose_response,0.1,12,Penalized monotone B-spline,0.022920933680742318,4.4364512064022255e-13,0.04383746802341193,0.0020529430476017296,0.01,13,True,Optimization terminated successfully
dose_response,0.1,12,pyGAM,0.027692072210615908,0.0,0.10557020700071007,0.015208604047074914,1.0,2,True,
dose_response,0.1,13,MonotoneLSPIA,0.02125280743724686,0.0,0.0193394580273889,0.0193394580273889,,118,True,
dose_response,0.1,13,Penalized monotone B-spline,0.027918639628413476,0.0,0.04767325904686004,0.0019291099742986262,1.0,11,True,Optimization terminated successfully
dose_response,0.1,13,pyGAM,0.027921176832101796,0.0,0.0952230459661223,0.011012904986273497,1.0,3,True,
dose_response,0.1,14,MonotoneLSPIA,0.025770622956475166,0.0,0.013349504966754466,0.013349504966754466,,95,True,
dose_response,0.1,14,Penalized monotone B-spline,0.02629090161172861,0.0,0.043206111004110426,0.0018727029673755169,1.0,11,True,Optimization terminated successfully
dose_response,0.1,14,pyGAM,0.026394424829851194,0.0,0.10575710999546573,0.018255538016092032,1.0,3,True,
dose_response,0.1,15,MonotoneLSPIA,0.018816827924504922,2.2182256032011127e-13,0.008638120023533702,0.008638120023533702,,59,True,
dose_response,0.1,15,Penalized monotone B-spline,0.019583185835984163,0.0,0.03820901800645515,0.0015876489924266934,1.0,8,True,Optimization terminated successfully
dose_response,0.1,15,pyGAM,0.01761798585780797,1.662449178319051e-09,0.10798473400063813,0.018380447989329696,0.1,2,True,
dose_response,0.1,16,MonotoneLSPIA,0.015177218609953337,4.436451206401733e-13,0.01024220499675721,0.01024220499675721,,68,True,
dose_response,0.1,16,Penalized monotone B-spline,0.01509953922624707,3.3273384048016694e-13,0.04105946299387142,0.001935864973347634,0.01,12,True,Optimization terminated successfully
dose_response,0.1,16,pyGAM,0.015968465178837505,0.0,0.09921420400496572,0.014465183019638062,1.0,3,True,
dose_response,0.1,17,MonotoneLSPIA,0.01953153258285105,4.4364512064022255e-13,0.007006580999586731,0.007006580999586731,,45,True,
dose_response,0.1,17,Penalized monotone B-spline,0.015984307833409327,3.3273384048016694e-13,0.03618177300086245,0.0015292890020646155,1.0,8,True,Optimization terminated successfully
dose_response,0.1,17,pyGAM,0.015989768629012076,6.138384800458279e-09,0.10854140401352197,0.018992064986377954,1.0,2,True,
dose_response,0.1,18,MonotoneLSPIA,0.02010011190037517,0.0,0.015563820954412222,0.015563820954412222,,108,True,
dose_response,0.1,18,Penalized monotone B-spline,0.019684916580098088,0.0,0.043830741953570396,0.0020366969984024763,0.01,12,True,Optimization terminated successfully
dose_response,0.1,18,pyGAM,0.019659596258601576,0.0,0.11328392795985565,0.02251214103307575,0.01,2,True,
dose_response,0.1,19,MonotoneLSPIA,0.021992376678912524,0.0,0.012500829005148262,0.012500829005148262,,86,True,
dose_response,0.1,19,Penalized monotone B-spline,0.02680411814619198,0.0,0.04234498698497191,0.0018474720418453217,1.0,10,True,Optimization terminated successfully
dose_response,0.1,19,pyGAM,0.026604562620632953,0.0,0.09828071901574731,0.015131474006921053,1.0,3,True,
dose_response,0.1,20,MonotoneLSPIA,0.013345101165557892,6.49870782187817e-16,0.008461405988782644,0.008461405988782644,,55,True,
dose_response,0.1,20,Penalized monotone B-spline,0.01782309814031581,6.363318075588986e-16,0.03971961699426174,0.001748180016875267,1.0,9,True,Optimization terminated successfully
dose_response,0.1,20,pyGAM,0.017787335422431466,2.25759910765787e-09,0.10826508101308718,0.01816610200330615,1.0,3,True,
dose_response,0.1,21,MonotoneLSPIA,0.015351083752194043,4.4364512064022255e-13,0.00989825202850625,0.00989825202850625,,68,True,
dose_response,0.1,21,Penalized monotone B-spline,0.014904375401103084,4.4364512064022255e-13,0.035271928005386144,0.0013779409928247333,0.01,7,True,Optimization terminated successfully
dose_response,0.1,21,pyGAM,0.017394830387000047,2.335126092489779e-09,0.11210532602854073,0.018147681024856865,1.0,2,True,
dose_response,0.1,22,MonotoneLSPIA,0.015258544171863501,3.3273384048016694e-13,0.008822845004033297,0.008822845004033297,,60,True,
dose_response,0.1,22,Penalized monotone B-spline,0.01525854466450999,3.3273384048016694e-13,0.03550922399153933,0.0015118009760044515,1e-08,8,True,Optimization terminated successfully
dose_response,0.1,22,pyGAM,0.015243673869354287,3.487716115912723e-09,0.11179618799360469,0.018285073048900813,0.01,2,True,
dose_response,0.1,23,MonotoneLSPIA,0.020010433724885004,0.0,0.01248384703649208,0.01248384703649208,,87,True,
dose_response,0.1,23,Penalized monotone B-spline,0.02259703667766189,1.0397932515004999e-14,0.041199245024472475,0.001677784021012485,1.0,8,True,Optimization terminated successfully
dose_response,0.1,23,pyGAM,0.022613249614290138,8.034413134794264e-10,0.11037919600494206,0.014462154998909682,1.0,4,True,
dose_response,0.1,24,MonotoneLSPIA,0.01445673013454633,4.4364512064022255e-13,0.010925808979663998,0.010925808979663998,,76,True,
dose_response,0.1,24,Penalized monotone B-spline,0.014061953964775283,4.4364512064022255e-13,0.03914678597357124,0.0017754120053723454,0.01,10,True,Optimization terminated successfully
dose_response,0.1,24,pyGAM,0.011566944641307758,2.143027755252595e-09,0.1063928619842045,0.014508821943309158,0.1,2,True,
dose_response,0.1,25,MonotoneLSPIA,0.02387380801104824,0.0,0.015429134014993906,0.015429134014993906,,110,True,
dose_response,0.1,25,Penalized monotone B-spline,0.02386602480226836,0.0,0.03887212398694828,0.0020140769775025547,0.01,14,True,Optimization terminated successfully
dose_response,0.1,25,pyGAM,0.023875226504355387,0.0,0.10699812398524955,0.01843292103148997,0.01,2,True,
dose_response,0.1,26,MonotoneLSPIA,0.022757475863045894,0.0,0.016704404028132558,0.016704404028132558,,122,True,
dose_response,0.1,26,Penalized monotone B-spline,0.01779408739308144,0.0,0.040126192034222186,0.0005098549881950021,1.0,1,True,Optimization terminated successfully
dose_response,0.1,26,pyGAM,0.01734452094399879,0.0,0.09050155500881374,0.010390242037829012,1.0,2,True,
dose_response,0.1,27,MonotoneLSPIA,0.013374937672620173,0.0,0.013549747003708035,0.013549747003708035,,97,True,
dose_response,0.1,27,Penalized monotone B-spline,0.02050002859451617,0.0,0.042580274981446564,0.002082675986457616,1.0,13,True,Optimization terminated successfully
dose_response,0.1,27,pyGAM,0.020496234351643952,0.0,0.10480087902396917,0.01520319003611803,1.0,2,True,
dose_response,0.1,28,MonotoneLSPIA,0.019181965771212096,0.0,0.017904639011248946,0.017904639011248946,,119,True,
dose_response,0.1,28,Penalized monotone B-spline,0.018699614968575952,0.0,0.04127290897304192,0.0019036040175706148,0.01,12,True,Optimization terminated successfully
dose_response,0.1,28,pyGAM,0.015573415650892422,4.0138792289924136e-10,0.11665337299928069,0.018655864987522364,0.1,3,True,
dose_response,0.1,29,MonotoneLSPIA,0.0184887806703619,0.0,0.01330308202886954,0.01330308202886954,,95,True,
dose_response,0.1,29,Penalized monotone B-spline,0.01591389142178779,4.4364512064022255e-13,0.041226286033634096,0.0017767890240065753,1.0,10,True,Optimization terminated successfully
dose_response,0.1,29,pyGAM,0.015403597461702877,6.829916632255468e-10,0.1111607130151242,0.014839401002973318,1.0,3,True,
dose_response,0.1,30,MonotoneLSPIA,0.02377974927116395,0.0,0.011885182990226895,0.011885182990226895,,82,True,
dose_response,0.1,30,Penalized monotone B-spline,0.02582212131944522,0.0,0.04209967498900369,0.0018321539973840117,1.0,10,True,Optimization terminated successfully
dose_response,0.1,30,pyGAM,0.02579885474036181,0.0,0.11027439398458228,0.01459210499888286,1.0,3,True,
dose_response,0.1,31,MonotoneLSPIA,0.015532827947107367,0.0,0.012683456006925553,0.012683456006925553,,89,True,
dose_response,0.1,31,Penalized monotone B-spline,0.015503256409296218,0.0,0.04362169303931296,0.001991645956877619,0.01,13,True,Optimization terminated successfully
dose_response,0.1,31,pyGAM,0.013454689498067654,0.0,0.11312394600827247,0.018295361020136625,1.0,3,True,
dose_response,0.1,32,MonotoneLSPIA,0.020655122756429667,4.4364512064022255e-13,0.009366333018988371,0.009366333018988371,,64,True,
dose_response,0.1,32,Penalized monotone B-spline,0.02022306959112835,4.4364512064022255e-13,0.041535349970217794,0.0018004240118898451,0.01,11,True,Optimization terminated successfully
dose_response,0.1,32,pyGAM,0.016632330601595025,2.6195026148201214e-09,0.10796582303009927,0.014941547997295856,1.0,2,True,
dose_response,0.1,33,MonotoneLSPIA,0.036677930357657665,0.0,0.012777237978298217,0.012777237978298217,,88,True,
dose_response,0.1,33,Penalized monotone B-spline,0.03975310568622155,0.0,0.041298199037555605,0.0018914110260084271,1.0,10,True,Optimization terminated successfully
dose_response,0.1,33,pyGAM,0.039657631817569955,0.0,0.1036068340181373,0.014591730025131255,1.0,3,True,
dose_response,0.1,34,MonotoneLSPIA,0.012292957853259628,4.4364512064022255e-13,0.012477456009946764,0.012477456009946764,,85,True,
dose_response,0.1,34,Penalized monotone B-spline,0.01096670793295373,3.3273384048016694e-13,0.04018539603566751,0.0019359929719939828,1.0,11,True,Optimization terminated successfully
dose_response,0.1,34,pyGAM,0.010387592896521155,2.501825746570375e-09,0.11003915598848835,0.01912738202372566,1.0,2,True,
dose_response,0.1,35,MonotoneLSPIA,0.020821533635960416,0.0,0.012886359996628016,0.012886359996628016,,87,True,
dose_response,0.1,35,Penalized monotone B-spline,0.02076061298875976,0.0,0.04143316904082894,0.00173142395215109,0.01,10,True,Optimization terminated successfully
dose_response,0.1,35,pyGAM,0.018454815411556545,0.0,0.10132342000724748,0.018663464987184852,0.01,2,True,
dose_response,0.1,36,MonotoneLSPIA,0.02216263446804515,0.0,0.014962531975470483,0.014962531975470483,,107,True,
dose_response,0.1,36,Penalized monotone B-spline,0.024808865973362022,0.0,0.039915546018164605,0.0020676529966294765,1.0,12,True,Optimization terminated successfully
dose_response,0.1,36,pyGAM,0.021684114341872115,0.0,0.10503949102712795,0.022321377997286618,0.01,2,True,
dose_response,0.1,37,MonotoneLSPIA,0.03059784415555704,2.2182256032011127e-13,0.009576051030308008,0.009576051030308008,,66,True,
dose_response,0.1,37,Penalized monotone B-spline,0.0304724390660179,4.4364512064022255e-13,0.039836015028413385,0.0018685819813981652,0.01,11,True,Optimization terminated successfully
dose_response,0.1,37,pyGAM,0.03376955715308801,1.8080756891690264e-09,0.11376603302778676,0.014760432997718453,1.0,2,True,
dose_response,0.1,38,MonotoneLSPIA,0.013590009558854485,0.0,0.014835507958196104,0.014835507958196104,,104,True,
dose_response,0.1,38,Penalized monotone B-spline,0.01358844114723367,0.0,0.040394462004769593,0.001863775949459523,0.0001,11,True,Optimization terminated successfully
dose_response,0.1,38,pyGAM,0.012707054255992922,0.0,0.10000221995869651,0.014672902994789183,1.0,2,True,
dose_response,0.1,39,MonotoneLSPIA,0.02300218817412021,0.0,0.014686612004879862,0.014686612004879862,,103,True,
dose_response,0.1,39,Penalized monotone B-spline,0.026874891007652228,0.0,0.04237276699859649,0.0020493349875323474,1.0,10,True,Optimization terminated successfully
dose_response,0.1,39,pyGAM,0.026882564964312967,0.0,0.10803909198148176,0.014835752022918314,1.0,3,True,
dose_response,0.1,40,MonotoneLSPIA,0.025153506300376334,3.4659775050016606e-15,0.014044128998648375,0.014044128998648375,,95,True,
dose_response,0.1,40,Penalized monotone B-spline,0.024805436702387943,5.1989662575024995e-15,0.041653389984276146,0.0018801739788614213,0.01,12,True,Optimization terminated successfully
dose_response,0.1,40,pyGAM,0.02308684824231885,1.4955277016781592e-09,0.103708197013475,0.01892744703218341,1.0,3,True,
dose_response,0.1,41,MonotoneLSPIA,0.01317161149753455,3.3273384048016694e-13,0.011132051993627101,0.011132051993627101,,74,True,
dose_response,0.1,41,Penalized monotone B-spline,0.013171578920767127,3.3273384048016694e-13,0.03999402897898108,0.00180899997940287,1e-08,10,True,Optimization terminated successfully
dose_response,0.1,41,pyGAM,0.0130853185872024,2.4230787376567355e-09,0.11594308103667572,0.021950907015707344,0.01,2,True,
dose_response,0.1,42,MonotoneLSPIA,0.025235570787299304,0.0,0.015288389986380935,0.015288389986380935,,110,True,
dose_response,0.1,42,Penalized monotone B-spline,0.02482330212464205,0.0,0.04281473200535402,0.00199468299979344,0.01,13,True,Optimization terminated successfully
dose_response,0.1,42,pyGAM,0.023676116337408317,0.0,0.11684909398900345,0.018754073011223227,0.1,2,True,
dose_response,0.1,43,MonotoneLSPIA,0.024867209978544268,0.0,0.013542271975893527,0.013542271975893527,,90,True,
dose_response,0.1,43,Penalized monotone B-spline,0.027276500299392624,0.0,0.04358044598484412,0.0015614010044373572,1.0,8,True,Optimization terminated successfully
dose_response,0.1,43,pyGAM,0.02664217253944542,0.0,0.10529955296078697,0.01482251298148185,1.0,3,True,
dose_response,0.1,44,MonotoneLSPIA,0.021364673924229742,0.0,0.010671234980691224,0.010671234980691224,,69,True,
dose_response,0.1,44,Penalized monotone B-spline,0.021388331623245653,0.0,0.039544250001199543,0.0016748999478295445,0.01,10,True,Optimization terminated successfully
dose_response,0.1,44,pyGAM,0.02140315424425102,1.3637651008478928e-09,0.11722439399454743,0.022510336013510823,0.01,2,True,
dose_response,0.1,45,MonotoneLSPIA,0.03198274216004917,0.0,0.01456697698449716,0.01456697698449716,,105,True,
dose_response,0.1,45,Penalized monotone B-spline,0.03199863609101906,0.0,0.03971908497624099,0.0017991249915212393,0.01,11,True,Optimization terminated successfully
dose_response,0.1,45,pyGAM,0.031715611850238426,0.0,0.11025334696751088,0.018757085024844855,0.1,3,True,
dose_response,0.1,46,MonotoneLSPIA,0.02658324336357805,4.4364512064022255e-13,0.012394880002830178,0.012394880002830178,,86,True,
dose_response,0.1,46,Penalized monotone B-spline,0.026290486051237315,4.4364512064022255e-13,0.041101934970356524,0.0017826230032369494,0.01,10,True,Optimization terminated successfully
dose_response,0.1,46,pyGAM,0.02422663211094958,1.4518286572951283e-09,0.10484566300874576,0.022344057040754706,0.1,3,True,
dose_response,0.1,47,MonotoneLSPIA,0.023421965365383126,4.4364512064022255e-13,0.009671571024227887,0.009671571024227887,,65,True,
dose_response,0.1,47,Penalized monotone B-spline,0.02315558617982868,5.545564008002782e-13,0.039383431954775006,0.0018401130218990147,0.01,11,True,Optimization terminated successfully
dose_response,0.1,47,pyGAM,0.023227589561575036,6.773351879374598e-10,0.10466040100436658,0.01858350494876504,0.001,4,True,
dose_response,0.1,48,MonotoneLSPIA,0.015438914514754098,0.0,0.014855925051961094,0.014855925051961094,,105,True,
dose_response,0.1,48,Penalized monotone B-spline,0.019450714938642946,0.0,0.04255999100860208,0.0017879490042105317,1.0,10,True,Optimization terminated successfully
dose_response,0.1,48,pyGAM,0.019403468477823767,0.0,0.09689235198311508,0.014616882021073252,1.0,3,True,
dose_response,0.1,49,MonotoneLSPIA,0.029430498338021478,0.0,0.016510704008396715,0.016510704008396715,,119,True,
dose_response,0.1,49,Penalized monotone B-spline,0.030701054798776956,0.0,0.042591339035425335,0.0017413170426152647,1.0,9,True,Optimization terminated successfully
dose_response,0.1,49,pyGAM,0.030651408022773042,0.0,0.10457065497757867,0.018857525021303445,1.0,3,True,
dose_response,0.1,50,MonotoneLSPIA,0.016876108553770648,0.0,0.016426193004008383,0.016426193004008383,,120,True,
dose_response,0.1,50,Penalized monotone B-spline,0.02070504431071995,0.0,0.041375986009370536,0.0014717800077050924,1.0,8,True,Optimization terminated successfully
dose_response,0.1,50,pyGAM,0.02033786588656724,0.0,0.09852285397937521,0.01104506297269836,1.0,3,True,
dose_response,0.1,51,MonotoneLSPIA,0.021659522544003797,3.3273384048016694e-13,0.010815189045388252,0.010815189045388252,,71,True,
dose_response,0.1,51,Penalized monotone B-spline,0.02165952252999935,3.3273384048016694e-13,0.04475264000939205,0.0017761309863999486,1e-08,11,True,Optimization terminated successfully
dose_response,0.1,51,pyGAM,0.024766320521022647,7.686151715091856e-10,0.12197277304949239,0.01494044897845015,1.0,2,True,
dose_response,0.1,52,MonotoneLSPIA,0.021616871466942276,0.0,0.013709586986806244,0.013709586986806244,,94,True,
dose_response,0.1,52,Penalized monotone B-spline,0.021085315587426826,0.0,0.04231289803283289,0.002078740973956883,0.01,12,True,Optimization terminated successfully
dose_response,0.1,52,pyGAM,0.017139011464908198,0.0,0.09736565599450842,0.014668876014184207,0.1,2,True,
dose_response,0.1,53,MonotoneLSPIA,0.018964333786735545,0.0,0.01540212199324742,0.01540212199324742,,108,True,
dose_response,0.1,53,Penalized monotone B-spline,0.018772219972075257,0.0,0.042162619007285684,0.0019656880176626146,0.01,12,True,Optimization terminated successfully
dose_response,0.1,53,pyGAM,0.018535937586392187,7.304616911340454e-10,0.11467305896803737,0.01827309001237154,1.0,3,True,
dose_response,0.1,54,MonotoneLSPIA,0.037929649385419414,3.3273384048016694e-13,0.011942258046474308,0.011942258046474308,,84,True,
dose_response,0.1,54,Penalized monotone B-spline,0.03695596041877601,0.0,0.04448198701720685,0.0021548100048676133,1.0,13,True,Optimization terminated successfully
dose_response,0.1,54,pyGAM,0.03710158671909184,2.3646284930123863e-09,0.10828826000215486,0.0187421630253084,0.001,4,True,
dose_response,0.1,55,MonotoneLSPIA,0.019841236889445227,6.931955010003321e-15,0.009964897006284446,0.009964897006284446,,68,True,
dose_response,0.1,55,Penalized monotone B-spline,0.021981949784137735,0.0,0.04125520400702953,0.0019022229826077819,1.0,10,True,Optimization terminated successfully
dose_response,0.1,55,pyGAM,0.019731322048066303,3.554706529129734e-10,0.10797652101609856,0.018223189981654286,0.1,3,True,
dose_response,0.1,56,MonotoneLSPIA,0.02201371493029242,0.0,0.013984758988954127,0.013984758988954127,,102,True,
dose_response,0.1,56,Penalized monotone B-spline,0.023103600730464222,0.0,0.04155168100260198,0.0017422710079699755,1.0,10,True,Optimization terminated successfully
dose_response,0.1,56,pyGAM,0.020374177295248763,0.0,0.09598528797505423,0.014735069999005646,0.1,2,True,
dose_response,0.1,57,MonotoneLSPIA,0.022979382991283163,4.4364512064022255e-13,0.00988855300238356,0.00988855300238356,,68,True,
dose_response,0.1,57,Penalized monotone B-spline,0.026753039175141807,4.4364512064022255e-13,0.038005802023690194,0.001643545983824879,1.0,8,True,Optimization terminated successfully
dose_response,0.1,57,pyGAM,0.026738515076533142,9.119125454758764e-10,0.11571569199441001,0.014702551008667797,1.0,3,True,
dose_response,0.1,58,MonotoneLSPIA,0.02918046200733301,0.0,0.015815744001884013,0.015815744001884013,,114,True,
dose_response,0.1,58,Penalized monotone B-spline,0.030621845410096334,0.0,0.042865885014180094,0.002006252994760871,1.0,11,True,Optimization terminated successfully
dose_response,0.1,58,pyGAM,0.030667113023844724,0.0,0.10791230696486309,0.018607145990245044,1.0,3,True,
dose_response,0.1,59,MonotoneLSPIA,0.024042598475568704,4.4364512064022255e-13,0.008989445981569588,0.008989445981569588,,59,True,
dose_response,0.1,59,Penalized monotone B-spline,0.02731711695770368,2.2182256032011127e-13,0.042072486015968025,0.0019049490219913423,1.0,10,True,Optimization terminated successfully
dose_response,0.1,59,pyGAM,0.02397201182826355,1.7253358741698255e-09,0.11212150403298438,0.02322786598233506,0.1,2,True,
dose_response,0.1,60,MonotoneLSPIA,0.03210298274825272,3.3273384048016694e-13,0.009916095004882663,0.009916095004882663,,60,True,
dose_response,0.1,60,Penalized monotone B-spline,0.03522436312500629,4.436451206401733e-13,0.0391975530073978,0.0016615429776720703,1.0,9,True,Optimization terminated successfully
dose_response,0.1,60,pyGAM,0.035241233188854845,2.967985857083089e-09,0.11003891995642334,0.01863346202298999,1.0,2,True,
dose_response,0.1,61,MonotoneLSPIA,0.02631264923671044,0.0,0.01491611503297463,0.01491611503297463,,105,True,
dose_response,0.1,61,Penalized monotone B-spline,0.02631264550312116,0.0,0.04085037700133398,0.0017214539693668485,1e-08,9,True,Optimization terminated successfully
dose_response,0.1,61,pyGAM,0.024076814678982095,0.0,0.10429922101320699,0.014580985007341951,1.0,2,True,
dose_response,0.1,62,MonotoneLSPIA,0.027331990583913664,4.4364512064022255e-13,0.010286590026225895,0.010286590026225895,,71,True,
dose_response,0.1,62,Penalized monotone B-spline,0.027331969144169493,4.4364512064022255e-13,0.04043043003184721,0.001816709991544485,1e-08,11,True,Optimization terminated successfully
dose_response,0.1,62,pyGAM,0.025549745429507966,1.1001289879074699e-09,0.1042872240068391,0.018341297982260585,0.1,2,True,
dose_response,0.1,63,MonotoneLSPIA,0.01680898130035147,4.4364512064022255e-13,0.009459656022954732,0.009459656022954732,,62,True,
dose_response,0.1,63,Penalized monotone B-spline,0.0165098813928626,3.3273384048016694e-13,0.038850771030411124,0.001632862025871873,0.01,8,True,Optimization terminated successfully
dose_response,0.1,63,pyGAM,0.014777050444200416,0.0,0.10491093201562762,0.014992326032370329,1.0,2,True,
dose_response,0.1,64,MonotoneLSPIA,0.017586522054085087,4.4364512064022255e-13,0.00951110600726679,0.00951110600726679,,65,True,
dose_response,0.1,64,Penalized monotone B-spline,0.022328421163718144,3.3273384048016694e-13,0.03819737897720188,0.0017935220384970307,1.0,10,True,Optimization terminated successfully
dose_response,0.1,64,pyGAM,0.022332717685178506,1.8115139388541886e-09,0.10849728604080155,0.014639775967225432,1.0,3,True,
dose_response,0.1,65,MonotoneLSPIA,0.03622827467321611,6.654676809603339e-13,0.007357933034654707,0.007357933034654707,,47,True,
dose_response,0.1,65,Penalized monotone B-spline,0.03617617777277179,4.4364512064022255e-13,0.03848937700968236,0.0017954350332729518,0.01,11,True,Optimization terminated successfully
dose_response,0.1,65,pyGAM,0.03515502215221406,6.856535339494639e-10,0.12348260299768299,0.018123832007404417,0.1,3,True,
dose_response,0.1,66,MonotoneLSPIA,0.023206355148558146,3.3273384048016694e-13,0.012860218994319439,0.012860218994319439,,92,True,
dose_response,0.1,66,Penalized monotone B-spline,0.0279768663631135,3.3273384048016694e-13,0.0398383199935779,0.001851495006121695,1.0,11,True,Optimization terminated successfully
dose_response,0.1,66,pyGAM,0.02798089485050266,9.773502007704104e-10,0.10393875098088756,0.014381052984390408,1.0,2,True,
dose_response,0.1,67,MonotoneLSPIA,0.025069496134312644,0.0,0.01692342502065003,0.01692342502065003,,123,True,
dose_response,0.1,67,Penalized monotone B-spline,0.02488393768024093,0.0,0.04137197101954371,0.0018432549550198019,0.01,10,True,Optimization terminated successfully
dose_response,0.1,67,pyGAM,0.02510663949246117,0.0,0.10824337502708659,0.014928389980923384,1.0,2,True,
dose_response,0.1,68,MonotoneLSPIA,0.021003193359258297,4.4364512064022255e-13,0.010315198975149542,0.010315198975149542,,70,True,
dose_response,0.1,68,Penalized monotone B-spline,0.02020680961191425,3.3273384048016694e-13,0.03606025502085686,0.001739397004712373,0.01,11,True,Optimization terminated successfully
dose_response,0.1,68,pyGAM,0.01593262841491379,3.859047081888548e-09,0.10790974803967401,0.01458259200444445,0.1,2,True,
dose_response,0.1,69,MonotoneLSPIA,0.042404170729940724,0.0,0.0143136540427804,0.0143136540427804,,100,True,
dose_response,0.1,69,Penalized monotone B-spline,0.04428517070189715,0.0,0.04141748900292441,0.0016068060067482293,1.0,8,True,Optimization terminated successfully
dose_response,0.1,69,pyGAM,0.04437146532895863,0.0,0.09186216304078698,0.014624984003603458,1.0,2,True,
dose_response,0.1,70,MonotoneLSPIA,0.01988138818401269,0.0,0.014121313986834139,0.014121313986834139,,96,True,
dose_response,0.1,70,Penalized monotone B-spline,0.015783111631774895,0.0,0.04007292096503079,0.0020258790464140475,1.0,11,True,Optimization terminated successfully
dose_response,0.1,70,pyGAM,0.015967122781782184,0.0,0.10544818098424003,0.014706258021760732,0.1,2,True,
dose_response,0.1,71,MonotoneLSPIA,0.02199647658451883,4.436451206401733e-13,0.013628421991597861,0.013628421991597861,,98,True,
dose_response,0.1,71,Penalized monotone B-spline,0.021996460816426373,2.2182256032011127e-13,0.03953423199709505,0.0019243989954702556,1e-08,12,True,Optimization terminated successfully
dose_response,0.1,71,pyGAM,0.019573735837367157,5.088609533743353e-10,0.10836321604438126,0.01842798397410661,0.1,2,True,
dose_response,0.1,72,MonotoneLSPIA,0.025945878223871538,0.0,0.014204281964339316,0.014204281964339316,,103,True,
dose_response,0.1,72,Penalized monotone B-spline,0.030439608685667086,0.0,0.0438937220023945,0.0020033069886267185,1.0,12,True,Optimization terminated successfully
dose_response,0.1,72,pyGAM,0.03059527424383355,0.0,0.10726688598515466,0.014952033990994096,1.0,2,True,
dose_response,0.1,73,MonotoneLSPIA,0.02337731825503103,5.545564008002782e-13,0.00878686597570777,0.00878686597570777,,56,True,
dose_response,0.1,73,Penalized monotone B-spline,0.0231004479368271,4.4364512064022255e-13,0.037693199003115296,0.001702548994217068,0.01,11,True,Optimization terminated successfully
dose_response,0.1,73,pyGAM,0.023505043283428072,2.2154528211971115e-09,0.11842255695955828,0.02691932604648173,0.001,6,True,
dose_response,0.1,74,MonotoneLSPIA,0.021020803026189045,3.3273384048016694e-13,0.008336361031979322,0.008336361031979322,,53,True,
dose_response,0.1,74,Penalized monotone B-spline,0.020482538590172003,4.4364512064022255e-13,0.03955089801456779,0.0013850479735992849,0.01,7,True,Optimization terminated successfully
dose_response,0.1,74,pyGAM,0.020217105094507058,1.0889269486114263e-09,0.11270303599303588,0.018774273979943246,0.01,2,True,
dose_response,0.1,75,MonotoneLSPIA,0.021191179577285755,0.0,0.015881259052548558,0.015881259052548558,,116,True,
dose_response,0.1,75,Penalized monotone B-spline,0.02100898633978583,0.0,0.04121088999090716,0.002174686989746988,0.01,12,True,Optimization terminated successfully
dose_response,0.1,75,pyGAM,0.021382436086264587,0.0,0.10462673200527206,0.014387112983968109,1.0,2,True,
dose_response,0.1,76,MonotoneLSPIA,0.014680926254410908,4.4364512064022255e-13,0.010524327983148396,0.010524327983148396,,73,True,
dose_response,0.1,76,Penalized monotone B-spline,0.018110731524030782,0.0,0.04000825202092528,0.0017815199680626392,1.0,9,True,Optimization terminated successfully
dose_response,0.1,76,pyGAM,0.018160673327247388,0.0,0.11155052797403187,0.01450350001687184,1.0,3,True,
dose_response,0.1,77,MonotoneLSPIA,0.0258468852977326,0.0,0.012699402053840458,0.012699402053840458,,90,True,
dose_response,0.1,77,Penalized monotone B-spline,0.02700691315793908,0.0,0.04067894502077252,0.0019137180061079562,1.0,11,True,Optimization terminated successfully
dose_response,0.1,77,pyGAM,0.02692032134902203,0.0,0.09980843198718503,0.014861512987408787,1.0,3,True,
dose_response,0.1,78,MonotoneLSPIA,0.014322350930010701,0.0,0.014390016032848507,0.014390016032848507,,105,True,
dose_response,0.1,78,Penalized monotone B-spline,0.018832260729532643,0.0,0.039942479983437806,0.0017216239939443767,1.0,9,True,Optimization terminated successfully
dose_response,0.1,78,pyGAM,0.018790186067672444,0.0,0.10055073403054848,0.014607529970817268,1.0,3,True,
dose_response,0.1,79,MonotoneLSPIA,0.025291936399044562,0.0,0.01638546900358051,0.01638546900358051,,116,True,
dose_response,0.1,79,Penalized monotone B-spline,0.028962976472980958,0.0,0.04404895898187533,0.0018737239879556,1.0,10,True,Optimization terminated successfully
dose_response,0.1,79,pyGAM,0.02901996017839059,0.0,0.10194218100514263,0.014644392009358853,1.0,2,True,
dose_response,0.1,80,MonotoneLSPIA,0.015519834753887997,3.3273384048016694e-13,0.009248090034816414,0.009248090034816414,,62,True,
dose_response,0.1,80,Penalized monotone B-spline,0.01886952444127948,4.4364512064022255e-13,0.040046972048003227,0.0017943349666893482,1.0,10,True,Optimization terminated successfully
dose_response,0.1,80,pyGAM,0.01893650936908445,2.4469246628911473e-09,0.1125842549954541,0.018430836964398623,1.0,2,True,
dose_response,0.1,81,MonotoneLSPIA,0.02630353650140174,0.0,0.015011085954029113,0.015011085954029113,,110,True,
dose_response,0.1,81,Penalized monotone B-spline,0.025966860329121502,0.0,0.041076446999795735,0.0019276050152257085,0.01,12,True,Optimization terminated successfully
dose_response,0.1,81,pyGAM,0.023630228934250617,0.0,0.11157496698433533,0.014384313020855188,0.1,2,True,
dose_response,0.1,82,MonotoneLSPIA,0.021577470643183067,4.436451206401733e-13,0.007519370992667973,0.007519370992667973,,48,True,
dose_response,0.1,82,Penalized monotone B-spline,0.017998837616433148,4.436451206401733e-13,0.03504370298469439,0.001488520996645093,1.0,8,True,Optimization terminated successfully
dose_response,0.1,82,pyGAM,0.01953165180349879,1.466025301155595e-09,0.10740496701328084,0.018647158984094858,0.1,2,True,
dose_response,0.1,83,MonotoneLSPIA,0.016441641232967708,4.4364512064022255e-13,0.013842110987752676,0.013842110987752676,,91,True,
dose_response,0.1,83,Penalized monotone B-spline,0.017528721651930566,4.4364512064022255e-13,0.03985212102998048,0.0017563420115038753,1.0,10,True,Optimization terminated successfully
dose_response,0.1,83,pyGAM,0.017527874229440132,1.8460073469837613e-09,0.11229645600542426,0.014669060008600354,1.0,3,True,
dose_response,0.1,84,MonotoneLSPIA,0.019119447337270865,3.3273384048016694e-13,0.012672119948547333,0.012672119948547333,,88,True,
dose_response,0.1,84,Penalized monotone B-spline,0.019135556410044365,3.3273384048016694e-13,0.04113412299193442,0.001928510027937591,0.01,12,True,Optimization terminated successfully
dose_response,0.1,84,pyGAM,0.019407573657938278,1.7189030199203515e-09,0.10891632497077808,0.018551815999671817,0.1,2,True,
dose_response,0.1,85,MonotoneLSPIA,0.03538858912502883,4.4364512064022255e-13,0.010573576029855758,0.010573576029855758,,74,True,
dose_response,0.1,85,Penalized monotone B-spline,0.0369295967856497,3.3273384048016694e-13,0.04106074699666351,0.0020027990103699267,1.0,11,True,Optimization terminated successfully
dose_response,0.1,85,pyGAM,0.036128241375649565,2.3256986336762068e-09,0.10967155895195901,0.018272965971846133,1.0,3,True,
dose_response,0.1,86,MonotoneLSPIA,0.02309415539278883,3.3273384048016694e-13,0.009084791992790997,0.009084791992790997,,61,True,
dose_response,0.1,86,Penalized monotone B-spline,0.023526790263449927,0.0,0.0397027600556612,0.0016672950005158782,1.0,9,True,Optimization terminated successfully
dose_response,0.1,86,pyGAM,0.02232705627800499,1.692617046522609e-09,0.11177903501084074,0.0186613830155693,0.1,2,True,
dose_response,0.1,87,MonotoneLSPIA,0.03454006156290817,0.0,0.014375071972608566,0.014375071972608566,,105,True,
dose_response,0.1,87,Penalized monotone B-spline,0.035729753694019074,0.0,0.04075257998192683,0.0015784819843247533,1.0,8,True,Optimization terminated successfully
dose_response,0.1,87,pyGAM,0.03555335788879943,0.0,0.10017117002280429,0.014538584044203162,1.0,2,True,
dose_response,0.1,88,MonotoneLSPIA,0.02562858666877644,3.3273384048016694e-13,0.009870660025626421,0.009870660025626421,,66,True,
dose_response,0.1,88,Penalized monotone B-spline,0.025610931174088032,4.4364512064022255e-13,0.04132631100947037,0.0017760229529812932,0.01,10,True,Optimization terminated successfully
dose_response,0.1,88,pyGAM,0.025008241309381417,9.631535569099232e-10,0.10849833500105888,0.018224833998829126,0.1,3,True,
dose_response,0.1,89,MonotoneLSPIA,0.021342089062159588,0.0,0.011322474980261177,0.011322474980261177,,79,True,
dose_response,0.1,89,Penalized monotone B-spline,0.021060870572091366,0.0,0.042991455004084855,0.001981331966817379,0.01,13,True,Optimization terminated successfully
dose_response,0.1,89,pyGAM,0.014683912007211624,0.0,0.09738221898442134,0.014488503977190703,1.0,2,True,
dose_response,0.1,90,MonotoneLSPIA,0.027662723920405325,0.0,0.015058533987030387,0.015058533987030387,,109,True,
dose_response,0.1,90,Penalized monotone B-spline,0.02862881226633656,0.0,0.042121630045585334,0.0017340549966320395,1.0,9,True,Optimization terminated successfully
dose_response,0.1,90,pyGAM,0.02821817893277241,0.0,0.10507446998963133,0.014707939000800252,1.0,3,True,
dose_response,0.1,91,MonotoneLSPIA,0.02106403229363321,0.0,0.014508320018649101,0.014508320018649101,,100,True,
dose_response,0.1,91,Penalized monotone B-spline,0.02106403270278509,0.0,0.03970412100898102,0.0019478510366752744,1e-08,12,True,Optimization terminated successfully
dose_response,0.1,91,pyGAM,0.02340406432880966,0.0,0.11436163901817054,0.0148364839842543,1.0,3,True,
dose_response,0.1,92,MonotoneLSPIA,0.021833883094899077,0.0,0.013086087012197822,0.013086087012197822,,89,True,
dose_response,0.1,92,Penalized monotone B-spline,0.02183388249200623,0.0,0.0390559239895083,0.0017478499794378877,1e-08,9,True,Optimization terminated successfully
dose_response,0.1,92,pyGAM,0.02179820579780691,0.0,0.10604354197857901,0.018580051022581756,0.01,2,True,
dose_response,0.1,93,MonotoneLSPIA,0.02347264500783463,4.4364512064022255e-13,0.007085579039994627,0.007085579039994627,,45,True,
dose_response,0.1,93,Penalized monotone B-spline,0.02347219034209522,4.4364512064022255e-13,0.038982285012025386,0.001835760020185262,0.0001,12,True,Optimization terminated successfully
dose_response,0.1,93,pyGAM,0.023413628179438685,1.0155036811454414e-09,0.11645340599352494,0.023041684995405376,0.01,2,True,
dose_response,0.1,94,MonotoneLSPIA,0.031123828391503437,0.0,0.011951039952691644,0.011951039952691644,,82,True,
dose_response,0.1,94,Penalized monotone B-spline,0.031123792370195556,0.0,0.03999581700190902,0.002050613984465599,1e-08,13,True,Optimization terminated successfully
dose_response,0.1,94,pyGAM,0.02804575357033461,0.0,0.11728989100083709,0.014872546016704291,0.1,2,True,
dose_response,0.1,95,MonotoneLSPIA,0.017063193373054987,0.0,0.01138253096723929,0.01138253096723929,,79,True,
dose_response,0.1,95,Penalized monotone B-spline,0.020957200251019326,0.0,0.04428461397765204,0.0020375020103529096,1.0,12,True,Optimization terminated successfully
dose_response,0.1,95,pyGAM,0.020918553336085974,0.0,0.10595391399692744,0.018405465001706034,1.0,2,True,
dose_response,0.1,96,MonotoneLSPIA,0.03090317813327039,0.0,0.012931016040965915,0.012931016040965915,,90,True,
dose_response,0.1,96,Penalized monotone B-spline,0.03209975895461274,0.0,0.040243235998786986,0.0018112299731001258,1.0,10,True,Optimization terminated successfully
dose_response,0.1,96,pyGAM,0.03206215743926734,0.0,0.10912283702054992,0.014789879031013697,1.0,4,True,
dose_response,0.1,97,MonotoneLSPIA,0.028053247051120753,0.0,0.015152114967349917,0.015152114967349917,,106,True,
dose_response,0.1,97,Penalized monotone B-spline,0.028070857481759394,0.0,0.04141445399727672,0.0019307140028104186,0.01,12,True,Optimization terminated successfully
dose_response,0.1,97,pyGAM,0.027905746466144146,0.0,0.10870810999767855,0.014934983046259731,0.1,3,True,
dose_response,0.1,98,MonotoneLSPIA,0.020668458979354636,0.0,0.013183814007788897,0.013183814007788897,,94,True,
dose_response,0.1,98,Penalized monotone B-spline,0.02400599923598069,0.0,0.04008184204576537,0.0016936389729380608,1.0,9,True,Optimization terminated successfully
dose_response,0.1,98,pyGAM,0.023639006971160968,0.0,0.10427327698562294,0.014787245017942041,1.0,3,True,
dose_response,0.1,99,MonotoneLSPIA,0.02312976502674267,3.3273384048016694e-13,0.009881313017103821,0.009881313017103821,,65,True,
dose_response,0.1,99,Penalized monotone B-spline,0.02291498970569069,3.3273384048016694e-13,0.04014638997614384,0.0016306639881804585,0.01,8,True,Optimization terminated successfully
dose_response,0.1,99,pyGAM,0.021450551446533336,1.3928238562499787e-09,0.10326839896151796,0.018856742011848837,0.01,2,True,
dose_response,0.1,100,MonotoneLSPIA,0.013211233444243782,5.545564008002782e-13,0.011949253967031837,0.011949253967031837,,84,True,
dose_response,0.1,100,Penalized monotone B-spline,0.01648764605544858,4.4364512064022255e-13,0.041781493986491114,0.0018574619898572564,1.0,10,True,Optimization terminated successfully
dose_response,0.1,100,pyGAM,0.016497886840639936,1.7000481022931442e-09,0.10510828800033778,0.014749363996088505,1.0,3,True,
cdf_plateau,0.02,1,MonotoneLSPIA,0.010984603773277257,4.159173006001971e-14,0.009761711989995092,0.009761711989995092,,51,True,
cdf_plateau,0.02,1,Penalized monotone B-spline,0.011003943422502096,4.159173006001971e-14,0.040862757014110684,0.0021911769872531295,0.01,10,True,Optimization terminated successfully
cdf_plateau,0.02,1,pyGAM,0.010970751501162654,4.944424869535281e-10,0.13658590300474316,0.02595772797940299,0.01,2,True,
cdf_plateau,0.02,2,MonotoneLSPIA,0.011123010649764346,4.4364512064022255e-13,0.007231016003061086,0.007231016003061086,,45,True,
cdf_plateau,0.02,2,Penalized monotone B-spline,0.011112040226739369,4.436451206401733e-13,0.03416011400986463,0.001603835029527545,0.01,9,True,Optimization terminated successfully
cdf_plateau,0.02,2,pyGAM,0.011094316968999375,6.585357259503304e-10,0.1287348289624788,0.022718671010807157,0.01,2,True,
cdf_plateau,0.02,3,MonotoneLSPIA,0.011675207605046001,5.545564008002782e-13,0.008188606996554881,0.008188606996554881,,53,True,
cdf_plateau,0.02,3,Penalized monotone B-spline,0.011675197741220307,3.3273384048016694e-13,0.03520025301259011,0.001489644986577332,1e-08,9,True,Optimization terminated successfully
cdf_plateau,0.02,3,pyGAM,0.011733063409391196,7.470983831581348e-10,0.12857956503285095,0.02236550801899284,0.01,2,True,
cdf_plateau,0.02,4,MonotoneLSPIA,0.010344050777349623,4.4364512064022255e-13,0.006524829019326717,0.006524829019326717,,41,True,
cdf_plateau,0.02,4,Penalized monotone B-spline,0.010344079528823867,3.3273384048016694e-13,0.03710345702711493,0.001701593049801886,1e-08,10,True,Optimization terminated successfully
cdf_plateau,0.02,4,pyGAM,0.010314353556760386,5.703058025830061e-10,0.13561529701109976,0.02209937496809289,0.001,5,True,
cdf_plateau,0.02,5,MonotoneLSPIA,0.010831460960614398,0.0,0.012054478982463479,0.012054478982463479,,84,True,
cdf_plateau,0.02,5,Penalized monotone B-spline,0.010831456196594891,0.0,0.037918355024885386,0.0019870189717039466,1e-08,12,True,Optimization terminated successfully
cdf_plateau,0.02,5,pyGAM,0.011057245666056965,0.0,0.12084804696496576,0.01865596801508218,0.01,3,True,
cdf_plateau,0.02,6,MonotoneLSPIA,0.010852151873063825,3.3273384048016694e-13,0.007875668990891427,0.007875668990891427,,52,True,
cdf_plateau,0.02,6,Penalized monotone B-spline,0.010853137124467064,3.3273384048016694e-13,0.036967389984056354,0.0015666609979234636,0.01,9,True,Optimization terminated successfully
cdf_plateau,0.02,6,pyGAM,0.010851269164236095,3.604616605201808e-10,0.12023317196872085,0.01855614600935951,0.01,2,True,
cdf_plateau,0.02,7,MonotoneLSPIA,0.010277285018561368,3.3273384048016694e-13,0.009460344968829304,0.009460344968829304,,63,True,
cdf_plateau,0.02,7,Penalized monotone B-spline,0.010277281617281574,3.3273384048016694e-13,0.035709809977561235,0.0016365369665436447,1e-08,10,True,Optimization terminated successfully
cdf_plateau,0.02,7,pyGAM,0.01029420474523109,3.552488303526582e-10,0.12815471598878503,0.02225670701591298,0.01,2,True,
cdf_plateau,0.02,8,MonotoneLSPIA,0.010443977941391425,3.3273384048016694e-13,0.008208384970203042,0.008208384970203042,,52,True,
cdf_plateau,0.02,8,Penalized monotone B-spline,0.010443977486324692,3.3273384048016694e-13,0.03534211096120998,0.0016754260286688805,1e-08,10,True,Optimization terminated successfully
cdf_plateau,0.02,8,pyGAM,0.01046421639092382,6.247077855015047e-10,0.12298713898053393,0.025861861009616405,0.01,2,True,
cdf_plateau,0.02,9,MonotoneLSPIA,0.01073695944983132,3.3273384048016694e-13,0.005660905968397856,0.005660905968397856,,35,True,
cdf_plateau,0.02,9,Penalized monotone B-spline,0.010736947802952439,3.3273384048016694e-13,0.03602454700740054,0.00175717897946015,1e-08,10,True,Optimization terminated successfully
cdf_plateau,0.02,9,pyGAM,0.010671068803516122,6.442836264497632e-10,0.12774421396898106,0.022130180965177715,0.001,5,True,
cdf_plateau,0.02,10,MonotoneLSPIA,0.01054038132543437,3.3273384048016694e-13,0.0056610809988342226,0.0056610809988342226,,34,True,
cdf_plateau,0.02,10,Penalized monotone B-spline,0.010540375311011959,4.4364512064022255e-13,0.03553908399771899,0.0014161269646137953,1e-08,8,True,Optimization terminated successfully
cdf_plateau,0.02,10,pyGAM,0.010553971172063921,8.156415542970492e-10,0.13070795102976263,0.025971378025133163,0.01,2,True,
cdf_plateau,0.02,11,MonotoneLSPIA,0.01086748372997586,3.3273384048016694e-13,0.010621706023812294,0.010621706023812294,,73,True,
cdf_plateau,0.02,11,Penalized monotone B-spline,0.010867483621852707,4.436451206401733e-13,0.03906362195266411,0.0017345249652862549,1e-08,10,True,Optimization terminated successfully
cdf_plateau,0.02,11,pyGAM,0.010790443872780088,1.0898142388527067e-09,0.13964668900007382,0.01837683899793774,0.01,4,True,
cdf_plateau,0.02,12,MonotoneLSPIA,0.011166541150973682,0.0,0.011081601958721876,0.011081601958721876,,76,True,
cdf_plateau,0.02,12,Penalized monotone B-spline,0.011166545401732243,0.0,0.04017555603059009,0.0019456439767964184,1e-08,12,True,Optimization terminated successfully
cdf_plateau,0.02,12,pyGAM,0.011105036593222024,0.0,0.12724533100845292,0.022317547991406173,0.01,2,True,
cdf_plateau,0.02,13,MonotoneLSPIA,0.011005191062498296,2.7727820040013524e-14,0.01045639900257811,0.01045639900257811,,73,True,
cdf_plateau,0.02,13,Penalized monotone B-spline,0.01100518614528714,2.7727820040013524e-14,0.03459087002556771,0.0014971480122767389,1e-08,8,True,Optimization terminated successfully
cdf_plateau,0.02,13,pyGAM,0.011066882288470485,4.409277942762951e-10,0.12077117100125179,0.019197348039597273,0.01,2,True,
cdf_plateau,0.02,14,MonotoneLSPIA,0.010992198533604518,3.3273384048016694e-13,0.004774466040544212,0.004774466040544212,,28,True,
cdf_plateau,0.02,14,Penalized monotone B-spline,0.010992062242820722,4.4364512064022255e-13,0.03464019700186327,0.0013364710030145943,0.0001,7,True,Optimization terminated successfully
cdf_plateau,0.02,14,pyGAM,0.010977657692605107,7.000720003702712e-10,0.1176483110175468,0.02293251099763438,0.01,2,True,
cdf_plateau,0.02,15,MonotoneLSPIA,0.011127149239246095,3.3273384048016694e-13,0.007586724997963756,0.007586724997963756,,50,True,
cdf_plateau,0.02,15,Penalized monotone B-spline,0.01112990364297439,3.3273384048016694e-13,0.035199803998693824,0.0015238070045597851,0.01,8,True,Optimization terminated successfully
cdf_plateau,0.02,15,pyGAM,0.011124910305908928,5.963699534206192e-10,0.12413051002658904,0.018671953992452472,0.01,2,True,
cdf_plateau,0.02,16,MonotoneLSPIA,0.01076862479749733,4.436451206401733e-13,0.005982206028420478,0.005982206028420478,,35,True,
cdf_plateau,0.02,16,Penalized monotone B-spline,0.010768614924399395,3.3273384048016694e-13,0.037481671024579555,0.0015671909786760807,1e-08,9,True,Optimization terminated successfully
cdf_plateau,0.02,16,pyGAM,0.010765845597863139,4.2667569477573404e-10,0.1331973240012303,0.025768933002837002,0.001,6,True,
cdf_plateau,0.02,17,MonotoneLSPIA,0.010363844723534198,4.4364512064022255e-13,0.007464503985829651,0.007464503985829651,,48,True,
cdf_plateau,0.02,17,Penalized monotone B-spline,0.0103638324288332,4.4364512064022255e-13,0.03732987801777199,0.0016078309854492545,1e-08,9,True,Optimization terminated successfully
cdf_plateau,0.02,17,pyGAM,0.010333859907048121,4.493015959283854e-10,0.13172447099350393,0.026874631003011018,0.01,2,True,
cdf_plateau,0.02,18,MonotoneLSPIA,0.010537112510301056,4.4364512064022255e-13,0.004656010947655886,0.004656010947655886,,26,True,
cdf_plateau,0.02,18,Penalized monotone B-spline,0.010537112575334094,3.3273384048016694e-13,0.033315633016172796,0.0013308299821801484,1e-08,7,True,Optimization terminated successfully
cdf_plateau,0.02,18,pyGAM,0.010504767452843,4.692101707171153e-10,0.11626028001774102,0.022460249019786716,0.01,2,True,
cdf_plateau,0.02,19,MonotoneLSPIA,0.010215254018160666,3.3273384048016694e-13,0.00539072701940313,0.00539072701940313,,32,True,
cdf_plateau,0.02,19,Penalized monotone B-spline,0.010226431623863844,3.3273384048013003e-13,0.0326757850125432,0.0012497950228862464,0.01,6,True,Optimization terminated successfully
cdf_plateau,0.02,19,pyGAM,0.010229302804865247,1.0040798192889559e-09,0.12102692201733589,0.02216570096788928,0.01,2,True,
cdf_plateau,0.02,20,MonotoneLSPIA,0.010371319674666132,3.3273384048016694e-13,0.008370149997062981,0.008370149997062981,,54,True,
cdf_plateau,0.02,20,Penalized monotone B-spline,0.010371324156949968,3.3273384048016694e-13,0.03228238597512245,0.0015166819794103503,1e-08,8,True,Optimization terminated successfully
cdf_plateau,0.02,20,pyGAM,0.010402927000570121,3.002368353932373e-10,0.12110884697176516,0.01856607000809163,0.01,2,True,
cdf_plateau,0.02,21,MonotoneLSPIA,0.010412653022059995,4.159173006001993e-14,0.010534937027841806,0.010534937027841806,,72,True,
cdf_plateau,0.02,21,Penalized monotone B-spline,0.01041267517325801,2.7727820040013524e-14,0.032200603978708386,0.001522896985989064,1e-08,8,True,Optimization terminated successfully
cdf_plateau,0.02,21,pyGAM,0.010421944745540566,4.671583120341414e-10,0.12451061903266236,0.018449476978275925,0.01,2,True,
cdf_plateau,0.02,22,MonotoneLSPIA,0.010640880337420777,4.4364512064022255e-13,0.005249482986982912,0.005249482986982912,,31,True,
cdf_plateau,0.02,22,Penalized monotone B-spline,0.010640880563743288,3.3273384048016694e-13,0.032977261987980455,0.0013169239973649383,1e-08,7,True,Optimization terminated successfully
cdf_plateau,0.02,22,pyGAM,0.010637601913413937,4.509098094907062e-10,0.1263382009929046,0.022319120995234698,0.01,2,True,
cdf_plateau,0.02,23,MonotoneLSPIA,0.011047198389144057,3.3273384048016694e-13,0.010782952012959868,0.010782952012959868,,71,True,
cdf_plateau,0.02,23,Penalized monotone B-spline,0.011047198706462036,3.3273384048016694e-13,0.03801095800008625,0.0019939079647883773,1e-08,12,True,Optimization terminated successfully
cdf_plateau,0.02,23,pyGAM,0.010857813961503798,1.8633095066889346e-10,0.12869516998762265,0.018629862985108048,0.01,2,True,
cdf_plateau,0.02,24,MonotoneLSPIA,0.011405189163392374,3.3273384048016694e-13,0.007806943962350488,0.007806943962350488,,51,True,
cdf_plateau,0.02,24,Penalized monotone B-spline,0.011405190648732725,3.3273384048016694e-13,0.03572145098587498,0.0014208279899321496,1e-08,8,True,Optimization terminated successfully
cdf_plateau,0.02,24,pyGAM,0.011374194607184869,6.671313501627346e-10,0.13571291498374194,0.02242658397881314,0.01,2,True,
cdf_plateau,0.02,25,MonotoneLSPIA,0.010844975741358289,0.0,0.010938171006273478,0.010938171006273478,,74,True,
cdf_plateau,0.02,25,Penalized monotone B-spline,0.010844975478693739,0.0,0.03563872497761622,0.0016094009624794126,1e-08,9,True,Optimization terminated successfully
cdf_plateau,0.02,25,pyGAM,0.010864284345933681,0.0,0.12860940000973642,0.015300515049602836,0.01,2,True,
cdf_plateau,0.02,26,MonotoneLSPIA,0.01083263529260991,3.3273384048013003e-13,0.009452656959183514,0.009452656959183514,,64,True,
cdf_plateau,0.02,26,Penalized monotone B-spline,0.010832635802047045,2.2182256032011127e-13,0.03863581904442981,0.0018314539920538664,1e-08,11,True,Optimization terminated successfully
cdf_plateau,0.02,26,pyGAM,0.010817790673742328,5.432434502239525e-10,0.12246205995324999,0.022722658002749085,0.01,2,True,
cdf_plateau,0.02,27,MonotoneLSPIA,0.0106492168539663,2.7727820040013332e-14,0.009517292957752943,0.009517292957752943,,65,True,
cdf_plateau,0.02,27,Penalized monotone B-spline,0.0106661890865195,2.7727820040013524e-14,0.03658073296537623,0.0016445739893242717,0.01,10,True,Optimization terminated successfully
cdf_plateau,0.02,27,pyGAM,0.010661313655133713,2.435057155913988e-10,0.12509988900274038,0.02248822001274675,0.01,2,True,
cdf_plateau,0.02,28,MonotoneLSPIA,0.011405795862020894,0.0,0.013773185026366264,0.013773185026366264,,97,True,
cdf_plateau,0.02,28,Penalized monotone B-spline,0.011405838450549483,0.0,0.03541211498668417,0.001674518978688866,1e-08,10,True,Optimization terminated successfully
cdf_plateau,0.02,28,pyGAM,0.01139006237547963,0.0,0.12738732498837635,0.01853885396849364,0.01,2,True,
cdf_plateau,0.02,29,MonotoneLSPIA,0.010424499765426587,3.3273384048016694e-13,0.007580979028716683,0.007580979028716683,,48,True,
cdf_plateau,0.02,29,Penalized monotone B-spline,0.010424509282397682,3.3273384048016694e-13,0.03723113698652014,0.0018097000429406762,1e-08,11,True,Optimization terminated successfully
cdf_plateau,0.02,29,pyGAM,0.010426449488279676,2.4489210659340286e-10,0.14168594300281256,0.0182093019830063,0.01,2,True,
cdf_plateau,0.02,30,MonotoneLSPIA,0.010798727503122002,2.772782004001391e-14,0.01031581498682499,0.01031581498682499,,72,True,
cdf_plateau,0.02,30,Penalized monotone B-spline,0.010798902444832469,2.772782004001391e-14,0.037035384972114116,0.001819058961700648,0.0001,11,True,Optimization terminated successfully
cdf_plateau,0.02,30,pyGAM,0.010755516947708607,4.948861320741683e-10,0.12330154498340562,0.01826161000644788,0.01,2,True,
cdf_plateau,0.02,31,MonotoneLSPIA,0.011115391451351946,4.159173006001993e-14,0.007819953025318682,0.007819953025318682,,48,True,
cdf_plateau,0.02,31,Penalized monotone B-spline,0.011137145068881771,4.159173006001993e-14,0.03578587097581476,0.0015510310186073184,0.01,9,True,Optimization terminated successfully
cdf_plateau,0.02,31,pyGAM,0.011105329559922604,3.8702491211851416e-10,0.11993599397828802,0.01855503796832636,0.01,2,True,
cdf_plateau,0.02,32,MonotoneLSPIA,0.011092296416120058,4.159173006001993e-14,0.009263571992050856,0.009263571992050856,,61,True,
cdf_plateau,0.02,32,Penalized monotone B-spline,0.011104112532369585,2.7727820040013524e-14,0.0356891619740054,0.0015945070190355182,0.01,9,True,Optimization terminated successfully
cdf_plateau,0.02,32,pyGAM,0.01109219868669293,3.479286858620897e-10,0.12298941100016236,0.022069628001190722,0.01,2,True,
cdf_plateau,0.02,33,MonotoneLSPIA,0.011661022776805866,4.159173006002087e-14,0.010515489033423364,0.010515489033423364,,73,True,
cdf_plateau,0.02,33,Penalized monotone B-spline,0.01166645662080344,2.772782004001391e-14,0.03528985503362492,0.0013857200392521918,0.01,7,True,Optimization terminated successfully
cdf_plateau,0.02,33,pyGAM,0.01167323509764354,3.352847999238482e-10,0.127506683988031,0.022566455008927733,0.01,2,True,
cdf_plateau,0.02,34,MonotoneLSPIA,0.011336592105721834,3.3273384048016694e-13,0.008359497005585581,0.008359497005585581,,54,True,
cdf_plateau,0.02,34,Penalized monotone B-spline,0.011355847393349576,4.4364512064022255e-13,0.03695125400554389,0.0016440519830211997,0.01,10,True,Optimization terminated successfully
cdf_plateau,0.02,34,pyGAM,0.011274834438139016,6.277578457059149e-10,0.13057436601957306,0.02207378501771018,0.01,2,True,
cdf_plateau,0.02,35,MonotoneLSPIA,0.010346986189350609,4.4364512064022255e-13,0.007440368004608899,0.007440368004608899,,48,True,
cdf_plateau,0.02,35,Penalized monotone B-spline,0.010346982832064129,3.3273384048016694e-13,0.034313984971959144,0.0016105389804579318,0.0001,10,True,Optimization terminated successfully
cdf_plateau,0.02,35,pyGAM,0.010340752217781333,5.088609533743353e-10,0.12011657899711281,0.02228368999203667,0.01,2,True,
cdf_plateau,0.02,36,MonotoneLSPIA,0.011477249545391621,3.3273384048016694e-13,0.008372566022444516,0.008372566022444516,,55,True,
cdf_plateau,0.02,36,Penalized monotone B-spline,0.01147708343894211,3.3273384048016694e-13,0.03420338302385062,0.0014662790345028043,0.0001,9,True,Optimization terminated successfully
cdf_plateau,0.02,36,pyGAM,0.011455634584024078,7.377818356246901e-10,0.12342485797125846,0.018412303004879504,0.01,2,True,
cdf_plateau,0.02,37,MonotoneLSPIA,0.010290258532744347,3.3273384048016694e-13,0.005475704034324735,0.005475704034324735,,33,True,
cdf_plateau,0.02,37,Penalized monotone B-spline,0.01027977061360129,4.4364512064022255e-13,0.03102173504885286,0.0012190300039947033,0.01,6,True,Optimization terminated successfully
cdf_plateau,0.02,37,pyGAM,0.010260090071924842,7.704452076318265e-10,0.11612853698898107,0.018561879987828434,0.01,2,True,
cdf_plateau,0.02,38,MonotoneLSPIA,0.010246280838134019,2.772782004001391e-14,0.009590491012204438,0.009590491012204438,,60,True,
cdf_plateau,0.02,38,Penalized monotone B-spline,0.010249248109703858,4.159173006001971e-14,0.03429122798843309,0.0014797219773754478,0.01,8,True,Optimization terminated successfully
cdf_plateau,0.02,38,pyGAM,0.010297720897829325,4.1009445839180573e-10,0.1231976859853603,0.018222893006168306,0.1,2,True,
cdf_plateau,0.02,39,MonotoneLSPIA,0.011277000913304936,4.4364512064022255e-13,0.00823433801997453,0.00823433801997453,,55,True,
cdf_plateau,0.02,39,Penalized monotone B-spline,0.01125654552316882,4.4364512064022255e-13,0.03857980098109692,0.0018287310376763344,0.01,11,True,Optimization terminated successfully
cdf_plateau,0.02,39,pyGAM,0.011169397749686274,2.522122510839665e-10,0.12324298598105088,0.018171149014960974,0.01,2,True,
cdf_plateau,0.02,40,MonotoneLSPIA,0.010973436083407206,2.7727820040013332e-14,0.009246125991921872,0.009246125991921872,,63,True,
cdf_plateau,0.02,40,Penalized monotone B-spline,0.011125942723367362,4.159173006001993e-14,0.03591127798426896,0.001502606028225273,0.01,9,True,Optimization terminated successfully
cdf_plateau,0.02,40,pyGAM,0.01112292215805974,5.74021330468352e-10,0.11974904499948025,0.022550100984517485,0.01,2,True,
cdf_plateau,0.02,41,MonotoneLSPIA,0.010665513406231888,0.0,0.010833501000888646,0.010833501000888646,,74,True,
cdf_plateau,0.02,41,Penalized monotone B-spline,0.010665516162380151,0.0,0.03673483699094504,0.0017564170411787927,1e-08,10,True,Optimization terminated successfully
cdf_plateau,0.02,41,pyGAM,0.010655685027218264,0.0,0.12301032000686973,0.018605894001666456,0.01,2,True,
cdf_plateau,0.02,42,MonotoneLSPIA,0.011012994230700918,0.0,0.011862756975460798,0.011862756975460798,,81,True,
cdf_plateau,0.02,42,Penalized monotone B-spline,0.011012251829871037,0.0,0.037458331033121794,0.0017138380208052695,0.01,10,True,Optimization terminated successfully
cdf_plateau,0.02,42,pyGAM,0.01099753717632731,0.0,0.11832134600263089,0.01841728895669803,0.01,2,True,
cdf_plateau,0.02,43,MonotoneLSPIA,0.010501654051859663,4.4364512064022255e-13,0.008501643955241889,0.008501643955241889,,57,True,
cdf_plateau,0.02,43,Penalized monotone B-spline,0.010501654511001452,3.3273384048016694e-13,0.03372616902925074,0.0014511829940602183,1e-08,8,True,Optimization terminated successfully
cdf_plateau,0.02,43,pyGAM,0.010464044254761532,6.076829039969448e-10,0.12010021600872278,0.018520766985602677,0.01,2,True,
cdf_plateau,0.02,44,MonotoneLSPIA,0.011013715018713293,0.0,0.0117869499954395,0.0117869499954395,,84,True,
cdf_plateau,0.02,44,Penalized monotone B-spline,0.010995202085713085,0.0,0.039383696974255145,0.0020240399753674865,0.01,13,True,Optimization terminated successfully
cdf_plateau,0.02,44,pyGAM,0.010989041433961701,0.0,0.13158003002172336,0.022436928004026413,0.001,5,True,
cdf_plateau,0.02,45,MonotoneLSPIA,0.010748200491779727,4.1591730060019996e-14,0.0063001730013638735,0.0063001730013638735,,40,True,
cdf_plateau,0.02,45,Penalized monotone B-spline,0.01074759019245135,4.159173006002087e-14,0.036503091047052294,0.0015010390197858214,0.01,9,True,Optimization terminated successfully
cdf_plateau,0.02,45,pyGAM,0.010696789408626688,1.0599791044896518e-09,0.1186134930467233,0.025617505016271025,0.01,2,True,
cdf_plateau,0.02,46,MonotoneLSPIA,0.011112241700172857,2.7727820040013524e-14,0.008973238000180572,0.008973238000180572,,60,True,
cdf_plateau,0.02,46,Penalized monotone B-spline,0.011112241955414045,2.7727820040013524e-14,0.03633562498725951,0.0016962529625743628,1e-08,10,True,Optimization terminated successfully
cdf_plateau,0.02,46,pyGAM,0.011023172742855485,3.534187942300124e-10,0.1261266260407865,0.022693561972118914,0.01,2,True,
cdf_plateau,0.02,47,MonotoneLSPIA,0.010324011090190748,4.4364512064022255e-13,0.007521418039686978,0.007521418039686978,,48,True,
cdf_plateau,0.02,47,Penalized monotone B-spline,0.010324010872336422,4.4364512064022255e-13,0.035589030012488365,0.0017950899782590568,1e-08,11,True,Optimization terminated successfully
cdf_plateau,0.02,47,pyGAM,0.010336548002005414,5.206175490713011e-10,0.11945152800763026,0.018546443025115877,0.01,2,True,
cdf_plateau,0.02,48,MonotoneLSPIA,0.011088625970589561,3.3273384048016694e-13,0.004674504976719618,0.004674504976719618,,27,True,
cdf_plateau,0.02,48,Penalized monotone B-spline,0.011088625882044031,4.4364512064022255e-13,0.030954436981119215,0.0012857650290243328,1e-08,7,True,Optimization terminated successfully
cdf_plateau,0.02,48,pyGAM,0.011119162434046606,7.437155891132531e-10,0.12481586402282119,0.026110773032996804,0.01,2,True,
cdf_plateau,0.02,49,MonotoneLSPIA,0.011177848466389877,0.0,0.014449917012825608,0.014449917012825608,,100,True,
cdf_plateau,0.02,49,Penalized monotone B-spline,0.011205562046670425,0.0,0.04125529498560354,0.001801120990421623,0.01,9,True,Optimization terminated successfully
cdf_plateau,0.02,49,pyGAM,0.011160414147305538,0.0,0.11920447403099388,0.018511981004849076,0.01,2,True,
cdf_plateau,0.02,50,MonotoneLSPIA,0.010298956676910297,3.3273384048016694e-13,0.009536286990623921,0.009536286990623921,,65,True,
cdf_plateau,0.02,50,Penalized monotone B-spline,0.010298958608777728,3.3273384048016694e-13,0.032389638014137745,0.001429180963896215,1e-08,7,True,Optimization terminated successfully
cdf_plateau,0.02,50,pyGAM,0.010302331574570403,6.04022831751663e-10,0.12303227803204209,0.01839338894933462,0.01,2,True,
cdf_plateau,0.02,51,MonotoneLSPIA,0.011709314694585051,4.159173006001971e-14,0.006955294986255467,0.006955294986255467,,45,True,
cdf_plateau,0.02,51,Penalized monotone B-spline,0.011709579121341329,4.159173006002087e-14,0.03670978802256286,0.001700578024610877,0.0001,10,True,Optimization terminated successfully
cdf_plateau,0.02,51,pyGAM,0.011947498938008448,3.2519187342928314e-10,0.11909752496285364,0.022320972988381982,0.1,2,True,
cdf_plateau,0.02,52,MonotoneLSPIA,0.010595004259435537,3.3273384048016694e-13,0.00616486300714314,0.00616486300714314,,37,True,
cdf_plateau,0.02,52,Penalized monotone B-spline,0.010595008093538088,3.3273384048016694e-13,0.035485429980326444,0.0014735289732925594,1e-08,8,True,Optimization terminated successfully
cdf_plateau,0.02,52,pyGAM,0.010518418510287335,4.1913372772485027e-10,0.1312563200481236,0.022254580981098115,0.01,2,True,
cdf_plateau,0.02,53,MonotoneLSPIA,0.01076067736351762,4.159173006001993e-14,0.0076223419746384025,0.0076223419746384025,,51,True,
cdf_plateau,0.02,53,Penalized monotone B-spline,0.010771678237013225,4.159173006001971e-14,0.03231937496457249,0.0014682179898954928,0.01,8,True,Optimization terminated successfully
cdf_plateau,0.02,53,pyGAM,0.010776870242604066,6.294769705483609e-10,0.11537751700961962,0.018461134051904082,0.01,2,True,
cdf_plateau,0.02,54,MonotoneLSPIA,0.010669379352826504,4.159173006001971e-14,0.006586536997929215,0.006586536997929215,,41,True,
cdf_plateau,0.02,54,Penalized monotone B-spline,0.01064218411186765,2.772782004001391e-14,0.03152956604026258,0.0012134599965065718,0.01,6,True,Optimization terminated successfully
cdf_plateau,0.02,54,pyGAM,0.010431592109072898,1.0096253832969585e-09,0.11226942297071218,0.01812190399505198,0.1,2,True,
cdf_plateau,0.02,55,MonotoneLSPIA,0.01037319287722518,3.3273384048016694e-13,0.004991623980458826,0.004991623980458826,,27,True,
cdf_plateau,0.02,55,Penalized monotone B-spline,0.010352250572652256,4.4364512064022255e-13,0.03127870999742299,0.0012360209948383272,0.01,6,True,Optimization terminated successfully
cdf_plateau,0.02,55,pyGAM,0.01035273820229271,4.66492844353194e-10,0.12388609896879643,0.021989838976878673,0.01,2,True,
cdf_plateau,0.02,56,MonotoneLSPIA,0.01096104414332842,2.7727820040013524e-14,0.009644589968957007,0.009644589968957007,,63,True,
cdf_plateau,0.02,56,Penalized monotone B-spline,0.010961208796770452,2.7727820040013524e-14,0.03681547602172941,0.001650243008043617,0.0001,9,True,Optimization terminated successfully
cdf_plateau,0.02,56,pyGAM,0.01099100795144167,3.5147784682721145e-10,0.12277994299074635,0.022205701970960945,0.01,2,True,
cdf_plateau,0.02,57,MonotoneLSPIA,0.010580015039607232,4.1591730060020287e-14,0.007207483984529972,0.007207483984529972,,47,True,
cdf_plateau,0.02,57,Penalized monotone B-spline,0.01058001638860706,4.1591730060019996e-14,0.0352560089668259,0.0016659100074321032,1e-08,9,True,Optimization terminated successfully
cdf_plateau,0.02,57,pyGAM,0.010590451110477158,1.9431656284041478e-10,0.12746884702937678,0.026638590963557363,0.001,6,True,
cdf_plateau,0.02,58,MonotoneLSPIA,0.010661850633826067,3.3273384048016694e-13,0.010659673018381,0.010659673018381,,72,True,
cdf_plateau,0.02,58,Penalized monotone B-spline,0.010661850220344576,3.3273384048016694e-13,0.03813296899897978,0.001683116948697716,1e-08,10,True,Optimization terminated successfully
cdf_plateau,0.02,58,pyGAM,0.010649226375250958,2.897002637780653e-10,0.12459313403815031,0.018643599993083626,0.01,2,True,
cdf_plateau,0.02,59,MonotoneLSPIA,0.01067418857779539,4.4364512064022255e-13,0.00854282098589465,0.00854282098589465,,57,True,
cdf_plateau,0.02,59,Penalized monotone B-spline,0.010674577774698801,3.3273384048016694e-13,0.03873954596929252,0.0018064299947582185,0.01,11,True,Optimization terminated successfully
cdf_plateau,0.02,59,pyGAM,0.010640512097329547,4.6560555411191357e-10,0.13022245600586757,0.026693521009292454,0.01,2,True,
cdf_plateau,0.02,60,MonotoneLSPIA,0.011017020914902104,4.4364512064022255e-13,0.01017418596893549,0.01017418596893549,,70,True,
cdf_plateau,0.02,60,Penalized monotone B-spline,0.011017027513418985,3.3273384048016694e-13,0.038851357996463776,0.0018377520027570426,1e-08,12,True,Optimization terminated successfully
cdf_plateau,0.02,60,pyGAM,0.011023472971956851,7.322362716166874e-10,0.12705312197795138,0.022260198020376265,0.01,2,True,
cdf_plateau,0.02,61,MonotoneLSPIA,0.01047708784344739,3.3273384048016694e-13,0.0057430939632467926,0.0057430939632467926,,34,True,
cdf_plateau,0.02,61,Penalized monotone B-spline,0.010477088057185661,3.3273384048016694e-13,0.03354463301366195,0.0014390890137292445,1e-08,8,True,Optimization terminated successfully
cdf_plateau,0.02,61,pyGAM,0.010445721151391474,7.368945453834097e-10,0.13100414804648608,0.025948871043510735,0.001,6,True,
cdf_plateau,0.02,62,MonotoneLSPIA,0.011829370450653978,3.3273384048016694e-13,0.009680898976512253,0.009680898976512253,,66,True,
cdf_plateau,0.02,62,Penalized monotone B-spline,0.011863685355586701,0.0,0.04079004400409758,0.0020080680260434747,0.01,13,True,Optimization terminated successfully
cdf_plateau,0.02,62,pyGAM,0.011854480482138245,0.0,0.12489557900698856,0.02263792703161016,0.01,2,True,
cdf_plateau,0.02,63,MonotoneLSPIA,0.011075718220727181,2.772782004001391e-14,0.007045826991088688,0.007045826991088688,,51,True,
cdf_plateau,0.02,63,Penalized monotone B-spline,0.011089474410474798,4.159173006001971e-14,0.03049499704502523,0.0014182549784891307,0.01,9,True,Optimization terminated successfully
cdf_plateau,0.02,63,pyGAM,0.01109559451003223,6.79387046620402e-10,0.10900238202884793,0.01948564004851505,0.01,2,True,
cdf_plateau,0.02,64,MonotoneLSPIA,0.0109673961668474,0.0,0.010907204996328801,0.010907204996328801,,90,True,
cdf_plateau,0.02,64,Penalized monotone B-spline,0.010967411609990369,0.0,0.03260211698943749,0.0015308770234696567,1e-08,12,True,Optimization terminated successfully
cdf_plateau,0.02,64,pyGAM,0.01093743030788515,0.0,0.10880967800039798,0.017199414025526494,0.01,2,True,
cdf_plateau,0.02,65,MonotoneLSPIA,0.01093489651174376,3.3273384048016694e-13,0.006916160054970533,0.006916160054970533,,51,True,
cdf_plateau,0.02,65,Penalized monotone B-spline,0.010914017619243866,4.4364512064022255e-13,0.0315034479717724,0.0012912899837829173,0.01,8,True,Optimization terminated successfully
cdf_plateau,0.02,65,pyGAM,0.010903164231623342,5.878297848482949e-10,0.1196672180085443,0.019891797041054815,0.01,2,True,
cdf_plateau,0.02,66,MonotoneLSPIA,0.011741629598330371,0.0,0.012477683019824326,0.012477683019824326,,97,True,
cdf_plateau,0.02,66,Penalized monotone B-spline,0.011741624370258342,0.0,0.03694904700387269,0.0015149220125749707,1e-08,11,True,Optimization terminated successfully
cdf_plateau,0.02,66,pyGAM,0.011693888285200542,0.0,0.11572154698660597,0.019399525015614927,0.01,2,True,
cdf_plateau,0.02,67,MonotoneLSPIA,0.01039097784011143,3.3273384048016694e-13,0.006364029017277062,0.006364029017277062,,46,True,
cdf_plateau,0.02,67,Penalized monotone B-spline,0.010391009039487592,3.3273384048016694e-13,0.02968340297229588,0.0011868990259245038,1e-08,6,True,Optimization terminated successfully
cdf_plateau,0.02,67,pyGAM,0.010394392554287438,6.818825504240221e-10,0.10956032504327595,0.01921442203456536,0.01,2,True,
cdf_plateau,0.02,68,MonotoneLSPIA,0.010887235301634456,4.436451206401733e-13,0.0038826229865662754,0.0038826229865662754,,25,True,
cdf_plateau,0.02,68,Penalized monotone B-spline,0.010887231121763529,3.3273384048016694e-13,0.030353672977071255,0.0011556800454854965,1e-08,8,True,Optimization terminated successfully
cdf_plateau,0.02,68,pyGAM,0.010859046330512306,4.659382879523938e-10,0.1115705719566904,0.02118044503731653,0.01,2,True,
cdf_plateau,0.02,69,MonotoneLSPIA,0.01107930368969383,0.0,0.010860018024686724,0.010860018024686724,,83,True,
cdf_plateau,0.02,69,Penalized monotone B-spline,0.011093481931937401,0.0,0.03463282197481021,0.0016734370146878064,0.01,13,True,Optimization terminated successfully
cdf_plateau,0.02,69,pyGAM,0.011059985771479559,0.0,0.11655238701496273,0.01994199398905039,0.01,2,True,
cdf_plateau,0.02,70,MonotoneLSPIA,0.011655266614328958,0.0,0.009324956045020372,0.009324956045020372,,65,True,
cdf_plateau,0.02,70,Penalized monotone B-spline,0.011661324754205428,0.0,0.0351876060012728,0.0017414449830539525,0.01,13,True,Optimization terminated successfully
cdf_plateau,0.02,70,pyGAM,0.011643107448971188,0.0,0.1185529509675689,0.01960324903484434,0.01,2,True,
cdf_plateau,0.02,71,MonotoneLSPIA,0.010668958898192187,4.159173006001993e-14,0.006216197041794658,0.006216197041794658,,45,True,
cdf_plateau,0.02,71,Penalized monotone B-spline,0.010668963456398535,4.1591730060019996e-14,0.030410596984438598,0.0012556140427477658,1e-08,9,True,Optimization terminated successfully
cdf_plateau,0.02,71,pyGAM,0.010700051648981485,5.065872721310541e-10,0.10176675900584087,0.019512024999130517,0.01,2,True,
cdf_plateau,0.02,72,MonotoneLSPIA,0.011362095390555263,3.3273384048016694e-13,0.006971383991185576,0.006971383991185576,,46,True,
cdf_plateau,0.02,72,Penalized monotone B-spline,0.01140131780508145,3.3273384048016694e-13,0.031663338013459,0.0012478069984354079,0.01,8,True,Optimization terminated successfully
cdf_plateau,0.02,72,pyGAM,0.01132939464968699,4.976589140781696e-10,0.11842276097740978,0.019302085041999817,0.001,5,True,
cdf_plateau,0.02,73,MonotoneLSPIA,0.010655190301962611,3.3273384048016694e-13,0.006135039962828159,0.006135039962828159,,45,True,
cdf_plateau,0.02,73,Penalized monotone B-spline,0.010655180630329029,3.3273384048016694e-13,0.03105245000915602,0.0012881219736300409,1e-08,9,True,Optimization terminated successfully
cdf_plateau,0.02,73,pyGAM,0.01062664659195336,8.359383185663393e-10,0.11491433798801154,0.019735669950023293,0.01,2,True,
cdf_plateau,0.02,74,MonotoneLSPIA,0.011069454011064992,4.1591730060019996e-14,0.008176464005373418,0.008176464005373418,,62,True,
cdf_plateau,0.02,74,Penalized monotone B-spline,0.011069453008215725,4.1591730060019996e-14,0.037676925014238805,0.0018991790129803121,1e-08,9,True,Optimization terminated successfully
cdf_plateau,0.02,74,pyGAM,0.011083831161649897,8.983813692964382e-11,0.13045671995496377,0.019636971002910286,0.01,2,True,
cdf_plateau,0.02,75,MonotoneLSPIA,0.010565076383978972,4.436451206401733e-13,0.007046305981930345,0.007046305981930345,,49,True,
cdf_plateau,0.02,75,Penalized monotone B-spline,0.010565183793125878,4.4364512064022255e-13,0.02870381297543645,0.0014446720015257597,0.0001,10,True,Optimization terminated successfully
cdf_plateau,0.02,75,pyGAM,0.010577368368728109,7.681715263885453e-10,0.11590995104052126,0.022749765019398183,0.01,2,True,
cdf_plateau,0.02,76,MonotoneLSPIA,0.010739950086151013,0.0,0.011653731984551996,0.011653731984551996,,95,True,
cdf_plateau,0.02,76,Penalized monotone B-spline,0.010739950164908802,0.0,0.03457885101670399,0.0016139650251716375,1e-08,12,True,Optimization terminated successfully
cdf_plateau,0.02,76,pyGAM,0.010711206958793877,0.0,0.11211842397460714,0.019697304989676923,0.01,2,True,
cdf_plateau,0.02,77,MonotoneLSPIA,0.011002515752144856,4.4364512064022255e-13,0.004281578003428876,0.004281578003428876,,27,True,
cdf_plateau,0.02,77,Penalized monotone B-spline,0.011002512565972544,3.3273384048016694e-13,0.028705128002911806,0.001155979000031948,1e-08,7,True,Optimization terminated successfully
cdf_plateau,0.02,77,pyGAM,0.011009257990066001,5.990318241444605e-10,0.11982783197890967,0.01942390896147117,0.01,2,True,
cdf_plateau,0.02,78,MonotoneLSPIA,0.011448595133266615,0.0,0.011501890025101602,0.011501890025101602,,96,True,
cdf_plateau,0.02,78,Penalized monotone B-spline,0.011489889756001669,0.0,0.031626047973986715,0.0015652680303901434,0.01,11,True,Optimization terminated successfully
cdf_plateau,0.02,78,pyGAM,0.011487995288072672,0.0,0.12158525001723319,0.022148266958538443,0.01,2,True,
cdf_plateau,0.02,79,MonotoneLSPIA,0.011282955803518376,0.0,0.011526722984854132,0.011526722984854132,,80,True,
cdf_plateau,0.02,79,Penalized monotone B-spline,0.011289208202095244,0.0,0.0394598149578087,0.0018540869932621717,0.01,11,True,Optimization terminated successfully
cdf_plateau,0.02,79,pyGAM,0.011271101760035276,0.0,0.12476310401689261,0.018851907982025295,0.01,2,True,
cdf_plateau,0.02,80,MonotoneLSPIA,0.01032327327765275,3.3273384048016694e-13,0.00829540699487552,0.00829540699487552,,51,True,
cdf_plateau,0.02,80,Penalized monotone B-spline,0.010323273984540561,3.3273384048016694e-13,0.036494270025286824,0.0016735719982534647,1e-08,10,True,Optimization terminated successfully
cdf_plateau,0.02,80,pyGAM,0.010302162493504432,5.397497448989108e-10,0.1329268669942394,0.02259046002291143,0.01,2,True,
cdf_plateau,0.02,81,MonotoneLSPIA,0.010691646410988341,0.0,0.01073060097405687,0.01073060097405687,,73,True,
cdf_plateau,0.02,81,Penalized monotone B-spline,0.010691649107486937,0.0,0.03553505701711401,0.0016895699664019048,1e-08,10,True,Optimization terminated successfully
cdf_plateau,0.02,81,pyGAM,0.010684752828341618,0.0,0.12273752299370244,0.018263299018144608,0.01,2,True,
cdf_plateau,0.02,82,MonotoneLSPIA,0.010652572875758885,2.7727820040013524e-14,0.010926200018730015,0.010926200018730015,,75,True,
cdf_plateau,0.02,82,Penalized monotone B-spline,0.010670770380674923,2.7727820040013524e-14,0.037148475006688386,0.001698328007478267,0.01,10,True,Optimization terminated successfully
cdf_plateau,0.02,82,pyGAM,0.010643892758775577,2.8814750585581655e-10,0.12717253394657746,0.018563496007118374,0.001,4,True,
cdf_plateau,0.02,83,MonotoneLSPIA,0.010982347273439688,3.3273384048013003e-13,0.00957086298149079,0.00957086298149079,,65,True,
cdf_plateau,0.02,83,Penalized monotone B-spline,0.011005618417840379,3.3273384048016694e-13,0.038438957009930164,0.0017904239939525723,0.01,11,True,Optimization terminated successfully
cdf_plateau,0.02,83,pyGAM,0.010971467032731856,8.65107985248434e-10,0.13124527601758018,0.022141145018395036,0.01,2,True,
cdf_plateau,0.02,84,MonotoneLSPIA,0.011571806241985704,4.4364512064022255e-13,0.009603168000467122,0.009603168000467122,,66,True,
cdf_plateau,0.02,84,Penalized monotone B-spline,0.011571823903246771,3.3273384048016694e-13,0.03638012200826779,0.0015836369711905718,1e-08,9,True,Optimization terminated successfully
cdf_plateau,0.02,84,pyGAM,0.011481328283437514,8.09430522608086e-10,0.1323736310005188,0.01892275200225413,0.01,2,True,
cdf_plateau,0.02,85,MonotoneLSPIA,0.011791157300382608,2.772782004001391e-14,0.007716515043284744,0.007716515043284744,,49,True,
cdf_plateau,0.02,85,Penalized monotone B-spline,0.011791149943259924,2.772782004001391e-14,0.0411227120202966,0.0016901380149647593,1e-08,10,True,Optimization terminated successfully
cdf_plateau,0.02,85,pyGAM,0.011746858159406388,3.414958316128113e-10,0.1314565259963274,0.022354929998982698,0.001,5,True,
cdf_plateau,0.02,86,MonotoneLSPIA,0.010673358049940417,3.3273384048016694e-13,0.008358576975297183,0.008358576975297183,,55,True,
cdf_plateau,0.02,86,Penalized monotone B-spline,0.01067336161663673,4.4364512064022255e-13,0.03258903604000807,0.00141801597783342,1e-08,8,True,Optimization terminated successfully
cdf_plateau,0.02,86,pyGAM,0.01068607426484488,7.113849509465969e-10,0.13470742001663893,0.026632302964571863,0.001,6,True,
cdf_plateau,0.02,87,MonotoneLSPIA,0.010965630588616024,4.159173006001993e-14,0.00664006604347378,0.00664006604347378,,42,True,
cdf_plateau,0.02,87,Penalized monotone B-spline,0.010985879649044164,2.772782004001391e-14,0.031759464007336646,0.001412932004313916,0.01,8,True,Optimization terminated successfully
cdf_plateau,0.02,87,pyGAM,0.011193244926523712,5.047017803683192e-10,0.12328924203757197,0.01833942299708724,0.1,2,True,
cdf_plateau,0.02,88,MonotoneLSPIA,0.010737786227545627,2.772782004001391e-14,0.0075410070130601525,0.0075410070130601525,,50,True,
cdf_plateau,0.02,88,Penalized monotone B-spline,0.01073540542522777,4.159173006001993e-14,0.03436991199851036,0.0014701440231874585,0.01,8,True,Optimization terminated successfully
cdf_plateau,0.02,88,pyGAM,0.010683192704197068,6.949146258428093e-10,0.1192041719914414,0.022305626014713198,0.01,2,True,
cdf_plateau,0.02,89,MonotoneLSPIA,0.010491701322908624,0.0,0.013881123973987997,0.013881123973987997,,97,True,
cdf_plateau,0.02,89,Penalized monotone B-spline,0.010491699537772762,0.0,0.0375215969979763,0.0019132039742544293,1e-08,11,True,Optimization terminated successfully
cdf_plateau,0.02,89,pyGAM,0.010478185642825327,0.0,0.13165195001056418,0.022466021007858217,0.001,5,True,
cdf_plateau,0.02,90,MonotoneLSPIA,0.012865143937994374,0.0,0.00962377298856154,0.00962377298856154,,65,True,
cdf_plateau,0.02,90,Penalized monotone B-spline,0.012855701351841532,0.0,0.03973546897759661,0.0019385800114832819,0.01,13,True,Optimization terminated successfully
cdf_plateau,0.02,90,pyGAM,0.012786182821130403,0.0,0.12156280799536034,0.018562889948952943,0.01,2,True,
cdf_plateau,0.02,91,MonotoneLSPIA,0.012315872821942154,2.2182256032011127e-13,0.008542781986761838,0.008542781986761838,,55,True,
cdf_plateau,0.02,91,Penalized monotone B-spline,0.012315927659167681,3.3273384048016694e-13,0.035577157977968454,0.0015955620328895748,1e-08,10,True,Optimization terminated successfully
cdf_plateau,0.02,91,pyGAM,0.012340794221990439,5.609892550495614e-10,0.12550941098015755,0.022909455001354218,0.01,2,True,
cdf_plateau,0.02,92,MonotoneLSPIA,0.010584373143822151,3.3273384048016694e-13,0.006469426967669278,0.006469426967669278,,41,True,
cdf_plateau,0.02,92,Penalized monotone B-spline,0.010606102245701243,3.3273384048016694e-13,0.036147242004517466,0.001657608023378998,0.01,10,True,Optimization terminated successfully
cdf_plateau,0.02,92,pyGAM,0.010533421118972238,8.310582222392969e-10,0.13107639201916754,0.026288865017704666,0.01,2,True,
cdf_plateau,0.02,93,MonotoneLSPIA,0.010892391566964034,0.0,0.013808163988869637,0.013808163988869637,,97,True,
cdf_plateau,0.02,93,Penalized monotone B-spline,0.010908717415630967,0.0,0.03656867699464783,0.0013999579823575914,0.01,7,True,Optimization terminated successfully
cdf_plateau,0.02,93,pyGAM,0.010903137210296808,0.0,0.11937070800922811,0.014585957978852093,0.01,2,True,
cdf_plateau,0.02,94,MonotoneLSPIA,0.01055241359837,3.3273384048016694e-13,0.008136518998071551,0.008136518998071551,,53,True,
cdf_plateau,0.02,94,Penalized monotone B-spline,0.010552426781294625,4.436451206401733e-13,0.03765212598955259,0.001799189019948244,1e-08,12,True,Optimization terminated successfully
cdf_plateau,0.02,94,pyGAM,0.010494714679426621,8.927248940082879e-10,0.13105941703543067,0.022413727012462914,0.01,2,True,
cdf_plateau,0.02,95,MonotoneLSPIA,0.011500144191935128,0.0,0.01158076897263527,0.01158076897263527,,80,True,
cdf_plateau,0.02,95,Penalized monotone B-spline,0.01150010744500563,0.0,0.038022604945581406,0.0017391309957019985,0.0001,11,True,Optimization terminated successfully
cdf_plateau,0.02,95,pyGAM,0.011446436601651674,0.0,0.1277427430031821,0.022327443992253393,0.01,2,True,
cdf_plateau,0.02,96,MonotoneLSPIA,0.011626205994955882,4.159173006001971e-14,0.00928239501081407,0.00928239501081407,,63,True,
cdf_plateau,0.02,96,Penalized monotone B-spline,0.011626147894823148,4.159173006001971e-14,0.03808873100206256,0.0017520540277473629,1e-08,11,True,Optimization terminated successfully
cdf_plateau,0.02,96,pyGAM,0.011610771789401862,3.3672664656591957e-10,0.1190234959940426,0.022193400014657527,0.001,5,True,
cdf_plateau,0.02,97,MonotoneLSPIA,0.0107458723318459,4.159173006001993e-14,0.007748303993139416,0.007748303993139416,,50,True,
cdf_plateau,0.02,97,Penalized monotone B-spline,0.01074584054080426,2.772782004001391e-14,0.0355648219701834,0.0016706339665688574,1e-08,10,True,Optimization terminated successfully
cdf_plateau,0.02,97,pyGAM,0.010707340024057505,2.655216047031732e-10,0.13251885800855234,0.026605535997077823,0.001,6,True,
cdf_plateau,0.02,98,MonotoneLSPIA,0.010398732721854277,4.4364512064022255e-13,0.009937584050931036,0.009937584050931036,,67,True,
cdf_plateau,0.02,98,Penalized monotone B-spline,0.010398732549197036,3.3273384048016694e-13,0.03449489001650363,0.0019029540126211941,1e-08,10,True,Optimization terminated successfully
cdf_plateau,0.02,98,pyGAM,0.010577856960183991,5.796223501164507e-10,0.13033268495928496,0.018546414037700742,0.1,3,True,
cdf_plateau,0.02,99,MonotoneLSPIA,0.010775968982138262,0.0,0.013172800012398511,0.013172800012398511,,92,True,
cdf_plateau,0.02,99,Penalized monotone B-spline,0.010794363624582269,0.0,0.03837375401053578,0.001905592973344028,0.01,12,True,Optimization terminated successfully
cdf_plateau,0.02,99,pyGAM,0.010796829514316167,0.0,0.12753924395656213,0.02230433002114296,0.01,2,True,
cdf_plateau,0.02,100,MonotoneLSPIA,0.0113709514284292,4.159173006002087e-14,0.008651804993860424,0.008651804993860424,,58,True,
cdf_plateau,0.02,100,Penalized monotone B-spline,0.011370950970159398,4.159173006001971e-14,0.034817246021702886,0.0014701670152135193,1e-08,7,True,Optimization terminated successfully
cdf_plateau,0.02,100,pyGAM,0.01136846684481534,0.0,0.12253106996649876,0.021821737987920642,0.01,2,True,
cdf_plateau,0.05,1,MonotoneLSPIA,0.01247726709791231,3.3273384048016694e-13,0.009564339998178184,0.009564339998178184,,48,True,
cdf_plateau,0.05,1,Penalized monotone B-spline,0.012428205554612291,3.3273384048016694e-13,0.0362989489804022,0.0015926129999570549,0.01,10,True,Optimization terminated successfully
cdf_plateau,0.05,1,pyGAM,0.012000396992866065,1.078445832636301e-09,0.1206269909744151,0.022590900014620274,0.1,2,True,
cdf_plateau,0.05,2,MonotoneLSPIA,0.014103085239516932,0.0,0.012541842006612569,0.012541842006612569,,88,True,
cdf_plateau,0.05,2,Penalized monotone B-spline,0.014103085376805885,0.0,0.03875420003896579,0.0016759129939600825,1e-08,10,True,Optimization terminated successfully
cdf_plateau,0.05,2,pyGAM,0.014061979799845163,0.0,0.11590323597192764,0.01839826797368005,0.01,2,True,
cdf_plateau,0.05,3,MonotoneLSPIA,0.014745320866889214,2.772782004001391e-14,0.00814347097184509,0.00814347097184509,,53,True,
cdf_plateau,0.05,3,Penalized monotone B-spline,0.014745261933061898,2.772782004001391e-14,0.03672811994329095,0.0015831009950488806,1e-08,9,True,Optimization terminated successfully
cdf_plateau,0.05,3,pyGAM,0.014784397591143354,1.5133289621438372e-09,0.1116463080397807,0.018403476977255195,0.01,2,True,
cdf_plateau,0.05,4,MonotoneLSPIA,0.012454605059439964,3.3273384048016694e-13,0.006594709004275501,0.006594709004275501,,41,True,
cdf_plateau,0.05,4,Penalized monotone B-spline,0.012454581272891152,4.4364512064022255e-13,0.03460750903468579,0.001492263050749898,1e-08,8,True,Optimization terminated successfully
cdf_plateau,0.05,4,pyGAM,0.012455456098376868,7.750480257584581e-10,0.12430267495801672,0.02249395498074591,0.01,2,True,
cdf_plateau,0.05,5,MonotoneLSPIA,0.020512049203447975,2.772782004001391e-14,0.011323399026878178,0.011323399026878178,,78,True,
cdf_plateau,0.05,5,Penalized monotone B-spline,0.02051205805109572,2.772782004001391e-14,0.036674213013611734,0.0017271230462938547,1e-08,11,True,Optimization terminated successfully
cdf_plateau,0.05,5,pyGAM,0.020195944205105645,0.0,0.11908670898992568,0.01835028495406732,0.01,2,True,
cdf_plateau,0.05,6,MonotoneLSPIA,0.015532947659874227,2.772782004001391e-14,0.006252976949326694,0.006252976949326694,,40,True,
cdf_plateau,0.05,6,Penalized monotone B-spline,0.015514714202061061,4.159173006001993e-14,0.030226917995605618,0.0013635900104418397,0.01,8,True,Optimization terminated successfully
cdf_plateau,0.05,6,pyGAM,0.015468464654344882,1.3301589829595473e-09,0.12249601300572976,0.018151645024772733,0.01,2,True,
cdf_plateau,0.05,7,MonotoneLSPIA,0.013837942812960887,3.3273384048016694e-13,0.005290378991048783,0.005290378991048783,,30,True,
cdf_plateau,0.05,7,Penalized monotone B-spline,0.013872958530332926,4.4364512064022255e-13,0.03349431499373168,0.0013971430016681552,0.01,8,True,Optimization terminated successfully
cdf_plateau,0.05,7,pyGAM,0.013885844935464575,1.2728733067568432e-09,0.12780909601133317,0.022370821970980614,0.01,2,True,
cdf_plateau,0.05,8,MonotoneLSPIA,0.016131533633206498,0.0,0.013998757000081241,0.013998757000081241,,96,True,
cdf_plateau,0.05,8,Penalized monotone B-spline,0.016131519879965025,0.0,0.040090135007631034,0.002012781973462552,1e-08,11,True,Optimization terminated successfully
cdf_plateau,0.05,8,pyGAM,0.016018670139393273,0.0,0.11524050496518612,0.02216039999620989,0.01,2,True,
cdf_plateau,0.05,9,MonotoneLSPIA,0.019133434941027955,3.3273384048016694e-13,0.004748221952468157,0.004748221952468157,,27,True,
cdf_plateau,0.05,9,Penalized monotone B-spline,0.018896588364246937,3.3273384048016694e-13,0.03152326797135174,0.0012892410159111023,0.01,7,True,Optimization terminated successfully
cdf_plateau,0.05,9,pyGAM,0.01889492869269509,3.2902940372282104e-09,0.11245021200738847,0.022473607037682086,0.01,2,True,
cdf_plateau,0.05,10,MonotoneLSPIA,0.01622946898795233,0.0,0.013087659957818687,0.013087659957818687,,94,True,
cdf_plateau,0.05,10,Penalized monotone B-spline,0.016229471068215498,0.0,0.0392920000012964,0.002110691973939538,1e-08,14,True,Optimization terminated successfully
cdf_plateau,0.05,10,pyGAM,0.015866000825509895,0.0,0.12293027999112383,0.022328644001390785,0.01,2,True,
cdf_plateau,0.05,11,MonotoneLSPIA,0.012698632923246174,3.3273384048016694e-13,0.006394151016138494,0.006394151016138494,,37,True,
cdf_plateau,0.05,11,Penalized monotone B-spline,0.012698605390749537,3.3273384048016694e-13,0.033633142011240125,0.0016728760092519224,1e-08,11,True,Optimization terminated successfully
cdf_plateau,0.05,11,pyGAM,0.012020743190938191,1.8929782741317495e-09,0.12654632097110152,0.02213357901200652,0.01,2,True,
cdf_plateau,0.05,12,MonotoneLSPIA,0.01556910743291681,4.159173006001993e-14,0.008245486998930573,0.008245486998930573,,54,True,
cdf_plateau,0.05,12,Penalized monotone B-spline,0.015515068858492057,4.159173006001971e-14,0.03430204500909895,0.0013736530090682209,0.01,7,True,Optimization terminated successfully
cdf_plateau,0.05,12,pyGAM,0.015190041314211375,2.4045565538699396e-09,0.11674672103254125,0.02209954900899902,0.1,2,True,
cdf_plateau,0.05,13,MonotoneLSPIA,0.012409298432590792,3.3273384048016694e-13,0.004595000995323062,0.004595000995323062,,26,True,
cdf_plateau,0.05,13,Penalized monotone B-spline,0.012449306415346667,4.4364512064022255e-13,0.03347000398207456,0.0013688550097867846,0.01,7,True,Optimization terminated successfully
cdf_plateau,0.05,13,pyGAM,0.012858438768886166,5.621538234912264e-10,0.1155267339781858,0.01842133398167789,0.1,2,True,
cdf_plateau,0.05,14,MonotoneLSPIA,0.015557439537294796,4.4364512064022255e-13,0.0058736009523272514,0.0058736009523272514,,35,True,
cdf_plateau,0.05,14,Penalized monotone B-spline,0.015557265564346825,4.4364512064022255e-13,0.035889116988983005,0.001516584015917033,0.0001,9,True,Optimization terminated successfully
cdf_plateau,0.05,14,pyGAM,0.015440796496472316,9.896613528681765e-10,0.12829295202391222,0.018425685993861407,0.01,2,True,
cdf_plateau,0.05,15,MonotoneLSPIA,0.012596938234414766,4.159173006001971e-14,0.008678559970576316,0.008678559970576316,,56,True,
cdf_plateau,0.05,15,Penalized monotone B-spline,0.01262070125400752,3.3273384048016694e-13,0.03595848201075569,0.0014447849825955927,0.01,8,True,Optimization terminated successfully
cdf_plateau,0.05,15,pyGAM,0.012549231994938112,9.100825093533365e-10,0.12807559501379728,0.022556017036549747,0.01,4,True,
cdf_plateau,0.05,16,MonotoneLSPIA,0.01903085093501066,4.159173006002087e-14,0.007305132981855422,0.007305132981855422,,48,True,
cdf_plateau,0.05,16,Penalized monotone B-spline,0.01898992945685843,2.772782004001391e-14,0.03430335700977594,0.0013800619635730982,0.01,7,True,Optimization terminated successfully
cdf_plateau,0.05,16,pyGAM,0.018815487406784813,1.3004902155167324e-09,0.1194078809930943,0.022373991028871387,0.01,2,True,
cdf_plateau,0.05,17,MonotoneLSPIA,0.015379314669615455,4.4364512064022255e-13,0.008117294986732304,0.008117294986732304,,52,True,
cdf_plateau,0.05,17,Penalized monotone B-spline,0.015366488552832624,3.3273384048016694e-13,0.033717774029355496,0.0011303260107524693,0.01,5,True,Optimization terminated successfully
cdf_plateau,0.05,17,pyGAM,0.015360477581358797,1.1271913402666455e-09,0.12345776497386396,0.022068872989621013,0.01,2,True,
cdf_plateau,0.05,18,MonotoneLSPIA,0.017792072891019736,3.3273384048016694e-13,0.010058915009722114,0.010058915009722114,,70,True,
cdf_plateau,0.05,18,Penalized monotone B-spline,0.017792070802673105,3.3273384048016694e-13,0.03825462399981916,0.0022831149981357157,1e-08,13,True,Optimization terminated successfully
cdf_plateau,0.05,18,pyGAM,0.017770524969943274,5.097482436156157e-10,0.10834018397144973,0.019717710034456104,0.01,2,True,
cdf_plateau,0.05,19,MonotoneLSPIA,0.016852792532375302,2.7727820040013524e-14,0.009700878988951445,0.009700878988951445,,72,True,
cdf_plateau,0.05,19,Penalized monotone B-spline,0.016869003283332382,2.7727820040013524e-14,0.03281025099568069,0.0014120530104264617,0.01,11,True,Optimization terminated successfully
cdf_plateau,0.05,19,pyGAM,0.016841267735259492,3.9423414532890955e-10,0.10365519399056211,0.01931286498438567,0.01,2,True,
cdf_plateau,0.05,20,MonotoneLSPIA,0.010944121077311051,3.3273384048016694e-13,0.007808184018358588,0.007808184018358588,,57,True,
cdf_plateau,0.05,20,Penalized monotone B-spline,0.010932780774790929,3.3273384048016694e-13,0.0309714000322856,0.0012046300107613206,0.01,8,True,Optimization terminated successfully
cdf_plateau,0.05,20,pyGAM,0.01093008657695408,1.204163768697724e-09,0.1087904769810848,0.02462695399299264,0.01,2,True,
cdf_plateau,0.05,21,MonotoneLSPIA,0.01300314940005874,3.3273384048016694e-13,0.00450533302500844,0.00450533302500844,,26,True,
cdf_plateau,0.05,21,Penalized monotone B-spline,0.01299103267124406,3.3273384048016694e-13,0.030759987013880163,0.0009822419960983098,0.01,4,True,Optimization terminated successfully
cdf_plateau,0.05,21,pyGAM,0.013008382042539242,1.852273834312958e-09,0.11130890401545912,0.01948238495970145,0.1,2,True,
cdf_plateau,0.05,22,MonotoneLSPIA,0.011535567653133894,4.4364512064022255e-13,0.004972198978066444,0.004972198978066444,,34,True,
cdf_plateau,0.05,22,Penalized monotone B-spline,0.011675810332220453,3.3273384048016694e-13,0.030536296020727605,0.0014345800154842436,0.01,10,True,Optimization terminated successfully
cdf_plateau,0.05,22,pyGAM,0.013139319106898039,2.057570613889215e-09,0.10433847503736615,0.01943544199457392,0.1,2,True,
cdf_plateau,0.05,23,MonotoneLSPIA,0.014887886904693774,4.1591730060019996e-14,0.00810419803019613,0.00810419803019613,,58,True,
cdf_plateau,0.05,23,Penalized monotone B-spline,0.014887859655831734,4.159173006001993e-14,0.030946741986554116,0.0016708619659766555,1e-08,10,True,Optimization terminated successfully
cdf_plateau,0.05,23,pyGAM,0.016357447105893808,9.650390486726174e-10,0.10122230503475294,0.01638361200457439,0.1,2,True,
cdf_plateau,0.05,24,MonotoneLSPIA,0.014316895239368554,3.3273384048016694e-13,0.008104488952085376,0.008104488952085376,,65,True,
cdf_plateau,0.05,24,Penalized monotone B-spline,0.014354283165236131,4.4364512064022255e-13,0.029693532036617398,0.0010748900240287185,0.01,6,True,Optimization terminated successfully
cdf_plateau,0.05,24,pyGAM,0.014697019682897395,1.1809833111442725e-09,0.101531544001773,0.01649651996558532,0.1,2,True,
cdf_plateau,0.05,25,MonotoneLSPIA,0.01402658664845,3.3273384048016694e-13,0.005270226043649018,0.005270226043649018,,37,True,
cdf_plateau,0.05,25,Penalized monotone B-spline,0.013970070881451673,3.3273384048016694e-13,0.029459425015375018,0.0011987269972451031,0.01,8,True,Optimization terminated successfully
cdf_plateau,0.05,25,pyGAM,0.013843096620372693,2.050860481439589e-09,0.10867435298860073,0.016175793949514627,0.01,2,True,
cdf_plateau,0.05,26,MonotoneLSPIA,0.017496893883200467,3.3273384048016694e-13,0.009179765998851508,0.009179765998851508,,72,True,
cdf_plateau,0.05,26,Penalized monotone B-spline,0.017556151354881942,3.3273384048016694e-13,0.033699884021189064,0.0015795399667695165,0.01,12,True,Optimization terminated successfully
cdf_plateau,0.05,26,pyGAM,0.017546934653384718,7.906865162610366e-10,0.10702227696310729,0.016847888997290283,0.01,2,True,
cdf_plateau,0.05,27,MonotoneLSPIA,0.01232428585415793,0.0,0.012385487032588571,0.012385487032588571,,94,True,
cdf_plateau,0.05,27,Penalized monotone B-spline,0.0123242868759215,0.0,0.03355856495909393,0.0016639309469610453,1e-08,12,True,Optimization terminated successfully
cdf_plateau,0.05,27,pyGAM,0.012440548690839062,0.0,0.11523214098997414,0.01651702803792432,0.1,4,True,
cdf_plateau,0.05,28,MonotoneLSPIA,0.014415871082159812,3.3273384048016694e-13,0.00395490595838055,0.00395490595838055,,27,True,
cdf_plateau,0.05,28,Penalized monotone B-spline,0.014415870020934547,3.3273384048016694e-13,0.027286430005915463,0.0007976649794727564,1e-08,4,True,Optimization terminated successfully
cdf_plateau,0.05,28,pyGAM,0.01443444688060696,1.9341263590710767e-09,0.10871803399641067,0.019817044958472252,0.01,2,True,
cdf_plateau,0.05,29,MonotoneLSPIA,0.013882962514243044,0.0,0.010873385006561875,0.010873385006561875,,87,True,
cdf_plateau,0.05,29,Penalized monotone B-spline,0.01388241637147258,0.0,0.03341596102109179,0.0012638719636015594,0.0001,8,True,Optimization terminated successfully
cdf_plateau,0.05,29,pyGAM,0.013600497817631965,0.0,0.1140755929518491,0.016091758967377245,0.01,2,True,
cdf_plateau,0.05,30,MonotoneLSPIA,0.010386373171379963,4.159173006001993e-14,0.009142589988186955,0.009142589988186955,,71,True,
cdf_plateau,0.05,30,Penalized monotone B-spline,0.010376221189584476,2.7727820040013524e-14,0.03143802902195603,0.0013230969780124724,0.01,9,True,Optimization terminated successfully
cdf_plateau,0.05,30,pyGAM,0.010429069876531359,4.675465015147048e-10,0.10668175603495911,0.0158064590068534,0.1,2,True,
cdf_plateau,0.05,31,MonotoneLSPIA,0.012260208800362882,4.4364512064022255e-13,0.005301082972437143,0.005301082972437143,,35,True,
cdf_plateau,0.05,31,Penalized monotone B-spline,0.012397424692428872,3.3273384048016694e-13,0.028688996972050518,0.0010557849891483784,0.01,6,True,Optimization terminated successfully
cdf_plateau,0.05,31,pyGAM,0.013635744262398875,3.107844981364833e-09,0.10820530203636736,0.016074374958407134,0.1,2,True,
cdf_plateau,0.05,32,MonotoneLSPIA,0.013979298326578453,4.436451206401733e-13,0.008984777959994972,0.008984777959994972,,62,True,
cdf_plateau,0.05,32,Penalized monotone B-spline,0.014030584038078182,3.3273384048016694e-13,0.030086643004324287,0.0013528349809348583,0.01,8,True,Optimization terminated successfully
cdf_plateau,0.05,32,pyGAM,0.014377426024529795,1.5713910173076682e-09,0.10675172001356259,0.012876575987320393,0.1,4,True,
cdf_plateau,0.05,33,MonotoneLSPIA,0.014836801465023738,3.3273384048016694e-13,0.006089668022468686,0.006089668022468686,,48,True,
cdf_plateau,0.05,33,Penalized monotone B-spline,0.015141374401091874,3.3273384048016694e-13,0.03218066500267014,0.0013871060218662024,0.01,9,True,Optimization terminated successfully
cdf_plateau,0.05,33,pyGAM,0.017153044367196717,9.614898877075224e-10,0.12565733899828047,0.018509234010707587,0.1,4,True,
cdf_plateau,0.05,34,MonotoneLSPIA,0.015310451120281138,4.4364512064022255e-13,0.008325860020704567,0.008325860020704567,,55,True,
cdf_plateau,0.05,34,Penalized monotone B-spline,0.015290761818228141,4.4364512064022255e-13,0.03860047395573929,0.001713617006316781,0.01,10,True,Optimization terminated successfully
cdf_plateau,0.05,34,pyGAM,0.015241176483569402,1.6671074520857964e-09,0.12857269396772608,0.02238543500425294,0.01,2,True,
cdf_plateau,0.05,35,MonotoneLSPIA,0.013419385995058543,4.4364512064022255e-13,0.009025980019941926,0.009025980019941926,,62,True,
cdf_plateau,0.05,35,Penalized monotone B-spline,0.013419817862847521,3.3273384048016694e-13,0.036927414999809116,0.0015648220432922244,0.0001,9,True,Optimization terminated successfully
cdf_plateau,0.05,35,pyGAM,0.013917929908774546,5.445743855858732e-10,0.11911298503400758,0.018336685025133193,0.1,2,True,
cdf_plateau,0.05,36,MonotoneLSPIA,0.016487145040970323,3.3273384048016694e-13,0.01259450800716877,0.01259450800716877,,86,True,
cdf_plateau,0.05,36,Penalized monotone B-spline,0.016608959102085916,3.3273384048016694e-13,0.03952124802162871,0.0018143990309908986,0.01,11,True,Optimization terminated successfully
cdf_plateau,0.05,36,pyGAM,0.01768050045535732,6.904227189962698e-10,0.1142537200357765,0.014511765039060265,0.1,2,True,
cdf_plateau,0.05,37,MonotoneLSPIA,0.018709175109821327,3.3273384048016694e-13,0.008549791004043072,0.008549791004043072,,57,True,
cdf_plateau,0.05,37,Penalized monotone B-spline,0.018709183267645837,4.4364512064022255e-13,0.03950290597276762,0.0019248000462539494,1e-08,12,True,Optimization terminated successfully
cdf_plateau,0.05,37,pyGAM,0.018551886996584516,4.48469761327185e-10,0.11900631303433329,0.022481866006273776,0.001,5,True,
cdf_plateau,0.05,38,MonotoneLSPIA,0.01156929802876281,4.1591730060020287e-14,0.006940645980648696,0.006940645980648696,,45,True,
cdf_plateau,0.05,38,Penalized monotone B-spline,0.011569306562804308,2.772782004001391e-14,0.03257815999677405,0.0012880719732493162,1e-08,7,True,Optimization terminated successfully
cdf_plateau,0.05,38,pyGAM,0.011585268995361438,2.7617463316253887e-09,0.12387132400181144,0.022573069029022008,0.01,2,True,
cdf_plateau,0.05,39,MonotoneLSPIA,0.015389561459294432,3.3273384048016694e-13,0.004448389983735979,0.004448389983735979,,25,True,
cdf_plateau,0.05,39,Penalized monotone B-spline,0.015276458426237965,3.3273384048016694e-13,0.028169911995064467,0.0012405540328472853,0.01,7,True,Optimization terminated successfully
cdf_plateau,0.05,39,pyGAM,0.014423564323273817,2.549628508319359e-09,0.11211577302310616,0.02211297897156328,0.1,2,True,
cdf_plateau,0.05,40,MonotoneLSPIA,0.01611710778801655,0.0,0.012265494035091251,0.012265494035091251,,87,True,
cdf_plateau,0.05,40,Penalized monotone B-spline,0.01614520588222127,0.0,0.03611413802718744,0.0017414000467397273,0.01,10,True,Optimization terminated successfully
cdf_plateau,0.05,40,pyGAM,0.01637134644449434,0.0,0.12356004200410098,0.018278683011885732,0.1,2,True,
cdf_plateau,0.05,41,MonotoneLSPIA,0.015751568928571824,0.0,0.013482305977959186,0.013482305977959186,,94,True,
cdf_plateau,0.05,41,Penalized monotone B-spline,0.0158745291163572,0.0,0.03790883399778977,0.0013856259756721556,0.01,7,True,Optimization terminated successfully
cdf_plateau,0.05,41,pyGAM,0.01551584031442483,0.0,0.11149317602394149,0.018431072996463627,0.01,2,True,
cdf_plateau,0.05,42,MonotoneLSPIA,0.011554426640351168,3.3273384048016694e-13,0.005662876006681472,0.005662876006681472,,34,True,
cdf_plateau,0.05,42,Penalized monotone B-spline,0.011539961111713268,3.3273384048016694e-13,0.034162648022174835,0.0017057569930329919,0.01,10,True,Optimization terminated successfully
cdf_plateau,0.05,42,pyGAM,0.011445255435318463,2.334183346608451e-09,0.12691436399472877,0.029925858019851148,0.01,2,True,
cdf_plateau,0.05,43,MonotoneLSPIA,0.015280790758315298,4.159173006001993e-14,0.007134446990676224,0.007134446990676224,,45,True,
cdf_plateau,0.05,43,Penalized monotone B-spline,0.01528079733458938,5.545564008002657e-14,0.03826059901621193,0.0018234549788758159,1e-08,11,True,Optimization terminated successfully
cdf_plateau,0.05,43,pyGAM,0.015301859392471152,6.572047905883915e-10,0.1052119749947451,0.018188465968705714,0.01,2,True,
cdf_plateau,0.05,44,MonotoneLSPIA,0.013378434482952777,4.4364512064022255e-13,0.00889159896178171,0.00889159896178171,,60,True,
cdf_plateau,0.05,44,Penalized monotone B-spline,0.013378442620150973,3.3273384048016694e-13,0.036202691961079836,0.0014677189756184816,1e-08,8,True,Optimization terminated successfully
cdf_plateau,0.05,44,pyGAM,0.013436250128961522,3.6190350716226156e-10,0.12276021402794868,0.022756971011403948,0.01,2,True,
cdf_plateau,0.05,45,MonotoneLSPIA,0.013344325489965786,2.772782004001391e-14,0.007220311963465065,0.007220311963465065,,45,True,
cdf_plateau,0.05,45,Penalized monotone B-spline,0.013344339339457136,4.159173006001971e-14,0.0365735319792293,0.0018272650195285678,1e-08,12,True,Optimization terminated successfully
cdf_plateau,0.05,45,pyGAM,0.012727797673468821,1.5284683518857268e-09,0.11901346402009949,0.02188416599528864,0.01,2,True,
cdf_plateau,0.05,46,MonotoneLSPIA,0.017422902336420895,3.3273384048016694e-13,0.008481691009365022,0.008481691009365022,,56,True,
cdf_plateau,0.05,46,Penalized monotone B-spline,0.017300516856377634,4.436451206401733e-13,0.03738009696826339,0.0016778120188973844,0.01,10,True,Optimization terminated successfully
cdf_plateau,0.05,46,pyGAM,0.01721536711885855,1.5664000097004658e-09,0.12285141996107996,0.021977627009619027,0.001,5,True,
cdf_plateau,0.05,47,MonotoneLSPIA,0.01576913536186849,2.772782004001314e-14,0.009163712034933269,0.009163712034933269,,60,True,
cdf_plateau,0.05,47,Penalized monotone B-spline,0.01576961398960269,2.772782004001391e-14,0.03990859800251201,0.001804004015866667,0.0001,11,True,Optimization terminated successfully
cdf_plateau,0.05,47,pyGAM,0.01481812049147267,1.0019170493258349e-09,0.1189685600111261,0.025884695001877844,0.01,2,True,
cdf_plateau,0.05,48,MonotoneLSPIA,0.011686380109787876,3.3273384048016694e-13,0.007884685008320957,0.007884685008320957,,51,True,
cdf_plateau,0.05,48,Penalized monotone B-spline,0.011686432363231346,3.3273384048016694e-13,0.03390417096670717,0.0016842639888636768,1e-08,10,True,Optimization terminated successfully
cdf_plateau,0.05,48,pyGAM,0.011682488150994798,1.4183334506867916e-09,0.11949520104099065,0.02203480899333954,0.01,2,True,
cdf_plateau,0.05,49,MonotoneLSPIA,0.013703684506466573,3.3273384048016694e-13,0.005734778998885304,0.005734778998885304,,33,True,
cdf_plateau,0.05,49,Penalized monotone B-spline,0.013726387694413245,4.4364512064022255e-13,0.03301999199902639,0.00160193198826164,0.01,10,True,Optimization terminated successfully
cdf_plateau,0.05,49,pyGAM,0.013953329871604954,2.383816144480076e-09,0.11078568501397967,0.022325001016724855,0.1,2,True,
cdf_plateau,0.05,50,MonotoneLSPIA,0.011911218648391574,2.772782004001391e-14,0.007880963035859168,0.007880963035859168,,50,True,
cdf_plateau,0.05,50,Penalized monotone B-spline,0.011911219131683711,2.772782004001314e-14,0.038989433960523456,0.001701875007711351,1e-08,10,True,Optimization terminated successfully
cdf_plateau,0.05,50,pyGAM,0.011870738711252937,1.0076289802540776e-09,0.11894736404065043,0.022109295008704066,0.01,2,True,
cdf_plateau,0.05,51,MonotoneLSPIA,0.014831190966036776,2.772782004001391e-14,0.012236756971105933,0.012236756971105933,,86,True,
cdf_plateau,0.05,51,Penalized monotone B-spline,0.014889261475436767,4.159173006002087e-14,0.03903228195849806,0.0019076059688813984,0.01,12,True,Optimization terminated successfully
cdf_plateau,0.05,51,pyGAM,0.01482532555037306,3.899640610427556e-10,0.11939214100129902,0.022186325979419053,0.01,2,True,
cdf_plateau,0.05,52,MonotoneLSPIA,0.011397660148917544,5.545564008002628e-14,0.007081199029926211,0.007081199029926211,,44,True,
cdf_plateau,0.05,52,Penalized monotone B-spline,0.011397678987314036,4.159173006001993e-14,0.03042187000392005,0.0015331140020862222,1e-08,9,True,Optimization terminated successfully
cdf_plateau,0.05,52,pyGAM,0.011416052827204233,9.98201521440487e-10,0.13039231800939888,0.0226547239581123,0.001,5,True,
cdf_plateau,0.05,53,MonotoneLSPIA,0.016259876901964787,0.0,0.01280842098640278,0.01280842098640278,,89,True,
cdf_plateau,0.05,53,Penalized monotone B-spline,0.01625987589849205,0.0,0.03778098401380703,0.0017439629882574081,1e-08,11,True,Optimization terminated successfully
cdf_plateau,0.05,53,pyGAM,0.016060079787504428,0.0,0.11892025201814249,0.014529059000778943,0.01,2,True,
cdf_plateau,0.05,54,MonotoneLSPIA,0.016857079495806854,4.4364512064022255e-13,0.007347898033913225,0.007347898033913225,,47,True,
cdf_plateau,0.05,54,Penalized monotone B-spline,0.01685709747054887,3.3273384048016694e-13,0.03565385099500418,0.0015663029626011848,1e-08,9,True,Optimization terminated successfully
cdf_plateau,0.05,54,pyGAM,0.01865414467254016,1.6874042163550865e-09,0.1195930250105448,0.019018878985662013,0.1,2,True,
cdf_plateau,0.05,55,MonotoneLSPIA,0.015769173617135247,3.3273384048016694e-13,0.00800864095799625,0.00800864095799625,,51,True,
cdf_plateau,0.05,55,Penalized monotone B-spline,0.015735068701926466,3.3273384048016694e-13,0.036404635990038514,0.0014480900135822594,0.01,8,True,Optimization terminated successfully
cdf_plateau,0.05,55,pyGAM,0.015351266839428853,2.802838960924766e-09,0.10808554803952575,0.02216561301611364,0.01,2,True,
cdf_plateau,0.05,56,MonotoneLSPIA,0.014684441552688395,4.159173006001993e-14,0.006772564956918359,0.006772564956918359,,44,True,
cdf_plateau,0.05,56,Penalized monotone B-spline,0.014684439204892005,4.1591730060019996e-14,0.038781297975219786,0.001859484997112304,1e-08,12,True,Optimization terminated successfully
cdf_plateau,0.05,56,pyGAM,0.014723848886955807,1.3090858397291004e-09,0.11479327501729131,0.02179468102985993,0.01,2,True,
cdf_plateau,0.05,57,MonotoneLSPIA,0.01477001828282999,3.3273384048016694e-13,0.0057590940268710256,0.0057590940268710256,,36,True,
cdf_plateau,0.05,57,Penalized monotone B-spline,0.014770018296421439,3.3273384048016694e-13,0.0328801249852404,0.0014850309817120433,1e-08,8,True,Optimization terminated successfully
cdf_plateau,0.05,57,pyGAM,0.014686701518689326,1.7126919882315317e-09,0.11968628299655393,0.01876294199610129,0.01,2,True,
cdf_plateau,0.05,58,MonotoneLSPIA,0.010753319708803782,0.0,0.010986242035869509,0.010986242035869509,,75,True,
cdf_plateau,0.05,58,Penalized monotone B-spline,0.010785844064572832,0.0,0.037613585009239614,0.0017832369776442647,0.01,11,True,Optimization terminated successfully
cdf_plateau,0.05,58,pyGAM,0.011152789200109604,1.8915918831296965e-10,0.1263475110172294,0.018084937997628003,0.1,2,True,
cdf_plateau,0.05,59,MonotoneLSPIA,0.011438896245126982,2.2182256032011127e-13,0.004744209989439696,0.004744209989439696,,28,True,
cdf_plateau,0.05,59,Penalized monotone B-spline,0.011438607745605268,4.4364512064022255e-13,0.03206467005657032,0.0012804840225726366,0.01,7,True,Optimization terminated successfully
cdf_plateau,0.05,59,pyGAM,0.011434578830724768,1.2922273251447725e-09,0.12192121404223144,0.018138884042855352,0.01,2,True,
cdf_plateau,0.05,60,MonotoneLSPIA,0.011894726271665993,3.3273384048016694e-13,0.00669875496532768,0.00669875496532768,,43,True,
cdf_plateau,0.05,60,Penalized monotone B-spline,0.011894246175659182,3.3273384048016694e-13,0.032341861980967224,0.0011498939711600542,0.01,5,True,Optimization terminated successfully
cdf_plateau,0.05,60,pyGAM,0.011877171927645916,1.0650810233770143e-09,0.11514015396824107,0.01855341996997595,0.01,2,True,
cdf_plateau,0.05,61,MonotoneLSPIA,0.01184356784010458,4.4364512064022255e-13,0.006628046976402402,0.006628046976402402,,42,True,
cdf_plateau,0.05,61,Penalized monotone B-spline,0.011843587524406415,4.4364512064022255e-13,0.031798741954844445,0.0015462000155821443,1e-08,8,True,Optimization terminated successfully
cdf_plateau,0.05,61,pyGAM,0.011767396401377063,2.2974162572351376e-09,0.11094644299009815,0.018593274988234043,0.1,2,True,
cdf_plateau,0.05,62,MonotoneLSPIA,0.013894210504949885,0.0,0.012796940980479121,0.012796940980479121,,87,True,
cdf_plateau,0.05,62,Penalized monotone B-spline,0.013961747686199951,0.0,0.03974324598675594,0.0016347210039384663,0.01,9,True,Optimization terminated successfully
cdf_plateau,0.05,62,pyGAM,0.014544215987316159,0.0,0.11508552002487704,0.01829801604617387,0.1,3,True,
cdf_plateau,0.05,63,MonotoneLSPIA,0.01479460961179694,0.0,0.013394705019891262,0.013394705019891262,,95,True,
cdf_plateau,0.05,63,Penalized monotone B-spline,0.01484860474735923,0.0,0.03931997902691364,0.0016218789969570935,0.01,9,True,Optimization terminated successfully
cdf_plateau,0.05,63,pyGAM,0.015329902801419512,0.0,0.1100767600000836,0.014700822997838259,0.1,2,True,
cdf_plateau,0.05,64,MonotoneLSPIA,0.01848490689837941,0.0,0.01215786300599575,0.01215786300599575,,87,True,
cdf_plateau,0.05,64,Penalized monotone B-spline,0.0187316407083027,0.0,0.041679489018861204,0.0019486229866743088,0.01,12,True,Optimization terminated successfully
cdf_plateau,0.05,64,pyGAM,0.01868525927462575,0.0,0.11188359698280692,0.018188132962677628,0.01,2,True,
cdf_plateau,0.05,65,MonotoneLSPIA,0.013453131382800462,4.159173006001971e-14,0.00884784699883312,0.00884784699883312,,60,True,
cdf_plateau,0.05,65,Penalized monotone B-spline,0.013648954515432282,2.7727820040013332e-14,0.03636218304745853,0.0012907699565403163,0.01,6,True,Optimization terminated successfully
cdf_plateau,0.05,65,pyGAM,0.01363708295963439,1.7205666891228954e-09,0.11595960601698607,0.02210401900811121,0.01,2,True,
cdf_plateau,0.05,66,MonotoneLSPIA,0.01526243407601994,0.0,0.01348456199048087,0.01348456199048087,,94,True,
cdf_plateau,0.05,66,Penalized monotone B-spline,0.015328052124220918,0.0,0.03960129001643509,0.0016885839868336916,0.01,10,True,Optimization terminated successfully
cdf_plateau,0.05,66,pyGAM,0.015902988378192283,0.0,0.12322601402411237,0.014567070989869535,0.1,3,True,
cdf_plateau,0.05,67,MonotoneLSPIA,0.014090659417085538,3.3273384048016694e-13,0.005686202028300613,0.005686202028300613,,35,True,
cdf_plateau,0.05,67,Penalized monotone B-spline,0.014090660188822168,3.3273384048016694e-13,0.032883116975426674,0.0014142679865472019,1e-08,8,True,Optimization terminated successfully
cdf_plateau,0.05,67,pyGAM,0.01508720937833804,2.3487681799494983e-09,0.11494341597426683,0.0222154320217669,0.1,2,True,
cdf_plateau,0.05,68,MonotoneLSPIA,0.014094155216517941,3.3273384048016694e-13,0.009698677982669324,0.009698677982669324,,65,True,
cdf_plateau,0.05,68,Penalized monotone B-spline,0.014120595105636246,2.2182256032011127e-13,0.03661259502405301,0.001550432003568858,0.01,9,True,Optimization terminated successfully
cdf_plateau,0.05,68,pyGAM,0.013601361056115426,1.994961196238921e-09,0.11944215802941471,0.022349782986566424,0.01,2,True,
cdf_plateau,0.05,69,MonotoneLSPIA,0.014470819224769959,3.3273384048016694e-13,0.005207095004152507,0.005207095004152507,,30,True,
cdf_plateau,0.05,69,Penalized monotone B-spline,0.014470816672915313,3.3273384048016694e-13,0.03294397902209312,0.0014191869995556772,1e-08,8,True,Optimization terminated successfully
cdf_plateau,0.05,69,pyGAM,0.012565184821011455,1.5095025229783573e-09,0.12050243798876181,0.02266950998455286,0.1,2,True,
cdf_plateau,0.05,70,MonotoneLSPIA,0.014730151317445532,4.159173006002087e-14,0.006700756959617138,0.006700756959617138,,41,True,
cdf_plateau,0.05,70,Penalized monotone B-spline,0.014777302586799624,4.159173006002087e-14,0.033402210974600166,0.001171619980596006,0.01,5,True,Optimization terminated successfully
cdf_plateau,0.05,70,pyGAM,0.015244238233405333,1.1473771932557437e-09,0.12067864002892748,0.022141917957924306,0.1,2,True,
cdf_plateau,0.05,71,MonotoneLSPIA,0.021264811947813107,0.0,0.012637338018976152,0.012637338018976152,,90,True,
cdf_plateau,0.05,71,Penalized monotone B-spline,0.021264818033794642,0.0,0.037619746988639235,0.001902566000353545,1e-08,12,True,Optimization terminated successfully
cdf_plateau,0.05,71,pyGAM,0.02129712596745182,0.0,0.1187824229709804,0.022333175991661847,0.01,2,True,
cdf_plateau,0.05,72,MonotoneLSPIA,0.01594541647120506,0.0,0.010334646969567984,0.010334646969567984,,72,True,
cdf_plateau,0.05,72,Penalized monotone B-spline,0.016094539905708225,0.0,0.04002570500597358,0.001793915987946093,0.01,11,True,Optimization terminated successfully
cdf_plateau,0.05,72,pyGAM,0.015731030804193046,0.0,0.11971834697760642,0.019171866995748132,0.01,2,True,
cdf_plateau,0.05,73,MonotoneLSPIA,0.011376972125627962,3.3273384048016694e-13,0.006329362979158759,0.006329362979158759,,39,True,
cdf_plateau,0.05,73,Penalized monotone B-spline,0.011376972083199939,3.3273384048016694e-13,0.03723304602317512,0.0017354459851048887,1e-08,11,True,Optimization terminated successfully
cdf_plateau,0.05,73,pyGAM,0.011216910207507317,1.0265948091614465e-09,0.12854547199094668,0.02230972400866449,0.01,2,True,
cdf_plateau,0.05,74,MonotoneLSPIA,0.016965280553241504,3.3273384048016694e-13,0.00836780300596729,0.00836780300596729,,53,True,
cdf_plateau,0.05,74,Penalized monotone B-spline,0.016965527703650066,3.3273384048016694e-13,0.03588803601451218,0.0016110239666886628,0.0001,9,True,Optimization terminated successfully
cdf_plateau,0.05,74,pyGAM,0.016877004659283604,1.2963864981507923e-09,0.11516280798241496,0.018210944021120667,0.01,2,True,
cdf_plateau,0.05,75,MonotoneLSPIA,0.017993523728503304,0.0,0.01083287299843505,0.01083287299843505,,71,True,
cdf_plateau,0.05,75,Penalized monotone B-spline,0.017910313309601095,0.0,0.04020618600770831,0.0020985499722883105,0.01,14,True,Optimization terminated successfully
cdf_plateau,0.05,75,pyGAM,0.017593537565827013,0.0,0.12077975203283131,0.018437847029417753,0.01,2,True,
cdf_plateau,0.05,76,MonotoneLSPIA,0.011906872436993102,4.159173006002087e-14,0.00941514497390017,0.00941514497390017,,63,True,
cdf_plateau,0.05,76,Penalized monotone B-spline,0.011946956572319398,2.772782004001391e-14,0.039524164982140064,0.0019040380138903856,0.01,12,True,Optimization terminated successfully
cdf_plateau,0.05,76,pyGAM,0.011909151832561258,8.440348420180234e-10,0.1273091200273484,0.022048856015317142,0.01,2,True,
cdf_plateau,0.05,77,MonotoneLSPIA,0.014917854816433335,3.3273384048016694e-13,0.005378491012379527,0.005378491012379527,,33,True,
cdf_plateau,0.05,77,Penalized monotone B-spline,0.014917817461013031,2.2182256032011127e-13,0.034739497990813106,0.0015058180433697999,1e-08,9,True,Optimization terminated successfully
cdf_plateau,0.05,77,pyGAM,0.015000888128631592,9.01154151300452e-10,0.11588119500083849,0.02238792198477313,0.01,2,True,
cdf_plateau,0.05,78,MonotoneLSPIA,0.013151755150188217,4.4364512064022255e-13,0.00887579598929733,0.00887579598929733,,57,True,
cdf_plateau,0.05,78,Penalized monotone B-spline,0.013100658765653144,4.4364512064022255e-13,0.03604261903092265,0.0016425629728473723,0.01,9,True,Optimization terminated successfully
cdf_plateau,0.05,78,pyGAM,0.01307687689445052,6.813279940232218e-10,0.12290446402039379,0.018453894008416682,0.01,2,True,
cdf_plateau,0.05,79,MonotoneLSPIA,0.013773316785199628,3.3273384048016694e-13,0.006921359978150576,0.006921359978150576,,45,True,
cdf_plateau,0.05,79,Penalized monotone B-spline,0.013792598247388837,3.3273384048016694e-13,0.033647604985162616,0.0014939900138415396,0.01,8,True,Optimization terminated successfully
cdf_plateau,0.05,79,pyGAM,0.013791977982200998,1.6316158424345785e-09,0.11624949896940961,0.0186470519984141,0.01,2,True,
cdf_plateau,0.05,80,MonotoneLSPIA,0.013962811283509144,3.3273384048016694e-13,0.00715014198794961,0.00715014198794961,,43,True,
cdf_plateau,0.05,80,Penalized monotone B-spline,0.013962606316905992,4.436451206401733e-13,0.03404073795536533,0.001625167962629348,0.0001,9,True,Optimization terminated successfully
cdf_plateau,0.05,80,pyGAM,0.01391517497214108,1.8775061505494217e-09,0.1113706569885835,0.01922890095738694,0.01,2,True,
cdf_plateau,0.05,81,MonotoneLSPIA,0.015286037923160226,3.3273384048016694e-13,0.01051510195247829,0.01051510195247829,,70,True,
cdf_plateau,0.05,81,Penalized monotone B-spline,0.015311356273218672,3.3273384048016694e-13,0.038968435022979975,0.001806733023840934,0.01,11,True,Optimization terminated successfully
cdf_plateau,0.05,81,pyGAM,0.015215294810808178,6.720114464897771e-10,0.11916892800945789,0.022017126029822975,0.01,2,True,
cdf_plateau,0.05,82,MonotoneLSPIA,0.012111047727051736,2.772782004001391e-14,0.007742574962321669,0.007742574962321669,,50,True,
cdf_plateau,0.05,82,Penalized monotone B-spline,0.012146949479974562,4.159173006002087e-14,0.03640559199266136,0.001289885025471449,0.01,6,True,Optimization terminated successfully
cdf_plateau,0.05,82,pyGAM,0.012467801284463731,1.0766712521537103e-09,0.11602061899611726,0.022684739029500633,0.1,2,True,
cdf_plateau,0.05,83,MonotoneLSPIA,0.01708839127074258,4.436451206401733e-13,0.009320904035121202,0.009320904035121202,,61,True,
cdf_plateau,0.05,83,Penalized monotone B-spline,0.017043284201341154,3.3273384048016694e-13,0.03701631602598354,0.0017204490141011775,0.01,10,True,Optimization terminated successfully
cdf_plateau,0.05,83,pyGAM,0.016638218763027648,6.731760149314577e-10,0.12825492897536606,0.022043871984351426,0.1,2,True,
cdf_plateau,0.05,84,MonotoneLSPIA,0.011478497980799258,2.772782004001391e-14,0.00909119297284633,0.00909119297284633,,61,True,
cdf_plateau,0.05,84,Penalized monotone B-spline,0.011478480652829547,4.159173006002087e-14,0.03473672299878672,0.0017363050137646496,1e-08,11,True,Optimization terminated successfully
cdf_plateau,0.05,84,pyGAM,0.011349732646255719,1.3761317085858903e-09,0.12264967703958973,0.02580145001411438,0.01,2,True,
cdf_plateau,0.05,85,MonotoneLSPIA,0.012440640109241455,4.4364512064022255e-13,0.007441179011948407,0.007441179011948407,,46,True,
cdf_plateau,0.05,85,Penalized monotone B-spline,0.012480672609205355,4.436451206401733e-13,0.03260141797363758,0.001132544013671577,0.01,5,True,Optimization terminated successfully
cdf_plateau,0.05,85,pyGAM,0.012487379807604488,1.3591068270813218e-09,0.12350573198636994,0.02256031899014488,0.01,2,True,
cdf_plateau,0.05,86,MonotoneLSPIA,0.012512191072811391,4.159173006001993e-14,0.00927753304131329,0.00927753304131329,,63,True,
cdf_plateau,0.05,86,Penalized monotone B-spline,0.012512191088191084,2.7727820040013524e-14,0.038127577980048954,0.0015849319752305746,1e-08,8,True,Optimization terminated successfully
cdf_plateau,0.05,86,pyGAM,0.012508096261934068,7.447692462747736e-10,0.12162951700156555,0.01864836597815156,0.01,2,True,
cdf_plateau,0.05,87,MonotoneLSPIA,0.011654113552707755,3.3273384048016694e-13,0.006207403959706426,0.006207403959706426,,36,True,
cdf_plateau,0.05,87,Penalized monotone B-spline,0.011610523432668322,4.436451206401733e-13,0.037160505016800016,0.0017234240076504648,0.01,11,True,Optimization terminated successfully
cdf_plateau,0.05,87,pyGAM,0.011019335980331458,2.1495160651418987e-09,0.12824501300929114,0.025813155982177705,0.1,2,True,
cdf_plateau,0.05,88,MonotoneLSPIA,0.013600353840397615,0.0,0.011427064018789679,0.011427064018789679,,76,True,
cdf_plateau,0.05,88,Penalized monotone B-spline,0.01360039005928192,0.0,0.03974056901643053,0.0016770889633335173,1e-08,10,True,Optimization terminated successfully
cdf_plateau,0.05,88,pyGAM,0.013962978515896986,0.0,0.11939015699317679,0.021940187958534807,0.1,2,True,
cdf_plateau,0.05,89,MonotoneLSPIA,0.013345336544428791,4.159173006001993e-14,0.008204060955904424,0.008204060955904424,,55,True,
cdf_plateau,0.05,89,Penalized monotone B-spline,0.013384389434911373,4.159173006001971e-14,0.03587251901626587,0.00173860602080822,0.01,10,True,Optimization terminated successfully
cdf_plateau,0.05,89,pyGAM,0.013794124088687569,9.198981576475015e-10,0.12410914403153583,0.022513477015309036,0.1,2,True,
cdf_plateau,0.05,90,MonotoneLSPIA,0.017191177677621544,2.772782004001391e-14,0.007623906014487147,0.007623906014487147,,49,True,
cdf_plateau,0.05,90,Penalized monotone B-spline,0.01719117795140485,2.772782004001391e-14,0.035720548999961466,0.0013215469662100077,1e-08,6,True,Optimization terminated successfully
cdf_plateau,0.05,90,pyGAM,0.016611949349598983,1.0392386950997213e-09,0.11540325003443286,0.01847293396713212,0.01,2,True,
cdf_plateau,0.05,91,MonotoneLSPIA,0.0138886135557096,3.3273384048013003e-13,0.009631955006625503,0.009631955006625503,,65,True,
cdf_plateau,0.05,91,Penalized monotone B-spline,0.013888613794383315,3.3273384048016694e-13,0.036032701027579606,0.0015815930091775954,1e-08,9,True,Optimization terminated successfully
cdf_plateau,0.05,91,pyGAM,0.01369337120467091,5.911571232530966e-10,0.12269033503253013,0.022048512008041143,0.001,5,True,
cdf_plateau,0.05,92,MonotoneLSPIA,0.014689928313586459,2.2182256032011127e-13,0.005914728972129524,0.005914728972129524,,37,True,
cdf_plateau,0.05,92,Penalized monotone B-spline,0.014794938114156738,3.3273384048013003e-13,0.036905016051605344,0.0015524259652011096,0.01,8,True,Optimization terminated successfully
cdf_plateau,0.05,92,pyGAM,0.016022260397894977,1.3135222909355389e-09,0.1259433029918,0.022005262959282845,0.1,2,True,
cdf_plateau,0.05,93,MonotoneLSPIA,0.01319204481016561,4.4364512064022255e-13,0.0054155460093170404,0.0054155460093170404,,33,True,
cdf_plateau,0.05,93,Penalized monotone B-spline,0.013399383316063409,4.4364512064022255e-13,0.03539405902847648,0.0014173669624142349,0.01,8,True,Optimization terminated successfully
cdf_plateau,0.05,93,pyGAM,0.015037505644101893,1.6666638069649713e-09,0.11197015200741589,0.01876615802757442,0.1,2,True,
cdf_plateau,0.05,94,MonotoneLSPIA,0.015145631375779098,2.7727820040013332e-14,0.008714398019947112,0.008714398019947112,,55,True,
cdf_plateau,0.05,94,Penalized monotone B-spline,0.01510268551296975,4.159173006001993e-14,0.03564189001917839,0.0014831959852017462,0.01,8,True,Optimization terminated successfully
cdf_plateau,0.05,94,pyGAM,0.014779530591838808,1.0493316215942718e-09,0.1181981079862453,0.014324077987112105,0.1,3,True,
cdf_plateau,0.05,95,MonotoneLSPIA,0.011524119941321513,4.4364512064022255e-13,0.007072904030792415,0.007072904030792415,,46,True,
cdf_plateau,0.05,95,Penalized monotone B-spline,0.01152411905893631,4.4364512064022255e-13,0.035577676026150584,0.0017179729766212404,1e-08,10,True,Optimization terminated successfully
cdf_plateau,0.05,95,pyGAM,0.013725564953914731,2.2847723712971463e-09,0.11529766500461847,0.018438754021190107,0.1,2,True,
cdf_plateau,0.05,96,MonotoneLSPIA,0.014506525802109519,4.159173006001971e-14,0.008968359034042805,0.008968359034042805,,60,True,
cdf_plateau,0.05,96,Penalized monotone B-spline,0.014552336155561615,4.159173006002087e-14,0.03839982801582664,0.001654130988754332,0.01,9,True,Optimization terminated successfully
cdf_plateau,0.05,96,pyGAM,0.014023045741555301,6.028028076698857e-10,0.1286096060066484,0.018678563996218145,0.01,2,True,
cdf_plateau,0.05,97,MonotoneLSPIA,0.011214030688627322,0.0,0.011180514993611723,0.011180514993611723,,78,True,
cdf_plateau,0.05,97,Penalized monotone B-spline,0.011214139628057103,0.0,0.037534689996391535,0.001822355028707534,0.0001,11,True,Optimization terminated successfully
cdf_plateau,0.05,97,pyGAM,0.013108137271258237,5.339269026905078e-10,0.11933131801197305,0.022342186013702303,0.1,4,True,
cdf_plateau,0.05,98,MonotoneLSPIA,0.011664509037433485,4.4364512064022255e-13,0.009896845032926649,0.009896845032926649,,66,True,
cdf_plateau,0.05,98,Penalized monotone B-spline,0.01166451330286479,4.4364512064022255e-13,0.03678186296019703,0.0017644219915382564,1e-08,11,True,Optimization terminated successfully
cdf_plateau,0.05,98,pyGAM,0.011457090509612383,1.880057109993103e-09,0.1342770520132035,0.025760120013728738,0.01,4,True,
cdf_plateau,0.05,99,MonotoneLSPIA,0.011959716159915831,3.3273384048016694e-13,0.00468843401176855,0.00468843401176855,,27,True,
cdf_plateau,0.05,99,Penalized monotone B-spline,0.011973981308626199,3.3273384048016694e-13,0.030930836976040155,0.0012756469659507275,0.01,7,True,Optimization terminated successfully
cdf_plateau,0.05,99,pyGAM,0.012119333558182444,2.1754138490593315e-09,0.11489826900651678,0.022407993965316564,0.1,2,True,
cdf_plateau,0.05,100,MonotoneLSPIA,0.013519704251718292,4.4364512064022255e-13,0.0076783280237577856,0.0076783280237577856,,49,True,
cdf_plateau,0.05,100,Penalized monotone B-spline,0.013563243031509036,3.3273384048016694e-13,0.03680086100939661,0.0018946769996546209,0.01,12,True,Optimization terminated successfully
cdf_plateau,0.05,100,pyGAM,0.013392176483950581,1.1397243149247317e-09,0.12417691998416558,0.022122052032500505,0.01,2,True,
cdf_plateau,0.1,1,MonotoneLSPIA,0.019825642449803303,2.772782004001391e-14,0.010920420987531543,0.010920420987531543,,56,True,
cdf_plateau,0.1,1,Penalized monotone B-spline,0.019858834732428984,4.159173006002087e-14,0.04066935199080035,0.0020139029948040843,0.01,12,True,Optimization terminated successfully
cdf_plateau,0.1,1,pyGAM,0.020031854865827044,3.4571046025887426e-09,0.10937880398705602,0.018423861998599023,0.1,2,True,
cdf_plateau,0.1,2,MonotoneLSPIA,0.025438262216173135,4.1591730060019996e-14,0.007939444039948285,0.007939444039948285,,50,True,
cdf_plateau,0.1,2,Penalized monotone B-spline,0.025438257918131427,4.1591730060019996e-14,0.03559890598990023,0.0016060300404205918,1e-08,9,True,Optimization terminated successfully
cdf_plateau,0.1,2,pyGAM,0.025322725605528874,2.1558934637511017e-09,0.11674926499836147,0.01897565001854673,0.01,2,True,
cdf_plateau,0.1,3,MonotoneLSPIA,0.032293968168957646,4.4364512064022255e-13,0.008799601986538619,0.008799601986538619,,53,True,
cdf_plateau,0.1,3,Penalized monotone B-spline,0.03208421192512414,4.4364512064022255e-13,0.034123326011467725,0.0012615739833563566,0.01,6,True,Optimization terminated successfully
cdf_plateau,0.1,3,pyGAM,0.03028354958853531,5.039808570472928e-09,0.11224685102934018,0.018410006014164537,0.1,2,True,
cdf_plateau,0.1,4,MonotoneLSPIA,0.018204166713885212,5.5455640080026664e-14,0.008912784047424793,0.008912784047424793,,59,True,
cdf_plateau,0.1,4,Penalized monotone B-spline,0.018204164723283248,2.772782004001391e-14,0.03900370199698955,0.0018452770309522748,1e-08,12,True,Optimization terminated successfully
cdf_plateau,0.1,4,pyGAM,0.017938759488073816,2.0922858445793117e-09,0.11357164400396869,0.018334826978389174,0.01,2,True,
cdf_plateau,0.1,5,MonotoneLSPIA,0.023386859459069882,3.3273384048016694e-13,0.013529131945688277,0.013529131945688277,,92,True,
cdf_plateau,0.1,5,Penalized monotone B-spline,0.023386889520882366,3.3273384048016694e-13,0.0355688720010221,0.0017416490009054542,1e-08,10,True,Optimization terminated successfully
cdf_plateau,0.1,5,pyGAM,0.03558370349153443,1.3975930412967061e-09,0.12864957499550655,0.018215640040580183,1.0,5,True,
cdf_plateau,0.1,6,MonotoneLSPIA,0.025044794298266043,0.0,0.01210089196683839,0.01210089196683839,,84,True,
cdf_plateau,0.1,6,Penalized monotone B-spline,0.024965541958032283,0.0,0.042836018023081124,0.0018451529904268682,0.01,11,True,Optimization terminated successfully
cdf_plateau,0.1,6,pyGAM,0.02482377109068256,0.0,0.11517602595267817,0.018187669978942722,0.1,4,True,
cdf_plateau,0.1,7,MonotoneLSPIA,0.024508741634461886,2.0795865030010143e-14,0.00982022302923724,0.00982022302923724,,65,True,
cdf_plateau,0.1,7,Penalized monotone B-spline,0.02450871849638118,2.0795865030009998e-14,0.03438566002296284,0.001652269042097032,1e-08,10,True,Optimization terminated successfully
cdf_plateau,0.1,7,pyGAM,0.0251258864838963,5.434652727842726e-10,0.12673494598129764,0.022127119009383023,0.1,4,True,
cdf_plateau,0.1,8,MonotoneLSPIA,0.029383690800480984,4.159173006002087e-14,0.005886076018214226,0.005886076018214226,,37,True,
cdf_plateau,0.1,8,Penalized monotone B-spline,0.02938368972446342,4.1591730060019996e-14,0.03671610803576186,0.0016532060108147562,1e-08,10,True,Optimization terminated successfully
cdf_plateau,0.1,8,pyGAM,0.02923870716777263,4.617181137423036e-09,0.1267734420252964,0.022183768975082785,0.01,2,True,
cdf_plateau,0.1,9,MonotoneLSPIA,0.015300886137721017,3.3273384048016694e-13,0.00565687200287357,0.00565687200287357,,35,True,
cdf_plateau,0.1,9,Penalized monotone B-spline,0.015282591415496979,2.2182256032011127e-13,0.03344482200918719,0.0014208820066414773,0.01,8,True,Optimization terminated successfully
cdf_plateau,0.1,9,pyGAM,0.014727569005185867,2.487462735789579e-09,0.11362861399538815,0.018592315958812833,0.01,2,True,
cdf_plateau,0.1,10,MonotoneLSPIA,0.019541969773603663,4.159173006001993e-14,0.010153584007639438,0.010153584007639438,,69,True,
cdf_plateau,0.1,10,Penalized monotone B-spline,0.019705397648959674,2.7727820040013332e-14,0.03771565301576629,0.0016183099942281842,0.01,9,True,Optimization terminated successfully
cdf_plateau,0.1,10,pyGAM,0.02100080785080457,2.7608590413841083e-09,0.1085793849779293,0.02268000802723691,0.1,2,True,
cdf_plateau,0.1,11,MonotoneLSPIA,0.02649837649341977,2.2182256032011127e-13,0.007340708980336785,0.007340708980336785,,46,True,
cdf_plateau,0.1,11,Penalized monotone B-spline,0.026210671689570832,3.3273384048016694e-13,0.038689433014951646,0.0017053770134225488,0.01,11,True,Optimization terminated successfully
cdf_plateau,0.1,11,pyGAM,0.0257901675184403,1.389551973485257e-09,0.12222677801037207,0.01809256599517539,0.01,2,True,
cdf_plateau,0.1,12,MonotoneLSPIA,0.025435636001544155,0.0,0.012222915014717728,0.012222915014717728,,84,True,
cdf_plateau,0.1,12,Penalized monotone B-spline,0.02543565506183178,0.0,0.038964339008089155,0.0018387020099908113,1e-08,12,True,Optimization terminated successfully
cdf_plateau,0.1,12,pyGAM,0.025312970624256893,0.0,0.1110615489888005,0.018532651010900736,0.001,4,True,
cdf_plateau,0.1,13,MonotoneLSPIA,0.016292309996364544,3.3273384048016694e-13,0.006205855985172093,0.006205855985172093,,38,True,
cdf_plateau,0.1,13,Penalized monotone B-spline,0.01629230669504619,3.3273384048016694e-13,0.034816868021152914,0.0014641910092905164,1e-08,8,True,Optimization terminated successfully
cdf_plateau,0.1,13,pyGAM,0.01597810734591837,4.403177822353721e-09,0.11927351902704686,0.022307879000436515,0.01,2,True,
cdf_plateau,0.1,14,MonotoneLSPIA,0.015614058084930865,3.3273384048013003e-13,0.009622666984796524,0.009622666984796524,,65,True,
cdf_plateau,0.1,14,Penalized monotone B-spline,0.015633253770838382,3.3273384048016694e-13,0.03451750101521611,0.0015134949935600162,0.01,8,True,Optimization terminated successfully
cdf_plateau,0.1,14,pyGAM,0.01581781014667537,4.838171863141947e-09,0.12014950404409319,0.018358373024966568,0.1,2,True,
cdf_plateau,0.1,15,MonotoneLSPIA,0.022913370682560854,0.0,0.01380190602503717,0.01380190602503717,,100,True,
cdf_plateau,0.1,15,Penalized monotone B-spline,0.02279412850681229,0.0,0.03850317798787728,0.0017246580100618303,0.01,10,True,Optimization terminated successfully
cdf_plateau,0.1,15,pyGAM,0.022391200160966632,8.583978527987327e-10,0.12813589297002181,0.01865468197502196,0.1,3,True,
cdf_plateau,0.1,16,MonotoneLSPIA,0.01839123804828987,2.2182256032011127e-13,0.00960550201125443,0.00960550201125443,,63,True,
cdf_plateau,0.1,16,Penalized monotone B-spline,0.01833933026238015,3.3273384048016694e-13,0.03358150599524379,0.0014736599987372756,0.01,8,True,Optimization terminated successfully
cdf_plateau,0.1,16,pyGAM,0.018318355159233017,1.8787261746311562e-09,0.12252740102121606,0.022059322975110263,0.01,2,True,
cdf_plateau,0.1,17,MonotoneLSPIA,0.025125251718716882,4.4364512064022255e-13,0.008764166035689414,0.008764166035689414,,59,True,
cdf_plateau,0.1,17,Penalized monotone B-spline,0.025180225613017828,4.4364512064022255e-13,0.03200774104334414,0.0014107609749771655,0.01,8,True,Optimization terminated successfully
cdf_plateau,0.1,17,pyGAM,0.025704337495458526,3.157865968717104e-09,0.11874472198542207,0.022154878999572247,0.1,2,True,
cdf_plateau,0.1,18,MonotoneLSPIA,0.02148200556147564,4.1591730060019996e-14,0.00638783402973786,0.00638783402973786,,41,True,
cdf_plateau,0.1,18,Penalized monotone B-spline,0.021339972837894305,4.1591730060020287e-14,0.030969952989835292,0.0012219719938002527,0.01,6,True,Optimization terminated successfully
cdf_plateau,0.1,18,pyGAM,0.020222683764464237,2.778993035690277e-09,0.11496953800087795,0.01815244200406596,0.1,2,True,
cdf_plateau,0.1,19,MonotoneLSPIA,0.025592200897238352,3.3273384048016694e-13,0.007974429987370968,0.007974429987370968,,51,True,
cdf_plateau,0.1,19,Penalized monotone B-spline,0.025708565709757342,3.3273384048016694e-13,0.03740616102004424,0.0016878460301086307,0.01,10,True,Optimization terminated successfully
cdf_plateau,0.1,19,pyGAM,0.025939997157652054,2.7141099367967216e-09,0.11560320894932374,0.022510350041557103,0.1,2,True,
cdf_plateau,0.1,20,MonotoneLSPIA,0.019394429372866548,3.3273384048016694e-13,0.010017624008469284,0.010017624008469284,,67,True,
cdf_plateau,0.1,20,Penalized monotone B-spline,0.01939442291039415,4.4364512064022255e-13,0.04146900598425418,0.0019524289527907968,1e-08,12,True,Optimization terminated successfully
cdf_plateau,0.1,20,pyGAM,0.019453281354784135,1.7495145332447177e-09,0.11509507801383734,0.025673724012449384,0.01,2,True,
cdf_plateau,0.1,21,MonotoneLSPIA,0.022860719691040435,4.4364512064022255e-13,0.010943767032586038,0.010943767032586038,,75,True,
cdf_plateau,0.1,21,Penalized monotone B-spline,0.022860746622541398,4.4364512064022255e-13,0.04054256802191958,0.001772279036231339,1e-08,11,True,Optimization terminated successfully
cdf_plateau,0.1,21,pyGAM,0.02286758293098243,1.6296194393916976e-09,0.11677613900974393,0.01920652500120923,0.1,3,True,
cdf_plateau,0.1,22,MonotoneLSPIA,0.020029572197762826,3.3273384048016694e-13,0.009071909007616341,0.009071909007616341,,58,True,
cdf_plateau,0.1,22,Penalized monotone B-spline,0.020040922399193858,4.4364512064022255e-13,0.04023446701467037,0.001556346018332988,0.01,9,True,Optimization terminated successfully
cdf_plateau,0.1,22,pyGAM,0.019963636510902414,1.403360427865184e-09,0.11947286600479856,0.021885166002903134,0.01,2,True,
cdf_plateau,0.1,23,MonotoneLSPIA,0.027697731941092464,0.0,0.012295266962610185,0.012295266962610185,,87,True,
cdf_plateau,0.1,23,Penalized monotone B-spline,0.02769772827625881,0.0,0.036947361018974334,0.0017322979983873665,1e-08,11,True,Optimization terminated successfully
cdf_plateau,0.1,23,pyGAM,0.027668910677612284,0.0,0.11649478902108967,0.01830720400903374,0.01,2,True,
cdf_plateau,0.1,24,MonotoneLSPIA,0.0201456948648863,2.7727820040013285e-14,0.006506408040877432,0.006506408040877432,,41,True,
cdf_plateau,0.1,24,Penalized monotone B-spline,0.020091918509218366,2.0795865030010434e-14,0.03512569301528856,0.001110011013224721,0.01,5,True,Optimization terminated successfully
cdf_plateau,0.1,24,pyGAM,0.019629666953655662,2.8520281136756715e-09,0.11925126501591876,0.022505262051708996,0.1,2,True,
cdf_plateau,0.1,25,MonotoneLSPIA,0.01798230620966378,4.4364512064022255e-13,0.006369854032527655,0.006369854032527655,,39,True,
cdf_plateau,0.1,25,Penalized monotone B-spline,0.0179820044667923,3.3273384048016694e-13,0.03928121499484405,0.0017573870136402547,0.0001,11,True,Optimization terminated successfully
cdf_plateau,0.1,25,pyGAM,0.017492204612602848,1.309363117929537e-09,0.11455845198361203,0.021963563049212098,0.001,5,True,
cdf_plateau,0.1,26,MonotoneLSPIA,0.039118858985483895,2.772782004001391e-14,0.011083990975748748,0.011083990975748748,,75,True,
cdf_plateau,0.1,26,Penalized monotone B-spline,0.039209616986434305,2.772782004001391e-14,0.04114768095314503,0.00195632700342685,0.01,12,True,Optimization terminated successfully
cdf_plateau,0.1,26,pyGAM,0.04011671604962762,1.2519110748065586e-09,0.11113019502954558,0.018151871976442635,0.1,2,True,
cdf_plateau,0.1,27,MonotoneLSPIA,0.015221368424818499,3.3273384048016694e-13,0.006276613974478096,0.006276613974478096,,40,True,
cdf_plateau,0.1,27,Penalized monotone B-spline,0.01522102690584425,3.3273384048016694e-13,0.03651346598053351,0.0014623639872297645,0.01,8,True,Optimization terminated successfully
cdf_plateau,0.1,27,pyGAM,0.014659785425457872,1.4226035349728748e-09,0.11822699604090303,0.01852925296407193,0.1,2,True,
cdf_plateau,0.1,28,MonotoneLSPIA,0.02453841827394157,2.7727820040013524e-14,0.011407633021008223,0.011407633021008223,,77,True,
cdf_plateau,0.1,28,Penalized monotone B-spline,0.024513951812950484,2.7727820040013332e-14,0.03567663801368326,0.0017037869547493756,0.01,10,True,Optimization terminated successfully
cdf_plateau,0.1,28,pyGAM,0.024323892185418087,1.1498726970593608e-09,0.11440222000237554,0.018341741990298033,0.1,2,True,
cdf_plateau,0.1,29,MonotoneLSPIA,0.031211294659648347,0.0,0.01167955796699971,0.01167955796699971,,81,True,
cdf_plateau,0.1,29,Penalized monotone B-spline,0.03113122256794607,0.0,0.0412153119686991,0.0020232840324752033,0.01,13,True,Optimization terminated successfully
cdf_plateau,0.1,29,pyGAM,0.031113608569920986,0.0,0.10276758699910715,0.022070775972679257,0.01,2,True,
cdf_plateau,0.1,30,MonotoneLSPIA,0.03077353912714291,0.0,0.010637701954692602,0.010637701954692602,,72,True,
cdf_plateau,0.1,30,Penalized monotone B-spline,0.030767407981290348,0.0,0.04011574503965676,0.0018654230516403913,0.01,12,True,Optimization terminated successfully
cdf_plateau,0.1,30,pyGAM,0.029517256870206603,0.0,0.09908392402576283,0.018215849995613098,0.01,2,True,
cdf_plateau,0.1,31,MonotoneLSPIA,0.02705271297430981,4.436451206401733e-13,0.008239323971793056,0.008239323971793056,,47,True,
cdf_plateau,0.1,31,Penalized monotone B-spline,0.026854242859656555,4.4364512064022255e-13,0.0343504489865154,0.0011242449982091784,0.01,5,True,Optimization terminated successfully
cdf_plateau,0.1,31,pyGAM,0.025380410998527662,3.402868986590667e-09,0.11156761698657647,0.01837988698389381,0.1,2,True,
cdf_plateau,0.1,32,MonotoneLSPIA,0.019366884270108728,3.3273384048016694e-13,0.008771894033998251,0.008771894033998251,,57,True,
cdf_plateau,0.1,32,Penalized monotone B-spline,0.01930916643323761,4.436451206401733e-13,0.03910387202631682,0.0017145900055766106,0.01,11,True,Optimization terminated successfully
cdf_plateau,0.1,32,pyGAM,0.018412283648067802,2.3016863415215545e-09,0.1266147459973581,0.022322069969959557,0.01,2,True,
cdf_plateau,0.1,33,MonotoneLSPIA,0.020220974304427736,0.0,0.011165309988427907,0.011165309988427907,,78,True,
cdf_plateau,0.1,33,Penalized monotone B-spline,0.02017626511656833,0.0,0.03893359802896157,0.0017870549927465618,0.01,11,True,Optimization terminated successfully
cdf_plateau,0.1,33,pyGAM,0.020137427383383637,0.0,0.12310058501316234,0.022744750953279436,0.01,2,True,
cdf_plateau,0.1,34,MonotoneLSPIA,0.02962328862493853,3.3273384048016694e-13,0.012591300997883081,0.012591300997883081,,80,True,
cdf_plateau,0.1,34,Penalized monotone B-spline,0.02962277618794614,3.3273384048016694e-13,0.04201122798258439,0.0020542560378089547,0.01,10,True,Optimization terminated successfully
cdf_plateau,0.1,34,pyGAM,0.02938628395026549,1.199838228771482e-09,0.1193192380014807,0.02225809497758746,0.1,2,True,
cdf_plateau,0.1,35,MonotoneLSPIA,0.03128367050732916,0.0,0.010652462020516396,0.010652462020516396,,71,True,
cdf_plateau,0.1,35,Penalized monotone B-spline,0.0312836922287354,0.0,0.04166942497249693,0.0019150549778714776,1e-08,13,True,Optimization terminated successfully
cdf_plateau,0.1,35,pyGAM,0.030490706971009574,0.0,0.10350314498646185,0.018188240996096283,0.01,2,True,
cdf_plateau,0.1,36,MonotoneLSPIA,0.01880582013014063,3.3273384048016694e-13,0.0062279520207084715,0.0062279520207084715,,39,True,
cdf_plateau,0.1,36,Penalized monotone B-spline,0.018805818804120782,3.3273384048016694e-13,0.0348725919611752,0.0014234809787012637,1e-08,8,True,Optimization terminated successfully
cdf_plateau,0.1,36,pyGAM,0.018779389663696733,1.7585538025777134e-09,0.12406251399079338,0.02571288199396804,0.001,6,True,
cdf_plateau,0.1,37,MonotoneLSPIA,0.01788159412455277,0.0,0.013961166027002037,0.013961166027002037,,98,True,
cdf_plateau,0.1,37,Penalized monotone B-spline,0.017903583291522467,0.0,0.03792092396179214,0.0020263170008547604,0.01,11,True,Optimization terminated successfully
cdf_plateau,0.1,37,pyGAM,0.018173163409244165,0.0,0.11306132900062948,0.014695246994961053,0.1,2,True,
cdf_plateau,0.1,38,MonotoneLSPIA,0.02060556264539921,3.3273384048016694e-13,0.006718989985529333,0.006718989985529333,,42,True,
cdf_plateau,0.1,38,Penalized monotone B-spline,0.02044672310400019,3.3273384048016694e-13,0.036342184990644455,0.0017712920089252293,0.01,11,True,Optimization terminated successfully
cdf_plateau,0.1,38,pyGAM,0.01829241598864618,5.979781669829399e-10,0.12761057395255193,0.02208287996472791,0.1,2,True,
cdf_plateau,0.1,39,MonotoneLSPIA,0.015134134913479013,3.3273384048016694e-13,0.006370275979861617,0.006370275979861617,,40,True,
cdf_plateau,0.1,39,Penalized monotone B-spline,0.01513413479065521,4.4364512064022255e-13,0.034064617997501045,0.0013120790245011449,1e-08,7,True,Optimization terminated successfully
cdf_plateau,0.1,39,pyGAM,0.014018202037254946,1.8108484711730275e-09,0.11501119897002354,0.02608557400526479,0.1,2,True,
cdf_plateau,0.1,40,MonotoneLSPIA,0.017837363654663468,4.4364512064022255e-13,0.006231450010091066,0.006231450010091066,,39,True,
cdf_plateau,0.1,40,Penalized monotone B-spline,0.018002172893418055,3.3273384048016694e-13,0.03771550999954343,0.00173542695119977,0.01,11,True,Optimization terminated successfully
cdf_plateau,0.1,40,pyGAM,0.019475502238625854,2.3200976140280596e-09,0.11763295397395268,0.018270293017849326,0.1,2,True,
cdf_plateau,0.1,41,MonotoneLSPIA,0.028138149685129173,4.4364512064022255e-13,0.005112355982419103,0.005112355982419103,,29,True,
cdf_plateau,0.1,41,Penalized monotone B-spline,0.028164900854568006,4.4364512064022255e-13,0.031773499969858676,0.0012759019737131894,0.01,7,True,Optimization terminated successfully
cdf_plateau,0.1,41,pyGAM,0.02844883961181401,5.26329479999544e-09,0.12254165601916611,0.021989642991684377,0.1,2,True,
cdf_plateau,0.1,42,MonotoneLSPIA,0.016283759169964964,3.3273384048016694e-13,0.010554531996604055,0.010554531996604055,,71,True,
cdf_plateau,0.1,42,Penalized monotone B-spline,0.01613801422525624,3.3273384048016694e-13,0.0357609239872545,0.001782434992492199,0.01,11,True,Optimization terminated successfully
cdf_plateau,0.1,42,pyGAM,0.015401701718532241,1.3030966306004937e-09,0.11406741297105327,0.01861300802556798,0.1,2,True,
cdf_plateau,0.1,43,MonotoneLSPIA,0.026841701944442627,0.0,0.013418548973277211,0.013418548973277211,,87,True,
cdf_plateau,0.1,43,Penalized monotone B-spline,0.026872559941845408,0.0,0.041614139976445585,0.0018532959511503577,0.01,11,True,Optimization terminated successfully
cdf_plateau,0.1,43,pyGAM,0.026113895266807182,0.0,0.10300303099211305,0.018389609991572797,0.01,2,True,
cdf_plateau,0.1,44,MonotoneLSPIA,0.0260243374129916,0.0,0.011513917008414865,0.011513917008414865,,79,True,
cdf_plateau,0.1,44,Penalized monotone B-spline,0.02606095275215677,0.0,0.039549047010950744,0.0018074020044878125,0.01,11,True,Optimization terminated successfully
cdf_plateau,0.1,44,pyGAM,0.025567772719326462,0.0,0.11127190897241235,0.014765005966182798,0.1,3,True,
cdf_plateau,0.1,45,MonotoneLSPIA,0.0164670511801558,3.3273384048016694e-13,0.0090041040093638,0.0090041040093638,,60,True,
cdf_plateau,0.1,45,Penalized monotone B-spline,0.016498663847467763,3.3273384048016694e-13,0.03706825099652633,0.0015957220457494259,0.01,9,True,Optimization terminated successfully
cdf_plateau,0.1,45,pyGAM,0.01592285531580892,1.4538250603380092e-09,0.11618982697837055,0.018660639005247504,0.1,2,True,
cdf_plateau,0.1,46,MonotoneLSPIA,0.023349156088672877,0.0,0.012541826989036053,0.012541826989036053,,86,True,
cdf_plateau,0.1,46,Penalized monotone B-spline,0.02334915766091064,0.0,0.04050246096448973,0.0018897789996117353,1e-08,12,True,Optimization terminated successfully
cdf_plateau,0.1,46,pyGAM,0.024738805872255347,0.0,0.11088487098459154,0.01441559597151354,0.1,2,True,
cdf_plateau,0.1,47,MonotoneLSPIA,0.029074225255926078,2.7727820040013524e-14,0.0068597650388255715,0.0068597650388255715,,45,True,
cdf_plateau,0.1,47,Penalized monotone B-spline,0.02907422616245345,2.772782004001391e-14,0.036401443008799106,0.001831496017985046,1e-08,12,True,Optimization terminated successfully
cdf_plateau,0.1,47,pyGAM,0.028562659707095827,1.5733874203505058e-09,0.11179494904354215,0.022531385999172926,0.01,2,True,
cdf_plateau,0.1,48,MonotoneLSPIA,0.014768857484463157,5.545564008002657e-14,0.008215831010602415,0.008215831010602415,,54,True,
cdf_plateau,0.1,48,Penalized monotone B-spline,0.014768853541809802,4.159173006002087e-14,0.0329505080007948,0.0014990420313552022,1e-08,9,True,Optimization terminated successfully
cdf_plateau,0.1,48,pyGAM,0.01597653825684753,3.4595446507523597e-09,0.1278876269934699,0.026084534998517483,0.1,4,True,
cdf_plateau,0.1,49,MonotoneLSPIA,0.02169173474082896,4.4364512064022255e-13,0.006138272990938276,0.006138272990938276,,38,True,
cdf_plateau,0.1,49,Penalized monotone B-spline,0.02169173329442375,3.3273384048016694e-13,0.03665805101627484,0.0015229220152832568,1e-08,9,True,Optimization terminated successfully
cdf_plateau,0.1,49,pyGAM,0.021214710533666456,3.756010502620076e-09,0.11982431204523891,0.02628683898365125,0.001,6,True,
cdf_plateau,0.1,50,MonotoneLSPIA,0.03224610649112712,5.545564008002628e-14,0.010857766028493643,0.010857766028493643,,73,True,
cdf_plateau,0.1,50,Penalized monotone B-spline,0.03220930098969804,4.159173006001971e-14,0.039369017991703004,0.0016570709994994104,0.01,10,True,Optimization terminated successfully
cdf_plateau,0.1,50,pyGAM,0.03195632946166039,2.9199058171337047e-09,0.10343713202746585,0.018397833046037704,0.01,2,True,
cdf_plateau,0.1,51,MonotoneLSPIA,0.022314120555330514,4.159173006001993e-14,0.010632189980242401,0.010632189980242401,,74,True,
cdf_plateau,0.1,51,Penalized monotone B-spline,0.022057308608851797,2.7727820040013524e-14,0.037550634995568544,0.0019106880063191056,0.01,11,True,Optimization terminated successfully
cdf_plateau,0.1,51,pyGAM,0.020291691274293745,9.79235692533104e-10,0.12437963701086119,0.014564073993824422,0.1,2,True,
cdf_plateau,0.1,52,MonotoneLSPIA,0.039036139398452914,0.0,0.015671580040361732,0.015671580040361732,,114,True,
cdf_plateau,0.1,52,Penalized monotone B-spline,0.049196901134119994,0.0,0.0403149810153991,0.0017115860246121883,1.0,9,True,Optimization terminated successfully
cdf_plateau,0.1,52,pyGAM,0.04034262177660536,0.0,0.1111480089602992,0.014436213998124003,0.1,4,True,
cdf_plateau,0.1,53,MonotoneLSPIA,0.015210724121910803,4.4364512064022255e-13,0.007530795002821833,0.007530795002821833,,42,True,
cdf_plateau,0.1,53,Penalized monotone B-spline,0.015210632924429302,3.3273384048016694e-13,0.036933319992385805,0.0016850309912115335,1e-08,10,True,Optimization terminated successfully
cdf_plateau,0.1,53,pyGAM,0.014951246211727293,3.0785089477625844e-09,0.13418024097336456,0.02663440100150183,0.01,2,True,
cdf_plateau,0.1,54,MonotoneLSPIA,0.016258609891649595,3.3273384048013003e-13,0.005628512997645885,0.005628512997645885,,34,True,
cdf_plateau,0.1,54,Penalized monotone B-spline,0.016268275317917153,3.3273384048013003e-13,0.03745971398893744,0.0017003919929265976,0.01,11,True,Optimization terminated successfully
cdf_plateau,0.1,54,pyGAM,0.015945844116676874,3.3583935632464847e-09,0.11982091300887987,0.022665553027763963,0.001,5,True,
cdf_plateau,0.1,55,MonotoneLSPIA,0.017472469569366465,3.3273384048016694e-13,0.0059896609745919704,0.0059896609745919704,,36,True,
cdf_plateau,0.1,55,Penalized monotone B-spline,0.017472452244524823,3.3273384048016694e-13,0.033218278957065195,0.0014182309969328344,1e-08,8,True,Optimization terminated successfully
cdf_plateau,0.1,55,pyGAM,0.016801247300975552,2.1370940017639727e-09,0.11541389703052118,0.022096562024671584,0.1,2,True,
cdf_plateau,0.1,56,MonotoneLSPIA,0.01911709040052966,3.3273384048016694e-13,0.004523384966887534,0.004523384966887534,,26,True,
cdf_plateau,0.1,56,Penalized monotone B-spline,0.019029094311908204,3.3273384048016694e-13,0.029237920010928065,0.001004452002234757,0.01,4,True,Optimization terminated successfully
cdf_plateau,0.1,56,pyGAM,0.018353530133749296,3.359280853487765e-09,0.11596619500778615,0.023157993040513247,0.1,2,True,
cdf_plateau,0.1,57,MonotoneLSPIA,0.023307169995912876,3.3273384048016694e-13,0.006324659974779934,0.006324659974779934,,39,True,
cdf_plateau,0.1,57,Penalized monotone B-spline,0.023307169006238842,4.436451206401733e-13,0.0373929759953171,0.0017250069649890065,1e-08,11,True,Optimization terminated successfully
cdf_plateau,0.1,57,pyGAM,0.023322053835256082,3.000205583969585e-09,0.11915298097301275,0.022439047985244542,0.1,2,True,
cdf_plateau,0.1,58,MonotoneLSPIA,0.02501458817625689,3.3273384048016694e-13,0.005858824006281793,0.005858824006281793,,36,True,
cdf_plateau,0.1,58,Penalized monotone B-spline,0.025014590569737805,3.3273384048016694e-13,0.03400363901164383,0.0014371220022439957,1e-08,8,True,Optimization terminated successfully
cdf_plateau,0.1,58,pyGAM,0.02487664328682131,1.0834922958835535e-09,0.12632471800316125,0.025790408020839095,0.01,2,True,
cdf_plateau,0.1,59,MonotoneLSPIA,0.020934672907048143,4.4364512064022255e-13,0.008111385977827013,0.008111385977827013,,54,True,
cdf_plateau,0.1,59,Penalized monotone B-spline,0.020863465545975023,4.4364512064022255e-13,0.03655189694836736,0.0014417460188269615,0.01,8,True,Optimization terminated successfully
cdf_plateau,0.1,59,pyGAM,0.020587908617927878,1.4516068347348081e-09,0.11781989602604881,0.026199694955721498,0.01,2,True,
cdf_plateau,0.1,60,MonotoneLSPIA,0.018787164573838194,4.4364512064022255e-13,0.007624113000929356,0.007624113000929356,,49,True,
cdf_plateau,0.1,60,Penalized monotone B-spline,0.018787164824973373,3.3273384048016694e-13,0.032263262022752315,0.0012191550340503454,1e-08,6,True,Optimization terminated successfully
cdf_plateau,0.1,60,pyGAM,0.01883748117746435,2.804391718847007e-09,0.11109318200033158,0.022202186984941363,0.01,2,True,
cdf_plateau,0.1,61,MonotoneLSPIA,0.025038208809235175,4.159173006001971e-14,0.008440614969003946,0.008440614969003946,,57,True,
cdf_plateau,0.1,61,Penalized monotone B-spline,0.025002501397452487,4.159173006002087e-14,0.03736673999810591,0.001585413992870599,0.01,9,True,Optimization terminated successfully
cdf_plateau,0.1,61,pyGAM,0.024797770674913285,2.6361393068442026e-09,0.11412675899919122,0.022015133989043534,0.01,2,True,
cdf_plateau,0.1,62,MonotoneLSPIA,0.020379795593735442,4.4364512064022255e-13,0.00556306098587811,0.00556306098587811,,33,True,
cdf_plateau,0.1,62,Penalized monotone B-spline,0.020309368739137544,4.436451206401733e-13,0.03076090500690043,0.001208092027809471,0.01,6,True,Optimization terminated successfully
cdf_plateau,0.1,62,pyGAM,0.017813720223639758,6.8314693901782774e-09,0.11143874394474551,0.026195120008196682,0.1,2,True,
cdf_plateau,0.1,63,MonotoneLSPIA,0.018202252347118326,3.3273384048016694e-13,0.004759885952807963,0.004759885952807963,,27,True,
cdf_plateau,0.1,63,Penalized monotone B-spline,0.018250336835082478,3.3273384048016694e-13,0.03076371899805963,0.0010631420300342143,0.01,4,True,Optimization terminated successfully
cdf_plateau,0.1,63,pyGAM,0.01875698944132676,4.013768317712142e-09,0.1208466969546862,0.018576063972432166,0.1,2,True,
cdf_plateau,0.1,64,MonotoneLSPIA,0.020156883040422815,4.1591730060019996e-14,0.009698501962702721,0.009698501962702721,,65,True,
cdf_plateau,0.1,64,Penalized monotone B-spline,0.020184277927492757,2.7727820040013524e-14,0.03722960699815303,0.0017021209932863712,0.01,11,True,Optimization terminated successfully
cdf_plateau,0.1,64,pyGAM,0.02012463535839771,1.4262636072182157e-09,0.1148503230069764,0.018364946998190135,0.1,2,True,
cdf_plateau,0.1,65,MonotoneLSPIA,0.018794621559892623,2.0795865030009998e-14,0.009891324036289006,0.009891324036289006,,64,True,
cdf_plateau,0.1,65,Penalized monotone B-spline,0.018794589138532217,2.0795865030009998e-14,0.03372118395054713,0.0015440229908563197,1e-08,9,True,Optimization terminated successfully
cdf_plateau,0.1,65,pyGAM,0.01880319398606248,6.10899331121578e-10,0.12263851898023859,0.018567822000477463,0.01,2,True,
cdf_plateau,0.1,66,MonotoneLSPIA,0.020953624844024958,3.3273384048016694e-13,0.009726255026180297,0.009726255026180297,,67,True,
cdf_plateau,0.1,66,Penalized monotone B-spline,0.02105780822531993,3.3273384048016694e-13,0.03768896503606811,0.0018915589898824692,0.01,12,True,Optimization terminated successfully
cdf_plateau,0.1,66,pyGAM,0.022679350652442108,3.044126450912925e-09,0.13046621897956356,0.022345062054228038,0.1,3,True,
cdf_plateau,0.1,67,MonotoneLSPIA,0.018608486737820444,0.0,0.01076998794451356,0.01076998794451356,,73,True,
cdf_plateau,0.1,67,Penalized monotone B-spline,0.018616454820711836,0.0,0.04067026998382062,0.001970378973055631,0.01,12,True,Optimization terminated successfully
cdf_plateau,0.1,67,pyGAM,0.019494760633010266,0.0,0.1115364269935526,0.01833038398763165,0.1,2,True,
cdf_plateau,0.1,68,MonotoneLSPIA,0.025402988529904094,4.159173006002087e-14,0.008041976019740105,0.008041976019740105,,54,True,
cdf_plateau,0.1,68,Penalized monotone B-spline,0.025488025658104936,4.1591730060019996e-14,0.03187148203141987,0.0012416419922374189,0.01,6,True,Optimization terminated successfully
cdf_plateau,0.1,68,pyGAM,0.026259441531478918,1.5405022257830715e-09,0.11678127903724089,0.022477209975477308,0.1,2,True,
cdf_plateau,0.1,69,MonotoneLSPIA,0.022155466609357317,4.4364512064022255e-13,0.01019660203019157,0.01019660203019157,,67,True,
cdf_plateau,0.1,69,Penalized monotone B-spline,0.02215546409961852,4.4364512064022255e-13,0.0365374080138281,0.0016370119992643595,1e-08,10,True,Optimization terminated successfully
cdf_plateau,0.1,69,pyGAM,0.022083683378434034,1.5561961719257407e-09,0.1214717670227401,0.01812234299723059,0.01,2,True,
cdf_plateau,0.1,70,MonotoneLSPIA,0.02143450706235169,3.3273384048013003e-13,0.008284711977466941,0.008284711977466941,,55,True,
cdf_plateau,0.1,70,Penalized monotone B-spline,0.021321769533802198,3.3273384048016694e-13,0.03684129402972758,0.0012738020159304142,0.01,6,True,Optimization terminated successfully
cdf_plateau,0.1,70,pyGAM,0.020267391444757768,2.166762769206847e-09,0.12227048701606691,0.022035069996491075,0.01,2,True,
cdf_plateau,0.1,71,MonotoneLSPIA,0.022842778518814374,3.3273384048016694e-13,0.003989309014286846,0.003989309014286846,,21,True,
cdf_plateau,0.1,71,Penalized monotone B-spline,0.02285429597574638,4.4364512064022255e-13,0.03290210198611021,0.0013395720161497593,0.01,8,True,Optimization terminated successfully
cdf_plateau,0.1,71,pyGAM,0.023093364086817506,6.190790380333734e-09,0.11915203201351687,0.01870462001534179,0.1,2,True,
cdf_plateau,0.1,72,MonotoneLSPIA,0.021325134184623645,0.0,0.011775789025705308,0.011775789025705308,,82,True,
cdf_plateau,0.1,72,Penalized monotone B-spline,0.02132513129195871,0.0,0.036848829011432827,0.0018046229961328208,1e-08,11,True,Optimization terminated successfully
cdf_plateau,0.1,72,pyGAM,0.021240251764731714,0.0,0.118952454009559,0.018288953986484557,0.01,2,True,
cdf_plateau,0.1,73,MonotoneLSPIA,0.014958957470019107,2.2182256032011127e-13,0.008784822013694793,0.008784822013694793,,59,True,
cdf_plateau,0.1,73,Penalized monotone B-spline,0.014921098080051785,3.3273384048016694e-13,0.03949822601862252,0.0016737839905545115,0.01,9,True,Optimization terminated successfully
cdf_plateau,0.1,73,pyGAM,0.01462032110473422,0.0,0.12974566902266815,0.01850187999662012,0.1,2,True,
cdf_plateau,0.1,74,MonotoneLSPIA,0.019890556343505252,3.3273384048016694e-13,0.0056435869773849845,0.0056435869773849845,,34,True,
cdf_plateau,0.1,74,Penalized monotone B-spline,0.01989055472812772,3.3273384048016694e-13,0.03495162498438731,0.0014666119823232293,1e-08,8,True,Optimization terminated successfully
cdf_plateau,0.1,74,pyGAM,0.019063832897017623,4.926623609069455e-09,0.1208642540150322,0.022215143020730466,0.01,2,True,
cdf_plateau,0.1,75,MonotoneLSPIA,0.02064942238302058,3.3273384048016694e-13,0.008654500998090953,0.008654500998090953,,57,True,
cdf_plateau,0.1,75,Penalized monotone B-spline,0.020500151473615457,3.3273384048016694e-13,0.037055619002785534,0.00173125701257959,0.01,10,True,Optimization terminated successfully
cdf_plateau,0.1,75,pyGAM,0.019366760676692837,2.5241743695224862e-09,0.11603091901633888,0.022103732044342905,0.1,2,True,
cdf_plateau,0.1,76,MonotoneLSPIA,0.030812495718249434,3.3273384048016694e-13,0.004606578033417463,0.004606578033417463,,24,True,
cdf_plateau,0.1,76,Penalized monotone B-spline,0.030812493084402693,4.4364512064022255e-13,0.030739199952222407,0.0013035830343142152,1e-08,7,True,Optimization terminated successfully
cdf_plateau,0.1,76,pyGAM,0.0274849045319484,3.470635778768461e-09,0.11236328998347744,0.022510483977384865,0.1,2,True,
cdf_plateau,0.1,77,MonotoneLSPIA,0.014651811435832456,4.159173006002087e-14,0.00894383603008464,0.00894383603008464,,60,True,
cdf_plateau,0.1,77,Penalized monotone B-spline,0.01461582603563639,2.772782004001391e-14,0.038366185035556555,0.0015145609504543245,0.01,9,True,Optimization terminated successfully
cdf_plateau,0.1,77,pyGAM,0.014054439807530445,3.3194082482702252e-09,0.11518858198542148,0.01859085401520133,0.1,2,True,
cdf_plateau,0.1,78,MonotoneLSPIA,0.01978273838116429,3.3273384048016694e-13,0.005581116012763232,0.005581116012763232,,34,True,
cdf_plateau,0.1,78,Penalized monotone B-spline,0.01978273871778128,4.4364512064022255e-13,0.034379778953734785,0.0014580860151909292,1e-08,8,True,Optimization terminated successfully
cdf_plateau,0.1,78,pyGAM,0.019612899554673827,1.903237567546555e-09,0.11566539603518322,0.018428264011163265,0.1,2,True,
cdf_plateau,0.1,79,MonotoneLSPIA,0.023296464922866245,2.7727820040013332e-14,0.008542254974599928,0.008542254974599928,,58,True,
cdf_plateau,0.1,79,Penalized monotone B-spline,0.023379889174630877,2.7727820040013285e-14,0.04022210801485926,0.001971575024072081,0.01,12,True,Optimization terminated successfully
cdf_plateau,0.1,79,pyGAM,0.02405206600044697,2.9598338779912428e-09,0.11971936101326719,0.018549521977547556,0.1,2,True,
cdf_plateau,0.1,80,MonotoneLSPIA,0.017097436028804865,4.4364512064022255e-13,0.010397395002655685,0.010397395002655685,,71,True,
cdf_plateau,0.1,80,Penalized monotone B-spline,0.017309360597574833,4.4364512064022255e-13,0.038249663019087166,0.0018395959632471204,0.01,12,True,Optimization terminated successfully
cdf_plateau,0.1,80,pyGAM,0.018598064126081768,2.8701621079819196e-09,0.12390935502480716,0.022145539987832308,0.1,3,True,
cdf_plateau,0.1,81,MonotoneLSPIA,0.01862176040640734,4.4364512064022255e-13,0.0062468909891322255,0.0062468909891322255,,39,True,
cdf_plateau,0.1,81,Penalized monotone B-spline,0.018459535988648374,4.4364512064022255e-13,0.035542054974939674,0.0016036470187827945,0.01,10,True,Optimization terminated successfully
cdf_plateau,0.1,81,pyGAM,0.018208623382540905,3.942119630728857e-09,0.11608912202063948,0.022261169971898198,0.01,2,True,
cdf_plateau,0.1,82,MonotoneLSPIA,0.01685773502054641,2.7727820040013332e-14,0.008212886983528733,0.008212886983528733,,55,True,
cdf_plateau,0.1,82,Penalized monotone B-spline,0.01705086803567233,2.772782004001391e-14,0.036098074982874095,0.0015934220282360911,0.01,9,True,Optimization terminated successfully
cdf_plateau,0.1,82,pyGAM,0.01883792171968343,1.8750106467458205e-09,0.11534071003552526,0.01829154702136293,0.1,2,True,
cdf_plateau,0.1,83,MonotoneLSPIA,0.023101561205161835,3.3273384048016694e-13,0.005252239992842078,0.005252239992842078,,31,True,
cdf_plateau,0.1,83,Penalized monotone B-spline,0.022928321488164215,3.3273384048016694e-13,0.03674181399401277,0.0015171659761108458,0.01,9,True,Optimization terminated successfully
cdf_plateau,0.1,83,pyGAM,0.02289841420541549,3.2902385815880394e-09,0.11886822304222733,0.025726827967446297,0.01,2,True,
cdf_plateau,0.1,84,MonotoneLSPIA,0.03298346535817071,3.3273384048016694e-13,0.011119980015791953,0.011119980015791953,,76,True,
cdf_plateau,0.1,84,Penalized monotone B-spline,0.032864762448593876,3.3273384048016694e-13,0.037408905976917595,0.001426164002623409,0.01,7,True,Optimization terminated successfully
cdf_plateau,0.1,84,pyGAM,0.03245401577818986,9.324311323055878e-10,0.10669183399295434,0.02189119503600523,0.001,5,True,
cdf_plateau,0.1,85,MonotoneLSPIA,0.015831095609148246,3.3273384048016694e-13,0.0048731149872764945,0.0048731149872764945,,28,True,
cdf_plateau,0.1,85,Penalized monotone B-spline,0.01588437630547832,3.3273384048016694e-13,0.0352985110366717,0.0015460590366274118,0.01,8,True,Optimization terminated successfully
cdf_plateau,0.1,85,pyGAM,0.01579211516792451,1.3667597054123656e-09,0.1354981560143642,0.018852384004276246,0.01,2,True,
cdf_plateau,0.1,86,MonotoneLSPIA,0.027303054004725824,3.3273384048016694e-13,0.009003967978060246,0.009003967978060246,,61,True,
cdf_plateau,0.1,86,Penalized monotone B-spline,0.02751286951156944,3.3273384048016694e-13,0.03757552005117759,0.001785051019396633,0.01,11,True,Optimization terminated successfully
cdf_plateau,0.1,86,pyGAM,0.029142314528061514,3.380076718517682e-09,0.11598137900000438,0.02239045494934544,0.1,3,True,
cdf_plateau,0.1,87,MonotoneLSPIA,0.025669293838447318,4.159173006001971e-14,0.008211309963371605,0.008211309963371605,,51,True,
cdf_plateau,0.1,87,Penalized monotone B-spline,0.025575385196948408,2.772782004001391e-14,0.03901639499235898,0.0013702450087293983,0.01,7,True,Optimization terminated successfully
cdf_plateau,0.1,87,pyGAM,0.024441009781040583,3.850174179475958e-09,0.11094949400285259,0.022453367011621594,0.01,2,True,
cdf_plateau,0.1,88,MonotoneLSPIA,0.03569043699877705,4.4364512064022255e-13,0.006543694995343685,0.006543694995343685,,41,True,
cdf_plateau,0.1,88,Penalized monotone B-spline,0.03538028757284039,3.3273384048016694e-13,0.03751192399067804,0.0017559959669597447,0.01,11,True,Optimization terminated successfully
cdf_plateau,0.1,88,pyGAM,0.032442432541317026,3.6228615107881372e-09,0.1158421760192141,0.026428320968989283,0.1,2,True,
cdf_plateau,0.1,89,MonotoneLSPIA,0.02241246172215091,4.436451206401733e-13,0.00674412603257224,0.00674412603257224,,42,True,
cdf_plateau,0.1,89,Penalized monotone B-spline,0.022412464678661335,4.4364512064022255e-13,0.03902520501287654,0.0017729580285958946,1e-08,10,True,Optimization terminated successfully
cdf_plateau,0.1,89,pyGAM,0.02063280684454646,2.533324550135831e-09,0.10800499696051702,0.022138673986773938,0.01,2,True,
cdf_plateau,0.1,90,MonotoneLSPIA,0.03146678311312836,3.3273384048016694e-13,0.005869786022230983,0.005869786022230983,,37,True,
cdf_plateau,0.1,90,Penalized monotone B-spline,0.03146680561507866,3.3273384048016694e-13,0.03691237099701539,0.0016413500416092575,1e-08,9,True,Optimization terminated successfully
cdf_plateau,0.1,90,pyGAM,0.032598369736110085,4.373509054911273e-09,0.12732667301315814,0.018680203007534146,0.1,2,True,
cdf_plateau,0.1,91,MonotoneLSPIA,0.02564025288644351,0.0,0.012260180024895817,0.012260180024895817,,83,True,
cdf_plateau,0.1,91,Penalized monotone B-spline,0.02560327152260467,0.0,0.03726940503111109,0.0016197459772229195,0.01,9,True,Optimization terminated successfully
cdf_plateau,0.1,91,pyGAM,0.02560026062482515,0.0,0.1113181269611232,0.018818034033756703,0.01,2,True,
cdf_plateau,0.1,92,MonotoneLSPIA,0.02808688975136741,4.159173006002087e-14,0.008763625985011458,0.008763625985011458,,54,True,
cdf_plateau,0.1,92,Penalized monotone B-spline,0.028086865464226722,2.772782004001391e-14,0.04154414898948744,0.0017748709651641548,1e-08,11,True,Optimization terminated successfully
cdf_plateau,0.1,92,pyGAM,0.027486744281973133,5.141736036940019e-09,0.11332396499346942,0.021931513969320804,0.01,2,True,
cdf_plateau,0.1,93,MonotoneLSPIA,0.024507112011262037,3.3273384048016694e-13,0.009767373034264892,0.009767373034264892,,65,True,
cdf_plateau,0.1,93,Penalized monotone B-spline,0.024507185534470646,2.2182256032011127e-13,0.03603896702406928,0.001545662002172321,1e-08,9,True,Optimization terminated successfully
cdf_plateau,0.1,93,pyGAM,0.024677314156934096,8.626679370849127e-10,0.11917182395700365,0.022339417948387563,0.01,2,True,
cdf_plateau,0.1,94,MonotoneLSPIA,0.021790413750340094,4.4364512064022255e-13,0.01154393597971648,0.01154393597971648,,77,True,
cdf_plateau,0.1,94,Penalized monotone B-spline,0.021838995364079152,3.3273384048016694e-13,0.03720414498820901,0.0016941960202530026,0.01,10,True,Optimization terminated successfully
cdf_plateau,0.1,94,pyGAM,0.022304622971963305,1.2374371527456035e-09,0.11775713600218296,0.019074694951996207,0.1,2,True,
cdf_plateau,0.1,95,MonotoneLSPIA,0.013009963339637888,4.4364512064022255e-13,0.0058860169956460595,0.0058860169956460595,,34,True,
cdf_plateau,0.1,95,Penalized monotone B-spline,0.013056398977215753,3.3273384048016694e-13,0.03481549903517589,0.0015454099630005658,0.01,8,True,Optimization terminated successfully
cdf_plateau,0.1,95,pyGAM,0.012820739855280096,3.5295851241735305e-09,0.12158731202362105,0.02241357899038121,0.01,2,True,
cdf_plateau,0.1,96,MonotoneLSPIA,0.02466760151144829,3.3273384048016694e-13,0.006468406005296856,0.006468406005296856,,41,True,
cdf_plateau,0.1,96,Penalized monotone B-spline,0.02466760618525618,3.3273384048016694e-13,0.034360998950432986,0.001720756001304835,1e-08,11,True,Optimization terminated successfully
cdf_plateau,0.1,96,pyGAM,0.026600882678552727,2.740562277114819e-09,0.10546853701816872,0.014564860961399972,0.1,2,True,
cdf_plateau,0.1,97,MonotoneLSPIA,0.015994441165273893,3.3273384048016694e-13,0.007966083008795977,0.007966083008795977,,51,True,
cdf_plateau,0.1,97,Penalized monotone B-spline,0.01592594723145021,3.3273384048016694e-13,0.03826852299971506,0.0015481599839404225,0.01,9,True,Optimization terminated successfully
cdf_plateau,0.1,97,pyGAM,0.015849861890934704,1.1657884657623448e-09,0.12728660204447806,0.022164993977639824,0.01,2,True,
cdf_plateau,0.1,98,MonotoneLSPIA,0.014434840750250083,3.3273384048016694e-13,0.006083340966142714,0.006083340966142714,,37,True,
cdf_plateau,0.1,98,Penalized monotone B-spline,0.014434838776015379,3.3273384048016694e-13,0.03345890896162018,0.0012237739865668118,1e-08,6,True,Optimization terminated successfully
cdf_plateau,0.1,98,pyGAM,0.014612031719908021,3.082723576408624e-09,0.12317110999720171,0.02604503300972283,0.01,2,True,
cdf_plateau,0.1,99,MonotoneLSPIA,0.01849352904873255,3.3273384048016694e-13,0.005986029980704188,0.005986029980704188,,37,True,
cdf_plateau,0.1,99,Penalized monotone B-spline,0.018493531236327486,4.4364512064022255e-13,0.03424256597645581,0.0014097859966568649,1e-08,8,True,Optimization terminated successfully
cdf_plateau,0.1,99,pyGAM,0.016956428075688236,2.7787157574899538e-09,0.1203790059662424,0.022421096975449473,0.01,2,True,
cdf_plateau,0.1,100,MonotoneLSPIA,0.025739179717529218,3.3273384048016694e-13,0.005721802997868508,0.005721802997868508,,35,True,
cdf_plateau,0.1,100,Penalized monotone B-spline,0.02549168764336309,3.3273384048016694e-13,0.03624461602885276,0.0014423079555854201,0.01,8,True,Optimization terminated successfully
cdf_plateau,0.1,100,pyGAM,0.025182113730566516,2.3756087097482315e-09,0.12788007699418813,0.022194470977410674,0.001,5,True,
