dataset,sigma,trial,method,recovery_rmse,maximum_negative_slope,end_to_end_seconds,refit_seconds,selected_parameter,iterations,converged,message
sensor_log,0.02,1,MonotoneLSPIA,0.007845215542444934,0.0,0.03326107299653813,0.03326107299653813,,219,True,
sensor_log,0.02,1,Penalized monotone B-spline,0.006237172227127748,0.0,0.04861379397334531,0.0005420679808594286,1.0,1,True,Optimization terminated successfully
sensor_log,0.02,1,pyGAM,0.006461642310720879,0.0,0.11739924602443352,0.011368728009983897,1.0,2,True,
sensor_log,0.02,2,MonotoneLSPIA,0.008042788470745629,0.0,0.030720487993676215,0.030720487993676215,,240,True,
sensor_log,0.02,2,Penalized monotone B-spline,0.0060084752637368614,0.0,0.0301995649933815,0.0004643409629352391,1.0,1,True,Optimization terminated successfully
sensor_log,0.02,2,pyGAM,0.005948436807006524,0.0,0.07702769199386239,0.010429299029055983,1.0,2,True,
sensor_log,0.02,3,MonotoneLSPIA,0.005646361350377421,0.0,0.029975766025017947,0.029975766025017947,,237,True,
sensor_log,0.02,3,Penalized monotone B-spline,0.004522626128131065,0.0,0.03552675398532301,0.0004884920199401677,1.0,1,True,Optimization terminated successfully
sensor_log,0.02,3,pyGAM,0.007407917282990099,0.0,0.08570290298666805,0.009970349026843905,10.0,2,True,
sensor_log,0.02,4,MonotoneLSPIA,0.008249344910752495,0.0,0.03061473905108869,0.03061473905108869,,211,True,
sensor_log,0.02,4,Penalized monotone B-spline,0.005837404907304187,0.0,0.028093531960621476,0.0009899219730868936,1.0,1,True,Optimization terminated successfully
sensor_log,0.02,4,pyGAM,0.004886497966201835,0.0,0.08446441398700699,0.011346184997819364,1.0,2,True,
sensor_log,0.02,5,MonotoneLSPIA,0.005753310001215849,0.0,0.030836644989904016,0.030836644989904016,,230,True,
sensor_log,0.02,5,Penalized monotone B-spline,0.005424706605807253,0.0,0.03608781495131552,0.00046142999781295657,1.0,1,True,Optimization terminated successfully
sensor_log,0.02,5,pyGAM,0.005160363834527713,0.0,0.08943762199487537,0.01175093901110813,1.0,2,True,
sensor_log,0.02,6,MonotoneLSPIA,0.007615944452932594,0.0,0.03069485997548327,0.03069485997548327,,230,True,
sensor_log,0.02,6,Penalized monotone B-spline,0.003887890157070516,0.0,0.043042495963163674,0.000496216001920402,1.0,1,True,Optimization terminated successfully
sensor_log,0.02,6,pyGAM,0.0041956808103575695,0.0,0.09982003999175504,0.01042225700803101,1.0,3,True,
sensor_log,0.02,7,MonotoneLSPIA,0.007288479492091728,0.0,0.026790795964188874,0.026790795964188874,,207,True,
sensor_log,0.02,7,Penalized monotone B-spline,0.00402746074294833,0.0,0.036798461980652064,0.00047572696348652244,1.0,1,True,Optimization terminated successfully
sensor_log,0.02,7,pyGAM,0.0029893770232267834,0.0,0.09207169699948281,0.010334702965337783,1.0,2,True,
sensor_log,0.02,8,MonotoneLSPIA,0.006188785120296197,0.0,0.03013629902852699,0.03013629902852699,,235,True,
sensor_log,0.02,8,Penalized monotone B-spline,0.004094797490925692,0.0,0.03415124898310751,0.00045796699123457074,1.0,1,True,Optimization terminated successfully
sensor_log,0.02,8,pyGAM,0.007350747123782398,0.0,0.08658386301249266,0.010022081958595663,10.0,2,True,
sensor_log,0.02,9,MonotoneLSPIA,0.006936845771609372,0.0,0.031727784022223204,0.031727784022223204,,237,True,
sensor_log,0.02,9,Penalized monotone B-spline,0.0060771687626240915,0.0,0.0399479609914124,0.0007739060092717409,1.0,1,True,Optimization terminated successfully
sensor_log,0.02,9,pyGAM,0.00547117404207664,0.0,0.10384484002133831,0.011702531017363071,1.0,2,True,
sensor_log,0.02,10,MonotoneLSPIA,0.006630289509005669,0.0,0.03370912797981873,0.03370912797981873,,234,True,
sensor_log,0.02,10,Penalized monotone B-spline,0.005309857406258523,0.0,0.035691192955709994,0.0005353220039978623,1.0,1,True,Optimization terminated successfully
sensor_log,0.02,10,pyGAM,0.00442887375366493,0.0,0.09410155401565135,0.010320490051526576,1.0,2,True,
sensor_log,0.02,11,MonotoneLSPIA,0.003788779420560434,0.0,0.02907978801522404,0.02907978801522404,,226,True,
sensor_log,0.02,11,Penalized monotone B-spline,0.004146050507774902,0.0,0.026297166012227535,0.0005378840141929686,1.0,1,True,Optimization terminated successfully
sensor_log,0.02,11,pyGAM,0.0038406245961478437,0.0,0.08786148100625724,0.010840267001185566,1.0,2,True,
sensor_log,0.02,12,MonotoneLSPIA,0.008274354925878602,0.0,0.026839305995963514,0.026839305995963514,,215,True,
sensor_log,0.02,12,Penalized monotone B-spline,0.005510766527350473,0.0,0.039464116969611496,0.00045046204468235373,1.0,1,True,Optimization terminated successfully
sensor_log,0.02,12,pyGAM,0.004679355343325932,0.0,0.0878217900171876,0.010647628048900515,1.0,2,True,
sensor_log,0.02,13,MonotoneLSPIA,0.005369164931896471,0.0,0.03131308202864602,0.03131308202864602,,228,True,
sensor_log,0.02,13,Penalized monotone B-spline,0.005087582753445404,0.0,0.042388923990074545,0.0005202639731578529,1.0,1,True,Optimization terminated successfully
sensor_log,0.02,13,pyGAM,0.003966981435347654,0.0,0.09770813502836972,0.011158445966430008,1.0,3,True,
sensor_log,0.02,14,MonotoneLSPIA,0.006926339582730238,0.0,0.034364841994829476,0.034364841994829476,,231,True,
sensor_log,0.02,14,Penalized monotone B-spline,0.005055689322083014,0.0,0.03842153795994818,0.001158366969320923,1.0,1,True,Optimization terminated successfully
sensor_log,0.02,14,pyGAM,0.0065660051076030556,0.0,0.0865519680082798,0.010556762979831547,10.0,2,True,
sensor_log,0.02,15,MonotoneLSPIA,0.00975507447892792,0.0,0.030191199970431626,0.030191199970431626,,238,True,
sensor_log,0.02,15,Penalized monotone B-spline,0.007085373510722625,0.0,0.040825426985975355,0.0006102470215409994,1.0,1,True,Optimization terminated successfully
sensor_log,0.02,15,pyGAM,0.006149285471576218,0.0,0.08680303097935393,0.011760136985685676,1.0,2,True,
sensor_log,0.02,16,MonotoneLSPIA,0.00642587374087222,0.0,0.031619397981557995,0.031619397981557995,,237,True,
sensor_log,0.02,16,Penalized monotone B-spline,0.003727296796990154,0.0,0.039255813986528665,0.0005440069944597781,1.0,1,True,Optimization terminated successfully
sensor_log,0.02,16,pyGAM,0.004369910108739255,0.0,0.09024587197927758,0.010424064006656408,1.0,2,True,
sensor_log,0.02,17,MonotoneLSPIA,0.010664995423243557,0.0,0.026802016014698893,0.026802016014698893,,211,True,
sensor_log,0.02,17,Penalized monotone B-spline,0.010664973041046409,0.0,0.03440331999445334,0.001815809984691441,1e-08,11,True,Optimization terminated successfully
sensor_log,0.02,17,pyGAM,0.008073481440256238,0.0,0.08714648301247507,0.010357684979680926,0.1,2,True,
sensor_log,0.02,18,MonotoneLSPIA,0.007369640402996427,0.0,0.031312100996728987,0.031312100996728987,,234,True,
sensor_log,0.02,18,Penalized monotone B-spline,0.007177663634048127,0.0,0.04353367100702599,0.0004578660009428859,1.0,1,True,Optimization terminated successfully
sensor_log,0.02,18,pyGAM,0.007008494139376663,0.0,0.09764833201188594,0.011542355001438409,1.0,2,True,
sensor_log,0.02,19,MonotoneLSPIA,0.007464822863545912,0.0,0.028220817970577627,0.028220817970577627,,207,True,
sensor_log,0.02,19,Penalized monotone B-spline,0.004657354406053256,0.0,0.02840220503276214,0.00046937004663050175,1.0,1,True,Optimization terminated successfully
sensor_log,0.02,19,pyGAM,0.00371329447913555,0.0,0.07767368300119415,0.01018239202676341,1.0,2,True,
sensor_log,0.02,20,MonotoneLSPIA,0.004934060498628538,0.0,0.029758149990811944,0.029758149990811944,,228,True,
sensor_log,0.02,20,Penalized monotone B-spline,0.004449605843219831,0.0,0.04461479902965948,0.0004773199907504022,1.0,1,True,Optimization terminated successfully
sensor_log,0.02,20,pyGAM,0.004078129549760332,0.0,0.08932554896455258,0.010670813033357263,1.0,2,True,
sensor_log,0.02,21,MonotoneLSPIA,0.006169035064918386,0.0,0.03129645297303796,0.03129645297303796,,238,True,
sensor_log,0.02,21,Penalized monotone B-spline,0.0052428790316312755,0.0,0.04175295104505494,0.0004894779995083809,1.0,1,True,Optimization terminated successfully
sensor_log,0.02,21,pyGAM,0.0046803164819483,0.0,0.0898701889673248,0.011438085057307035,1.0,2,True,
sensor_log,0.02,22,MonotoneLSPIA,0.005438992391171376,0.0,0.030715765024069697,0.030715765024069697,,238,True,
sensor_log,0.02,22,Penalized monotone B-spline,0.0044468458517212895,0.0,0.025116859993431717,0.0005078780231997371,1.0,1,True,Optimization terminated successfully
sensor_log,0.02,22,pyGAM,0.004593526707101162,0.0,0.07866224297322333,0.010051145975012332,1.0,2,True,
sensor_log,0.02,23,MonotoneLSPIA,0.006157874839775371,0.0,0.024204675981309265,0.024204675981309265,,187,True,
sensor_log,0.02,23,Penalized monotone B-spline,0.005998351601513364,0.0,0.033855399989988655,0.00047261297004297376,0.01,1,True,Optimization terminated successfully
sensor_log,0.02,23,pyGAM,0.004761058944547044,0.0,1.8932892339653336,0.010170936002396047,1.0,2,True,did not converge
sensor_log,0.02,24,MonotoneLSPIA,0.0075542153523533535,0.0,0.027989063994027674,0.027989063994027674,,218,True,
sensor_log,0.02,24,Penalized monotone B-spline,0.0067966333212264975,0.0,0.04236043500714004,0.0005000770324841142,1.0,1,True,Optimization terminated successfully
sensor_log,0.02,24,pyGAM,0.00693137219950296,0.0,0.0889959599589929,0.01113179000094533,1.0,3,True,
sensor_log,0.02,25,MonotoneLSPIA,0.007480633546216174,0.0,0.02312404802069068,0.02312404802069068,,177,True,
sensor_log,0.02,25,Penalized monotone B-spline,0.006199436837996314,0.0,0.03225516603561118,0.0004738220013678074,1.0,1,True,Optimization terminated successfully
sensor_log,0.02,25,pyGAM,0.005754649460091438,0.0,0.07907032105140388,0.01162803202169016,1.0,2,True,
sensor_log,0.02,26,MonotoneLSPIA,0.006878455663901926,0.0,0.033479974954389036,0.033479974954389036,,240,True,
sensor_log,0.02,26,Penalized monotone B-spline,0.005401376150346473,0.0,0.02750640199519694,0.0005445400020107627,1.0,1,True,Optimization terminated successfully
sensor_log,0.02,26,pyGAM,0.00469138027223494,0.0,0.08081503998255357,0.011296542012132704,0.1,2,True,
sensor_log,0.02,27,MonotoneLSPIA,0.007971699979267227,0.0,0.025459780008532107,0.025459780008532107,,194,True,
sensor_log,0.02,27,Penalized monotone B-spline,0.0069648388070587324,0.0,0.030692817992530763,0.001363453979138285,0.01,8,True,Optimization terminated successfully
sensor_log,0.02,27,pyGAM,0.004256243380339502,0.0,0.08393677399726585,0.010092090000398457,1.0,2,True,
sensor_log,0.02,28,MonotoneLSPIA,0.00579131324400669,0.0,0.027699335012584925,0.027699335012584925,,230,True,
sensor_log,0.02,28,Penalized monotone B-spline,0.004929329472023327,0.0,0.03222987201297656,0.0005210679955780506,1.0,1,True,Optimization terminated successfully
sensor_log,0.02,28,pyGAM,0.003778404460974676,0.0,0.07599184900755063,0.00997521000681445,1.0,2,True,
sensor_log,0.02,29,MonotoneLSPIA,0.004730861967362992,0.0,0.027512914035469294,0.027512914035469294,,209,True,
sensor_log,0.02,29,Penalized monotone B-spline,0.004337116872282086,0.0,0.024844139988999814,0.0005412400350905955,1.0,1,True,Optimization terminated successfully
sensor_log,0.02,29,pyGAM,0.002502521382719822,0.0,0.08392122597433627,0.011342221056111157,1.0,2,True,
sensor_log,0.02,30,MonotoneLSPIA,0.005787751246386355,0.0,0.03223414899548516,0.03223414899548516,,242,True,
sensor_log,0.02,30,Penalized monotone B-spline,0.0037836110253567077,0.0,0.04099393397336826,0.00045689899707213044,1.0,1,True,Optimization terminated successfully
sensor_log,0.02,30,pyGAM,0.0036871831040344825,0.0,0.09558788000140339,0.010445393971167505,1.0,2,True,
sensor_log,0.02,31,MonotoneLSPIA,0.006621617841048403,0.0,0.03007575002266094,0.03007575002266094,,232,True,
sensor_log,0.02,31,Penalized monotone B-spline,0.005770643772443109,0.0,0.020080868969671428,0.00044749502558261156,1.0,1,True,Optimization terminated successfully
sensor_log,0.02,31,pyGAM,0.005324198151227254,0.0,0.0779987130081281,0.010095034958794713,1.0,2,True,
sensor_log,0.02,32,MonotoneLSPIA,0.006408691186834489,0.0,0.03101247304584831,0.03101247304584831,,229,True,
sensor_log,0.02,32,Penalized monotone B-spline,0.005282448275793977,0.0,0.03826862998539582,0.0005626709898933768,1.0,1,True,Optimization terminated successfully
sensor_log,0.02,32,pyGAM,0.004076579722069794,0.0,0.10217685700627044,0.010641757980920374,1.0,2,True,
sensor_log,0.02,33,MonotoneLSPIA,0.006273639272758217,0.0,0.030450985010247678,0.030450985010247678,,239,True,
sensor_log,0.02,33,Penalized monotone B-spline,0.004756309723521392,0.0,0.043077324982732534,0.0004481020150706172,1.0,1,True,Optimization terminated successfully
sensor_log,0.02,33,pyGAM,0.004382358303149058,0.0,0.0871861350024119,0.011504383001010865,1.0,3,True,
sensor_log,0.02,34,MonotoneLSPIA,0.006596375956479012,0.0,0.03192621096968651,0.03192621096968651,,241,True,
sensor_log,0.02,34,Penalized monotone B-spline,0.004672806225867593,0.0,0.03507336601614952,0.0005113580264151096,1.0,1,True,Optimization terminated successfully
sensor_log,0.02,34,pyGAM,0.0039027756487821194,0.0,0.08795816299971193,0.010593653016258031,1.0,2,True,
sensor_log,0.02,35,MonotoneLSPIA,0.0060720636247006314,0.0,0.03050584002630785,0.03050584002630785,,229,True,
sensor_log,0.02,35,Penalized monotone B-spline,0.004745696702668088,0.0,0.027517755050212145,0.0005025910213589668,1.0,1,True,Optimization terminated successfully
sensor_log,0.02,35,pyGAM,0.002972508761070388,0.0,0.08511558402096853,0.010250249993987381,1.0,2,True,
sensor_log,0.02,36,MonotoneLSPIA,0.005222352190116458,0.0,0.029016799991950393,0.029016799991950393,,226,True,
sensor_log,0.02,36,Penalized monotone B-spline,0.005218408464617564,0.0,0.03398209798615426,0.00046752102207392454,1.0,1,True,Optimization terminated successfully
sensor_log,0.02,36,pyGAM,0.007844494015651583,0.0,0.0943236059974879,0.010960018029436469,10.0,2,True,
sensor_log,0.02,37,MonotoneLSPIA,0.004660197399057999,0.0,0.029837686044629663,0.029837686044629663,,223,True,
sensor_log,0.02,37,Penalized monotone B-spline,0.004004423374057655,0.0,0.02962079696590081,0.0004524700343608856,1.0,1,True,Optimization terminated successfully
sensor_log,0.02,37,pyGAM,0.003999569184495615,0.0,0.07784677000017837,0.011637454968877137,1.0,2,True,
sensor_log,0.02,38,MonotoneLSPIA,0.005755334117476788,0.0,0.032089805987197906,0.032089805987197906,,220,True,
sensor_log,0.02,38,Penalized monotone B-spline,0.0035631690303351243,0.0,0.03133218799484894,0.0005461440305225551,1.0,1,True,Optimization terminated successfully
sensor_log,0.02,38,pyGAM,0.003966322977473419,0.0,0.09755067102378234,0.010935697995591909,1.0,2,True,
sensor_log,0.02,39,MonotoneLSPIA,0.00625965203018851,0.0,0.028975631983485073,0.028975631983485073,,236,True,
sensor_log,0.02,39,Penalized monotone B-spline,0.0044693706244858245,0.0,0.03032375604379922,0.0004561700043268502,1.0,1,True,Optimization terminated successfully
sensor_log,0.02,39,pyGAM,0.0047182367704306895,0.0,0.07651547301793471,0.010084367997478694,1.0,2,True,
sensor_log,0.02,40,MonotoneLSPIA,0.005606052845900701,0.0,0.02845645503839478,0.02845645503839478,,229,True,
sensor_log,0.02,40,Penalized monotone B-spline,0.00446403765927745,0.0,0.045634107023943216,0.001352440973278135,1.0,7,True,Optimization terminated successfully
sensor_log,0.02,40,pyGAM,0.0033880067700501177,0.0,0.0902620640117675,0.011226331000216305,1.0,3,True,
sensor_log,0.02,41,MonotoneLSPIA,0.004556311103283797,0.0,0.03070184896932915,0.03070184896932915,,237,True,
sensor_log,0.02,41,Penalized monotone B-spline,0.002757151108285789,0.0,0.04401538096135482,0.00045305100502446294,1.0,1,True,Optimization terminated successfully
sensor_log,0.02,41,pyGAM,0.0036095595322875236,0.0,0.09136310499161482,0.011090443003922701,1.0,2,True,
sensor_log,0.02,42,MonotoneLSPIA,0.006688102665467447,0.0,0.030336415045894682,0.030336415045894682,,234,True,
sensor_log,0.02,42,Penalized monotone B-spline,0.005979621963850253,0.0,0.02362905303016305,0.0004497219924814999,1.0,1,True,Optimization terminated successfully
sensor_log,0.02,42,pyGAM,0.005220148862198062,0.0,0.09399417304666713,0.01157935499213636,1.0,2,True,
sensor_log,0.02,43,MonotoneLSPIA,0.007628258542408445,0.0,0.029564014985226095,0.029564014985226095,,217,True,
sensor_log,0.02,43,Penalized monotone B-spline,0.006501628019110458,0.0,0.03805481002200395,0.00046199699863791466,1.0,1,True,Optimization terminated successfully
sensor_log,0.02,43,pyGAM,0.006940590194966769,0.0,0.08471291197929531,0.01066566095687449,1.0,2,True,
sensor_log,0.02,44,MonotoneLSPIA,0.006485202610234783,0.0,0.02937370300060138,0.02937370300060138,,224,True,
sensor_log,0.02,44,Penalized monotone B-spline,0.003655642128436584,0.0,0.04180244798772037,0.0005162059678696096,1.0,1,True,Optimization terminated successfully
sensor_log,0.02,44,pyGAM,0.0037955472171028724,0.0,0.08843022002838552,0.009929264022503048,1.0,2,True,
sensor_log,0.02,45,MonotoneLSPIA,0.007652929597292509,0.0,0.03087457100627944,0.03087457100627944,,225,True,
sensor_log,0.02,45,Penalized monotone B-spline,0.005914320913194517,0.0,0.04332303302362561,0.000454285996966064,1.0,1,True,Optimization terminated successfully
sensor_log,0.02,45,pyGAM,0.005963347813253048,0.0,0.08956597500946373,0.010811211017426103,1.0,3,True,
sensor_log,0.02,46,MonotoneLSPIA,0.007124195078262421,0.0,0.03175574302440509,0.03175574302440509,,243,True,
sensor_log,0.02,46,Penalized monotone B-spline,0.005195118244505395,0.0,0.03436494799098,0.000457426009234041,1.0,1,True,Optimization terminated successfully
sensor_log,0.02,46,pyGAM,0.004647560037432202,0.0,0.0872646719799377,0.011298014025669545,1.0,2,True,
sensor_log,0.02,47,MonotoneLSPIA,0.007594150478513914,0.0,0.0324301469954662,0.0324301469954662,,234,True,
sensor_log,0.02,47,Penalized monotone B-spline,0.006081622270975642,0.0,0.0264429550152272,0.0006882490124553442,1.0,1,True,Optimization terminated successfully
sensor_log,0.02,47,pyGAM,0.005664623455402208,0.0,0.08295082702534273,0.009724436036776751,1.0,2,True,
sensor_log,0.02,48,MonotoneLSPIA,0.007059398453651682,0.0,0.030384364014025778,0.030384364014025778,,231,True,
sensor_log,0.02,48,Penalized monotone B-spline,0.006127678997694769,0.0,0.03206194197991863,0.0004835459985770285,1.0,1,True,Optimization terminated successfully
sensor_log,0.02,48,pyGAM,0.0043892173309813985,0.0,1.945204611052759,0.010404940985608846,1.0,2,True,did not converge
sensor_log,0.02,49,MonotoneLSPIA,0.008457464043735676,0.0,0.025456629984546453,0.025456629984546453,,203,True,
sensor_log,0.02,49,Penalized monotone B-spline,0.006502560878639062,0.0,0.020763481967151165,0.0009567700326442719,1.0,1,True,Optimization terminated successfully
sensor_log,0.02,49,pyGAM,0.006332132210136776,0.0,0.08116236701607704,0.011323064973112196,1.0,2,True,
sensor_log,0.02,50,MonotoneLSPIA,0.006125070473720773,0.0,0.030349914042744786,0.030349914042744786,,230,True,
sensor_log,0.02,50,Penalized monotone B-spline,0.005458257365509119,0.0,0.03447129699634388,0.0005411140155047178,1.0,1,True,Optimization terminated successfully
sensor_log,0.02,50,pyGAM,0.005087336240600636,0.0,0.08591646596323699,0.01163026801077649,1.0,2,True,
sensor_log,0.02,51,MonotoneLSPIA,0.007143503572335438,0.0,0.03219318500487134,0.03219318500487134,,227,True,
sensor_log,0.02,51,Penalized monotone B-spline,0.00507231113439233,0.0,0.03660544799640775,0.0005869439919479191,1.0,1,True,Optimization terminated successfully
sensor_log,0.02,51,pyGAM,0.005413299904058247,0.0,0.09172609099186957,0.010052573052234948,1.0,2,True,
sensor_log,0.02,52,MonotoneLSPIA,0.00652083331377005,0.0,0.02990899997530505,0.02990899997530505,,229,True,
sensor_log,0.02,52,Penalized monotone B-spline,0.004944442212200958,0.0,0.03863394900690764,0.0005014039925299585,1.0,1,True,Optimization terminated successfully
sensor_log,0.02,52,pyGAM,0.004685401180847975,0.0,0.09238987002754584,0.011377824994269758,1.0,2,True,
sensor_log,0.02,53,MonotoneLSPIA,0.00801559760393303,0.0,0.03236319200368598,0.03236319200368598,,236,True,
sensor_log,0.02,53,Penalized monotone B-spline,0.006692317510306811,0.0,0.034307942958548665,0.0004610640462487936,1.0,1,True,Optimization terminated successfully
sensor_log,0.02,53,pyGAM,0.005816971510627841,0.0,0.08843735203845426,0.009742063004523516,1.0,2,True,
sensor_log,0.02,54,MonotoneLSPIA,0.005911777014318054,0.0,0.0339924119762145,0.0339924119762145,,237,True,
sensor_log,0.02,54,Penalized monotone B-spline,0.005735154114050231,0.0,0.04220775997964665,0.0005951200146228075,1.0,1,True,Optimization terminated successfully
sensor_log,0.02,54,pyGAM,0.00554652044353675,0.0,0.09182647103443742,0.010475305956788361,1.0,2,True,
sensor_log,0.02,55,MonotoneLSPIA,0.00560046543105438,0.0,0.028686514997389168,0.028686514997389168,,218,True,
sensor_log,0.02,55,Penalized monotone B-spline,0.004562934423850628,0.0,0.046739690005779266,0.0005359839997254312,1.0,1,True,Optimization terminated successfully
sensor_log,0.02,55,pyGAM,0.004501491513311643,0.0,0.0955220780451782,0.011162081034854054,1.0,2,True,
sensor_log,0.02,56,MonotoneLSPIA,0.008077299621348353,0.0,0.03188716503791511,0.03188716503791511,,235,True,
sensor_log,0.02,56,Penalized monotone B-spline,0.005951049758705185,0.0,0.014843644050415605,0.000539858010597527,1.0,1,True,Optimization terminated successfully
sensor_log,0.02,56,pyGAM,0.006044811092557903,0.0,0.08550700003979728,0.01160710898693651,1.0,2,True,
sensor_log,0.02,57,MonotoneLSPIA,0.00586425001128142,0.0,0.03197280300082639,0.03197280300082639,,214,True,
sensor_log,0.02,57,Penalized monotone B-spline,0.0032904426344575704,0.0,0.039334500033874065,0.0005511899944394827,1.0,1,True,Optimization terminated successfully
sensor_log,0.02,57,pyGAM,0.0032727064178123912,0.0,0.09181253798305988,0.010315905965398997,1.0,2,True,
sensor_log,0.02,58,MonotoneLSPIA,0.006201509911171622,0.0,0.030973681015893817,0.030973681015893817,,236,True,
sensor_log,0.02,58,Penalized monotone B-spline,0.0037340157826214223,0.0,0.024703689967282116,0.0004574079648591578,1.0,1,True,Optimization terminated successfully
sensor_log,0.02,58,pyGAM,0.004325208795505027,0.0,0.09115517500322312,0.011187842988874763,1.0,2,True,
sensor_log,0.02,59,MonotoneLSPIA,0.007122330295583426,0.0,0.03219814604381099,0.03219814604381099,,239,True,
sensor_log,0.02,59,Penalized monotone B-spline,0.0053329791257373214,0.0,0.01935635000700131,0.0006007730262354016,1.0,1,True,Optimization terminated successfully
sensor_log,0.02,59,pyGAM,0.005302490787862614,0.0,0.08013111003674567,0.010054231039248407,1.0,2,True,
sensor_log,0.02,60,MonotoneLSPIA,0.006263461717714566,0.0,0.03171172901056707,0.03171172901056707,,222,True,
sensor_log,0.02,60,Penalized monotone B-spline,0.005481819702549542,0.0,0.0446126030292362,0.0005374710308387876,1.0,1,True,Optimization terminated successfully
sensor_log,0.02,60,pyGAM,0.004454798771274318,0.0,0.0928602369967848,0.009732186968903989,1.0,3,True,
sensor_log,0.02,61,MonotoneLSPIA,0.005065619890125995,0.0,0.02833288803230971,0.02833288803230971,,229,True,
sensor_log,0.02,61,Penalized monotone B-spline,0.0043270663042992135,0.0,0.036818296008277684,0.0005294079892337322,1.0,1,True,Optimization terminated successfully
sensor_log,0.02,61,pyGAM,0.0036774354222722794,0.0,0.09037367202108726,0.011359735974110663,1.0,2,True,
sensor_log,0.02,62,MonotoneLSPIA,0.004292787757350224,0.0,0.02920089999679476,0.02920089999679476,,230,True,
sensor_log,0.02,62,Penalized monotone B-spline,0.00349849050446482,0.0,0.01752275397302583,0.0004610070027410984,1.0,1,True,Optimization terminated successfully
sensor_log,0.02,62,pyGAM,0.002637135921495935,0.0,0.07663329399656504,0.01028628699714318,1.0,2,True,
sensor_log,0.02,63,MonotoneLSPIA,0.006390093397280423,0.0,0.024295490002259612,0.024295490002259612,,195,True,
sensor_log,0.02,63,Penalized monotone B-spline,0.004568713443737843,0.0,0.04377537500113249,0.0004940360086038709,1.0,1,True,Optimization terminated successfully
sensor_log,0.02,63,pyGAM,0.004106921240341557,0.0,0.09116135200019926,0.011560485989321023,1.0,2,True,
sensor_log,0.02,64,MonotoneLSPIA,0.00785574913647354,0.0,0.036573224992025644,0.036573224992025644,,227,True,
sensor_log,0.02,64,Penalized monotone B-spline,0.0062776910649396805,0.0,0.14117212197743356,0.0006268339930102229,1.0,1,True,Optimization terminated successfully
sensor_log,0.02,64,pyGAM,0.005963258995679419,0.0,0.1252312590368092,0.011769830947741866,1.0,2,True,
sensor_log,0.02,65,MonotoneLSPIA,0.008270670548242333,0.0,0.03507279098266736,0.03507279098266736,,242,True,
sensor_log,0.02,65,Penalized monotone B-spline,0.005312325584838833,0.0,0.03317174903349951,0.0006961770122870803,1.0,1,True,Optimization terminated successfully
sensor_log,0.02,65,pyGAM,0.004567442503056739,0.0,0.08480041398433968,0.011536467005498707,1.0,2,True,
sensor_log,0.02,66,MonotoneLSPIA,0.007373156226552919,0.0,0.03054883104050532,0.03054883104050532,,229,True,
sensor_log,0.02,66,Penalized monotone B-spline,0.004778260578207502,0.0,0.03914171998621896,0.0004596909857355058,1.0,1,True,Optimization terminated successfully
sensor_log,0.02,66,pyGAM,0.004719293316692529,0.0,0.09607323899399489,0.011104905046522617,1.0,2,True,
sensor_log,0.02,67,MonotoneLSPIA,0.0043865789195487205,0.0,0.030882754013873637,0.030882754013873637,,232,True,
sensor_log,0.02,67,Penalized monotone B-spline,0.0033919378196866187,0.0,0.027658510953187943,0.00044810603139922023,1.0,1,True,Optimization terminated successfully
sensor_log,0.02,67,pyGAM,0.003191670908447847,0.0,1.9335703660035506,0.01044845097931102,1.0,2,True,did not converge
sensor_log,0.02,68,MonotoneLSPIA,0.006380298952724361,0.0,0.019262102025095373,0.019262102025095373,,146,True,
sensor_log,0.02,68,Penalized monotone B-spline,0.004774834950943098,0.0,0.03678771399427205,0.0005056930240243673,1.0,1,True,Optimization terminated successfully
sensor_log,0.02,68,pyGAM,0.005265768722837493,0.0,0.07655024400446564,0.009986552002374083,1.0,2,True,
sensor_log,0.02,69,MonotoneLSPIA,0.006689152516645604,0.0,0.028275215008761734,0.028275215008761734,,230,True,
sensor_log,0.02,69,Penalized monotone B-spline,0.005173794843104098,0.0,0.03927403100533411,0.0004517210181802511,1.0,1,True,Optimization terminated successfully
sensor_log,0.02,69,pyGAM,0.005652903449592406,0.0,0.08878567500505596,0.010267861012835056,1.0,2,True,
sensor_log,0.02,70,MonotoneLSPIA,0.007938487590015907,0.0,0.03249528497690335,0.03249528497690335,,243,True,
sensor_log,0.02,70,Penalized monotone B-spline,0.006952739145729893,0.0,0.03521015198202804,0.0004477730253711343,1.0,1,True,Optimization terminated successfully
sensor_log,0.02,70,pyGAM,0.005635418532120199,0.0,0.08573976799380034,0.010313550010323524,1.0,2,True,
sensor_log,0.02,71,MonotoneLSPIA,0.006040300098321611,0.0,0.030617473006714135,0.030617473006714135,,244,True,
sensor_log,0.02,71,Penalized monotone B-spline,0.004160758602369961,0.0,0.021910351002588868,0.0004834879655390978,1.0,1,True,Optimization terminated successfully
sensor_log,0.02,71,pyGAM,0.0033786152084005847,0.0,0.0822744479519315,0.011494863021653146,1.0,2,True,
sensor_log,0.02,72,MonotoneLSPIA,0.006589430319478573,0.0,0.026032022025901824,0.026032022025901824,,194,True,
sensor_log,0.02,72,Penalized monotone B-spline,0.004352736607553885,0.0,0.047028061002492905,0.0005496429512277246,1.0,1,True,Optimization terminated successfully
sensor_log,0.02,72,pyGAM,0.004269476026010688,0.0,0.09807686897693202,0.010099184000864625,1.0,2,True,
sensor_log,0.02,73,MonotoneLSPIA,0.006903080741692987,0.0,0.031491146015468985,0.031491146015468985,,223,True,
sensor_log,0.02,73,Penalized monotone B-spline,0.004670479765964049,0.0,0.015100652002729475,0.00055012694792822,1.0,1,True,Optimization terminated successfully
sensor_log,0.02,73,pyGAM,0.005412218369551415,0.0,0.0870056240237318,0.012131085968576372,1.0,2,True,
sensor_log,0.02,74,MonotoneLSPIA,0.006676913706342248,0.0,0.03430913301417604,0.03430913301417604,,238,True,
sensor_log,0.02,74,Penalized monotone B-spline,0.005130695827203525,0.0,0.049952992994803935,0.0005653140251524746,1.0,1,True,Optimization terminated successfully
sensor_log,0.02,74,pyGAM,0.005643365029667471,0.0,0.09575144702102989,0.011563081003259867,1.0,2,True,
sensor_log,0.02,75,MonotoneLSPIA,0.006608445902452294,0.0,0.031033390027005225,0.031033390027005225,,214,True,
sensor_log,0.02,75,Penalized monotone B-spline,0.003962914744914273,0.0,0.03757179499370977,0.0005513859796337783,1.0,1,True,Optimization terminated successfully
sensor_log,0.02,75,pyGAM,0.0038631745367698252,0.0,2.096742940018885,0.011478746018838137,1.0,2,True,did not converge
sensor_log,0.02,76,MonotoneLSPIA,0.007084795109370066,0.0,0.027563765994273126,0.027563765994273126,,197,True,
sensor_log,0.02,76,Penalized monotone B-spline,0.0049994907778019,0.0,0.029266767960507423,0.0005376989720389247,1.0,1,True,Optimization terminated successfully
sensor_log,0.02,76,pyGAM,0.0048266195624889815,0.0,0.09253529401030391,0.011174853018019348,1.0,2,True,
sensor_log,0.02,77,MonotoneLSPIA,0.007610035840060005,0.0,0.029888013959862292,0.029888013959862292,,211,True,
sensor_log,0.02,77,Penalized monotone B-spline,0.005558509585096067,0.0,0.035010132007300854,0.0005433229962363839,1.0,1,True,Optimization terminated successfully
sensor_log,0.02,77,pyGAM,0.005799562970629913,0.0,0.0941502099740319,0.011925003957003355,1.0,2,True,
sensor_log,0.02,78,MonotoneLSPIA,0.005939605516981172,0.0,0.031636108993552625,0.031636108993552625,,217,True,
sensor_log,0.02,78,Penalized monotone B-spline,0.004137447924889126,0.0,0.03065153199713677,0.0006075139972381294,1.0,1,True,Optimization terminated successfully
sensor_log,0.02,78,pyGAM,0.0034348521316809504,0.0,0.09848794102435932,0.011456970998551697,1.0,2,True,
sensor_log,0.02,79,MonotoneLSPIA,0.006313878348027385,0.0,0.0326532400213182,0.0326532400213182,,238,True,
sensor_log,0.02,79,Penalized monotone B-spline,0.005880525604165451,0.0,0.02386017399840057,0.000560368993319571,1.0,1,True,Optimization terminated successfully
sensor_log,0.02,79,pyGAM,0.0057444682038628415,0.0,0.08697542099980637,0.011591596994549036,1.0,2,True,
sensor_log,0.02,80,MonotoneLSPIA,0.006665679078844558,0.0,0.031141920015215874,0.031141920015215874,,223,True,
sensor_log,0.02,80,Penalized monotone B-spline,0.006065729636141574,0.0,0.04612503800308332,0.0005450809840112925,1.0,1,True,Optimization terminated successfully
sensor_log,0.02,80,pyGAM,0.005706476196822889,0.0,0.09284312301315367,0.011782761022914201,1.0,2,True,
sensor_log,0.02,81,MonotoneLSPIA,0.00712985128315153,0.0,0.034217507985886186,0.034217507985886186,,243,True,
sensor_log,0.02,81,Penalized monotone B-spline,0.006329695041738451,0.0,0.03363539301790297,0.0005413010367192328,1.0,1,True,Optimization terminated successfully
sensor_log,0.02,81,pyGAM,0.005522343906493773,0.0,0.0831558300415054,0.011027404048945755,1.0,2,True,
sensor_log,0.02,82,MonotoneLSPIA,0.00752759546171025,0.0,0.0326757529983297,0.0326757529983297,,231,True,
sensor_log,0.02,82,Penalized monotone B-spline,0.006493091133634386,0.0,0.03582681802799925,0.0005995390238240361,1.0,1,True,Optimization terminated successfully
sensor_log,0.02,82,pyGAM,0.006125111715919181,0.0,0.09873868600698188,0.011578247998841107,1.0,2,True,
sensor_log,0.02,83,MonotoneLSPIA,0.0065378229012526025,0.0,0.03195896098623052,0.03195896098623052,,227,True,
sensor_log,0.02,83,Penalized monotone B-spline,0.00516993579332109,0.0,0.04683008400024846,0.0005442210240289569,1.0,1,True,Optimization terminated successfully
sensor_log,0.02,83,pyGAM,0.0037089875974516207,0.0,0.09460666903760284,0.0116073900135234,1.0,2,True,
sensor_log,0.02,84,MonotoneLSPIA,0.009149158288340136,0.0,0.03341578599065542,0.03341578599065542,,226,True,
sensor_log,0.02,84,Penalized monotone B-spline,0.006063592237063878,0.0,0.03552749002119526,0.0005704119685105979,1.0,1,True,Optimization terminated successfully
sensor_log,0.02,84,pyGAM,0.0063696901500687195,0.0,0.09700473101111129,0.011425259988754988,1.0,2,True,
sensor_log,0.02,85,MonotoneLSPIA,0.0055513751684732535,0.0,0.032887656008824706,0.032887656008824706,,229,True,
sensor_log,0.02,85,Penalized monotone B-spline,0.005217484012818165,0.0,0.046707836037967354,0.0005328409606590867,1.0,1,True,Optimization terminated successfully
sensor_log,0.02,85,pyGAM,0.00490319517910068,0.0,0.09440575196640566,0.011478040018118918,1.0,3,True,
sensor_log,0.02,86,MonotoneLSPIA,0.005947175771727676,0.0,0.03543226298643276,0.03543226298643276,,240,True,
sensor_log,0.02,86,Penalized monotone B-spline,0.003690674397382924,0.0,0.034501075046136975,0.0005438100197352469,1.0,1,True,Optimization terminated successfully
sensor_log,0.02,86,pyGAM,0.0036220339825047874,0.0,0.09430331795010716,0.010971957992296666,1.0,2,True,
sensor_log,0.02,87,MonotoneLSPIA,0.006541647560903265,0.0,0.02554978895932436,0.02554978895932436,,185,True,
sensor_log,0.02,87,Penalized monotone B-spline,0.0053259740425415465,0.0,0.03015343501465395,0.0005337919574230909,1.0,1,True,Optimization terminated successfully
sensor_log,0.02,87,pyGAM,0.005418661985289542,0.0,0.09219371102517471,0.011420414957683533,1.0,2,True,
sensor_log,0.02,88,MonotoneLSPIA,0.007620054047648541,0.0,0.03282121499069035,0.03282121499069035,,236,True,
sensor_log,0.02,88,Penalized monotone B-spline,0.004816291095916,0.0,0.027835863002110273,0.0005619379808194935,1.0,1,True,Optimization terminated successfully
sensor_log,0.02,88,pyGAM,0.004741264091596031,0.0,0.08871657494455576,0.011331994028296322,1.0,2,True,
sensor_log,0.02,89,MonotoneLSPIA,0.007287044820610031,0.0,0.034891229995992035,0.034891229995992035,,237,True,
sensor_log,0.02,89,Penalized monotone B-spline,0.005660496362202534,0.0,0.03817619901383296,0.0005573410307988524,1.0,1,True,Optimization terminated successfully
sensor_log,0.02,89,pyGAM,0.006323940554152191,0.0,0.09573987202020362,0.011640681012067944,1.0,2,True,
sensor_log,0.02,90,MonotoneLSPIA,0.0072463970618803384,0.0,0.03162828600034118,0.03162828600034118,,220,True,
sensor_log,0.02,90,Penalized monotone B-spline,0.004081053532425292,0.0,0.03788829396944493,0.0005536000244319439,1.0,1,True,Optimization terminated successfully
sensor_log,0.02,90,pyGAM,0.00333506073510685,0.0,2.0622575390152633,0.011964812001679093,1.0,2,True,did not converge
sensor_log,0.02,91,MonotoneLSPIA,0.005960573711236088,0.0,0.03025360096944496,0.03025360096944496,,210,True,
sensor_log,0.02,91,Penalized monotone B-spline,0.005933696891535166,0.0,0.046544700977392495,0.0024109840160235763,0.01,13,True,Optimization terminated successfully
sensor_log,0.02,91,pyGAM,0.0025340449156610505,0.0,0.10078969300957397,0.012006262026261538,1.0,2,True,
sensor_log,0.02,92,MonotoneLSPIA,0.00806949561614203,0.0,0.0324128870270215,0.0324128870270215,,224,True,
sensor_log,0.02,92,Penalized monotone B-spline,0.005566297241702291,0.0,0.037687663978431374,0.0005516099627129734,1.0,1,True,Optimization terminated successfully
sensor_log,0.02,92,pyGAM,0.005446277822897888,0.0,2.145603556011338,0.011479309992864728,1.0,2,True,did not converge
sensor_log,0.02,93,MonotoneLSPIA,0.0050785637777432885,0.0,0.03255366999655962,0.03255366999655962,,229,True,
sensor_log,0.02,93,Penalized monotone B-spline,0.004228742189141491,0.0,0.02805287198862061,0.0005676089785993099,1.0,1,True,Optimization terminated successfully
sensor_log,0.02,93,pyGAM,0.0024363577894799104,0.0,0.09399916004622355,0.011263380001764745,1.0,2,True,
sensor_log,0.02,94,MonotoneLSPIA,0.004988495502966065,0.0,0.03310278500430286,0.03310278500430286,,231,True,
sensor_log,0.02,94,Penalized monotone B-spline,0.004401852500959292,0.0,0.028458114014938474,0.0005379979847930372,1.0,1,True,Optimization terminated successfully
sensor_log,0.02,94,pyGAM,0.003944709884858562,0.0,0.08794044400565326,0.01181714195990935,1.0,2,True,
sensor_log,0.02,95,MonotoneLSPIA,0.007002764997263685,0.0,0.03351789899170399,0.03351789899170399,,227,True,
sensor_log,0.02,95,Penalized monotone B-spline,0.005232197662860527,0.0,0.044584067014511675,0.0005626250058412552,1.0,1,True,Optimization terminated successfully
sensor_log,0.02,95,pyGAM,0.004202821532640367,0.0,0.09481177595444024,0.012058471038471907,1.0,2,True,
sensor_log,0.02,96,MonotoneLSPIA,0.010424710198880062,0.0,0.03426260297419503,0.03426260297419503,,242,True,
sensor_log,0.02,96,Penalized monotone B-spline,0.00855468980483246,0.0,0.03298382298089564,0.0005499669932760298,1.0,1,True,Optimization terminated successfully
sensor_log,0.02,96,pyGAM,0.010344031894914526,0.0,0.10039575299015269,0.013524130976293236,10.0,2,True,
sensor_log,0.02,97,MonotoneLSPIA,0.007021811406857648,0.0,0.03830606094561517,0.03830606094561517,,241,True,
sensor_log,0.02,97,Penalized monotone B-spline,0.005511019689917034,0.0,0.03777561103925109,0.0008102300344035029,1.0,1,True,Optimization terminated successfully
sensor_log,0.02,97,pyGAM,0.005625134079524774,0.0,0.10135686898138374,0.01151512801880017,1.0,2,True,
sensor_log,0.02,98,MonotoneLSPIA,0.004387537240387226,0.0,0.034595123026520014,0.034595123026520014,,228,True,
sensor_log,0.02,98,Penalized monotone B-spline,0.0034545067319816025,0.0,0.020165418041869998,0.0005517040262930095,1.0,1,True,Optimization terminated successfully
sensor_log,0.02,98,pyGAM,0.0034024550854779663,0.0,0.0878858600044623,0.011966057994868606,1.0,2,True,
sensor_log,0.02,99,MonotoneLSPIA,0.006417711046690939,0.0,0.03578396700322628,0.03578396700322628,,245,True,
sensor_log,0.02,99,Penalized monotone B-spline,0.0044531327237604225,0.0,0.043013986956793815,0.0005746190436184406,1.0,1,True,Optimization terminated successfully
sensor_log,0.02,99,pyGAM,0.0034976712149669474,0.0,0.08590351999737322,0.011570184025913477,1.0,2,True,
sensor_log,0.02,100,MonotoneLSPIA,0.008462207748806735,0.0,0.029238076996989548,0.029238076996989548,,195,True,
sensor_log,0.02,100,Penalized monotone B-spline,0.007984883952956398,0.0,0.045642292010597885,0.0005596610135398805,1.0,1,True,Optimization terminated successfully
sensor_log,0.02,100,pyGAM,0.007456871502389604,0.0,0.10178102203644812,0.011337556003127247,0.1,3,True,
sensor_log,0.05,1,MonotoneLSPIA,0.017713967901716452,0.0,0.03416107199154794,0.03416107199154794,,219,True,
sensor_log,0.05,1,Penalized monotone B-spline,0.013614581453301895,0.0,0.05223085102625191,0.0005630659870803356,1.0,1,True,Optimization terminated successfully
sensor_log,0.05,1,pyGAM,0.012953979553632868,0.0,0.1010516100213863,0.011614611023105681,10.0,2,True,
sensor_log,0.05,2,MonotoneLSPIA,0.018710121595421823,0.0,0.027405578002799302,0.027405578002799302,,183,True,
sensor_log,0.05,2,Penalized monotone B-spline,0.018709325481222356,0.0,0.05036969302454963,0.002333130978513509,0.0001,13,True,Optimization terminated successfully
sensor_log,0.05,2,pyGAM,0.01880355817152526,0.0,0.10782300203572959,0.020734949968755245,0.001,4,True,
sensor_log,0.05,3,MonotoneLSPIA,0.013243697584820269,0.0,0.03280395799083635,0.03280395799083635,,226,True,
sensor_log,0.05,3,Penalized monotone B-spline,0.0130821463479119,0.0,0.04745039402041584,0.0022748869960196316,0.01,16,True,Optimization terminated successfully
sensor_log,0.05,3,pyGAM,0.00992610071631068,0.0,0.0934328039875254,0.009639355004765093,10.0,2,True,
sensor_log,0.05,4,MonotoneLSPIA,0.012853258974382687,0.0,0.025021339009981602,0.025021339009981602,,194,True,
sensor_log,0.05,4,Penalized monotone B-spline,0.011135292097780554,0.0,0.0381098419893533,0.0004556509666144848,1.0,1,True,Optimization terminated successfully
sensor_log,0.05,4,pyGAM,0.012201478407718912,0.0,0.09231523901689798,0.011560264974832535,10.0,2,True,
sensor_log,0.05,5,MonotoneLSPIA,0.014415434548370203,0.0,0.030195776023902,0.030195776023902,,212,True,
sensor_log,0.05,5,Penalized monotone B-spline,0.014024337966919556,0.0,0.044845078024081886,0.0006378389662131667,100.0,1,True,Optimization terminated successfully
sensor_log,0.05,5,pyGAM,0.008801416910623158,0.0,0.10578031901968643,0.011466109019238502,10.0,2,True,
sensor_log,0.05,6,MonotoneLSPIA,0.011471129141713736,0.0,0.03130896401125938,0.03130896401125938,,208,True,
sensor_log,0.05,6,Penalized monotone B-spline,0.009000719721849328,0.0,0.05057022598339245,0.0005565329920500517,1.0,1,True,Optimization terminated successfully
sensor_log,0.05,6,pyGAM,0.00847873177789904,0.0,0.1165448660030961,0.011639423028100282,10.0,2,True,
sensor_log,0.05,7,MonotoneLSPIA,0.008204729544401346,0.0,0.031769427994731814,0.031769427994731814,,221,True,
sensor_log,0.05,7,Penalized monotone B-spline,0.011811646395564729,0.0,0.05227642197860405,0.0006003889720886946,100.0,1,True,Optimization terminated successfully
sensor_log,0.05,7,pyGAM,0.009215680774395843,0.0,0.1074357739998959,0.01209973101504147,10.0,2,True,
sensor_log,0.05,8,MonotoneLSPIA,0.011023893955266819,0.0,0.029809808998834342,0.029809808998834342,,202,True,
sensor_log,0.05,8,Penalized monotone B-spline,0.010899315026953234,0.0,0.04869704501470551,0.00056444201618433,100.0,1,True,Optimization terminated successfully
sensor_log,0.05,8,pyGAM,0.007432528592609188,0.0,0.11192815500544384,0.011457341024652123,10.0,2,True,
sensor_log,0.05,9,MonotoneLSPIA,0.019690685433883016,0.0,0.032847371010575444,0.032847371010575444,,227,True,
sensor_log,0.05,9,Penalized monotone B-spline,0.01613836056286767,0.0,0.046209808031562716,0.000536413979716599,1.0,1,True,Optimization terminated successfully
sensor_log,0.05,9,pyGAM,0.014796087949695355,0.0,0.10141374199884012,0.011279843980446458,1.0,3,True,
sensor_log,0.05,10,MonotoneLSPIA,0.015471936194741714,0.0,0.03314737603068352,0.03314737603068352,,234,True,
sensor_log,0.05,10,Penalized monotone B-spline,0.0136021319615836,0.0,0.045933730027172714,0.000544892973266542,100.0,1,True,Optimization terminated successfully
sensor_log,0.05,10,pyGAM,0.008625437558001646,0.0,0.10047971695894375,0.011909537017345428,1.0,3,True,
sensor_log,0.05,11,MonotoneLSPIA,0.013730339985907627,0.0,0.031146291992627084,0.031146291992627084,,219,True,
sensor_log,0.05,11,Penalized monotone B-spline,0.00947672601133014,0.0,0.04543301498051733,0.0006274410407058895,1.0,1,True,Optimization terminated successfully
sensor_log,0.05,11,pyGAM,0.009935865055649088,0.0,0.11184770602267236,0.011812443030066788,10.0,2,True,
sensor_log,0.05,12,MonotoneLSPIA,0.014153217478526376,0.0,0.029080938023980707,0.029080938023980707,,202,True,
sensor_log,0.05,12,Penalized monotone B-spline,0.00921982839232123,0.0,0.04658259602729231,0.0005539489793591201,1.0,1,True,Optimization terminated successfully
sensor_log,0.05,12,pyGAM,0.008031777705312463,0.0,0.10086468100780621,0.011654843052383512,1.0,2,True,
sensor_log,0.05,13,MonotoneLSPIA,0.015536474986330819,0.0,0.025119416997767985,0.025119416997767985,,163,True,
sensor_log,0.05,13,Penalized monotone B-spline,0.012927015040009196,0.0,0.04672035196563229,0.0005380790098570287,100.0,1,True,Optimization terminated successfully
sensor_log,0.05,13,pyGAM,0.012727440814318515,0.0,0.10768730501877144,0.011274439981207252,10.0,2,True,
sensor_log,0.05,14,MonotoneLSPIA,0.01599525775184328,0.0,0.03259792801691219,0.03259792801691219,,227,True,
sensor_log,0.05,14,Penalized monotone B-spline,0.012493079969022996,0.0,0.04701726295752451,0.0005701339687220752,1.0,1,True,Optimization terminated successfully
sensor_log,0.05,14,pyGAM,0.009761556176593118,0.0,0.10010757599957287,0.011828648042865098,10.0,2,True,
sensor_log,0.05,15,MonotoneLSPIA,0.015910213221903235,0.0,0.03189924004254863,0.03189924004254863,,222,True,
sensor_log,0.05,15,Penalized monotone B-spline,0.012704276546273473,0.0,0.04656943998998031,0.0005640290328301489,1.0,1,True,Optimization terminated successfully
sensor_log,0.05,15,pyGAM,0.010339521506002008,0.0,0.09982016403228045,0.01132349600084126,10.0,2,True,
sensor_log,0.05,16,MonotoneLSPIA,0.015456426918844704,0.0,0.030901741003617644,0.030901741003617644,,210,True,
sensor_log,0.05,16,Penalized monotone B-spline,0.015456439788855221,0.0,0.04937319504097104,0.0021943420288152993,1e-08,12,True,Optimization terminated successfully
sensor_log,0.05,16,pyGAM,0.007818668227994222,0.0,0.10163445002399385,0.011306292028166354,10.0,2,True,
sensor_log,0.05,17,MonotoneLSPIA,0.015221414467332193,0.0,0.030196870036888868,0.030196870036888868,,206,True,
sensor_log,0.05,17,Penalized monotone B-spline,0.015106619092461764,0.0,0.04962649900699034,0.002219357993453741,0.01,12,True,Optimization terminated successfully
sensor_log,0.05,17,pyGAM,0.011564500154272803,0.0,0.10865183302666992,0.011577629018574953,10.0,2,True,
sensor_log,0.05,18,MonotoneLSPIA,0.01850770215685821,0.0,0.03184628201415762,0.03184628201415762,,211,True,
sensor_log,0.05,18,Penalized monotone B-spline,0.01643693634179288,0.0,0.04677747195819393,0.0005452450131997466,1.0,1,True,Optimization terminated successfully
sensor_log,0.05,18,pyGAM,0.015924018030891593,0.0,0.0959132380085066,0.01148486603051424,10.0,2,True,
sensor_log,0.05,19,MonotoneLSPIA,0.016907367206360633,0.0,0.03074871900025755,0.03074871900025755,,215,True,
sensor_log,0.05,19,Penalized monotone B-spline,0.01127605175361301,0.0,0.04745166498469189,0.0005515270167961717,1.0,1,True,Optimization terminated successfully
sensor_log,0.05,19,pyGAM,0.009738547980335008,0.0,0.10114195704227313,0.011369473009835929,10.0,2,True,
sensor_log,0.05,20,MonotoneLSPIA,0.0173962006384736,0.0,0.026201264990959316,0.026201264990959316,,190,True,
sensor_log,0.05,20,Penalized monotone B-spline,0.015954077012065443,0.0,0.03692607500124723,0.0005256630247458816,100.0,1,True,Optimization terminated successfully
sensor_log,0.05,20,pyGAM,0.014408241963548249,0.0,0.087040371960029,0.01184305502101779,10.0,2,True,
sensor_log,0.05,21,MonotoneLSPIA,0.01371321360684739,0.0,0.030137368012219667,0.030137368012219667,,202,True,
sensor_log,0.05,21,Penalized monotone B-spline,0.011077029034761501,0.0,0.048941619985271245,0.000549237011000514,1.0,1,True,Optimization terminated successfully
sensor_log,0.05,21,pyGAM,0.010040366377908415,0.0,0.09664450300624594,0.011935483023989946,10.0,2,True,
sensor_log,0.05,22,MonotoneLSPIA,0.018154347141066687,0.0,0.028814939025323838,0.028814939025323838,,196,True,
sensor_log,0.05,22,Penalized monotone B-spline,0.01599213816690796,0.0,0.04993014899082482,0.0005518500111065805,1.0,1,True,Optimization terminated successfully
sensor_log,0.05,22,pyGAM,0.014859621746036772,0.0,0.09850370098138228,0.011494018021039665,1.0,3,True,
sensor_log,0.05,23,MonotoneLSPIA,0.012256346775333223,0.0,0.02662432997021824,0.02662432997021824,,185,True,
sensor_log,0.05,23,Penalized monotone B-spline,0.00889488238400088,0.0,0.04606165603036061,0.0005407590069808066,100.0,1,True,Optimization terminated successfully
sensor_log,0.05,23,pyGAM,0.007878665757669077,0.0,0.11540566297480837,0.0117180579691194,10.0,2,True,
sensor_log,0.05,24,MonotoneLSPIA,0.01795980041254009,0.0,0.03384779399493709,0.03384779399493709,,234,True,
sensor_log,0.05,24,Penalized monotone B-spline,0.009265580973746879,0.0,0.043501416977960616,0.0005272810230962932,100.0,1,True,Optimization terminated successfully
sensor_log,0.05,24,pyGAM,0.01196651622731873,0.0,0.09668805799447,0.011035636998713017,1.0,2,True,
sensor_log,0.05,25,MonotoneLSPIA,0.013364051985816028,0.0,0.03011357900686562,0.03011357900686562,,208,True,
sensor_log,0.05,25,Penalized monotone B-spline,0.008267920305061629,0.0,0.04492564802058041,0.0005476750084199011,1.0,1,True,Optimization terminated successfully
sensor_log,0.05,25,pyGAM,0.00705790137506885,0.0,0.09954898001160473,0.011349266045726836,10.0,2,True,
sensor_log,0.05,26,MonotoneLSPIA,0.015248980247754982,0.0,0.0291872380184941,0.0291872380184941,,190,True,
sensor_log,0.05,26,Penalized monotone B-spline,0.011060874995063044,0.0,0.045936984999570996,0.0005519099649973214,1.0,1,True,Optimization terminated successfully
sensor_log,0.05,26,pyGAM,0.010059308978595487,0.0,0.10528124397387728,0.011148937046527863,10.0,2,True,
sensor_log,0.05,27,MonotoneLSPIA,0.013642508117015222,0.0,0.03515544004039839,0.03515544004039839,,250,True,
sensor_log,0.05,27,Penalized monotone B-spline,0.01092422701067022,0.0,0.04611243196995929,0.0005439179949462414,1.0,1,True,Optimization terminated successfully
sensor_log,0.05,27,pyGAM,0.012041859012366207,0.0,0.08457288600038737,0.011388882005121559,10.0,2,True,
sensor_log,0.05,28,MonotoneLSPIA,0.01588855300283116,0.0,0.03233501600334421,0.03233501600334421,,223,True,
sensor_log,0.05,28,Penalized monotone B-spline,0.012234369479378471,0.0,0.05113381601404399,0.0020635449909605086,1.0,10,True,Optimization terminated successfully
sensor_log,0.05,28,pyGAM,0.01118750682031616,0.0,0.10346326802391559,0.011414829990826547,10.0,2,True,
sensor_log,0.05,29,MonotoneLSPIA,0.016324121636268,0.0,0.026532665011473,0.026532665011473,,179,True,
sensor_log,0.05,29,Penalized monotone B-spline,0.012420628783106347,0.0,0.03690505400300026,0.0005557969561778009,1.0,1,True,Optimization terminated successfully
sensor_log,0.05,29,pyGAM,0.01094508823792623,0.0,0.09997299499809742,0.013831645017489791,10.0,2,True,
sensor_log,0.05,30,MonotoneLSPIA,0.014405454920276535,0.0,0.0361271079746075,0.0361271079746075,,229,True,
sensor_log,0.05,30,Penalized monotone B-spline,0.010967696143303767,0.0,0.04808328702347353,0.0005873090121895075,1.0,1,True,Optimization terminated successfully
sensor_log,0.05,30,pyGAM,0.010663357542918302,0.0,0.10169245302677155,0.01197075197705999,10.0,2,True,
sensor_log,0.05,31,MonotoneLSPIA,0.01776298929991951,0.0,0.0312691880390048,0.0312691880390048,,200,True,
sensor_log,0.05,31,Penalized monotone B-spline,0.013770305646717442,0.0,0.04750801302725449,0.0005676680011674762,1.0,1,True,Optimization terminated successfully
sensor_log,0.05,31,pyGAM,0.012158574832912362,0.0,0.10044448199914768,0.011433419946115464,1.0,3,True,
sensor_log,0.05,32,MonotoneLSPIA,0.012022433016884035,0.0,0.02823674399405718,0.02823674399405718,,195,True,
sensor_log,0.05,32,Penalized monotone B-spline,0.009822904723736882,0.0,0.048966287984512746,0.0013446909724734724,1.0,5,True,Optimization terminated successfully
sensor_log,0.05,32,pyGAM,0.008471216713615832,0.0,0.10418831702554598,0.011530372023116797,10.0,2,True,
sensor_log,0.05,33,MonotoneLSPIA,0.016884603402649318,0.0,0.029648079012986273,0.029648079012986273,,202,True,
sensor_log,0.05,33,Penalized monotone B-spline,0.012496132478422649,0.0,0.04718422703444958,0.0005484860157594085,1.0,1,True,Optimization terminated successfully
sensor_log,0.05,33,pyGAM,0.009648429927162553,0.0,0.10661135200643912,0.012526220001745969,10.0,2,True,
sensor_log,0.05,34,MonotoneLSPIA,0.02016390707025038,0.0,0.031704886991064996,0.031704886991064996,,212,True,
sensor_log,0.05,34,Penalized monotone B-spline,0.01737852742337629,0.0,0.049951938970480114,0.0005678689922206104,1.0,1,True,Optimization terminated successfully
sensor_log,0.05,34,pyGAM,0.01589966717240835,0.0,0.10692643496440724,0.013547981972806156,1.0,2,True,
sensor_log,0.05,35,MonotoneLSPIA,0.01614103900776618,0.0,0.03068025899119675,0.03068025899119675,,204,True,
sensor_log,0.05,35,Penalized monotone B-spline,0.011568670542442582,0.0,0.048726573993917555,0.0005541339633055031,100.0,1,True,Optimization terminated successfully
sensor_log,0.05,35,pyGAM,0.008320878650530128,0.0,0.10329330898821354,0.011557622987311333,10.0,2,True,
sensor_log,0.05,36,MonotoneLSPIA,0.014108531345082234,0.0,0.03149959503207356,0.03149959503207356,,207,True,
sensor_log,0.05,36,Penalized monotone B-spline,0.009927760172721707,0.0,0.0474188249791041,0.0005355410394258797,100.0,1,True,Optimization terminated successfully
sensor_log,0.05,36,pyGAM,0.009692046846791768,0.0,0.1044028329779394,0.011652801011223346,10.0,2,True,
sensor_log,0.05,37,MonotoneLSPIA,0.018238244402073972,0.0,0.035576942027546465,0.035576942027546465,,243,True,
sensor_log,0.05,37,Penalized monotone B-spline,0.015039194702011267,0.0,0.04687656200258061,0.0005536139942705631,1.0,1,True,Optimization terminated successfully
sensor_log,0.05,37,pyGAM,0.01403935172244504,0.0,0.10057960904669017,0.011405239987652749,10.0,2,True,
sensor_log,0.05,38,MonotoneLSPIA,0.011606964727624026,0.0,0.03474709700094536,0.03474709700094536,,233,True,
sensor_log,0.05,38,Penalized monotone B-spline,0.009605555049763499,0.0,0.04767697799252346,0.0005936879897490144,1.0,1,True,Optimization terminated successfully
sensor_log,0.05,38,pyGAM,0.008806920019092269,0.0,0.09846988198114559,0.011852611030917615,10.0,2,True,
sensor_log,0.05,39,MonotoneLSPIA,0.013932216590407337,0.0,0.03197165403980762,0.03197165403980762,,225,True,
sensor_log,0.05,39,Penalized monotone B-spline,0.011702935025797334,0.0,0.03626879403600469,0.0005526909953914583,1.0,1,True,Optimization terminated successfully
sensor_log,0.05,39,pyGAM,0.010634855844609124,0.0,0.08605840697418898,0.011503904999699444,1.0,2,True,
sensor_log,0.05,40,MonotoneLSPIA,0.011036869201887534,0.0,0.03128508396912366,0.03128508396912366,,208,True,
sensor_log,0.05,40,Penalized monotone B-spline,0.01214339734427305,0.0,0.048004287004005164,0.0005320920026861131,100.0,1,True,Optimization terminated successfully
sensor_log,0.05,40,pyGAM,0.00931792185188297,0.0,0.10348749498371035,0.012165361957158893,10.0,2,True,
sensor_log,0.05,41,MonotoneLSPIA,0.014268716670094507,0.0,0.03592845500679687,0.03592845500679687,,209,True,
sensor_log,0.05,41,Penalized monotone B-spline,0.011015763260719522,0.0,0.057242476963438094,0.0006920979940332472,1.0,1,True,Optimization terminated successfully
sensor_log,0.05,41,pyGAM,0.009063459591340339,0.0,0.12469090102240443,0.014099500025622547,10.0,2,True,
sensor_log,0.05,42,MonotoneLSPIA,0.016573806130710706,0.0,0.03392277203965932,0.03392277203965932,,214,True,
sensor_log,0.05,42,Penalized monotone B-spline,0.011302520787021108,0.0,0.06099186895880848,0.0006397500401362777,100.0,1,True,Optimization terminated successfully
sensor_log,0.05,42,pyGAM,0.011551264385713115,0.0,0.10819231497589499,0.011382805998437107,10.0,2,True,
sensor_log,0.05,43,MonotoneLSPIA,0.01573383207666474,0.0,0.03365737496642396,0.03365737496642396,,206,True,
sensor_log,0.05,43,Penalized monotone B-spline,0.015620750465397213,0.0,0.04956349200801924,0.0024247050168924034,0.01,14,True,Optimization terminated successfully
sensor_log,0.05,43,pyGAM,0.012054375142245022,0.0,0.09671921300468966,0.011581914033740759,10.0,2,True,
sensor_log,0.05,44,MonotoneLSPIA,0.014870901750800029,0.0,0.026902162993792444,0.026902162993792444,,179,True,
sensor_log,0.05,44,Penalized monotone B-spline,0.012922955055645578,0.0,0.044830341008491814,0.0005398200009949505,100.0,1,True,Optimization terminated successfully
sensor_log,0.05,44,pyGAM,0.010619971916570393,0.0,0.10569313995074481,0.011745282972697169,10.0,2,True,
sensor_log,0.05,45,MonotoneLSPIA,0.013151220096184793,0.0,0.031247104983776808,0.031247104983776808,,207,True,
sensor_log,0.05,45,Penalized monotone B-spline,0.014602836668275224,0.0,0.049688158032950014,0.000616534030996263,100.0,1,True,Optimization terminated successfully
sensor_log,0.05,45,pyGAM,0.01202593336003066,0.0,0.10429625195683911,0.011489118973258883,10.0,2,True,
sensor_log,0.05,46,MonotoneLSPIA,0.01521944528881274,0.0,0.027221299009397626,0.027221299009397626,,185,True,
sensor_log,0.05,46,Penalized monotone B-spline,0.012188442252612494,0.0,0.05277947802096605,0.001570020045619458,1.0,7,True,Optimization terminated successfully
sensor_log,0.05,46,pyGAM,0.011066108283733953,0.0,0.10766764800064266,0.013046155043412,10.0,2,True,
sensor_log,0.05,47,MonotoneLSPIA,0.013047746525636474,0.0,0.03734075004467741,0.03734075004467741,,231,True,
sensor_log,0.05,47,Penalized monotone B-spline,0.011135136511654114,0.0,0.04681381897535175,0.0005339490016922355,100.0,1,True,Optimization terminated successfully
sensor_log,0.05,47,pyGAM,0.008087903320417091,0.0,0.10397892101900652,0.011966398975346237,10.0,2,True,
sensor_log,0.05,48,MonotoneLSPIA,0.0130144697059071,0.0,0.03242305899038911,0.03242305899038911,,213,True,
sensor_log,0.05,48,Penalized monotone B-spline,0.008331204457854915,0.0,0.046690082002896816,0.0005514110089279711,1.0,1,True,Optimization terminated successfully
sensor_log,0.05,48,pyGAM,0.004331401596480663,0.0,0.10640636400785297,0.01143972499994561,10.0,2,True,
sensor_log,0.05,49,MonotoneLSPIA,0.01738996851542098,0.0,0.027779007970821112,0.027779007970821112,,190,True,
sensor_log,0.05,49,Penalized monotone B-spline,0.017389956992859983,0.0,0.05006251600570977,0.0024987580254673958,1e-08,15,True,Optimization terminated successfully
sensor_log,0.05,49,pyGAM,0.00965219714304006,0.0,0.10651709197554737,0.011124266951810569,10.0,2,True,
sensor_log,0.05,50,MonotoneLSPIA,0.016396076854156283,3.3273384048016694e-13,0.03035673697013408,0.03035673697013408,,208,True,
sensor_log,0.05,50,Penalized monotone B-spline,0.014481596471676367,0.0,0.04894053901080042,0.0005352820153348148,100.0,1,True,Optimization terminated successfully
sensor_log,0.05,50,pyGAM,0.011863271578519715,0.0,0.1140981629723683,0.011180147004779428,10.0,4,True,
sensor_log,0.05,51,MonotoneLSPIA,0.015150462545465886,0.0,0.03238953003892675,0.03238953003892675,,223,True,
sensor_log,0.05,51,Penalized monotone B-spline,0.014955685214276633,0.0,0.04556607798440382,0.002231788996141404,0.01,13,True,Optimization terminated successfully
sensor_log,0.05,51,pyGAM,0.009945067774495431,0.0,0.09410544199636206,0.011632854992058128,10.0,2,True,
sensor_log,0.05,52,MonotoneLSPIA,0.02057164583069102,0.0,0.03169062500819564,0.03169062500819564,,218,True,
sensor_log,0.05,52,Penalized monotone B-spline,0.013818418308285231,0.0,0.04615513200405985,0.0006465290207415819,1.0,1,True,Optimization terminated successfully
sensor_log,0.05,52,pyGAM,0.013850866474546112,0.0,0.0917848669923842,0.010714833973906934,1.0,3,True,
sensor_log,0.05,53,MonotoneLSPIA,0.017696923769027848,0.0,0.026974550972227007,0.026974550972227007,,209,True,
sensor_log,0.05,53,Penalized monotone B-spline,0.017738105467661434,0.0,0.04137024498777464,0.0004468689439818263,100.0,1,True,Optimization terminated successfully
sensor_log,0.05,53,pyGAM,0.013044935873978866,0.0,0.1077134560327977,0.011712782026734203,1.0,3,True,
sensor_log,0.05,54,MonotoneLSPIA,0.011346510039748873,0.0,0.0336920180125162,0.0336920180125162,,234,True,
sensor_log,0.05,54,Penalized monotone B-spline,0.008260985468137397,0.0,0.0441194919985719,0.0005818820209242404,1.0,1,True,Optimization terminated successfully
sensor_log,0.05,54,pyGAM,0.006049937832161373,0.0,2.1773382710525766,0.010242099990136921,10.0,2,True,did not converge
sensor_log,0.05,55,MonotoneLSPIA,0.01225925864382682,0.0,0.03066153998952359,0.03066153998952359,,214,True,
sensor_log,0.05,55,Penalized monotone B-spline,0.009456385341335001,0.0,0.04046824702527374,0.0004540960071608424,1.0,1,True,Optimization terminated successfully
sensor_log,0.05,55,pyGAM,0.01070249835380063,0.0,0.0921767819672823,0.011575846991036087,10.0,2,True,
sensor_log,0.05,56,MonotoneLSPIA,0.015795277855501628,0.0,0.02402870199875906,0.02402870199875906,,190,True,
sensor_log,0.05,56,Penalized monotone B-spline,0.013635946096213415,0.0,0.03306294698268175,0.00043399696005508304,100.0,1,True,Optimization terminated successfully
sensor_log,0.05,56,pyGAM,0.008354354043935964,0.0,0.08803705498576164,0.011125930002890527,10.0,2,True,
sensor_log,0.05,57,MonotoneLSPIA,0.02248968231473981,0.0,0.030634489958174527,0.030634489958174527,,214,True,
sensor_log,0.05,57,Penalized monotone B-spline,0.020089788472653657,0.0,0.04128767398651689,0.0005393199971877038,1.0,1,True,Optimization terminated successfully
sensor_log,0.05,57,pyGAM,0.01959606811241534,0.0,0.09925642400048673,0.011243368964642286,10.0,2,True,
sensor_log,0.05,58,MonotoneLSPIA,0.011523788907839068,0.0,0.025135871022939682,0.025135871022939682,,171,True,
sensor_log,0.05,58,Penalized monotone B-spline,0.010019115206501889,0.0,0.04547992401057854,0.0006701849633827806,1.0,1,True,Optimization terminated successfully
sensor_log,0.05,58,pyGAM,0.010306193749481177,0.0,0.10889707098249346,0.010983030952047557,10.0,2,True,
sensor_log,0.05,59,MonotoneLSPIA,0.014611948280619754,0.0,0.02552644396200776,0.02552644396200776,,171,True,
sensor_log,0.05,59,Penalized monotone B-spline,0.010723940693796192,0.0,0.04336877103196457,0.0005756749887950718,1.0,1,True,Optimization terminated successfully
sensor_log,0.05,59,pyGAM,0.009030831376226641,0.0,0.10536487598437816,0.013111125968862325,1.0,2,True,
sensor_log,0.05,60,MonotoneLSPIA,0.017364099400460388,0.0,0.03327563701895997,0.03327563701895997,,194,True,
sensor_log,0.05,60,Penalized monotone B-spline,0.013505129089207668,0.0,0.05119994899723679,0.000600912026129663,1.0,1,True,Optimization terminated successfully
sensor_log,0.05,60,pyGAM,0.012347225822260667,0.0,0.10040634602773935,0.009499956970103085,10.0,2,True,
sensor_log,0.05,61,MonotoneLSPIA,0.013448116035961057,0.0,0.029617913998663425,0.029617913998663425,,233,True,
sensor_log,0.05,61,Penalized monotone B-spline,0.00882388267876777,0.0,0.04226668196497485,0.0004603019915521145,1.0,1,True,Optimization terminated successfully
sensor_log,0.05,61,pyGAM,0.00858612578564712,0.0,0.08799364499282092,0.011348531988915056,10.0,2,True,
sensor_log,0.05,62,MonotoneLSPIA,0.016974325251976837,0.0,0.031625390984117985,0.031625390984117985,,216,True,
sensor_log,0.05,62,Penalized monotone B-spline,0.014384810979781103,0.0,0.04309130599722266,0.0004394190036691725,100.0,1,True,Optimization terminated successfully
sensor_log,0.05,62,pyGAM,0.013452413498092102,0.0,0.09207772102672607,0.009372940985485911,10.0,2,True,
sensor_log,0.05,63,MonotoneLSPIA,0.006586060615145526,0.0,0.032117541995830834,0.032117541995830834,,244,True,
sensor_log,0.05,63,Penalized monotone B-spline,0.004848137063090976,0.0,0.050705534988082945,0.0019024409702979028,1.0,10,True,Optimization terminated successfully
sensor_log,0.05,63,pyGAM,0.005635719458094273,0.0,0.10164840397192165,0.011060940974857658,10.0,2,True,
sensor_log,0.05,64,MonotoneLSPIA,0.016892663387472404,0.0,0.03203601500717923,0.03203601500717923,,216,True,
sensor_log,0.05,64,Penalized monotone B-spline,0.013488538168154986,0.0,0.04499339300673455,0.00047111796448007226,100.0,1,True,Optimization terminated successfully
sensor_log,0.05,64,pyGAM,0.013414374330448859,0.0,0.08225986099569127,0.010144671949092299,10.0,2,True,
sensor_log,0.05,65,MonotoneLSPIA,0.01784838826176471,0.0,0.025872324011288583,0.025872324011288583,,209,True,
sensor_log,0.05,65,Penalized monotone B-spline,0.01784781935227776,0.0,0.0429895690176636,0.002142315963283181,0.01,16,True,Optimization terminated successfully
sensor_log,0.05,65,pyGAM,0.012877457947365011,0.0,0.11281512398272753,0.01253210799768567,1.0,3,True,
sensor_log,0.05,66,MonotoneLSPIA,0.01565442720779427,0.0,0.03670146700460464,0.03670146700460464,,216,True,
sensor_log,0.05,66,Penalized monotone B-spline,0.012907186053011548,0.0,0.05784623703220859,0.0018832649802789092,1.0,10,True,Optimization terminated successfully
sensor_log,0.05,66,pyGAM,0.011274144609778571,0.0,0.10526071302592754,0.014851859014015645,1.0,2,True,
sensor_log,0.05,67,MonotoneLSPIA,0.012235070067267586,0.0,0.031698251026682556,0.031698251026682556,,220,True,
sensor_log,0.05,67,Penalized monotone B-spline,0.01059716061006907,0.0,0.05139850900741294,0.0019508670084178448,1.0,10,True,Optimization terminated successfully
sensor_log,0.05,67,pyGAM,0.009718890976846539,0.0,0.11318197898799554,0.009374372020829469,10.0,3,True,
sensor_log,0.05,68,MonotoneLSPIA,0.017055847687260445,0.0,0.03076951199909672,0.03076951199909672,,233,True,
sensor_log,0.05,68,Penalized monotone B-spline,0.016677265111751514,0.0,0.039583172008860856,0.0005077230161987245,100.0,1,True,Optimization terminated successfully
sensor_log,0.05,68,pyGAM,0.013723283551546643,0.0,0.08082046004710719,0.01147036300972104,10.0,2,True,
sensor_log,0.05,69,MonotoneLSPIA,0.010815075587634471,0.0,0.03094818297540769,0.03094818297540769,,225,True,
sensor_log,0.05,69,Penalized monotone B-spline,0.0046726681585943924,0.0,0.04290561500238255,0.0005481250118464231,1.0,1,True,Optimization terminated successfully
sensor_log,0.05,69,pyGAM,0.006996265071231678,0.0,0.09641255502356216,0.009763623005710542,10.0,2,True,
sensor_log,0.05,70,MonotoneLSPIA,0.011008674345737001,0.0,0.029577328998129815,0.029577328998129815,,240,True,
sensor_log,0.05,70,Penalized monotone B-spline,0.00904553322121188,0.0,0.04142432595835999,0.0015057700220495462,1.0,7,True,Optimization terminated successfully
sensor_log,0.05,70,pyGAM,0.00936644649461333,0.0,0.08557690604357049,0.009420014976058155,10.0,2,True,
sensor_log,0.05,71,MonotoneLSPIA,0.01748244434994057,0.0,0.022340524999890476,0.022340524999890476,,177,True,
sensor_log,0.05,71,Penalized monotone B-spline,0.01283670662400379,0.0,0.03768893500091508,0.0004643159918487072,100.0,1,True,Optimization terminated successfully
sensor_log,0.05,71,pyGAM,0.016523347422987635,0.0,0.0869842090178281,0.016931008954998106,0.001,4,True,
sensor_log,0.05,72,MonotoneLSPIA,0.020707874549612943,0.0,0.03103425301378593,0.03103425301378593,,229,True,
sensor_log,0.05,72,Penalized monotone B-spline,0.0148006614279272,0.0,0.04170979099581018,0.00045794504694640636,1.0,1,True,Optimization terminated successfully
sensor_log,0.05,72,pyGAM,0.013979784039272044,0.0,0.08728786598658189,0.009890760004054755,10.0,2,True,
sensor_log,0.05,73,MonotoneLSPIA,0.009929762189170133,0.0,0.02768417401239276,0.02768417401239276,,223,True,
sensor_log,0.05,73,Penalized monotone B-spline,0.010221044062922818,0.0,0.04053376003867015,0.000426679034717381,100.0,1,True,Optimization terminated successfully
sensor_log,0.05,73,pyGAM,0.0064437672141115735,0.0,0.09894814802100882,0.009684995980933309,10.0,2,True,
sensor_log,0.05,74,MonotoneLSPIA,0.017916436098673723,0.0,0.028768208983819932,0.028768208983819932,,213,True,
sensor_log,0.05,74,Penalized monotone B-spline,0.013494749750495914,0.0,0.038097322976682335,0.0004482590011321008,1.0,1,True,Optimization terminated successfully
sensor_log,0.05,74,pyGAM,0.007730326914163284,0.0,0.08485869597643614,0.010922657034825534,10.0,2,True,
sensor_log,0.05,75,MonotoneLSPIA,0.012787182380160307,0.0,0.029633664002176374,0.029633664002176374,,215,True,
sensor_log,0.05,75,Penalized monotone B-spline,0.015753763985287255,0.0,0.043595197959803045,0.00043695897329598665,100.0,1,True,Optimization terminated successfully
sensor_log,0.05,75,pyGAM,0.012704642895061383,0.0,0.0925854429951869,0.0110396669479087,10.0,2,True,
sensor_log,0.05,76,MonotoneLSPIA,0.013499511483392127,0.0,0.028077047027181834,0.028077047027181834,,195,True,
sensor_log,0.05,76,Penalized monotone B-spline,0.014582073170265405,0.0,0.04594986996380612,0.000564403017051518,100.0,1,True,Optimization terminated successfully
sensor_log,0.05,76,pyGAM,0.008777621549394661,0.0,0.10681748000206426,0.011322825972456485,10.0,2,True,
sensor_log,0.05,77,MonotoneLSPIA,0.01376612627711755,0.0,0.03140901296865195,0.03140901296865195,,213,True,
sensor_log,0.05,77,Penalized monotone B-spline,0.01096598087524205,0.0,0.04012175102252513,0.00045614398550242186,1.0,1,True,Optimization terminated successfully
sensor_log,0.05,77,pyGAM,0.00995603174810271,0.0,0.08961541199823841,0.010344084003008902,10.0,2,True,
sensor_log,0.05,78,MonotoneLSPIA,0.01240636931983125,0.0,0.02553334803087637,0.02553334803087637,,193,True,
sensor_log,0.05,78,Penalized monotone B-spline,0.010497248987305481,0.0,0.04498627799330279,0.0016192389884963632,1.0,10,True,Optimization terminated successfully
sensor_log,0.05,78,pyGAM,0.00952550271276574,0.0,0.08726209599990398,0.01089507300639525,10.0,2,True,
sensor_log,0.05,79,MonotoneLSPIA,0.018213360862267904,0.0,0.028652941982727498,0.028652941982727498,,213,True,
sensor_log,0.05,79,Penalized monotone B-spline,0.015023281789300794,0.0,0.039551665948238224,0.0004512200248427689,1.0,1,True,Optimization terminated successfully
sensor_log,0.05,79,pyGAM,0.015027996632793987,0.0,0.09281887399265543,0.009972619009204209,10.0,2,True,
sensor_log,0.05,80,MonotoneLSPIA,0.014788407041870092,0.0,0.031494635972194374,0.031494635972194374,,226,True,
sensor_log,0.05,80,Penalized monotone B-spline,0.013300686557775616,0.0,0.04351207194849849,0.0005532840150408447,1.0,1,True,Optimization terminated successfully
sensor_log,0.05,80,pyGAM,0.013285781220511187,0.0,0.10838988499017432,0.011259797029197216,10.0,2,True,
sensor_log,0.05,81,MonotoneLSPIA,0.019809371718896678,0.0,0.029998803976923227,0.029998803976923227,,208,True,
sensor_log,0.05,81,Penalized monotone B-spline,0.01627837937586016,0.0,0.047667908016592264,0.0005674230051226914,1.0,1,True,Optimization terminated successfully
sensor_log,0.05,81,pyGAM,0.01334144746524376,0.0,0.1141635769745335,0.012632642989046872,10.0,2,True,
sensor_log,0.05,82,MonotoneLSPIA,0.01160035710229305,0.0,0.04317210003500804,0.04317210003500804,,225,True,
sensor_log,0.05,82,Penalized monotone B-spline,0.011689609775343928,0.0,0.050073310965672135,0.0007120459922589362,100.0,1,True,Optimization terminated successfully
sensor_log,0.05,82,pyGAM,0.005937193658025019,0.0,0.1117683369666338,0.011983355972915888,10.0,2,True,
sensor_log,0.05,83,MonotoneLSPIA,0.012331864241330148,0.0,0.02915737498551607,0.02915737498551607,,191,True,
sensor_log,0.05,83,Penalized monotone B-spline,0.009827868127734412,0.0,0.04696255596354604,0.0005629389779642224,1.0,1,True,Optimization terminated successfully
sensor_log,0.05,83,pyGAM,0.009918165990015377,0.0,0.10478957003215328,0.012614089995622635,10.0,2,True,
sensor_log,0.05,84,MonotoneLSPIA,0.012378937988129342,0.0,0.0302403099485673,0.0302403099485673,,198,True,
sensor_log,0.05,84,Penalized monotone B-spline,0.00936460115132099,0.0,0.04634890501620248,0.0005523529835045338,1.0,1,True,Optimization terminated successfully
sensor_log,0.05,84,pyGAM,0.009407564973516186,0.0,0.10248096199939027,0.01134876802098006,10.0,2,True,
sensor_log,0.05,85,MonotoneLSPIA,0.016271148668027185,0.0,0.034233820042572916,0.034233820042572916,,237,True,
sensor_log,0.05,85,Penalized monotone B-spline,0.013349519359759369,0.0,0.051973518973682076,0.0005643860204145312,100.0,1,True,Optimization terminated successfully
sensor_log,0.05,85,pyGAM,0.012444479380380727,0.0,0.11013339401688427,0.011613266018684953,10.0,3,True,
sensor_log,0.05,86,MonotoneLSPIA,0.01695159258384836,0.0,0.028099179035052657,0.028099179035052657,,194,True,
sensor_log,0.05,86,Penalized monotone B-spline,0.01811511683488472,0.0,0.04743058799067512,0.0005382950184866786,100.0,1,True,Optimization terminated successfully
sensor_log,0.05,86,pyGAM,0.014473693758781617,0.0,0.10588998097227886,0.011385689955204725,10.0,2,True,
sensor_log,0.05,87,MonotoneLSPIA,0.014821514240591393,0.0,0.028228031005710363,0.028228031005710363,,182,True,
sensor_log,0.05,87,Penalized monotone B-spline,0.011130711776512507,0.0,0.04681827197782695,0.0005593780078925192,100.0,1,True,Optimization terminated successfully
sensor_log,0.05,87,pyGAM,0.010165034914826754,0.0,0.11260838998714462,0.011732682993169874,10.0,2,True,
sensor_log,0.05,88,MonotoneLSPIA,0.012239702968825738,0.0,0.024103967007249594,0.024103967007249594,,163,True,
sensor_log,0.05,88,Penalized monotone B-spline,0.013397941854803218,0.0,0.047850406961515546,0.0005484760040417314,100.0,1,True,Optimization terminated successfully
sensor_log,0.05,88,pyGAM,0.009328799481900426,0.0,0.09548005199758336,0.011608656030148268,10.0,2,True,
sensor_log,0.05,89,MonotoneLSPIA,0.010593436887656672,0.0,0.032279186008963734,0.032279186008963734,,219,True,
sensor_log,0.05,89,Penalized monotone B-spline,0.0064907518402239,0.0,0.046143243031110615,0.0006263800314627588,1.0,1,True,Optimization terminated successfully
sensor_log,0.05,89,pyGAM,0.007088604832968881,0.0,0.10172594100004062,0.011477417021524161,10.0,2,True,
sensor_log,0.05,90,MonotoneLSPIA,0.02157479975914466,0.0,0.028803708963096142,0.028803708963096142,,194,True,
sensor_log,0.05,90,Penalized monotone B-spline,0.01649485479632248,0.0,0.0480906450538896,0.000550874974578619,1.0,1,True,Optimization terminated successfully
sensor_log,0.05,90,pyGAM,0.012526497080315084,0.0,0.10063423402607441,0.011379763018339872,10.0,2,True,
sensor_log,0.05,91,MonotoneLSPIA,0.013509263500642257,0.0,0.03223481500754133,0.03223481500754133,,220,True,
sensor_log,0.05,91,Penalized monotone B-spline,0.016744807931103448,0.0,0.04748634999850765,0.0005372519954107702,100.0,1,True,Optimization terminated successfully
sensor_log,0.05,91,pyGAM,0.01114285997944842,0.0,0.11573685897747055,0.011406088015064597,10.0,2,True,
sensor_log,0.05,92,MonotoneLSPIA,0.01929409352901785,0.0,0.033949745004065335,0.033949745004065335,,233,True,
sensor_log,0.05,92,Penalized monotone B-spline,0.016640760454152203,0.0,0.04943310399539769,0.0015540560125373304,1.0,7,True,Optimization terminated successfully
sensor_log,0.05,92,pyGAM,0.016433514231597744,0.0,0.10272574302507564,0.011728506011422724,10.0,2,True,
sensor_log,0.05,93,MonotoneLSPIA,0.018991754713059805,0.0,0.028687539976090193,0.028687539976090193,,192,True,
sensor_log,0.05,93,Penalized monotone B-spline,0.016170457028263852,0.0,0.043442000984214246,0.0005331290303729475,1.0,1,True,Optimization terminated successfully
sensor_log,0.05,93,pyGAM,0.01624484259460556,0.0,0.09879093000199646,0.009921275021042675,10.0,2,True,
sensor_log,0.05,94,MonotoneLSPIA,0.010141510748283625,0.0,0.029765981948003173,0.029765981948003173,,213,True,
sensor_log,0.05,94,Penalized monotone B-spline,0.006991618939836149,0.0,0.04852781497174874,0.0020000499789603055,1.0,10,True,Optimization terminated successfully
sensor_log,0.05,94,pyGAM,0.0073428942916186095,0.0,0.09737711702473462,0.010653316043317318,10.0,2,True,
sensor_log,0.05,95,MonotoneLSPIA,0.01354580841078074,0.0,0.02835007500834763,0.02835007500834763,,218,True,
sensor_log,0.05,95,Penalized monotone B-spline,0.01340422610767628,0.0,0.04332301998510957,0.0025663120322860777,0.01,17,True,Optimization terminated successfully
sensor_log,0.05,95,pyGAM,0.010087871114467323,0.0,0.09891825000522658,0.010930978984106332,10.0,2,True,
sensor_log,0.05,96,MonotoneLSPIA,0.016009104434483654,0.0,0.027450202964246273,0.027450202964246273,,206,True,
sensor_log,0.05,96,Penalized monotone B-spline,0.013911139482324584,0.0,0.03652716695796698,0.00044208497274667025,100.0,1,True,Optimization terminated successfully
sensor_log,0.05,96,pyGAM,0.012350067011982392,0.0,0.08813389402348548,0.009484465001150966,10.0,2,True,
sensor_log,0.05,97,MonotoneLSPIA,0.013980384963274693,0.0,0.026378284965176135,0.026378284965176135,,209,True,
sensor_log,0.05,97,Penalized monotone B-spline,0.01539591339096578,0.0,0.04192803305340931,0.0004392580012790859,100.0,1,True,Optimization terminated successfully
sensor_log,0.05,97,pyGAM,0.011177322920619081,0.0,0.0862928029964678,0.009571851987857372,10.0,2,True,
sensor_log,0.05,98,MonotoneLSPIA,0.013760713917105705,0.0,0.031491603003814816,0.031491603003814816,,225,True,
sensor_log,0.05,98,Penalized monotone B-spline,0.01451641734522733,0.0,0.05467562301782891,0.0006518549635075033,100.0,1,True,Optimization terminated successfully
sensor_log,0.05,98,pyGAM,0.010382198837506556,0.0,0.10428371198941022,0.010992911003995687,10.0,2,True,
sensor_log,0.05,99,MonotoneLSPIA,0.010902486959155605,0.0,0.028350500972010195,0.028350500972010195,,207,True,
sensor_log,0.05,99,Penalized monotone B-spline,0.007970538959268742,0.0,0.04588605300523341,0.0012256220215931535,1.0,7,True,Optimization terminated successfully
sensor_log,0.05,99,pyGAM,0.007898478140424702,0.0,0.09815573901869357,0.010986962995957583,10.0,2,True,
sensor_log,0.05,100,MonotoneLSPIA,0.018308635813946844,0.0,0.029835334978997707,0.029835334978997707,,211,True,
sensor_log,0.05,100,Penalized monotone B-spline,0.01896395176761554,0.0,0.04471814999124035,0.000520200002938509,100.0,1,True,Optimization terminated successfully
sensor_log,0.05,100,pyGAM,0.014087485079472922,0.0,0.09939372696680948,0.011689614970237017,10.0,2,True,
sensor_log,0.1,1,MonotoneLSPIA,0.03116657747689329,0.0,0.030470852041617036,0.030470852041617036,,189,True,
sensor_log,0.1,1,Penalized monotone B-spline,0.021775541115621445,0.0,0.05175764998421073,0.0005372589803300798,100.0,1,True,Optimization terminated successfully
sensor_log,0.1,1,pyGAM,0.025137168922587973,0.0,0.10614228103077039,0.010293827974237502,100.0,2,True,
sensor_log,0.1,2,MonotoneLSPIA,0.020000033815127792,0.0,0.020311826025135815,0.020311826025135815,,155,True,
sensor_log,0.1,2,Penalized monotone B-spline,0.009324827969798426,0.0,0.03847890498582274,0.00043539603939279914,100.0,1,True,Optimization terminated successfully
sensor_log,0.1,2,pyGAM,0.014034642426367528,0.0,0.08998810005141422,0.009981113020330667,100.0,2,True,
sensor_log,0.1,3,MonotoneLSPIA,0.018755287107518833,0.0,0.02894193696556613,0.02894193696556613,,219,True,
sensor_log,0.1,3,Penalized monotone B-spline,0.01576772441279362,0.0,0.04075533401919529,0.00043100304901599884,100.0,1,True,Optimization terminated successfully
sensor_log,0.1,3,pyGAM,0.018728903227410377,0.0,0.09344660298665985,0.010992420953698456,100.0,2,True,
sensor_log,0.1,4,MonotoneLSPIA,0.03395229216404732,0.0,0.029718169011175632,0.029718169011175632,,230,True,
sensor_log,0.1,4,Penalized monotone B-spline,0.016307568086978134,0.0,0.042340837011579424,0.00044920097570866346,100.0,1,True,Optimization terminated successfully
sensor_log,0.1,4,pyGAM,0.020141709260141222,0.0,0.09477035899180919,0.009223469998687506,10.0,2,True,
sensor_log,0.1,5,MonotoneLSPIA,0.026466260813659086,0.0,0.025214725988917053,0.025214725988917053,,199,True,
sensor_log,0.1,5,Penalized monotone B-spline,0.018277333653604847,0.0,0.0404985939967446,0.0004428579704836011,100.0,1,True,Optimization terminated successfully
sensor_log,0.1,5,pyGAM,0.02197494751292774,0.0,0.1008136110031046,0.009358593029901385,100.0,2,True,
sensor_log,0.1,6,MonotoneLSPIA,0.03583549285185191,0.0,0.022754040954168886,0.022754040954168886,,175,True,
sensor_log,0.1,6,Penalized monotone B-spline,0.03171710581050952,0.0,0.041263298015110195,0.000440909992903471,100.0,1,True,Optimization terminated successfully
sensor_log,0.1,6,pyGAM,0.034146413816254544,0.0,0.09460616001160815,0.009448914031963795,100.0,2,True,
sensor_log,0.1,7,MonotoneLSPIA,0.02892703911401979,0.0,0.025824912008829415,0.025824912008829415,,194,True,
sensor_log,0.1,7,Penalized monotone B-spline,0.018009870462463655,0.0,0.042452802998013794,0.0004932410083711147,100.0,1,True,Optimization terminated successfully
sensor_log,0.1,7,pyGAM,0.021055394408205697,0.0,0.09517286397749558,0.010024220973718911,100.0,2,True,
sensor_log,0.1,8,MonotoneLSPIA,0.03162127320121991,0.0,0.026956494024489075,0.026956494024489075,,208,True,
sensor_log,0.1,8,Penalized monotone B-spline,0.02008992604176378,0.0,0.0440451719914563,0.00046809203922748566,100.0,1,True,Optimization terminated successfully
sensor_log,0.1,8,pyGAM,0.023924148468301015,0.0,0.10641884198412299,0.011405145982280374,100.0,2,True,
sensor_log,0.1,9,MonotoneLSPIA,0.025565010796491348,0.0,0.02983444300480187,0.02983444300480187,,215,True,
sensor_log,0.1,9,Penalized monotone B-spline,0.02245316737409178,0.0,0.041217118967324495,0.0005016789655201137,100.0,1,True,Optimization terminated successfully
sensor_log,0.1,9,pyGAM,0.02517796270020482,0.0,0.10661490500206128,0.01128926599631086,100.0,2,True,
sensor_log,0.1,10,MonotoneLSPIA,0.02164506322511941,0.0,0.02986641798634082,0.02986641798634082,,209,True,
sensor_log,0.1,10,Penalized monotone B-spline,0.015375794360003742,0.0,0.04558890499174595,0.00043830496724694967,100.0,1,True,Optimization terminated successfully
sensor_log,0.1,10,pyGAM,0.017835397520948527,0.0,0.0940353509504348,0.010834026033990085,100.0,2,True,
sensor_log,0.1,11,MonotoneLSPIA,0.02635586981432194,0.0,0.029723950021434575,0.029723950021434575,,235,True,
sensor_log,0.1,11,Penalized monotone B-spline,0.010835656649986935,0.0,0.038319527986459434,0.000559553038328886,100.0,1,True,Optimization terminated successfully
sensor_log,0.1,11,pyGAM,0.020561582187717083,0.0,0.0993384899920784,0.011567733017727733,10.0,2,True,
sensor_log,0.1,12,MonotoneLSPIA,0.026790282346877345,0.0,0.03094540099846199,0.03094540099846199,,228,True,
sensor_log,0.1,12,Penalized monotone B-spline,0.026345274268906968,0.0,0.04029232304310426,0.0023124529980123043,0.01,14,True,Optimization terminated successfully
sensor_log,0.1,12,pyGAM,0.015175359320156423,0.0,0.09086807403946295,0.00962039700243622,100.0,2,True,
sensor_log,0.1,13,MonotoneLSPIA,0.029893544615309214,0.0,0.027300459041725844,0.027300459041725844,,218,True,
sensor_log,0.1,13,Penalized monotone B-spline,0.01582471086107237,0.0,0.04426790599245578,0.00044551596511155367,100.0,1,True,Optimization terminated successfully
sensor_log,0.1,13,pyGAM,0.019505438197307486,0.0,0.09215226001106203,0.010999806981999427,10.0,2,True,
sensor_log,0.1,14,MonotoneLSPIA,0.030179097493317462,0.0,0.028222189052030444,0.028222189052030444,,196,True,
sensor_log,0.1,14,Penalized monotone B-spline,0.023680340887875198,0.0,0.04071960598230362,0.0007093870081007481,100.0,1,True,Optimization terminated successfully
sensor_log,0.1,14,pyGAM,0.025945286513868574,0.0,0.09385066002141684,0.011462827969808131,100.0,2,True,
sensor_log,0.1,15,MonotoneLSPIA,0.021578169882976922,0.0,0.028608580003492534,0.028608580003492534,,222,True,
sensor_log,0.1,15,Penalized monotone B-spline,0.008646383552394877,0.0,0.041101193986833096,0.00044475996401160955,100.0,1,True,Optimization terminated successfully
sensor_log,0.1,15,pyGAM,0.012677244899445913,0.0,0.11915189697174355,0.011292672017589211,100.0,2,True,
sensor_log,0.1,16,MonotoneLSPIA,0.022782452111983032,0.0,0.029987867979798466,0.029987867979798466,,203,True,
sensor_log,0.1,16,Penalized monotone B-spline,0.022501793712792845,0.0,0.04424069495871663,0.0005706920055672526,100.0,1,True,Optimization terminated successfully
sensor_log,0.1,16,pyGAM,0.025542977506389567,0.0,0.08683308900799602,0.009566471038851887,100.0,2,True,
sensor_log,0.1,17,MonotoneLSPIA,0.03198581678975264,0.0,0.02218034997349605,0.02218034997349605,,179,True,
sensor_log,0.1,17,Penalized monotone B-spline,0.027674680725080832,0.0,0.04062528599752113,0.0005082199932076037,100.0,1,True,Optimization terminated successfully
sensor_log,0.1,17,pyGAM,0.030097720808973216,0.0,0.09978870500344783,0.011671831016428769,100.0,2,True,
sensor_log,0.1,18,MonotoneLSPIA,0.028555970082864826,2.2182256032011127e-13,0.025114466028753668,0.025114466028753668,,149,True,
sensor_log,0.1,18,Penalized monotone B-spline,0.024035968774023492,0.0,0.05101343599380925,0.0019266050076112151,1.0,10,True,Optimization terminated successfully
sensor_log,0.1,18,pyGAM,0.023588637761364908,0.0,0.10938851302489638,0.019538441963959485,1.0,3,True,
sensor_log,0.1,19,MonotoneLSPIA,0.024479970138346272,0.0,0.03138982300879434,0.03138982300879434,,217,True,
sensor_log,0.1,19,Penalized monotone B-spline,0.016483816161231145,0.0,0.049797313986346126,0.000527110998518765,100.0,1,True,Optimization terminated successfully
sensor_log,0.1,19,pyGAM,0.01486844999153436,0.0,0.10914677800610662,0.011752699967473745,10.0,4,True,
sensor_log,0.1,20,MonotoneLSPIA,0.03578729057608544,0.0,0.03175973199540749,0.03175973199540749,,213,True,
sensor_log,0.1,20,Penalized monotone B-spline,0.02936201000081972,0.0,0.0487145219813101,0.0005262349732220173,100.0,1,True,Optimization terminated successfully
sensor_log,0.1,20,pyGAM,0.03232341842124832,0.0,0.09062391897896305,0.009817090991418809,100.0,2,True,
sensor_log,0.1,21,MonotoneLSPIA,0.028466010667168713,0.0,0.028082477976568043,0.028082477976568043,,214,True,
sensor_log,0.1,21,Penalized monotone B-spline,0.02757395542625482,0.0,0.04362816002685577,0.0005135800456628203,100.0,1,True,Optimization terminated successfully
sensor_log,0.1,21,pyGAM,0.029593347134578066,0.0,0.10187242104439065,0.012085193011444062,100.0,2,True,
sensor_log,0.1,22,MonotoneLSPIA,0.035760079323140306,0.0,0.029196925985161215,0.029196925985161215,,187,True,
sensor_log,0.1,22,Penalized monotone B-spline,0.02781922147221588,0.0,0.05341469094855711,0.0005881329998373985,1.0,1,True,Optimization terminated successfully
sensor_log,0.1,22,pyGAM,0.01661098713658107,0.0,0.11209964996669441,0.011869426991324872,10.0,2,True,
sensor_log,0.1,23,MonotoneLSPIA,0.03857447768744387,0.0,0.03375062200939283,0.03375062200939283,,221,True,
sensor_log,0.1,23,Penalized monotone B-spline,0.03418242499916479,0.0,0.05232806701678783,0.0007068690028972924,1.0,1,True,Optimization terminated successfully
sensor_log,0.1,23,pyGAM,0.028227759452232108,0.0,0.12772642500931397,0.01354635099414736,10.0,2,True,
sensor_log,0.1,24,MonotoneLSPIA,0.01649684086041426,0.0,0.034204342984594405,0.034204342984594405,,207,True,
sensor_log,0.1,24,Penalized monotone B-spline,0.01724857440653366,0.0,0.04756238998379558,0.0004981289966963232,100.0,1,True,Optimization terminated successfully
sensor_log,0.1,24,pyGAM,0.019956112164334076,0.0,0.11335806897841394,0.012414691969752312,100.0,2,True,
sensor_log,0.1,25,MonotoneLSPIA,0.03572247147310394,0.0,0.024054925015661865,0.024054925015661865,,137,True,
sensor_log,0.1,25,Penalized monotone B-spline,0.030071304591109408,0.0,0.057041815016418695,0.0020038889488205314,1.0,10,True,Optimization terminated successfully
sensor_log,0.1,25,pyGAM,0.028172432630540496,0.0,0.10728309501428157,0.018787819950375706,1.0,2,True,
sensor_log,0.1,26,MonotoneLSPIA,0.029870406864757972,0.0,0.03206103597767651,0.03206103597767651,,192,True,
sensor_log,0.1,26,Penalized monotone B-spline,0.023863174110639238,0.0,0.05048103298759088,0.0019009949755854905,1.0,9,True,Optimization terminated successfully
sensor_log,0.1,26,pyGAM,0.017060945097387713,0.0,0.10806800395948812,0.011452981038019061,10.0,3,True,
sensor_log,0.1,27,MonotoneLSPIA,0.035463512765152465,0.0,0.02866229001665488,0.02866229001665488,,204,True,
sensor_log,0.1,27,Penalized monotone B-spline,0.03278404369893456,0.0,0.05047306400956586,0.0020393910235725343,1.0,10,True,Optimization terminated successfully
sensor_log,0.1,27,pyGAM,0.025481127799675336,0.0,0.11226072499994189,0.00980113702826202,10.0,3,True,
sensor_log,0.1,28,MonotoneLSPIA,0.02853368457679023,0.0,0.030460206035058945,0.030460206035058945,,224,True,
sensor_log,0.1,28,Penalized monotone B-spline,0.023798616436580038,0.0,0.0486340299830772,0.0015755939530208707,1.0,9,True,Optimization terminated successfully
sensor_log,0.1,28,pyGAM,0.01842800038595008,0.0,0.10162990802200511,0.012485388026107103,10.0,3,True,
sensor_log,0.1,29,MonotoneLSPIA,0.026609537109818285,0.0,0.033270612999331206,0.033270612999331206,,214,True,
sensor_log,0.1,29,Penalized monotone B-spline,0.016433502136851942,0.0,0.048685390036553144,0.0004936429904773831,100.0,1,True,Optimization terminated successfully
sensor_log,0.1,29,pyGAM,0.01965233290961511,0.0,0.11192401201697066,0.01141573500353843,100.0,2,True,
sensor_log,0.1,30,MonotoneLSPIA,0.036121019706812384,3.3273384048016694e-13,0.027509275008924305,0.027509275008924305,,183,True,
sensor_log,0.1,30,Penalized monotone B-spline,0.014727026251512402,0.0,0.0484856569673866,0.0005724019720219076,100.0,1,True,Optimization terminated successfully
sensor_log,0.1,30,pyGAM,0.025398574034073144,0.0,0.11826242401730269,0.01515955600189045,1.0,3,True,
sensor_log,0.1,31,MonotoneLSPIA,0.026791152101247884,0.0,0.02242628700332716,0.02242628700332716,,151,True,
sensor_log,0.1,31,Penalized monotone B-spline,0.012427576506138278,0.0,0.04395854601170868,0.0005055310321040452,100.0,1,True,Optimization terminated successfully
sensor_log,0.1,31,pyGAM,0.02659655493083683,0.0,0.09296300803544,0.017118869989644736,0.001,4,True,
sensor_log,0.1,32,MonotoneLSPIA,0.040990651614441626,0.0,0.023222546966280788,0.023222546966280788,,167,True,
sensor_log,0.1,32,Penalized monotone B-spline,0.04099061602772582,0.0,0.0507046349812299,0.002439565025269985,1e-08,14,True,Optimization terminated successfully
sensor_log,0.1,32,pyGAM,0.03644365290547506,0.0,0.10524215101031587,0.018578556017018855,1.0,3,True,
sensor_log,0.1,33,MonotoneLSPIA,0.02628396697654111,0.0,0.025431591959204525,0.025431591959204525,,205,True,
sensor_log,0.1,33,Penalized monotone B-spline,0.014698406845826736,0.0,0.040565933973994106,0.0004371829563751817,100.0,1,True,Optimization terminated successfully
sensor_log,0.1,33,pyGAM,0.01884303903792091,0.0,0.09230377100175247,0.009649797983001918,100.0,2,True,
sensor_log,0.1,34,MonotoneLSPIA,0.027833652067285608,0.0,0.023136458999942988,0.023136458999942988,,185,True,
sensor_log,0.1,34,Penalized monotone B-spline,0.011418674204951134,0.0,0.04134885600069538,0.0004626070149242878,100.0,1,True,Optimization terminated successfully
sensor_log,0.1,34,pyGAM,0.01505508683846896,0.0,0.1026660249917768,0.0094477100064978,100.0,2,True,
sensor_log,0.1,35,MonotoneLSPIA,0.019705353187572706,0.0,0.02331639698240906,0.02331639698240906,,173,True,
sensor_log,0.1,35,Penalized monotone B-spline,0.012164624808322299,0.0,0.037384902010671794,0.0004348460352048278,100.0,1,True,Optimization terminated successfully
sensor_log,0.1,35,pyGAM,0.01620273218824277,0.0,0.09044652397278696,0.00943975301925093,100.0,2,True,
sensor_log,0.1,36,MonotoneLSPIA,0.030665686725327792,0.0,0.028032896982040256,0.028032896982040256,,188,True,
sensor_log,0.1,36,Penalized monotone B-spline,0.018947200310143034,0.0,0.04679484001826495,0.0005472110351547599,100.0,1,True,Optimization terminated successfully
sensor_log,0.1,36,pyGAM,0.017777636124385474,0.0,0.09249594900757074,0.009796035999897867,10.0,3,True,
sensor_log,0.1,37,MonotoneLSPIA,0.028176182444319034,0.0,0.019406286999583244,0.019406286999583244,,146,True,
sensor_log,0.1,37,Penalized monotone B-spline,0.02096866441850423,0.0,0.03819509100867435,0.000544642040040344,1.0,1,True,Optimization terminated successfully
sensor_log,0.1,37,pyGAM,0.013984802117778338,0.0,0.08897714200429618,0.010347107017878443,10.0,2,True,
sensor_log,0.1,38,MonotoneLSPIA,0.02554527488772756,0.0,0.026335861010011286,0.026335861010011286,,210,True,
sensor_log,0.1,38,Penalized monotone B-spline,0.015151996740940938,0.0,0.04251064796699211,0.0004356370191089809,100.0,1,True,Optimization terminated successfully
sensor_log,0.1,38,pyGAM,0.015654055732269696,0.0,0.08998279098886997,0.009497059974819422,10.0,3,True,
sensor_log,0.1,39,MonotoneLSPIA,0.025719779490637164,0.0,0.028215982019901276,0.028215982019901276,,221,True,
sensor_log,0.1,39,Penalized monotone B-spline,0.019650824672048057,0.0,0.04328302398789674,0.0006604660302400589,100.0,1,True,Optimization terminated successfully
sensor_log,0.1,39,pyGAM,0.022920076737161465,0.0,0.0857193369884044,0.009855167008936405,100.0,2,True,
sensor_log,0.1,40,MonotoneLSPIA,0.025387500215095053,0.0,0.028377328999340534,0.028377328999340534,,224,True,
sensor_log,0.1,40,Penalized monotone B-spline,0.01240209412320005,0.0,0.041795104974880815,0.00045082299038767815,100.0,1,True,Optimization terminated successfully
sensor_log,0.1,40,pyGAM,0.015750771917515654,0.0,0.09066062100464478,0.01011377398390323,100.0,2,True,
sensor_log,0.1,41,MonotoneLSPIA,0.02884318120903333,0.0,0.021792876010295004,0.021792876010295004,,169,True,
sensor_log,0.1,41,Penalized monotone B-spline,0.01630661348268463,0.0,0.04246635700110346,0.0005703250062651932,100.0,1,True,Optimization terminated successfully
sensor_log,0.1,41,pyGAM,0.02010376016171969,0.0,0.09094661101698875,0.009966263023670763,100.0,2,True,
sensor_log,0.1,42,MonotoneLSPIA,0.016419877967944967,0.0,0.022870337998028845,0.022870337998028845,,187,True,
sensor_log,0.1,42,Penalized monotone B-spline,0.014554599553599872,0.0,0.04127588396659121,0.0005519110127352178,100.0,1,True,Optimization terminated successfully
sensor_log,0.1,42,pyGAM,0.01928967232697343,0.0,0.08430735801812261,0.009649131970945746,100.0,2,True,
sensor_log,0.1,43,MonotoneLSPIA,0.02727369498984803,0.0,0.025393320014700294,0.025393320014700294,,199,True,
sensor_log,0.1,43,Penalized monotone B-spline,0.016224359543023953,0.0,0.03815162001410499,0.000438665971159935,100.0,1,True,Optimization terminated successfully
sensor_log,0.1,43,pyGAM,0.019163219471872276,0.0,0.09765680698910728,0.011038004013244063,100.0,2,True,
sensor_log,0.1,44,MonotoneLSPIA,0.029723837567512127,0.0,0.02853290399070829,0.02853290399070829,,193,True,
sensor_log,0.1,44,Penalized monotone B-spline,0.016188022617747686,0.0,0.04581328894710168,0.0005496740341186523,100.0,1,True,Optimization terminated successfully
sensor_log,0.1,44,pyGAM,0.019277183812376513,0.0,0.08422008197521791,0.009433914034161717,100.0,2,True,
sensor_log,0.1,45,MonotoneLSPIA,0.024196351559039438,0.0,0.02811852702870965,0.02811852702870965,,219,True,
sensor_log,0.1,45,Penalized monotone B-spline,0.014710960553375724,0.0,0.041392283979803324,0.0005749349948018789,100.0,1,True,Optimization terminated successfully
sensor_log,0.1,45,pyGAM,0.017088620190406512,0.0,0.10491586499847472,0.011120099981781095,10.0,2,True,
sensor_log,0.1,46,MonotoneLSPIA,0.024786186795685165,0.0,0.03280599199933931,0.03280599199933931,,230,True,
sensor_log,0.1,46,Penalized monotone B-spline,0.01414533876158686,0.0,0.04612807498779148,0.0005644860211759806,100.0,1,True,Optimization terminated successfully
sensor_log,0.1,46,pyGAM,0.018224583762565066,0.0,0.10561845201300457,0.011485504976008087,100.0,2,True,
sensor_log,0.1,47,MonotoneLSPIA,0.03209603527632768,0.0,0.029595094034448266,0.029595094034448266,,199,True,
sensor_log,0.1,47,Penalized monotone B-spline,0.01098003026953736,0.0,0.04569644696312025,0.000546464987564832,100.0,1,True,Optimization terminated successfully
sensor_log,0.1,47,pyGAM,0.02076921792323482,0.0,0.10188519197981805,0.010918729996774346,10.0,2,True,
sensor_log,0.1,48,MonotoneLSPIA,0.027348725748017312,3.3273384048016694e-13,0.026477292994968593,0.026477292994968593,,179,True,
sensor_log,0.1,48,Penalized monotone B-spline,0.015771223235973776,0.0,0.042776674032211304,0.00044491904554888606,100.0,1,True,Optimization terminated successfully
sensor_log,0.1,48,pyGAM,0.01742870163281945,0.0,0.11144300899468362,0.015655374969355762,10.0,3,True,
sensor_log,0.1,49,MonotoneLSPIA,0.023252032549651674,0.0,0.02977361698867753,0.02977361698867753,,202,True,
sensor_log,0.1,49,Penalized monotone B-spline,0.014028206292108682,0.0,0.04562796599930152,0.0005651440005749464,100.0,1,True,Optimization terminated successfully
sensor_log,0.1,49,pyGAM,0.01851503216357973,0.0,0.10568442603107542,0.011492380988784134,100.0,2,True,
sensor_log,0.1,50,MonotoneLSPIA,0.01896616935961049,0.0,0.022414465027395636,0.022414465027395636,,159,True,
sensor_log,0.1,50,Penalized monotone B-spline,0.010322064081361553,0.0,0.04005821899045259,0.00045895803486928344,100.0,1,True,Optimization terminated successfully
sensor_log,0.1,50,pyGAM,0.015131215832337864,0.0,0.08682450000196695,0.009763049019966274,100.0,2,True,
sensor_log,0.1,51,MonotoneLSPIA,0.022736546356795565,0.0,0.030116164009086788,0.030116164009086788,,217,True,
sensor_log,0.1,51,Penalized monotone B-spline,0.011709945098598296,0.0,0.04691206198185682,0.0004427299718372524,100.0,1,True,Optimization terminated successfully
sensor_log,0.1,51,pyGAM,0.01577933342703986,0.0,0.10754245897987857,0.011479870008770376,100.0,2,True,
sensor_log,0.1,52,MonotoneLSPIA,0.025280125864666984,0.0,0.028697286965325475,0.028697286965325475,,208,True,
sensor_log,0.1,52,Penalized monotone B-spline,0.02707352142147219,0.0,0.041961878014262766,0.0005107810138724744,100.0,1,True,Optimization terminated successfully
sensor_log,0.1,52,pyGAM,0.029386572554050496,0.0,0.09364318201551214,0.010140108992345631,100.0,2,True,
sensor_log,0.1,53,MonotoneLSPIA,0.030985138710564603,0.0,0.022324594028759748,0.022324594028759748,,146,True,
sensor_log,0.1,53,Penalized monotone B-spline,0.012810817776099043,0.0,0.047430729027837515,0.0005278699682094157,100.0,1,True,Optimization terminated successfully
sensor_log,0.1,53,pyGAM,0.01723826972906109,0.0,0.11040058400249109,0.011156323016621172,100.0,2,True,
sensor_log,0.1,54,MonotoneLSPIA,0.029883386744793655,0.0,0.026813741016667336,0.026813741016667336,,173,True,
sensor_log,0.1,54,Penalized monotone B-spline,0.029528366153721508,0.0,0.05156764597631991,0.0025522009818814695,0.01,14,True,Optimization terminated successfully
sensor_log,0.1,54,pyGAM,0.022475134561129106,0.0,0.11937050998676568,0.01563319901470095,1.0,4,True,
sensor_log,0.1,55,MonotoneLSPIA,0.028817460707940973,0.0,0.033350999001413584,0.033350999001413584,,228,True,
sensor_log,0.1,55,Penalized monotone B-spline,0.026337348558820455,0.0,0.05254089098889381,0.002100609999615699,1.0,10,True,Optimization terminated successfully
sensor_log,0.1,55,pyGAM,0.023687679698869434,0.0,0.10487642098451033,0.010997772042173892,100.0,2,True,
sensor_log,0.1,56,MonotoneLSPIA,0.022486790953426067,0.0,0.028360324969980866,0.028360324969980866,,194,True,
sensor_log,0.1,56,Penalized monotone B-spline,0.021373099962681174,0.0,0.04282979195704684,0.0004349970258772373,100.0,1,True,Optimization terminated successfully
sensor_log,0.1,56,pyGAM,0.02385802558953541,0.0,0.09655000100610778,0.011152732011396438,100.0,2,True,
sensor_log,0.1,57,MonotoneLSPIA,0.020549993732628884,0.0,0.02757226600078866,0.02757226600078866,,185,True,
sensor_log,0.1,57,Penalized monotone B-spline,0.012078749992620751,0.0,0.049257255042903125,0.000548860989511013,100.0,1,True,Optimization terminated successfully
sensor_log,0.1,57,pyGAM,0.01680495283156126,0.0,0.10606196604203433,0.010100296000018716,100.0,2,True,
sensor_log,0.1,58,MonotoneLSPIA,0.03618136792643373,0.0,0.01892255898565054,0.01892255898565054,,120,True,
sensor_log,0.1,58,Penalized monotone B-spline,0.030489208317204364,0.0,0.049243004992604256,0.0020974749932065606,1.0,10,True,Optimization terminated successfully
sensor_log,0.1,58,pyGAM,0.030250823149204614,0.0,0.10396216303342953,0.014470824971795082,1.0,3,True,
sensor_log,0.1,59,MonotoneLSPIA,0.019052626288839435,0.0,0.023112674010917544,0.023112674010917544,,161,True,
sensor_log,0.1,59,Penalized monotone B-spline,0.010976155921514874,0.0,0.0462666759849526,0.000528308970388025,100.0,1,True,Optimization terminated successfully
sensor_log,0.1,59,pyGAM,0.014779616350968262,0.0,0.10996810300275683,0.010681817017029971,100.0,2,True,
sensor_log,0.1,60,MonotoneLSPIA,0.02844732855282009,0.0,0.027488287014421076,0.027488287014421076,,193,True,
sensor_log,0.1,60,Penalized monotone B-spline,0.019258901374778307,0.0,0.040632487973198295,0.00048641697503626347,100.0,1,True,Optimization terminated successfully
sensor_log,0.1,60,pyGAM,0.021822590650032638,0.0,0.09189297899138182,0.010333254002034664,100.0,2,True,
sensor_log,0.1,61,MonotoneLSPIA,0.02283897677689503,3.3273384048016694e-13,0.021144855010788888,0.021144855010788888,,145,True,
sensor_log,0.1,61,Penalized monotone B-spline,0.022708280215049,3.3273384048016694e-13,0.044704055006150156,0.002432839013636112,0.01,13,True,Optimization terminated successfully
sensor_log,0.1,61,pyGAM,0.02280309445661874,2.310281965733959e-09,0.1184464480029419,0.01888273499207571,0.001,4,True,
sensor_log,0.1,62,MonotoneLSPIA,0.02138911816763051,0.0,0.02481411601183936,0.02481411601183936,,167,True,
sensor_log,0.1,62,Penalized monotone B-spline,0.0136871569437645,0.0,0.045138680026866496,0.00047932396410033107,100.0,1,True,Optimization terminated successfully
sensor_log,0.1,62,pyGAM,0.01829968236564839,0.0,0.10171270300634205,0.009737041953485459,100.0,2,True,
sensor_log,0.1,63,MonotoneLSPIA,0.02992510185062613,0.0,0.028233589022420347,0.028233589022420347,,196,True,
sensor_log,0.1,63,Penalized monotone B-spline,0.02485066414753947,0.0,0.04334311297861859,0.0005321570206433535,100.0,1,True,Optimization terminated successfully
sensor_log,0.1,63,pyGAM,0.02748615141450119,0.0,0.102124840952456,0.015360875986516476,0.1,2,True,
sensor_log,0.1,64,MonotoneLSPIA,0.018724238202464428,0.0,0.028816971986088902,0.028816971986088902,,201,True,
sensor_log,0.1,64,Penalized monotone B-spline,0.01566714005964633,0.0,0.04194451204966754,0.0005190559895709157,100.0,1,True,Optimization terminated successfully
sensor_log,0.1,64,pyGAM,0.011934791408903543,0.0,0.09866708103800192,0.011931689048651606,10.0,2,True,
sensor_log,0.1,65,MonotoneLSPIA,0.024837788070472263,0.0,0.02704171004006639,0.02704171004006639,,181,True,
sensor_log,0.1,65,Penalized monotone B-spline,0.014382147079635225,0.0,0.04671427502762526,0.0005349129787646234,100.0,1,True,Optimization terminated successfully
sensor_log,0.1,65,pyGAM,0.018175855635660886,0.0,0.11006014002487063,0.011148952995426953,100.0,2,True,
sensor_log,0.1,66,MonotoneLSPIA,0.02593659585246675,0.0,0.023972736031282693,0.023972736031282693,,161,True,
sensor_log,0.1,66,Penalized monotone B-spline,0.015481726943416697,0.0,0.047573607007507235,0.0005505750305019319,100.0,1,True,Optimization terminated successfully
sensor_log,0.1,66,pyGAM,0.0192284949367724,0.0,0.11572424997575581,0.011342658021021634,100.0,2,True,
sensor_log,0.1,67,MonotoneLSPIA,0.023534810111281577,0.0,0.03479608800262213,0.03479608800262213,,239,True,
sensor_log,0.1,67,Penalized monotone B-spline,0.02296118559113953,0.0,0.05240103101823479,0.0005521980347111821,100.0,1,True,Optimization terminated successfully
sensor_log,0.1,67,pyGAM,0.026054240712473115,0.0,0.10475309001049027,0.011261553969234228,100.0,2,True,
sensor_log,0.1,68,MonotoneLSPIA,0.027539735357658565,0.0,0.03207577398279682,0.03207577398279682,,221,True,
sensor_log,0.1,68,Penalized monotone B-spline,0.019324482889960862,0.0,0.046194263035431504,0.0005380919901654124,100.0,1,True,Optimization terminated successfully
sensor_log,0.1,68,pyGAM,0.02252969009045413,0.0,0.10714345797896385,0.010895831976085901,100.0,2,True,
sensor_log,0.1,69,MonotoneLSPIA,0.03679929925811589,0.0,0.03394878498511389,0.03394878498511389,,231,True,
sensor_log,0.1,69,Penalized monotone B-spline,0.032557389578747604,0.0,0.049969406973104924,0.0019154319888912141,1.0,10,True,Optimization terminated successfully
sensor_log,0.1,69,pyGAM,0.025617185910060774,0.0,0.11891526001272723,0.011015066993422806,10.0,4,True,
sensor_log,0.1,70,MonotoneLSPIA,0.023808508725671227,0.0,0.023740379023365676,0.023740379023365676,,157,True,
sensor_log,0.1,70,Penalized monotone B-spline,0.014363417004058455,0.0,0.042984579980839044,0.0005222540348768234,100.0,1,True,Optimization terminated successfully
sensor_log,0.1,70,pyGAM,0.017946372054783076,0.0,0.09950733801815659,0.010278463014401495,100.0,2,True,
sensor_log,0.1,71,MonotoneLSPIA,0.021953846537116253,0.0,0.02467112202430144,0.02467112202430144,,176,True,
sensor_log,0.1,71,Penalized monotone B-spline,0.020683412969122454,0.0,0.052197959972545505,0.002136475988663733,1.0,10,True,Optimization terminated successfully
sensor_log,0.1,71,pyGAM,0.013869690567956788,0.0,0.10693801799789071,0.00958966399775818,10.0,3,True,
sensor_log,0.1,72,MonotoneLSPIA,0.030227107654385663,0.0,0.025989157962612808,0.025989157962612808,,166,True,
sensor_log,0.1,72,Penalized monotone B-spline,0.026385714217649493,0.0,0.043467126961331815,0.0004768249928019941,1.0,1,True,Optimization terminated successfully
sensor_log,0.1,72,pyGAM,0.015708028797191357,0.0,0.09621145704295486,0.009813174023292959,10.0,2,True,
sensor_log,0.1,73,MonotoneLSPIA,0.024940395527832355,0.0,0.02669691597111523,0.02669691597111523,,204,True,
sensor_log,0.1,73,Penalized monotone B-spline,0.020185199306382642,0.0,0.03775436204159632,0.0004508209531195462,100.0,1,True,Optimization terminated successfully
sensor_log,0.1,73,pyGAM,0.023213268870375118,0.0,0.09467971295816824,0.009389932034537196,100.0,2,True,
sensor_log,0.1,74,MonotoneLSPIA,0.02351461620840139,0.0,0.02745753194903955,0.02745753194903955,,205,True,
sensor_log,0.1,74,Penalized monotone B-spline,0.01836945160773461,0.0,0.04500912601361051,0.00044796400470659137,100.0,1,True,Optimization terminated successfully
sensor_log,0.1,74,pyGAM,0.020746365981436393,0.0,0.09963546402286738,0.010978489997796714,100.0,2,True,
sensor_log,0.1,75,MonotoneLSPIA,0.043889444207438205,0.0,0.02839176804991439,0.02839176804991439,,211,True,
sensor_log,0.1,75,Penalized monotone B-spline,0.039234115494993525,0.0,0.048769905988592654,0.0018169810064136982,1.0,10,True,Optimization terminated successfully
sensor_log,0.1,75,pyGAM,0.03580286301488948,0.0,0.10683707997668535,0.011027084954548627,10.0,4,True,
sensor_log,0.1,76,MonotoneLSPIA,0.02519405214288431,0.0,0.03082613501464948,0.03082613501464948,,211,True,
sensor_log,0.1,76,Penalized monotone B-spline,0.018901967841874583,0.0,0.04188741696998477,0.0004864120273850858,100.0,1,True,Optimization terminated successfully
sensor_log,0.1,76,pyGAM,0.021012470109002403,0.0,0.09967866499209777,0.010843471041880548,100.0,2,True,
sensor_log,0.1,77,MonotoneLSPIA,0.021796033801236167,0.0,0.022963540977798402,0.022963540977798402,,175,True,
sensor_log,0.1,77,Penalized monotone B-spline,0.01657937553149837,0.0,0.04386962600983679,0.0018123849877156317,1.0,10,True,Optimization terminated successfully
sensor_log,0.1,77,pyGAM,0.010180238311426924,0.0,0.10496982897166163,0.01117044995771721,10.0,2,True,
sensor_log,0.1,78,MonotoneLSPIA,0.027377468174314135,3.3273384048016694e-13,0.026050338987261057,0.026050338987261057,,172,True,
sensor_log,0.1,78,Penalized monotone B-spline,0.02710747162557905,0.0,0.046587673015892506,0.0005625319899991155,100.0,1,True,Optimization terminated successfully
sensor_log,0.1,78,pyGAM,0.028828553993241572,0.0,0.10888147400692105,0.011426803015638143,100.0,2,True,
sensor_log,0.1,79,MonotoneLSPIA,0.031028832527137867,3.3273384048016694e-13,0.023404323030263186,0.023404323030263186,,160,True,
sensor_log,0.1,79,Penalized monotone B-spline,0.027060292645547535,0.0,0.04685476399026811,0.0017370969871990383,1.0,11,True,Optimization terminated successfully
sensor_log,0.1,79,pyGAM,0.01759030633962262,0.0,0.10096404800424352,0.010316144966054708,10.0,3,True,
sensor_log,0.1,80,MonotoneLSPIA,0.02466815646436057,0.0,0.02567798999371007,0.02567798999371007,,189,True,
sensor_log,0.1,80,Penalized monotone B-spline,0.01715957530581842,0.0,0.04736867599422112,0.0006963979685679078,100.0,1,True,Optimization terminated successfully
sensor_log,0.1,80,pyGAM,0.019979119750752044,0.0,0.10901441395981237,0.011467995005659759,100.0,2,True,
sensor_log,0.1,81,MonotoneLSPIA,0.023483233777753937,3.3273384048016694e-13,0.026982804003637284,0.026982804003637284,,194,True,
sensor_log,0.1,81,Penalized monotone B-spline,0.017276727727341505,0.0,0.046811292006168514,0.0005765149835497141,100.0,1,True,Optimization terminated successfully
sensor_log,0.1,81,pyGAM,0.02133131616688468,0.0,0.10602326598018408,0.01076680002734065,100.0,2,True,
sensor_log,0.1,82,MonotoneLSPIA,0.025870337012846918,0.0,0.030726002005394548,0.030726002005394548,,220,True,
sensor_log,0.1,82,Penalized monotone B-spline,0.02318721191070945,0.0,0.04576545598683879,0.0004401030018925667,100.0,1,True,Optimization terminated successfully
sensor_log,0.1,82,pyGAM,0.025240289705007232,0.0,0.09657801501452923,0.012066464987583458,100.0,2,True,
sensor_log,0.1,83,MonotoneLSPIA,0.03403167176802874,0.0,0.03535557398572564,0.03535557398572564,,238,True,
sensor_log,0.1,83,Penalized monotone B-spline,0.034031738232118046,0.0,0.04624125798000023,0.001987538009416312,1e-08,11,True,Optimization terminated successfully
sensor_log,0.1,83,pyGAM,0.019991170586951348,0.0,0.09537218103650957,0.010824745986610651,10.0,2,True,
sensor_log,0.1,84,MonotoneLSPIA,0.02123176417829436,0.0,0.029218815034255385,0.029218815034255385,,225,True,
sensor_log,0.1,84,Penalized monotone B-spline,0.024337434346487406,0.0,0.03990581800462678,0.0006741840043105185,100.0,1,True,Optimization terminated successfully
sensor_log,0.1,84,pyGAM,0.02600218827540505,0.0,0.09152673499193043,0.010123074986040592,100.0,2,True,
sensor_log,0.1,85,MonotoneLSPIA,0.019032496941863913,0.0,0.02745192899601534,0.02745192899601534,,213,True,
sensor_log,0.1,85,Penalized monotone B-spline,0.01755164649535892,0.0,0.04061135702067986,0.0004412639536894858,100.0,1,True,Optimization terminated successfully
sensor_log,0.1,85,pyGAM,0.02141247706236813,0.0,0.09567578003043309,0.010237077018246055,100.0,2,True,
sensor_log,0.1,86,MonotoneLSPIA,0.025533248066935018,0.0,0.028261274041142315,0.028261274041142315,,218,True,
sensor_log,0.1,86,Penalized monotone B-spline,0.018184631833752008,0.0,0.04281807999359444,0.00043765001464635134,100.0,1,True,Optimization terminated successfully
sensor_log,0.1,86,pyGAM,0.019073476531573364,0.0,0.09767895500408486,0.009807076014112681,10.0,3,True,
sensor_log,0.1,87,MonotoneLSPIA,0.02929260621178439,0.0,0.03114920196821913,0.03114920196821913,,228,True,
sensor_log,0.1,87,Penalized monotone B-spline,0.02098825330736846,0.0,0.04902100202161819,0.0005172000383026898,100.0,1,True,Optimization terminated successfully
sensor_log,0.1,87,pyGAM,0.02373281296836474,0.0,0.11201188300037757,0.010891362966503948,100.0,2,True,
sensor_log,0.1,88,MonotoneLSPIA,0.02990974892379326,0.0,0.03131250001024455,0.03131250001024455,,213,True,
sensor_log,0.1,88,Penalized monotone B-spline,0.018491260714499025,0.0,0.04811685101594776,0.0005309950211085379,100.0,1,True,Optimization terminated successfully
sensor_log,0.1,88,pyGAM,0.022293061756284958,0.0,0.10227717901580036,0.010872341983485967,100.0,2,True,
sensor_log,0.1,89,MonotoneLSPIA,0.015495155700338038,0.0,0.01992856804281473,0.01992856804281473,,141,True,
sensor_log,0.1,89,Penalized monotone B-spline,0.012477955396840408,0.0,0.04305142699740827,0.0004466520040296018,100.0,1,True,Optimization terminated successfully
sensor_log,0.1,89,pyGAM,0.016285180064118488,0.0,0.08910170197486877,0.010141718026716262,100.0,2,True,
sensor_log,0.1,90,MonotoneLSPIA,0.02629576071846722,3.3273384048016694e-13,0.024149515957105905,0.024149515957105905,,186,True,
sensor_log,0.1,90,Penalized monotone B-spline,0.01616453395830928,0.0,0.04483150504529476,0.00043477496365085244,100.0,1,True,Optimization terminated successfully
sensor_log,0.1,90,pyGAM,0.01996112233356924,0.0,0.10607057297602296,0.011870501970406622,100.0,2,True,
sensor_log,0.1,91,MonotoneLSPIA,0.02464140970137618,0.0,0.029696416982915252,0.029696416982915252,,194,True,
sensor_log,0.1,91,Penalized monotone B-spline,0.01570087996092863,0.0,0.04737828701036051,0.0005759240011684597,100.0,1,True,Optimization terminated successfully
sensor_log,0.1,91,pyGAM,0.018699427108648234,0.0,0.08914701000321656,0.010744258004706353,100.0,2,True,
sensor_log,0.1,92,MonotoneLSPIA,0.0313386536636991,0.0,0.024034942034631968,0.024034942034631968,,177,True,
sensor_log,0.1,92,Penalized monotone B-spline,0.031018195712549337,0.0,0.04186393797863275,0.0023215520195662975,0.01,16,True,Optimization terminated successfully
sensor_log,0.1,92,pyGAM,0.028888223414869237,0.0,0.10288470797240734,0.01607461296953261,0.1,2,True,
sensor_log,0.1,93,MonotoneLSPIA,0.024951993335479285,4.4364512064022255e-13,0.027732789982110262,0.027732789982110262,,188,True,
sensor_log,0.1,93,Penalized monotone B-spline,0.01901214457656242,0.0,0.04608021199237555,0.00048231601249426603,100.0,1,True,Optimization terminated successfully
sensor_log,0.1,93,pyGAM,0.022071108759754262,0.0,0.11694161500781775,0.010960312967654318,100.0,2,True,
sensor_log,0.1,94,MonotoneLSPIA,0.030416383248579645,0.0,0.028974417014978826,0.028974417014978826,,202,True,
sensor_log,0.1,94,Penalized monotone B-spline,0.015435350332745651,0.0,0.04205784702207893,0.0004768159706145525,100.0,1,True,Optimization terminated successfully
sensor_log,0.1,94,pyGAM,0.018904177135929786,0.0,0.10614789702231064,0.011002715968061239,100.0,2,True,
sensor_log,0.1,95,MonotoneLSPIA,0.028121257069837945,0.0,0.02686206001089886,0.02686206001089886,,193,True,
sensor_log,0.1,95,Penalized monotone B-spline,0.02318603686303884,0.0,0.03875634795986116,0.0004384299973025918,100.0,1,True,Optimization terminated successfully
sensor_log,0.1,95,pyGAM,0.02570641784667822,0.0,0.08996173099149019,0.010703331034164876,100.0,2,True,
sensor_log,0.1,96,MonotoneLSPIA,0.034710385513504936,0.0,0.0207517989911139,0.0207517989911139,,154,True,
sensor_log,0.1,96,Penalized monotone B-spline,0.02841230271051783,0.0,0.04659527103649452,0.0005418009823188186,1.0,1,True,Optimization terminated successfully
sensor_log,0.1,96,pyGAM,0.018761578372483684,0.0,0.09674880496459082,0.010480768978595734,10.0,2,True,
sensor_log,0.1,97,MonotoneLSPIA,0.029392570503904463,0.0,0.02008229703642428,0.02008229703642428,,157,True,
sensor_log,0.1,97,Penalized monotone B-spline,0.012114030613465126,0.0,0.041585111001040787,0.000528202042914927,100.0,1,True,Optimization terminated successfully
sensor_log,0.1,97,pyGAM,0.014993381598842587,0.0,0.09349957597441971,0.010941679996903986,100.0,2,True,
sensor_log,0.1,98,MonotoneLSPIA,0.01622967591565194,0.0,0.027509431005455554,0.027509431005455554,,207,True,
sensor_log,0.1,98,Penalized monotone B-spline,0.014994000973031357,0.0,0.03777372697368264,0.00043441803427413106,100.0,1,True,Optimization terminated successfully
sensor_log,0.1,98,pyGAM,0.01800988478220984,0.0,0.10013343300670385,0.010737825999967754,100.0,2,True,
sensor_log,0.1,99,MonotoneLSPIA,0.02795018712422663,0.0,0.026604562997817993,0.026604562997817993,,182,True,
sensor_log,0.1,99,Penalized monotone B-spline,0.0186141202738212,0.0,0.04745687200920656,0.00045011297333985567,100.0,1,True,Optimization terminated successfully
sensor_log,0.1,99,pyGAM,0.022808033210121956,0.0,0.10296208300860599,0.009484892012551427,100.0,2,True,
sensor_log,0.1,100,MonotoneLSPIA,0.031887752790874135,0.0,0.0220451460336335,0.0220451460336335,,171,True,
sensor_log,0.1,100,Penalized monotone B-spline,0.030618581473022047,0.0,0.042786234989762306,0.0006158530013635755,100.0,1,True,Optimization terminated successfully
sensor_log,0.1,100,pyGAM,0.03327659193683462,0.0,0.09610956604592502,0.010007389995735139,100.0,2,True,
dose_response,0.02,1,MonotoneLSPIA,0.005859356180706143,0.0,0.03188597102416679,0.03188597102416679,,196,True,
dose_response,0.02,1,Penalized monotone B-spline,0.005717621581871274,0.0,0.06041281600482762,0.002525684016291052,0.01,15,True,Optimization terminated successfully
dose_response,0.02,1,pyGAM,0.005142188404379714,0.0,0.1164498720318079,0.014242315024603158,0.1,3,True,
dose_response,0.02,2,MonotoneLSPIA,0.006910565789224254,0.0,0.026236470032017678,0.026236470032017678,,202,True,
dose_response,0.02,2,Penalized monotone B-spline,0.006243817657805089,0.0,0.04431662696879357,0.0023358759935945272,0.01,12,True,Optimization terminated successfully
dose_response,0.02,2,pyGAM,0.0044586561005096744,0.0,0.11054366902681068,0.01740655000321567,0.1,3,True,
dose_response,0.02,3,MonotoneLSPIA,0.006104340256228053,4.4364512064022255e-13,0.02125262696063146,0.02125262696063146,,162,True,
dose_response,0.02,3,Penalized monotone B-spline,0.005977131845489692,2.2182256032011127e-13,0.041868667001836,0.0021055449615232646,0.01,14,True,Optimization terminated successfully
dose_response,0.02,3,pyGAM,0.00517811517193845,0.0,0.10623417398892343,0.013708920974750072,0.1,3,True,
dose_response,0.02,4,MonotoneLSPIA,0.006327799818949229,0.0,0.024762039945926517,0.024762039945926517,,193,True,
dose_response,0.02,4,Penalized monotone B-spline,0.006200521558267033,0.0,0.04603394097648561,0.0019321099971421063,0.01,13,True,Optimization terminated successfully
dose_response,0.02,4,pyGAM,0.005560639339661222,0.0,0.10646882897708565,0.015290304028894752,0.1,2,True,
dose_response,0.02,5,MonotoneLSPIA,0.005203205403590876,0.0,0.025036690989509225,0.025036690989509225,,191,True,
dose_response,0.02,5,Penalized monotone B-spline,0.0051543088680172395,0.0,0.04365091398358345,0.002158201008569449,0.01,13,True,Optimization terminated successfully
dose_response,0.02,5,pyGAM,0.005148706863793984,0.0,0.1061120749800466,0.013841242005582899,0.1,3,True,
dose_response,0.02,6,MonotoneLSPIA,0.004559704940297811,5.198966257502491e-15,0.021526973985601217,0.021526973985601217,,165,True,
dose_response,0.02,6,Penalized monotone B-spline,0.004514709373728047,3.4659775050016906e-15,0.043350182997528464,0.0017687920480966568,0.01,11,True,Optimization terminated successfully
dose_response,0.02,6,pyGAM,0.004364811639770971,7.133813539894581e-10,0.09577629301929846,0.014795582043007016,0.1,3,True,
dose_response,0.02,7,MonotoneLSPIA,0.007897120856387123,4.4364512064022255e-13,0.028866528999060392,0.028866528999060392,,195,True,
dose_response,0.02,7,Penalized monotone B-spline,0.007591017051905172,4.4364512064022255e-13,0.049885340966284275,0.0018534979899413884,0.01,12,True,Optimization terminated successfully
dose_response,0.02,7,pyGAM,0.006473202606813404,3.2474822830864293e-10,0.11890629498520866,0.016271536995191127,0.1,3,True,
dose_response,0.02,8,MonotoneLSPIA,0.009675020342050127,2.2182256032011127e-13,0.023902193002868444,0.023902193002868444,,145,True,
dose_response,0.02,8,Penalized monotone B-spline,0.009589349696968126,4.4364512064022255e-13,0.05791969003621489,0.002760635979939252,0.01,14,True,Optimization terminated successfully
dose_response,0.02,8,pyGAM,0.009619739524793667,4.782494400501599e-10,0.13416967901866883,0.022115953033789992,0.001,4,True,
dose_response,0.02,9,MonotoneLSPIA,0.007352143632439147,3.4659775050016906e-15,0.026231789961457253,0.026231789961457253,,154,True,
dose_response,0.02,9,Penalized monotone B-spline,0.007364176497485573,3.4659775050017387e-15,0.05729066702770069,0.0024993089609779418,0.01,13,True,Optimization terminated successfully
dose_response,0.02,9,pyGAM,0.007259945822853475,3.660072245281735e-11,0.14820844901259989,0.022791602998040617,0.01,2,True,
dose_response,0.02,10,MonotoneLSPIA,0.005047471589419817,0.0,0.029948318959213793,0.029948318959213793,,178,True,
dose_response,0.02,10,Penalized monotone B-spline,0.0067451200522789774,0.0,0.053362020989879966,0.0006951559917069972,1.0,1,True,Optimization terminated successfully
dose_response,0.02,10,pyGAM,0.004542103500946879,0.0,0.12157419405411929,0.012383615016005933,0.1,3,True,
dose_response,0.02,11,MonotoneLSPIA,0.007516333611967484,0.0,0.026544883963651955,0.026544883963651955,,174,True,
dose_response,0.02,11,Penalized monotone B-spline,0.0073647814866881645,0.0,0.04704907297855243,0.0022779679857194424,0.01,13,True,Optimization terminated successfully
dose_response,0.02,11,pyGAM,0.0061326472272950775,0.0,0.11862096900586039,0.013715666951611638,0.1,3,True,
dose_response,0.02,12,MonotoneLSPIA,0.007385576174374091,0.0,0.026770683005452156,0.026770683005452156,,209,True,
dose_response,0.02,12,Penalized monotone B-spline,0.007278620980435246,0.0,0.04476547200465575,0.002188937971368432,0.01,14,True,Optimization terminated successfully
dose_response,0.02,12,pyGAM,0.0065749554618017665,0.0,0.11874829203588888,0.01557840802706778,0.1,3,True,
dose_response,0.02,13,MonotoneLSPIA,0.005441440988787616,4.4364512064022255e-13,0.0229487509932369,0.0229487509932369,,159,True,
dose_response,0.02,13,Penalized monotone B-spline,0.005422767270497368,3.3273384048016694e-13,0.04626951698446646,0.0018177370075136423,0.01,11,True,Optimization terminated successfully
dose_response,0.02,13,pyGAM,0.0054733792821212825,2.1062052102394567e-10,0.11796114000026137,0.019642540020868182,0.1,4,True,
dose_response,0.02,14,MonotoneLSPIA,0.0059564636201017655,0.0,0.024394730979111046,0.024394730979111046,,163,True,
dose_response,0.02,14,Penalized monotone B-spline,0.005956508425220394,0.0,0.04584300797432661,0.002007645962294191,1e-08,15,True,Optimization terminated successfully
dose_response,0.02,14,pyGAM,0.004250888932937132,0.0,0.1117683490156196,0.013067955966107547,0.1,4,True,
dose_response,0.02,15,MonotoneLSPIA,0.005969971154616961,3.3273384048016694e-13,0.0221277559758164,0.0221277559758164,,177,True,
dose_response,0.02,15,Penalized monotone B-spline,0.005817405534697152,3.3273384048016694e-13,0.04483834397979081,0.0022018239833414555,0.01,14,True,Optimization terminated successfully
dose_response,0.02,15,pyGAM,0.004967788165258799,0.0,0.1108158840215765,0.02084476698655635,0.1,3,True,
dose_response,0.02,16,MonotoneLSPIA,0.004304229459498994,0.0,0.032986314967274666,0.032986314967274666,,227,True,
dose_response,0.02,16,Penalized monotone B-spline,0.004174989966074802,0.0,0.05085820297244936,0.0024987399810925126,0.01,15,True,Optimization terminated successfully
dose_response,0.02,16,pyGAM,0.0034118995432163685,0.0,0.10209588200086728,0.013433665968477726,0.1,3,True,
dose_response,0.02,17,MonotoneLSPIA,0.0071525768014855965,3.4659775050016906e-15,0.024487759976182133,0.024487759976182133,,195,True,
dose_response,0.02,17,Penalized monotone B-spline,0.00714600736505563,3.4659775050016665e-15,0.0432271440513432,0.001952079008333385,0.0001,14,True,Optimization terminated successfully
dose_response,0.02,17,pyGAM,0.0066299324162822915,3.8231118271170384e-10,0.10378065804252401,0.017904986045323312,0.01,2,True,
dose_response,0.02,18,MonotoneLSPIA,0.006143818318958965,0.0,0.02470428601372987,0.02470428601372987,,193,True,
dose_response,0.02,18,Penalized monotone B-spline,0.005971152750287023,0.0,0.04262804100289941,0.0017867519636638463,0.01,11,True,Optimization terminated successfully
dose_response,0.02,18,pyGAM,0.0055738701472952705,0.0,0.11300901602953672,0.01554417802253738,0.1,3,True,
dose_response,0.02,19,MonotoneLSPIA,0.007756210582558698,0.0,0.029510002001188695,0.029510002001188695,,196,True,
dose_response,0.02,19,Penalized monotone B-spline,0.007487158329200349,0.0,0.05451240198453888,0.003616578003857285,0.01,12,True,Optimization terminated successfully
dose_response,0.02,19,pyGAM,0.00651708258767597,0.0,0.13160838902695104,0.01611066301120445,0.1,3,True,
dose_response,0.02,20,MonotoneLSPIA,0.00514322992177843,0.0,0.024432539998088032,0.024432539998088032,,160,True,
dose_response,0.02,20,Penalized monotone B-spline,0.0051261600540684375,0.0,0.0500423859921284,0.0021412339992821217,0.01,11,True,Optimization terminated successfully
dose_response,0.02,20,pyGAM,0.00518295284438435,3.0188975951084274e-05,0.1153855409938842,0.016805727034807205,0.1,2,True,
dose_response,0.02,21,MonotoneLSPIA,0.0034021533826886843,0.0,0.028644343954510987,0.028644343954510987,,187,True,
dose_response,0.02,21,Penalized monotone B-spline,0.003344683686662479,0.0,0.05073705199174583,0.002187097037676722,0.01,11,True,Optimization terminated successfully
dose_response,0.02,21,pyGAM,0.0032708587390111385,0.0,0.10573175002355129,0.016610444989055395,0.1,3,True,
dose_response,0.02,22,MonotoneLSPIA,0.004353199017577359,4.4364512064022255e-13,0.018140234984457493,0.018140234984457493,,136,True,
dose_response,0.02,22,Penalized monotone B-spline,0.00426353938555301,3.3273384048016694e-13,0.043463403009809554,0.0022913210559636354,0.01,14,True,Optimization terminated successfully
dose_response,0.02,22,pyGAM,0.004278339996086617,1.8921464395305492e-10,0.19288483797572553,0.022729079006239772,0.1,3,True,
dose_response,0.02,23,MonotoneLSPIA,0.0051387150797882865,0.0,0.028937370982021093,0.028937370982021093,,174,True,
dose_response,0.02,23,Penalized monotone B-spline,0.005138706834820323,0.0,0.053293362027034163,0.002620754996314645,1e-08,14,True,Optimization terminated successfully
dose_response,0.02,23,pyGAM,0.004131360032856938,0.0,0.1495271819876507,0.01640650996705517,0.1,2,True,
dose_response,0.02,24,MonotoneLSPIA,0.006294286392380651,3.3273384048016694e-13,0.027802138996776193,0.027802138996776193,,187,True,
dose_response,0.02,24,Penalized monotone B-spline,0.006268739092852344,3.3273384048016694e-13,0.047517732018604875,0.0020172770018689334,0.01,13,True,Optimization terminated successfully
dose_response,0.02,24,pyGAM,0.006474260010787764,1.448501318890166e-10,0.10165169602259994,0.013253435026854277,0.1,2,True,
dose_response,0.02,25,MonotoneLSPIA,0.006196743980940864,2.599483128751268e-15,0.019633423013146967,0.019633423013146967,,150,True,
dose_response,0.02,25,Penalized monotone B-spline,0.006150377606635874,3.4659775050016606e-15,0.043987112992908806,0.0018260329961776733,0.01,11,True,Optimization terminated successfully
dose_response,0.02,25,pyGAM,0.006138715648655383,8.828537900740245e-11,0.1166530330083333,0.023117047967389226,0.01,2,True,
dose_response,0.02,26,MonotoneLSPIA,0.0041752197033984055,3.4659775050016606e-15,0.023867766023613513,0.023867766023613513,,176,True,
dose_response,0.02,26,Penalized monotone B-spline,0.0038961850348121297,2.5994831287512498e-15,0.04352117201779038,0.001835059025324881,0.01,12,True,Optimization terminated successfully
dose_response,0.02,26,pyGAM,0.0033013812100190056,2.477757998775574e-10,0.1041096540284343,0.020506625005509704,0.1,2,True,
dose_response,0.02,27,MonotoneLSPIA,0.006203811887523453,4.4364512064022255e-13,0.020217103010509163,0.020217103010509163,,161,True,
dose_response,0.02,27,Penalized monotone B-spline,0.006107298411874026,4.436451206401733e-13,0.042585271992720664,0.002106485015247017,0.01,13,True,Optimization terminated successfully
dose_response,0.02,27,pyGAM,0.005550047509733355,2.2537172128522836e-10,0.09762527199927717,0.017063422012142837,0.1,2,True,
dose_response,0.02,28,MonotoneLSPIA,0.0058615380589301545,4.4364512064022255e-13,0.02548307104734704,0.02548307104734704,,195,True,
dose_response,0.02,28,Penalized monotone B-spline,0.005714890120003877,4.4364512064022255e-13,0.05228402401553467,0.002230810991022736,0.01,13,True,Optimization terminated successfully
dose_response,0.02,28,pyGAM,0.00497462678065145,3.399430736905705e-10,0.10493481502635404,0.016095340019091964,0.1,2,True,
dose_response,0.02,29,MonotoneLSPIA,0.006240059486766714,0.0,0.025878982967697084,0.025878982967697084,,210,True,
dose_response,0.02,29,Penalized monotone B-spline,0.006135753436508821,0.0,0.04148087295470759,0.00188718200661242,0.01,12,True,Optimization terminated successfully
dose_response,0.02,29,pyGAM,0.005951804630938549,0.0,0.09550930099794641,0.014443942985963076,0.1,3,True,
dose_response,0.02,30,MonotoneLSPIA,0.00608553520268101,0.0,0.022818291967269033,0.022818291967269033,,177,True,
dose_response,0.02,30,Penalized monotone B-spline,0.005776743066280629,0.0,0.043987913988530636,0.002069452020805329,0.01,13,True,Optimization terminated successfully
dose_response,0.02,30,pyGAM,0.0042794621902867815,0.0,0.10776644299039617,0.014134856988675892,0.1,3,True,
dose_response,0.02,31,MonotoneLSPIA,0.005784473877920332,0.0,0.02734271204099059,0.02734271204099059,,209,True,
dose_response,0.02,31,Penalized monotone B-spline,0.005741245282122301,0.0,0.04603535495698452,0.0020139680127613246,0.01,13,True,Optimization terminated successfully
dose_response,0.02,31,pyGAM,0.00537647724932221,0.0,0.1123219919973053,0.01316217496059835,0.1,3,True,
dose_response,0.02,32,MonotoneLSPIA,0.004286251618525671,0.0,0.021596328995656222,0.021596328995656222,,173,True,
dose_response,0.02,32,Penalized monotone B-spline,0.0040259647332269565,0.0,0.04393364302814007,0.002007814997341484,0.01,14,True,Optimization terminated successfully
dose_response,0.02,32,pyGAM,0.0032930084123137123,0.0,0.10230004700133577,0.016223779995925725,0.1,4,True,
dose_response,0.02,33,MonotoneLSPIA,0.004814399530003089,3.3273384048016694e-13,0.022287985018920153,0.022287985018920153,,169,True,
dose_response,0.02,33,Penalized monotone B-spline,0.004709071666481481,3.3273384048016694e-13,0.05210522102424875,0.002450203988701105,0.01,13,True,Optimization terminated successfully
dose_response,0.02,33,pyGAM,0.004401457061422249,0.0,0.13239790999796242,0.01657375495415181,0.1,3,True,
dose_response,0.02,34,MonotoneLSPIA,0.003535784544866168,3.3273384048016694e-13,0.025376403995323926,0.025376403995323926,,171,True,
dose_response,0.02,34,Penalized monotone B-spline,0.003483609015561941,2.2182256032011127e-13,0.05088029004400596,0.0022272049682214856,0.01,12,True,Optimization terminated successfully
dose_response,0.02,34,pyGAM,0.0035459018108897652,0.0,0.11889793095178902,0.014521931996569037,0.1,3,True,
dose_response,0.02,35,MonotoneLSPIA,0.005220681165754125,0.0,0.026615587004926056,0.026615587004926056,,192,True,
dose_response,0.02,35,Penalized monotone B-spline,0.0051396472472109,0.0,0.043815162032842636,0.002261997025925666,0.01,12,True,Optimization terminated successfully
dose_response,0.02,35,pyGAM,0.0044535237731076855,0.0,0.11322590499185026,0.015299994964152575,0.1,3,True,
dose_response,0.02,36,MonotoneLSPIA,0.004986815864023628,0.0,0.0199149830150418,0.0199149830150418,,135,True,
dose_response,0.02,36,Penalized monotone B-spline,0.004951166019730834,0.0,0.045595549046993256,0.0029113449854776263,0.01,15,True,Optimization terminated successfully
dose_response,0.02,36,pyGAM,0.004656911578461913,0.0,0.12337357399519533,0.019161837990395725,0.1,3,True,
dose_response,0.02,37,MonotoneLSPIA,0.0063887722986630535,0.0,0.029505726997740567,0.029505726997740567,,202,True,
dose_response,0.02,37,Penalized monotone B-spline,0.006247433851754618,0.0,0.04928995796944946,0.0022866670042276382,0.01,12,True,Optimization terminated successfully
dose_response,0.02,37,pyGAM,0.005703161562052999,1.0259293414804933e-10,0.1180257789674215,0.02218714402988553,0.1,3,True,
dose_response,0.02,38,MonotoneLSPIA,0.005223318566528922,4.4364512064022255e-13,0.02705710002919659,0.02705710002919659,,171,True,
dose_response,0.02,38,Penalized monotone B-spline,0.005159088220233794,4.4364512064022255e-13,0.05035284598125145,0.0023101739934645593,0.01,13,True,Optimization terminated successfully
dose_response,0.02,38,pyGAM,0.005198476612696758,2.63525201660263e-10,0.11564954201458022,0.019674239971209317,0.1,3,True,
dose_response,0.02,39,MonotoneLSPIA,0.00632258362018921,0.0,0.025673383963294327,0.025673383963294327,,170,True,
dose_response,0.02,39,Penalized monotone B-spline,0.006131622693241338,0.0,0.04799206997267902,0.002338072983548045,0.01,12,True,Optimization terminated successfully
dose_response,0.02,39,pyGAM,0.005134838800904233,0.0,0.10570251900935546,0.015289089002180845,0.1,2,True,
dose_response,0.02,40,MonotoneLSPIA,0.00707294601544567,0.0,0.029397687001619488,0.029397687001619488,,195,True,
dose_response,0.02,40,Penalized monotone B-spline,0.006803948983176414,0.0,0.05055522103793919,0.002246626012492925,0.01,12,True,Optimization terminated successfully
dose_response,0.02,40,pyGAM,0.0065279685627244325,0.0,0.11519982700701803,0.016269515035673976,0.1,2,True,
dose_response,0.02,41,MonotoneLSPIA,0.007862468689151917,0.0,0.028872311988379806,0.028872311988379806,,190,True,
dose_response,0.02,41,Penalized monotone B-spline,0.0077524116276255625,0.0,0.04835087095852941,0.002450714004226029,0.01,12,True,Optimization terminated successfully
dose_response,0.02,41,pyGAM,0.00697452533767702,0.0,0.1282645880128257,0.019850353011861444,0.1,2,True,
dose_response,0.02,42,MonotoneLSPIA,0.006519409300541442,0.0,0.02772532496601343,0.02772532496601343,,189,True,
dose_response,0.02,42,Penalized monotone B-spline,0.006466377445022093,0.0,0.05115373898297548,0.0022943589719943702,0.01,12,True,Optimization terminated successfully
dose_response,0.02,42,pyGAM,0.0062368720762964085,0.0,0.112677494995296,0.01591163402190432,0.1,3,True,
dose_response,0.02,43,MonotoneLSPIA,0.005852610002294778,3.3273384048016694e-13,0.02391727699432522,0.02391727699432522,,158,True,
dose_response,0.02,43,Penalized monotone B-spline,0.005804288884075025,3.3273384048016694e-13,0.04854520002845675,0.0021871040225960314,0.01,12,True,Optimization terminated successfully
dose_response,0.02,43,pyGAM,0.005784081779282399,2.1927160087643e-10,0.12149685900658369,0.020755984995048493,0.1,3,True,
dose_response,0.02,44,MonotoneLSPIA,0.004794483647604211,0.0,0.030475288978777826,0.030475288978777826,,190,True,
dose_response,0.02,44,Penalized monotone B-spline,0.004693657706509334,0.0,0.05714802799047902,0.0022659439709968865,0.01,12,True,Optimization terminated successfully
dose_response,0.02,44,pyGAM,0.004295879477936001,0.0,0.11580232495907694,0.01977655600057915,0.1,2,True,
dose_response,0.02,45,MonotoneLSPIA,0.005763911974411884,0.0,0.028283548017498106,0.028283548017498106,,177,True,
dose_response,0.02,45,Penalized monotone B-spline,0.005731451683122077,0.0,0.052867840975522995,0.0023475560010410845,0.01,13,True,Optimization terminated successfully
dose_response,0.02,45,pyGAM,0.00579639986536713,0.0,0.1385819970164448,0.019714188005309552,0.1,3,True,
dose_response,0.02,46,MonotoneLSPIA,0.004997819998988168,0.0,0.03341006999835372,0.03341006999835372,,223,True,
dose_response,0.02,46,Penalized monotone B-spline,0.004955783733149242,0.0,0.07067392201861367,0.002413648006040603,0.01,13,True,Optimization terminated successfully
dose_response,0.02,46,pyGAM,0.00494935964955926,0.0,0.14141714200377464,0.0159897250123322,0.1,3,True,
dose_response,0.02,47,MonotoneLSPIA,0.004713009999140605,0.0,0.029864998999983072,0.029864998999983072,,194,True,
dose_response,0.02,47,Penalized monotone B-spline,0.004570025547075944,0.0,0.050621475966181606,0.0031138380290940404,0.01,14,True,Optimization terminated successfully
dose_response,0.02,47,pyGAM,0.004277433858630391,0.0,0.1309966880362481,0.010617045045364648,0.1,3,True,
dose_response,0.02,48,MonotoneLSPIA,0.006060577162548195,0.0,0.02871699898969382,0.02871699898969382,,198,True,
dose_response,0.02,48,Penalized monotone B-spline,0.00574702611563401,0.0,0.05516888404963538,0.0031002939795143902,0.01,15,True,Optimization terminated successfully
dose_response,0.02,48,pyGAM,0.004719506466638833,0.0,0.11197090201312676,0.019065072003286332,0.1,2,True,
dose_response,0.02,49,MonotoneLSPIA,0.006133377424289982,0.0,0.026598014985211194,0.026598014985211194,,181,True,
dose_response,0.02,49,Penalized monotone B-spline,0.005987711320851173,0.0,0.052759848011191934,0.0023511360050179064,0.01,12,True,Optimization terminated successfully
dose_response,0.02,49,pyGAM,0.005382595197373353,2.2481716488443278e-10,0.13349712395574898,0.026398146990686655,0.1,3,True,
dose_response,0.02,50,MonotoneLSPIA,0.005555792310673576,0.0,0.0314459020155482,0.0314459020155482,,198,True,
dose_response,0.02,50,Penalized monotone B-spline,0.005236015161230075,0.0,0.058817123994231224,0.0023555579828098416,0.01,12,True,Optimization terminated successfully
dose_response,0.02,50,pyGAM,0.004266692933143157,0.0,0.15471697598695755,0.015865103981923312,0.1,2,True,
dose_response,0.02,51,MonotoneLSPIA,0.00518984522435822,0.0,0.02732344501418993,0.02732344501418993,,175,True,
dose_response,0.02,51,Penalized monotone B-spline,0.0051273556972887945,0.0,0.04994504002388567,0.002853077952750027,0.01,14,True,Optimization terminated successfully
dose_response,0.02,51,pyGAM,0.004513354019191035,0.0,0.12389652995625511,0.016051475948188454,0.1,4,True,
dose_response,0.02,52,MonotoneLSPIA,0.0061564553369959155,6.931955010003321e-15,0.029062337998766452,0.029062337998766452,,198,True,
dose_response,0.02,52,Penalized monotone B-spline,0.006074630664497756,6.931955010003321e-15,0.06294063403038308,0.0037524339859373868,0.01,14,True,Optimization terminated successfully
dose_response,0.02,52,pyGAM,0.0058664720504643065,3.737710141393771e-10,0.1255307579995133,0.019363577011972666,0.1,2,True,
dose_response,0.02,53,MonotoneLSPIA,0.0038019934094715223,0.0,0.028909832006320357,0.028909832006320357,,203,True,
dose_response,0.02,53,Penalized monotone B-spline,0.0037011369387429795,0.0,0.04954919102601707,0.0024915080284699798,0.01,14,True,Optimization terminated successfully
dose_response,0.02,53,pyGAM,0.003229876251930553,0.0,0.1187025670078583,0.01488512399373576,0.1,3,True,
dose_response,0.02,54,MonotoneLSPIA,0.007282917180044059,4.4364512064022255e-13,0.025879121967591345,0.025879121967591345,,184,True,
dose_response,0.02,54,Penalized monotone B-spline,0.007199254203583435,4.4364512064022255e-13,0.04886056802934036,0.002329126000404358,0.01,14,True,Optimization terminated successfully
dose_response,0.02,54,pyGAM,0.006543517063576046,2.872602156145441e-10,0.10936882602982223,0.018672761972993612,0.1,3,True,
dose_response,0.02,55,MonotoneLSPIA,0.005930930319981361,0.0,0.027660935011226684,0.027660935011226684,,197,True,
dose_response,0.02,55,Penalized monotone B-spline,0.005800320477292149,0.0,0.04647908004699275,0.0023888779687695205,0.01,14,True,Optimization terminated successfully
dose_response,0.02,55,pyGAM,0.005301600660146277,0.0,0.12656101200263947,0.01622365100774914,0.1,3,True,
dose_response,0.02,56,MonotoneLSPIA,0.006548066628869443,0.0,0.026068500999826938,0.026068500999826938,,163,True,
dose_response,0.02,56,Penalized monotone B-spline,0.006533248334201555,0.0,0.0496462500304915,0.0021715600159950554,0.01,11,True,Optimization terminated successfully
dose_response,0.02,56,pyGAM,0.006183213827388991,0.0,0.126554238027893,0.021789596998132765,0.01,2,True,
dose_response,0.02,57,MonotoneLSPIA,0.006365230338894398,3.3273384048013003e-13,0.024768144998233765,0.024768144998233765,,169,True,
dose_response,0.02,57,Penalized monotone B-spline,0.0062476254130558306,3.3273384048016694e-13,0.05282225302653387,0.0024848899920471013,0.01,13,True,Optimization terminated successfully
dose_response,0.02,57,pyGAM,0.005534515791643439,1.907674018752957e-10,0.13189327000873163,0.015469333040528,0.1,3,True,
dose_response,0.02,58,MonotoneLSPIA,0.0071053743412734325,3.3273384048016694e-13,0.027693171985447407,0.027693171985447407,,175,True,
dose_response,0.02,58,Penalized monotone B-spline,0.0069520162362862485,4.4364512064022255e-13,0.050301187962759286,0.002128294960130006,0.01,11,True,Optimization terminated successfully
dose_response,0.02,58,pyGAM,0.006123854969670274,0.0,0.11145943298470229,0.018423602974507958,0.1,3,True,
dose_response,0.02,59,MonotoneLSPIA,0.005678030945125989,3.3273384048016694e-13,0.022206888999789953,0.022206888999789953,,149,True,
dose_response,0.02,59,Penalized monotone B-spline,0.005550913257989315,3.3273384048016694e-13,0.049023502971976995,0.002182200027164072,0.01,12,True,Optimization terminated successfully
dose_response,0.02,59,pyGAM,0.005249314509052377,2.6485613702221284e-10,0.11432947003049776,0.014904869021847844,0.1,2,True,
dose_response,0.02,60,MonotoneLSPIA,0.004609781911822136,0.0,0.031207695952616632,0.031207695952616632,,222,True,
dose_response,0.02,60,Penalized monotone B-spline,0.004592338750091659,0.0,0.04270357999484986,0.0019264709553681314,0.01,12,True,Optimization terminated successfully
dose_response,0.02,60,pyGAM,0.004615714598850942,0.0,0.0990309679764323,0.01294520398369059,0.1,3,True,
dose_response,0.02,61,MonotoneLSPIA,0.0061845504775338905,0.0,0.02342105400748551,0.02342105400748551,,188,True,
dose_response,0.02,61,Penalized monotone B-spline,0.006151775724620578,0.0,0.042246074008289725,0.0019151229644194245,0.01,12,True,Optimization terminated successfully
dose_response,0.02,61,pyGAM,0.0061371382422718765,0.0,0.10891700902720913,0.013592919975053519,0.1,3,True,
dose_response,0.02,62,MonotoneLSPIA,0.004976698746717484,2.2182256032011127e-13,0.022397385037038475,0.022397385037038475,,172,True,
dose_response,0.02,62,Penalized monotone B-spline,0.004956118104901066,4.4364512064022255e-13,0.04401143203722313,0.0018165689543820918,0.01,11,True,Optimization terminated successfully
dose_response,0.02,62,pyGAM,0.0049581217869266465,2.794964260033092e-10,0.10127828404074535,0.01649994502076879,0.01,2,True,
dose_response,0.02,63,MonotoneLSPIA,0.00510616880111379,0.0,0.018644595984369516,0.018644595984369516,,147,True,
dose_response,0.02,63,Penalized monotone B-spline,0.00504762186071567,0.0,0.04171542002586648,0.0018336570356041193,0.01,11,True,Optimization terminated successfully
dose_response,0.02,63,pyGAM,0.004605825270469812,0.0,0.09962495800573379,0.013232100987806916,0.1,3,True,
dose_response,0.02,64,MonotoneLSPIA,0.007106735800761698,5.198966257502491e-15,0.0224339310079813,0.0224339310079813,,176,True,
dose_response,0.02,64,Penalized monotone B-spline,0.0068836307638787,5.198966257502491e-15,0.04337692400440574,0.001928915036842227,0.01,12,True,Optimization terminated successfully
dose_response,0.02,64,pyGAM,0.0061170968910347545,1.2344425481813935e-10,0.10208984697237611,0.012928272015415132,0.1,2,True,
dose_response,0.02,65,MonotoneLSPIA,0.0049155623569833015,4.436451206401733e-13,0.021065915992949158,0.021065915992949158,,169,True,
dose_response,0.02,65,Penalized monotone B-spline,0.0046971324466217775,3.3273384048016694e-13,0.041797976999077946,0.001999314990825951,0.01,13,True,Optimization terminated successfully
dose_response,0.02,65,pyGAM,0.004150983567320807,6.450600054108836e-10,0.1071190910297446,0.015391358989290893,0.1,2,True,
dose_response,0.02,66,MonotoneLSPIA,0.00504108020369406,4.4364512064022255e-13,0.026978480047546327,0.026978480047546327,,185,True,
dose_response,0.02,66,Penalized monotone B-spline,0.004631043867338067,3.3273384048016694e-13,0.04842698998982087,0.002216281951405108,0.01,12,True,Optimization terminated successfully
dose_response,0.02,66,pyGAM,0.0029627466316325774,2.773891116802684e-10,0.10895131196593866,0.016300445015076548,0.1,3,True,
dose_response,0.02,67,MonotoneLSPIA,0.006492974879011786,4.4364512064022255e-13,0.026142312970478088,0.026142312970478088,,179,True,
dose_response,0.02,67,Penalized monotone B-spline,0.006275500628228479,3.3273384048016694e-13,0.04848820000188425,0.002299143001437187,0.01,13,True,Optimization terminated successfully
dose_response,0.02,67,pyGAM,0.006089399092712527,4.833513589374689e-10,0.10802030301420018,0.018170229042880237,0.1,2,True,
dose_response,0.02,68,MonotoneLSPIA,0.0038140191454402624,0.0,0.025345890957396477,0.025345890957396477,,186,True,
dose_response,0.02,68,Penalized monotone B-spline,0.003733450716088953,0.0,0.04686442401725799,0.002361616992857307,0.01,16,True,Optimization terminated successfully
dose_response,0.02,68,pyGAM,0.0033084412160207816,0.0,0.1050223259953782,0.014330926002003253,0.1,2,True,
dose_response,0.02,69,MonotoneLSPIA,0.005743522751626999,0.0,0.026957537978887558,0.026957537978887558,,203,True,
dose_response,0.02,69,Penalized monotone B-spline,0.005569308696881119,0.0,0.04677129699848592,0.0022430249955505133,0.01,12,True,Optimization terminated successfully
dose_response,0.02,69,pyGAM,0.005414729425986692,0.0,0.11311982700135559,0.015112265013158321,0.01,2,True,
dose_response,0.02,70,MonotoneLSPIA,0.005235172781766806,0.0,0.02744105295278132,0.02744105295278132,,198,True,
dose_response,0.02,70,Penalized monotone B-spline,0.0048795383508809485,0.0,0.04926497500855476,0.0022445819922722876,0.01,13,True,Optimization terminated successfully
dose_response,0.02,70,pyGAM,0.004271044867854953,0.0,0.11152071802644059,0.019919654994737357,0.1,2,True,
dose_response,0.02,71,MonotoneLSPIA,0.0051692177478172,0.0,0.025907459028530866,0.025907459028530866,,179,True,
dose_response,0.02,71,Penalized monotone B-spline,0.0050293549589355115,0.0,0.04714345600223169,0.002303980989381671,0.01,13,True,Optimization terminated successfully
dose_response,0.02,71,pyGAM,0.004684228636811285,0.0,0.11842154001351446,0.015661919955164194,0.1,3,True,
dose_response,0.02,72,MonotoneLSPIA,0.006267754665698451,4.4364512064022255e-13,0.02358956099487841,0.02358956099487841,,166,True,
dose_response,0.02,72,Penalized monotone B-spline,0.006123850477253798,4.4364512064022255e-13,0.048881412018090487,0.002096142037771642,0.01,11,True,Optimization terminated successfully
dose_response,0.02,72,pyGAM,0.005664638995073461,4.5961634498327055e-10,0.11851129500428215,0.01911016902886331,0.1,2,True,
dose_response,0.02,73,MonotoneLSPIA,0.005046393596911973,2.2182256032011127e-13,0.021499279013369232,0.021499279013369232,,147,True,
dose_response,0.02,73,Penalized monotone B-spline,0.004883819448694405,4.4364512064022255e-13,0.05002503399737179,0.0022040430339984596,0.01,13,True,Optimization terminated successfully
dose_response,0.02,73,pyGAM,0.004559511905348351,3.8197844887118925e-10,0.11281079496257007,0.022376836044713855,0.1,2,True,
dose_response,0.02,74,MonotoneLSPIA,0.006200690163622281,0.0,0.027949660026933998,0.027949660026933998,,201,True,
dose_response,0.02,74,Penalized monotone B-spline,0.006086376715153691,0.0,0.05096844502259046,0.0024817349622026086,0.01,15,True,Optimization terminated successfully
dose_response,0.02,74,pyGAM,0.00560210112693668,0.0,0.14290898601757362,0.014919074019417167,0.1,2,True,
dose_response,0.02,75,MonotoneLSPIA,0.0042383316786454225,0.0,0.030195925035513937,0.030195925035513937,,211,True,
dose_response,0.02,75,Penalized monotone B-spline,0.003953694510376961,0.0,0.04697435500565916,0.0023910659947432578,0.01,14,True,Optimization terminated successfully
dose_response,0.02,75,pyGAM,0.0031409466643985396,0.0,0.10601500596385449,0.018189537979196757,0.1,2,True,
dose_response,0.02,76,MonotoneLSPIA,0.00435941073429399,4.4364512064022255e-13,0.021442771947477013,0.021442771947477013,,152,True,
dose_response,0.02,76,Penalized monotone B-spline,0.004318661299039356,3.3273384048016694e-13,0.04655984597047791,0.0021788959857076406,0.01,13,True,Optimization terminated successfully
dose_response,0.02,76,pyGAM,0.003978771992236875,6.656895035206539e-10,0.11732710897922516,0.01831714599393308,0.1,3,True,
dose_response,0.02,77,MonotoneLSPIA,0.006522002848917719,4.436451206401733e-13,0.02199374802876264,0.02199374802876264,,160,True,
dose_response,0.02,77,Penalized monotone B-spline,0.006347417084797533,3.3273384048016694e-13,0.0489046880393289,0.002267687988933176,0.01,12,True,Optimization terminated successfully
dose_response,0.02,77,pyGAM,0.006056922473219481,2.5864510533324976e-10,0.12209235795307904,0.01898848795099184,0.1,3,True,
dose_response,0.02,78,MonotoneLSPIA,0.006653904253164166,1.6246769554695284e-16,0.022751447977498174,0.022751447977498174,,156,True,
dose_response,0.02,78,Penalized monotone B-spline,0.00640641557077801,3.7909128960955663e-16,0.05025435402058065,0.0024017890100367367,0.01,14,True,Optimization terminated successfully
dose_response,0.02,78,pyGAM,0.005046872480487396,2.1805157679466486e-10,0.12273827701574191,0.01860005600610748,0.1,3,True,
dose_response,0.02,79,MonotoneLSPIA,0.006630871985383762,0.0,0.026659341005142778,0.026659341005142778,,188,True,
dose_response,0.02,79,Penalized monotone B-spline,0.006584675048561451,0.0,0.050692341988906264,0.0025716969976201653,0.01,15,True,Optimization terminated successfully
dose_response,0.02,79,pyGAM,0.006238039007794764,0.0,0.11369522602763027,0.014866443001665175,0.1,3,True,
dose_response,0.02,80,MonotoneLSPIA,0.005394402817032291,3.3273384048016694e-13,0.01998969097621739,0.01998969097621739,,138,True,
dose_response,0.02,80,Penalized monotone B-spline,0.005218378525453075,3.3273384048016694e-13,0.04564814898185432,0.0022683209972456098,0.01,13,True,Optimization terminated successfully
dose_response,0.02,80,pyGAM,0.0045912886702500055,1.0394605176599262e-09,0.11330815899418667,0.019724675978068262,0.1,2,True,
dose_response,0.02,81,MonotoneLSPIA,0.0065179603616778575,3.3273384048016694e-13,0.026621649973094463,0.026621649973094463,,178,True,
dose_response,0.02,81,Penalized monotone B-spline,0.006500097105435406,2.2182256032011127e-13,0.04752840899163857,0.002210930979344994,0.01,11,True,Optimization terminated successfully
dose_response,0.02,81,pyGAM,0.006578869245806491,1.797871851394502e-10,0.1088488110108301,0.018575379974208772,0.1,2,True,
dose_response,0.02,82,MonotoneLSPIA,0.004675708520542364,0.0,0.026344250014517456,0.026344250014517456,,188,True,
dose_response,0.02,82,Penalized monotone B-spline,0.004523370734132485,0.0,0.046725196996703744,0.0021664619562216103,0.01,12,True,Optimization terminated successfully
dose_response,0.02,82,pyGAM,0.0039527242257540425,0.0,0.1074929169844836,0.014746792963705957,0.1,3,True,
dose_response,0.02,83,MonotoneLSPIA,0.007120533626200423,0.0,0.030666095961350948,0.030666095961350948,,222,True,
dose_response,0.02,83,Penalized monotone B-spline,0.006836327646721411,0.0,0.04712302004918456,0.0023950739996507764,0.01,13,True,Optimization terminated successfully
dose_response,0.02,83,pyGAM,0.005832015296014113,0.0,0.11411563999718055,0.01474128500558436,0.1,3,True,
dose_response,0.02,84,MonotoneLSPIA,0.004689233447635244,3.4659775050016906e-15,0.02429505903273821,0.02429505903273821,,171,True,
dose_response,0.02,84,Penalized monotone B-spline,0.004646854356376642,5.198966257502491e-15,0.05151835305150598,0.002248031960334629,0.01,13,True,Optimization terminated successfully
dose_response,0.02,84,pyGAM,0.004647443881818371,1.5083934101767253e-10,0.12337737099733204,0.0193126350059174,0.1,3,True,
dose_response,0.02,85,MonotoneLSPIA,0.005921365643930231,4.4364512064022255e-13,0.02401282498613,0.02401282498613,,161,True,
dose_response,0.02,85,Penalized monotone B-spline,0.005845611607532746,3.3273384048016694e-13,0.04994216997874901,0.0023274950217455626,0.01,13,True,Optimization terminated successfully
dose_response,0.02,85,pyGAM,0.0055483399699504995,4.2967029934004364e-10,0.11931599100353196,0.01907601999118924,0.1,2,True,
dose_response,0.02,86,MonotoneLSPIA,0.008717514913998428,0.0,0.030989780032541603,0.030989780032541603,,217,True,
dose_response,0.02,86,Penalized monotone B-spline,0.00866556124722525,0.0,0.05054969701450318,0.002608346985653043,0.01,15,True,Optimization terminated successfully
dose_response,0.02,86,pyGAM,0.008552266743043489,0.0,0.10813976998906583,0.015365217986982316,0.1,2,True,
dose_response,0.02,87,MonotoneLSPIA,0.0053993347394161485,0.0,0.0286982289981097,0.0286982289981097,,200,True,
dose_response,0.02,87,Penalized monotone B-spline,0.005245874774070257,0.0,0.05045122094452381,0.0023403099621646106,0.01,13,True,Optimization terminated successfully
dose_response,0.02,87,pyGAM,0.004704010294705007,0.0,0.1258124079904519,0.015041848993860185,0.1,2,True,
dose_response,0.02,88,MonotoneLSPIA,0.004621079737301454,4.4364512064022255e-13,0.027280589973088354,0.027280589973088354,,184,True,
dose_response,0.02,88,Penalized monotone B-spline,0.004589828081573821,4.4364512064022255e-13,0.05207529303152114,0.002861900022253394,0.01,16,True,Optimization terminated successfully
dose_response,0.02,88,pyGAM,0.007949290504616324,1.2466427889988872e-10,0.11359726201044396,0.015692513959947973,1.0,2,True,
dose_response,0.02,89,MonotoneLSPIA,0.007211327278871804,0.0,0.029926701041404158,0.029926701041404158,,189,True,
dose_response,0.02,89,Penalized monotone B-spline,0.007170990752032142,0.0,0.05173053400358185,0.002495543973054737,0.01,12,True,Optimization terminated successfully
dose_response,0.02,89,pyGAM,0.007305611612365545,0.0,0.12480498303193599,0.02028052299283445,0.1,3,True,
dose_response,0.02,90,MonotoneLSPIA,0.0043207475574846025,4.4364512064022255e-13,0.027474429982248694,0.027474429982248694,,178,True,
dose_response,0.02,90,Penalized monotone B-spline,0.004278590627928512,4.4364512064022255e-13,0.053375122020952404,0.0027755789924412966,0.01,16,True,Optimization terminated successfully
dose_response,0.02,90,pyGAM,0.004069422164210772,3.6844727269170485e-10,0.12112552596954629,0.020300702017266303,0.1,3,True,
dose_response,0.02,91,MonotoneLSPIA,0.006486645791669092,0.0,0.03231877100188285,0.03231877100188285,,194,True,
dose_response,0.02,91,Penalized monotone B-spline,0.006356147127600666,0.0,0.0573068400262855,0.002664066036231816,0.01,14,True,Optimization terminated successfully
dose_response,0.02,91,pyGAM,0.005477175234203713,0.0,0.11489900696324185,0.01958162896335125,0.1,2,True,
dose_response,0.02,92,MonotoneLSPIA,0.005934541590068126,3.3273384048016694e-13,0.02642356901196763,0.02642356901196763,,179,True,
dose_response,0.02,92,Penalized monotone B-spline,0.005934551061585839,2.2182256032011127e-13,0.04847015702398494,0.0023615890531800687,1e-08,13,True,Optimization terminated successfully
dose_response,0.02,92,pyGAM,0.005379642168587302,1.5682855014631868e-10,0.1271657359902747,0.019528369011823088,0.01,3,True,
dose_response,0.02,93,MonotoneLSPIA,0.0049798734588910746,4.4364512064022255e-13,0.02630039199721068,0.02630039199721068,,174,True,
dose_response,0.02,93,Penalized monotone B-spline,0.00473068043489901,3.3273384048016694e-13,0.05360342701897025,0.002488710975740105,0.01,14,True,Optimization terminated successfully
dose_response,0.02,93,pyGAM,0.004208401194431455,4.795803754120806e-10,0.1306462730281055,0.0215026669902727,0.1,2,True,
dose_response,0.02,94,MonotoneLSPIA,0.0040887171541743456,3.3273384048016694e-13,0.02408841997385025,0.02408841997385025,,147,True,
dose_response,0.02,94,Penalized monotone B-spline,0.004063223889108458,4.4364512064022255e-13,0.05445091502042487,0.0025426860083825886,0.01,13,True,Optimization terminated successfully
dose_response,0.02,94,pyGAM,0.003978872554005881,3.467086617803339e-10,0.12351139198290184,0.02054529095767066,0.1,2,True,
dose_response,0.02,95,MonotoneLSPIA,0.0037675056337273267,4.4364512064022255e-13,0.0299692289554514,0.0299692289554514,,200,True,
dose_response,0.02,95,Penalized monotone B-spline,0.0037146211466211132,4.4364512064022255e-13,0.05348372197477147,0.0025656879879534245,0.01,14,True,Optimization terminated successfully
dose_response,0.02,95,pyGAM,0.003389519259781494,3.859712549569936e-10,0.11737468995852396,0.016059396031778306,0.1,2,True,
dose_response,0.02,96,MonotoneLSPIA,0.009345905728025492,4.4364512064022255e-13,0.02715770498616621,0.02715770498616621,,176,True,
dose_response,0.02,96,Penalized monotone B-spline,0.009345904853593235,2.2182256032011127e-13,0.06791128002805635,0.0027873950311914086,1e-08,12,True,Optimization terminated successfully
dose_response,0.02,96,pyGAM,0.009249735309401434,2.344664462583576e-10,0.1489534360007383,0.03777923702728003,0.001,5,True,
dose_response,0.02,97,MonotoneLSPIA,0.004891780776271235,0.0,0.03320501302368939,0.03320501302368939,,169,True,
dose_response,0.02,97,Penalized monotone B-spline,0.004721409387087933,0.0,0.05649909900967032,0.0027156290016137064,0.01,14,True,Optimization terminated successfully
dose_response,0.02,97,pyGAM,0.00457725948244154,2.553177669284198e-10,0.13838179397862405,0.02528053999412805,0.1,3,True,
dose_response,0.02,98,MonotoneLSPIA,0.005769330814525759,4.4364512064022255e-13,0.028688260004855692,0.028688260004855692,,180,True,
dose_response,0.02,98,Penalized monotone B-spline,0.007584858916370025,0.0,0.05055096198339015,0.0016994269681163132,1.0,7,True,Optimization terminated successfully
dose_response,0.02,98,pyGAM,0.00754447585181761,0.0,0.1214595939964056,0.017243214999325573,1.0,2,True,
dose_response,0.02,99,MonotoneLSPIA,0.006054306867829764,3.3273384048016694e-13,0.02748931897804141,0.02748931897804141,,169,True,
dose_response,0.02,99,Penalized monotone B-spline,0.005928143119572947,4.4364512064022255e-13,0.05712294700788334,0.002676231029909104,0.01,14,True,Optimization terminated successfully
dose_response,0.02,99,pyGAM,0.005596229069175191,2.2670265664715373e-10,0.12775562197202817,0.02555653004674241,0.1,2,True,
dose_response,0.02,100,MonotoneLSPIA,0.00604164880458026,0.0,0.026466911018360406,0.026466911018360406,,166,True,
dose_response,0.02,100,Penalized monotone B-spline,0.005964851191702856,0.0,0.0540208540041931,0.0026037489878945053,0.01,13,True,Optimization terminated successfully
dose_response,0.02,100,pyGAM,0.005852686586480463,0.0,0.1274940129951574,0.016591616033110768,0.1,2,True,
dose_response,0.05,1,MonotoneLSPIA,0.014001573075294937,0.0,0.03469901002245024,0.03469901002245024,,200,True,
dose_response,0.05,1,Penalized monotone B-spline,0.00931242272959523,0.0,0.06920249096583575,0.0017299170140177011,1.0,7,True,Optimization terminated successfully
dose_response,0.05,1,pyGAM,0.009239557194646952,0.0,0.11343773402040824,0.012937213003169745,1.0,3,True,
dose_response,0.05,2,MonotoneLSPIA,0.01173421121266882,4.4364512064022255e-13,0.026283165032509714,0.026283165032509714,,156,True,
dose_response,0.05,2,Penalized monotone B-spline,0.010585131478793714,4.4364512064022255e-13,0.060459286032710224,0.002188082959037274,1.0,9,True,Optimization terminated successfully
dose_response,0.05,2,pyGAM,0.010687422272074655,1.7537291618907997e-09,0.16293998499168083,0.021586837014183402,1.0,3,True,
dose_response,0.05,3,MonotoneLSPIA,0.014556828263814672,0.0,0.0338472820003517,0.0338472820003517,,209,True,
dose_response,0.05,3,Penalized monotone B-spline,0.013941744879855977,0.0,0.05828454002039507,0.002084521984215826,1.0,9,True,Optimization terminated successfully
dose_response,0.05,3,pyGAM,0.013631730458825405,0.0,0.12466699304059148,0.01761756296036765,1.0,4,True,
dose_response,0.05,4,MonotoneLSPIA,0.014124083316603945,0.0,0.033314809028524905,0.033314809028524905,,203,True,
dose_response,0.05,4,Penalized monotone B-spline,0.011972186097291997,0.0,0.0529742919607088,0.0017372670117765665,1.0,7,True,Optimization terminated successfully
dose_response,0.05,4,pyGAM,0.011962935837139258,0.0,0.11608619795879349,0.012311223952565342,1.0,3,True,
dose_response,0.05,5,MonotoneLSPIA,0.012771364744235677,3.3273384048016694e-13,0.026473722013179213,0.026473722013179213,,155,True,
dose_response,0.05,5,Penalized monotone B-spline,0.012847805344671621,0.0,0.05742812901735306,0.0024234080337919295,1.0,11,True,Optimization terminated successfully
dose_response,0.05,5,pyGAM,0.012520711905461893,0.0,0.14302978699561208,0.01709206198574975,1.0,4,True,
dose_response,0.05,6,MonotoneLSPIA,0.011256078324993958,4.4364512064022255e-13,0.01639104401692748,0.01639104401692748,,94,True,
dose_response,0.05,6,Penalized monotone B-spline,0.011560368686428455,4.4364512064022255e-13,0.05587718199240044,0.0022277759853750467,1.0,9,True,Optimization terminated successfully
dose_response,0.05,6,pyGAM,0.011554913762827615,2.02523997572256e-09,0.13029511598870158,0.017095422954298556,1.0,3,True,
dose_response,0.05,7,MonotoneLSPIA,0.013060073973395793,0.0,0.0317123539862223,0.0317123539862223,,181,True,
dose_response,0.05,7,Penalized monotone B-spline,0.011687771836761816,0.0,0.060314247966744006,0.0024639409966766834,1.0,9,True,Optimization terminated successfully
dose_response,0.05,7,pyGAM,0.01076734949716333,6.067956137556476e-10,0.14128124696435407,0.017173966043628752,1.0,3,True,
dose_response,0.05,8,MonotoneLSPIA,0.016697894172708897,3.3273384048016694e-13,0.01745178602868691,0.01745178602868691,,102,True,
dose_response,0.05,8,Penalized monotone B-spline,0.01598157132301899,2.2182256032011127e-13,0.05670342402299866,0.002464589022565633,0.01,12,True,Optimization terminated successfully
dose_response,0.05,8,pyGAM,0.013347521846293536,1.5392267460612094e-09,0.13862778001930565,0.022547897999174893,0.1,3,True,
dose_response,0.05,9,MonotoneLSPIA,0.01455589679057775,0.0,0.027470503991935402,0.027470503991935402,,166,True,
dose_response,0.05,9,Penalized monotone B-spline,0.010717371904484152,0.0,0.056091651029419154,0.0023325979709625244,1.0,11,True,Optimization terminated successfully
dose_response,0.05,9,pyGAM,0.010567547607105215,0.0,0.12508999899728224,0.017173457017634064,1.0,2,True,
dose_response,0.05,10,MonotoneLSPIA,0.016277537555337604,0.0,0.02945441799238324,0.02945441799238324,,183,True,
dose_response,0.05,10,Penalized monotone B-spline,0.014398208497849074,0.0,0.058932247979100794,0.002208608959335834,1.0,9,True,Optimization terminated successfully
dose_response,0.05,10,pyGAM,0.014393150663218864,0.0,0.12542935396777466,0.017860374005977064,1.0,3,True,
dose_response,0.05,11,MonotoneLSPIA,0.012090785527370822,0.0,0.030663479992654175,0.030663479992654175,,179,True,
dose_response,0.05,11,Penalized monotone B-spline,0.012237616039725126,0.0,0.05649115104461089,0.0021930389921180904,1.0,9,True,Optimization terminated successfully
dose_response,0.05,11,pyGAM,0.012217176818611048,0.0,0.1308618250186555,0.017559172003529966,1.0,3,True,
dose_response,0.05,12,MonotoneLSPIA,0.008728433571142634,1.7329887525008303e-15,0.03138258500257507,0.03138258500257507,,182,True,
dose_response,0.05,12,Penalized monotone B-spline,0.011304100344018145,1.2997415643756227e-15,0.05817946797469631,0.002298564009834081,1.0,10,True,Optimization terminated successfully
dose_response,0.05,12,pyGAM,0.011210201818444182,6.761151638556804e-10,0.13087997498223558,0.017750179977156222,1.0,3,True,
dose_response,0.05,13,MonotoneLSPIA,0.015164087921912206,0.0,0.0313235770445317,0.0313235770445317,,184,True,
dose_response,0.05,13,Penalized monotone B-spline,0.015489051757543025,0.0,0.05691682896576822,0.0020620329887606204,1.0,9,True,Optimization terminated successfully
dose_response,0.05,13,pyGAM,0.015365977628139845,0.0,0.11831458599772304,0.018083539966028184,1.0,3,True,
dose_response,0.05,14,MonotoneLSPIA,0.012227888745897118,4.4364512064022255e-13,0.028099158953409642,0.028099158953409642,,162,True,
dose_response,0.05,14,Penalized monotone B-spline,0.014198973261024487,4.4364512064022255e-13,0.057710348977707326,0.0023936890065670013,1.0,10,True,Optimization terminated successfully
dose_response,0.05,14,pyGAM,0.014208334225417778,1.897692003538552e-09,0.13818184501724318,0.01769740803865716,1.0,2,True,
dose_response,0.05,15,MonotoneLSPIA,0.013681044355892708,4.4364512064022255e-13,0.02235707500949502,0.02235707500949502,,128,True,
dose_response,0.05,15,Penalized monotone B-spline,0.012748243079695562,3.3273384048016694e-13,0.05861568002728745,0.0022100360365584493,1.0,9,True,Optimization terminated successfully
dose_response,0.05,15,pyGAM,0.012679196008695636,9.735792172448604e-10,0.1302842330187559,0.017788147961255163,1.0,3,True,
dose_response,0.05,16,MonotoneLSPIA,0.015537183700234448,0.0,0.03312778502004221,0.03312778502004221,,195,True,
dose_response,0.05,16,Penalized monotone B-spline,0.012474991629409425,0.0,0.055164328950922936,0.002305326983332634,1.0,10,True,Optimization terminated successfully
dose_response,0.05,16,pyGAM,0.011937397076371042,0.0,0.13118965696776286,0.017556689970660955,1.0,3,True,
dose_response,0.05,17,MonotoneLSPIA,0.011367495496708869,3.3273384048016694e-13,0.025856455962639302,0.025856455962639302,,152,True,
dose_response,0.05,17,Penalized monotone B-spline,0.010846143537212149,4.4364512064022255e-13,0.05712051899172366,0.0024075310211628675,1.0,10,True,Optimization terminated successfully
dose_response,0.05,17,pyGAM,0.010328194122014455,1.9365109515945716e-09,0.13533974200254306,0.0179206759785302,1.0,2,True,
dose_response,0.05,18,MonotoneLSPIA,0.012227649728127605,4.4364512064022255e-13,0.024414004990831017,0.024414004990831017,,139,True,
dose_response,0.05,18,Penalized monotone B-spline,0.010215663648771654,4.4364512064022255e-13,0.05993755900999531,0.002169313025660813,1.0,9,True,Optimization terminated successfully
dose_response,0.05,18,pyGAM,0.010015682478477285,3.1343527773231725e-10,0.13478358200518414,0.022274292015936226,1.0,3,True,
dose_response,0.05,19,MonotoneLSPIA,0.01723007443306218,0.0,0.025666445959359407,0.025666445959359407,,150,True,
dose_response,0.05,19,Penalized monotone B-spline,0.015458736658867864,0.0,0.05572721303906292,0.002274472964927554,1.0,10,True,Optimization terminated successfully
dose_response,0.05,19,pyGAM,0.014741402551282442,0.0,0.11911748995771632,0.012767904961947352,1.0,4,True,
dose_response,0.05,20,MonotoneLSPIA,0.02253153610887014,8.664943762504347e-16,0.027078473998699337,0.027078473998699337,,159,True,
dose_response,0.05,20,Penalized monotone B-spline,0.019964638804428864,0.0,0.0560098189744167,0.0023167890030890703,1.0,10,True,Optimization terminated successfully
dose_response,0.05,20,pyGAM,0.019958678832191143,0.0,0.14340935699874535,0.022143088979646564,1.0,3,True,
dose_response,0.05,21,MonotoneLSPIA,0.014395045274253728,3.3273384048016694e-13,0.0266147080110386,0.0266147080110386,,157,True,
dose_response,0.05,21,Penalized monotone B-spline,0.010588454363464212,3.3273384048016694e-13,0.05800040904432535,0.0020475349738262594,1.0,8,True,Optimization terminated successfully
dose_response,0.05,21,pyGAM,0.010308890815914143,1.321507903107063e-09,0.1334897330380045,0.022596744005568326,1.0,2,True,
dose_response,0.05,22,MonotoneLSPIA,0.009451937043149434,4.4364512064022255e-13,0.033897558983881027,0.033897558983881027,,199,True,
dose_response,0.05,22,Penalized monotone B-spline,0.012267523169109847,3.3273384048013003e-13,0.05713485897285864,0.002022989036049694,1.0,8,True,Optimization terminated successfully
dose_response,0.05,22,pyGAM,0.01225544516624253,1.0780576431557408e-10,0.13835020700935274,0.017555259983055294,1.0,4,True,
dose_response,0.05,23,MonotoneLSPIA,0.013671778063979022,3.3273384048016694e-13,0.025301647023297846,0.025301647023297846,,149,True,
dose_response,0.05,23,Penalized monotone B-spline,0.00870925294840276,3.3273384048016694e-13,0.05453877802938223,0.0018518720171414316,1.0,7,True,Optimization terminated successfully
dose_response,0.05,23,pyGAM,0.008699360867404773,3.671163373297434e-10,0.13323874899651855,0.017629005014896393,1.0,2,True,
dose_response,0.05,24,MonotoneLSPIA,0.01750765940862971,0.0,0.026968828053213656,0.026968828053213656,,161,True,
dose_response,0.05,24,Penalized monotone B-spline,0.017507653715566746,0.0,0.056166819005738944,0.0029184099985286593,1e-08,15,True,Optimization terminated successfully
dose_response,0.05,24,pyGAM,0.013846007059478716,8.614479130030566e-10,0.12601383699802682,0.027345999027602375,1.0,2,True,
dose_response,0.05,25,MonotoneLSPIA,0.016828184589335056,2.2182256032011127e-13,0.024054048990365118,0.024054048990365118,,137,True,
dose_response,0.05,25,Penalized monotone B-spline,0.0163345530398717,2.2182256032011127e-13,0.057573224999941885,0.0028488640091381967,0.01,13,True,Optimization terminated successfully
dose_response,0.05,25,pyGAM,0.016320469893572147,1.6658874280040356e-10,0.1481270410004072,0.026620689022820443,0.01,2,True,
dose_response,0.05,26,MonotoneLSPIA,0.016547765283025206,0.0,0.030310608970467,0.030310608970467,,179,True,
dose_response,0.05,26,Penalized monotone B-spline,0.014262854272364726,0.0,0.05683641700306907,0.002335175988264382,1.0,10,True,Optimization terminated successfully
dose_response,0.05,26,pyGAM,0.013989127955930361,0.0,0.11524480901425704,0.01749848003964871,1.0,3,True,
dose_response,0.05,27,MonotoneLSPIA,0.018127057650555653,6.931955010003333e-15,0.026191006996668875,0.026191006996668875,,151,True,
dose_response,0.05,27,Penalized monotone B-spline,0.01679780517366829,0.0,0.05731474299682304,0.0025447059888392687,1.0,11,True,Optimization terminated successfully
dose_response,0.05,27,pyGAM,0.01785314349599722,4.049370838643519e-10,0.12636857200413942,0.022443017980549484,0.01,2,True,
dose_response,0.05,28,MonotoneLSPIA,0.018158200563156656,4.4364512064022255e-13,0.02498125599231571,0.02498125599231571,,144,True,
dose_response,0.05,28,Penalized monotone B-spline,0.01592141277787885,4.4364512064022255e-13,0.05915677500888705,0.0028314950177446008,1.0,13,True,Optimization terminated successfully
dose_response,0.05,28,pyGAM,0.0174170501534989,1.058759080407891e-09,0.1446168859838508,0.02221506298519671,0.1,4,True,
dose_response,0.05,29,MonotoneLSPIA,0.013755278501258754,0.0,0.03217997500905767,0.03217997500905767,,190,True,
dose_response,0.05,29,Penalized monotone B-spline,0.013656427286016494,0.0,0.06143383198650554,0.0028247039881534874,0.01,13,True,Optimization terminated successfully
dose_response,0.05,29,pyGAM,0.013138714354114674,0.0,0.13490966003155336,0.01783015299588442,1.0,2,True,
dose_response,0.05,30,MonotoneLSPIA,0.014300927453553398,0.0,0.03341740003088489,0.03341740003088489,,196,True,
dose_response,0.05,30,Penalized monotone B-spline,0.012180648352343768,0.0,0.055507875978946686,0.000637271034065634,1.0,1,True,Optimization terminated successfully
dose_response,0.05,30,pyGAM,0.012079683033405073,0.0,0.13196907099336386,0.012892602011561394,1.0,3,True,
dose_response,0.05,31,MonotoneLSPIA,0.009283993522663982,3.3273384048016694e-13,0.027872630045749247,0.027872630045749247,,161,True,
dose_response,0.05,31,Penalized monotone B-spline,0.005555722492830789,3.3273384048016694e-13,0.057979482982773334,0.0023941040271893144,1.0,10,True,Optimization terminated successfully
dose_response,0.05,31,pyGAM,0.004880975769109063,1.3629887218869238e-09,0.13349959399783984,0.022252282011322677,1.0,3,True,
dose_response,0.05,32,MonotoneLSPIA,0.015813897711162865,3.3273384048013003e-13,0.02232782798819244,0.02232782798819244,,131,True,
dose_response,0.05,32,Penalized monotone B-spline,0.015614055907775284,3.3273384048016694e-13,0.055432806024327874,0.0023090000031515956,0.01,10,True,Optimization terminated successfully
dose_response,0.05,32,pyGAM,0.01434477377694762,3.476624987897104e-09,0.1420516410144046,0.02249231596942991,1.0,2,True,
dose_response,0.05,33,MonotoneLSPIA,0.01117939382092136,0.0,0.03145293099805713,0.03145293099805713,,184,True,
dose_response,0.05,33,Penalized monotone B-spline,0.013216490767085688,0.0,0.05960351199610159,0.002356768003664911,1.0,10,True,Optimization terminated successfully
dose_response,0.05,33,pyGAM,0.013186094189122696,0.0,0.1343889840063639,0.022587615996599197,1.0,3,True,
dose_response,0.05,34,MonotoneLSPIA,0.014352851955492154,0.0,0.02946147898910567,0.02946147898910567,,174,True,
dose_response,0.05,34,Penalized monotone B-spline,0.013134698457720051,0.0,0.05818001803709194,0.0023341530468314886,1.0,10,True,Optimization terminated successfully
dose_response,0.05,34,pyGAM,0.01263979219079996,0.0,0.13569722295505926,0.01759277598466724,0.1,2,True,
dose_response,0.05,35,MonotoneLSPIA,0.007393127423541902,4.4364512064022255e-13,0.02386392100015655,0.02386392100015655,,135,True,
dose_response,0.05,35,Penalized monotone B-spline,0.007475427238645117,4.4364512064022255e-13,0.056955289968755096,0.0025036580045707524,1.0,11,True,Optimization terminated successfully
dose_response,0.05,35,pyGAM,0.007458994317992059,1.5793766294790171e-09,0.13474765402497724,0.01750368799548596,1.0,3,True,
dose_response,0.05,36,MonotoneLSPIA,0.012178417615145968,4.4364512064022255e-13,0.024336475995369256,0.024336475995369256,,141,True,
dose_response,0.05,36,Penalized monotone B-spline,0.011609424946906956,3.3273384048016694e-13,0.053754664957523346,0.0018990840180777013,1.0,7,True,Optimization terminated successfully
dose_response,0.05,36,pyGAM,0.011619528383747448,3.2156507456801365e-09,0.13793062197510153,0.017496716987807304,1.0,3,True,
dose_response,0.05,37,MonotoneLSPIA,0.01238038533281291,3.3273384048016694e-13,0.02398016903316602,0.02398016903316602,,139,True,
dose_response,0.05,37,Penalized monotone B-spline,0.012148908790627497,3.3273384048016694e-13,0.055524648050777614,0.002501059032510966,0.01,12,True,Optimization terminated successfully
dose_response,0.05,37,pyGAM,0.010309339291184142,0.0,0.15137982199667022,0.02198778500314802,0.1,3,True,
dose_response,0.05,38,MonotoneLSPIA,0.011754435114056109,3.3273384048016694e-13,0.029307908029295504,0.029307908029295504,,175,True,
dose_response,0.05,38,Penalized monotone B-spline,0.013973979950506558,0.0,0.059092460956890136,0.0024873410002328455,1.0,11,True,Optimization terminated successfully
dose_response,0.05,38,pyGAM,0.014031701815378413,0.0,0.14133717399090528,0.022313511988613755,1.0,3,True,
dose_response,0.05,39,MonotoneLSPIA,0.015411576669402297,8.664943762504151e-15,0.02506080101011321,0.02506080101011321,,148,True,
dose_response,0.05,39,Penalized monotone B-spline,0.01537171606616678,5.1989662575024995e-15,0.05704615596914664,0.002539584005717188,0.01,12,True,Optimization terminated successfully
dose_response,0.05,39,pyGAM,0.012162034233703935,2.700689671897317e-10,0.14250706398161128,0.017535310005769134,1.0,4,True,
dose_response,0.05,40,MonotoneLSPIA,0.008184607054450534,0.0,0.025356922997161746,0.025356922997161746,,149,True,
dose_response,0.05,40,Penalized monotone B-spline,0.007055289127753765,0.0,0.05614345002686605,0.001860524993389845,1.0,7,True,Optimization terminated successfully
dose_response,0.05,40,pyGAM,0.0068913620775111085,0.0,0.12863513798220083,0.0221458530286327,1.0,2,True,
dose_response,0.05,41,MonotoneLSPIA,0.01354266473313694,3.3273384048016694e-13,0.020878679992165416,0.020878679992165416,,120,True,
dose_response,0.05,41,Penalized monotone B-spline,0.01255592305880212,4.4364512064022255e-13,0.05613546399399638,0.0024652309948578477,1.0,10,True,Optimization terminated successfully
dose_response,0.05,41,pyGAM,0.0126145394215712,4.4087233863617224e-10,0.14120035100495443,0.022517246019560844,1.0,3,True,
dose_response,0.05,42,MonotoneLSPIA,0.010190378547373506,3.3273384048016694e-13,0.027272329025436193,0.027272329025436193,,160,True,
dose_response,0.05,42,Penalized monotone B-spline,0.011733881596486202,4.4364512064022255e-13,0.05741949996445328,0.0020619850256480277,1.0,8,True,Optimization terminated successfully
dose_response,0.05,42,pyGAM,0.011549511395028546,2.89034796097105e-10,0.144169837993104,0.01783833501394838,1.0,3,True,
dose_response,0.05,43,MonotoneLSPIA,0.012932740077776991,3.4659775050016606e-15,0.022720060020219535,0.022720060020219535,,127,True,
dose_response,0.05,43,Penalized monotone B-spline,0.011221064199053514,1.7329887525008303e-15,0.056672158010769635,0.002427669009193778,1.0,10,True,Optimization terminated successfully
dose_response,0.05,43,pyGAM,0.011071371170238474,9.87775861105428e-10,0.1355741280131042,0.017982939956709743,1.0,2,True,
dose_response,0.05,44,MonotoneLSPIA,0.014211733078563932,4.4364512064022255e-13,0.024284955055918545,0.024284955055918545,,140,True,
dose_response,0.05,44,Penalized monotone B-spline,0.014379764707194412,2.2182256032011127e-13,0.05645709304371849,0.002089555957354605,1.0,8,True,Optimization terminated successfully
dose_response,0.05,44,pyGAM,0.014377518325718498,4.96438889996409e-10,0.1536909019923769,0.02716751501429826,1.0,5,True,
dose_response,0.05,45,MonotoneLSPIA,0.014933914312131443,4.4364512064022255e-13,0.03194743802305311,0.03194743802305311,,187,True,
dose_response,0.05,45,Penalized monotone B-spline,0.016683741359558378,0.0,0.060128064011223614,0.002512070001102984,1.0,11,True,Optimization terminated successfully
dose_response,0.05,45,pyGAM,0.016666587480711047,0.0,0.12688914895989,0.017647631000727415,1.0,3,True,
dose_response,0.05,46,MonotoneLSPIA,0.015231164983863395,0.0,0.03031687199836597,0.03031687199836597,,181,True,
dose_response,0.05,46,Penalized monotone B-spline,0.014771618727920913,0.0,0.05648240598384291,0.0024804510176181793,1.0,11,True,Optimization terminated successfully
dose_response,0.05,46,pyGAM,0.014563792073621313,0.0,0.10965088900411502,0.01327159401262179,1.0,3,True,
dose_response,0.05,47,MonotoneLSPIA,0.01327859739949726,3.3273384048016694e-13,0.025686438020784408,0.025686438020784408,,147,True,
dose_response,0.05,47,Penalized monotone B-spline,0.01278073855756649,3.3273384048016694e-13,0.05979251995449886,0.0028817379497922957,0.01,14,True,Optimization terminated successfully
dose_response,0.05,47,pyGAM,0.010320875100040075,1.4981895724020005e-09,0.12922343000536785,0.022817699995357543,0.1,2,True,
dose_response,0.05,48,MonotoneLSPIA,0.018565630343288717,0.0,0.0274054299807176,0.0274054299807176,,157,True,
dose_response,0.05,48,Penalized monotone B-spline,0.018147281385558114,0.0,0.05850430496502668,0.002991557994391769,0.01,15,True,Optimization terminated successfully
dose_response,0.05,48,pyGAM,0.015212204824978731,0.0,0.13595418503973633,0.02265396004077047,0.1,2,True,
dose_response,0.05,49,MonotoneLSPIA,0.014975743023418073,6.931955010003321e-15,0.024325469974428415,0.024325469974428415,,139,True,
dose_response,0.05,49,Penalized monotone B-spline,0.014674829553004136,8.664943762504151e-15,0.056680254987441,0.0025586640113033354,0.01,12,True,Optimization terminated successfully
dose_response,0.05,49,pyGAM,0.014553356976842282,1.7889989489816478e-09,0.13894986698869616,0.017822135996539146,1.0,3,True,
dose_response,0.05,50,MonotoneLSPIA,0.013534855355889535,4.4364512064022255e-13,0.024000286008231342,0.024000286008231342,,140,True,
dose_response,0.05,50,Penalized monotone B-spline,0.012207191141356337,4.436451206401733e-13,0.05591010197531432,0.002430272987112403,1.0,11,True,Optimization terminated successfully
dose_response,0.05,50,pyGAM,0.0119257599954934,0.0,0.1379897870356217,0.01758144301129505,1.0,3,True,
dose_response,0.05,51,MonotoneLSPIA,0.011377148198304298,3.3273384048016694e-13,0.02348064398393035,0.02348064398393035,,138,True,
dose_response,0.05,51,Penalized monotone B-spline,0.011599983232159427,0.0,0.0571758639998734,0.0023198690032586455,1.0,10,True,Optimization terminated successfully
dose_response,0.05,51,pyGAM,0.011401798456715411,0.0,0.14579312002751976,0.01775233499938622,1.0,3,True,
dose_response,0.05,52,MonotoneLSPIA,0.010812906652578422,0.0,0.02997414697892964,0.02997414697892964,,174,True,
dose_response,0.05,52,Penalized monotone B-spline,0.008142067914735197,0.0,0.056921129988040775,0.002048814028967172,1.0,8,True,Optimization terminated successfully
dose_response,0.05,52,pyGAM,0.008844716282185801,0.0,0.14537446497706696,0.01747544202953577,0.1,3,True,
dose_response,0.05,53,MonotoneLSPIA,0.009680214167832437,3.3273384048016694e-13,0.02357227698666975,0.02357227698666975,,138,True,
dose_response,0.05,53,Penalized monotone B-spline,0.0055649260260811195,3.3273384048016694e-13,0.05809632397722453,0.002427963016089052,1.0,11,True,Optimization terminated successfully
dose_response,0.05,53,pyGAM,0.005589962467137818,1.2378807978663467e-09,0.13017412897897884,0.02261094201821834,1.0,2,True,
dose_response,0.05,54,MonotoneLSPIA,0.022185201044984195,4.4364512064022255e-13,0.027596651983913034,0.027596651983913034,,158,True,
dose_response,0.05,54,Penalized monotone B-spline,0.021817982308801984,3.3273384048016694e-13,0.05756810901220888,0.002593877026811242,0.01,12,True,Optimization terminated successfully
dose_response,0.05,54,pyGAM,0.02182030826054838,1.5913550477364782e-09,0.13485678198048845,0.02202477602986619,0.01,2,True,
dose_response,0.05,55,MonotoneLSPIA,0.013918192026917929,0.0,0.027682769985403866,0.027682769985403866,,159,True,
dose_response,0.05,55,Penalized monotone B-spline,0.008522921133770628,0.0,0.05736104497918859,0.0021516589913517237,1.0,9,True,Optimization terminated successfully
dose_response,0.05,55,pyGAM,0.007596232458715724,0.0,0.1413289529737085,0.017849850992206484,1.0,4,True,
dose_response,0.05,56,MonotoneLSPIA,0.013263044143126995,4.4364512064022255e-13,0.018079235043842345,0.018079235043842345,,101,True,
dose_response,0.05,56,Penalized monotone B-spline,0.012271462089008202,1.2997415643756227e-15,0.05820428498554975,0.002443295030388981,1.0,10,True,Optimization terminated successfully
dose_response,0.05,56,pyGAM,0.013170471044556245,5.699730687425141e-10,0.1499511810252443,0.027196460054256022,0.01,2,True,
dose_response,0.05,57,MonotoneLSPIA,0.015790564316797952,0.0,0.03066200902685523,0.03066200902685523,,180,True,
dose_response,0.05,57,Penalized monotone B-spline,0.014256913743550956,0.0,0.05553580296691507,0.002329943992663175,1.0,10,True,Optimization terminated successfully
dose_response,0.05,57,pyGAM,0.013979149999597146,0.0,0.11704821197781712,0.017787904012948275,1.0,3,True,
dose_response,0.05,58,MonotoneLSPIA,0.011086838836537148,0.0,0.025364194007124752,0.025364194007124752,,147,True,
dose_response,0.05,58,Penalized monotone B-spline,0.010987849407393935,0.0,0.054448626993689686,0.0026971129700541496,0.01,12,True,Optimization terminated successfully
dose_response,0.05,58,pyGAM,0.006078818585934388,0.0,0.14151432795915753,0.02266464999411255,1.0,3,True,
dose_response,0.05,59,MonotoneLSPIA,0.01274533065700385,0.0,0.02971529500791803,0.02971529500791803,,174,True,
dose_response,0.05,59,Penalized monotone B-spline,0.010323206401309726,0.0,0.05581182200694457,0.0022158079664222896,1.0,10,True,Optimization terminated successfully
dose_response,0.05,59,pyGAM,0.009934351508076582,0.0,0.1308011359651573,0.01777523197233677,1.0,3,True,
dose_response,0.05,60,MonotoneLSPIA,0.009017887948317012,3.3273384048016694e-13,0.02391176304081455,0.02391176304081455,,140,True,
dose_response,0.05,60,Penalized monotone B-spline,0.009709871537177844,3.3273384048016694e-13,0.05549100902862847,0.0021400959813036025,1.0,9,True,Optimization terminated successfully
dose_response,0.05,60,pyGAM,0.009743963612438405,2.2594845994206534e-09,0.12940667301882058,0.022513592033647,1.0,2,True,
dose_response,0.05,61,MonotoneLSPIA,0.01357626975319713,3.4659775050016606e-15,0.02750975696835667,0.02750975696835667,,161,True,
dose_response,0.05,61,Penalized monotone B-spline,0.012381106599093078,5.198966257502491e-15,0.05804182298015803,0.0023862540256232023,1.0,10,True,Optimization terminated successfully
dose_response,0.05,61,pyGAM,0.012174134621776887,1.2545174898903546e-09,0.13860890397336334,0.018142995017115027,1.0,3,True,
dose_response,0.05,62,MonotoneLSPIA,0.013704423515859486,0.0,0.03180729201994836,0.03180729201994836,,183,True,
dose_response,0.05,62,Penalized monotone B-spline,0.013495422669484503,0.0,0.060590075969230384,0.002258851018268615,1.0,9,True,Optimization terminated successfully
dose_response,0.05,62,pyGAM,0.01329915832138134,0.0,0.13756117998855188,0.022755687998142093,1.0,3,True,
dose_response,0.05,63,MonotoneLSPIA,0.013717305650671863,4.4364512064022255e-13,0.03479568497277796,0.03479568497277796,,204,True,
dose_response,0.05,63,Penalized monotone B-spline,0.010078381272272768,2.2182256032011127e-13,0.05676166602643207,0.0021084040054120123,1.0,9,True,Optimization terminated successfully
dose_response,0.05,63,pyGAM,0.0099735524681881,1.0849341425256642e-09,0.12789796997094527,0.01703555299900472,1.0,3,True,
dose_response,0.05,64,MonotoneLSPIA,0.015073254268416904,0.0,0.030785182025283575,0.030785182025283575,,190,True,
dose_response,0.05,64,Penalized monotone B-spline,0.01530123554183411,0.0,0.05069589498452842,0.000624228036031127,1.0,1,True,Optimization terminated successfully
dose_response,0.05,64,pyGAM,0.014820334656592413,0.0,0.1101148120360449,0.012226384016685188,1.0,3,True,
dose_response,0.05,65,MonotoneLSPIA,0.011370516466263143,4.4364512064022255e-13,0.02372217399533838,0.02372217399533838,,143,True,
dose_response,0.05,65,Penalized monotone B-spline,0.009605427942817189,2.2182256032011127e-13,0.05600296799093485,0.002890878007747233,1.0,14,True,Optimization terminated successfully
dose_response,0.05,65,pyGAM,0.009580765450557433,8.520204541895474e-10,0.13452939997659996,0.021323081979062408,1.0,4,True,
dose_response,0.05,66,MonotoneLSPIA,0.014941804891695637,0.0,0.027351137017831206,0.027351137017831206,,166,True,
dose_response,0.05,66,Penalized monotone B-spline,0.014501970703315813,6.065460633752906e-15,0.05584576597902924,0.0022934729931876063,1.0,9,True,Optimization terminated successfully
dose_response,0.05,66,pyGAM,0.014387517749405153,3.0367508507822394e-10,0.1276356839807704,0.021769955987110734,1.0,4,True,
dose_response,0.05,67,MonotoneLSPIA,0.011822355959594308,0.0,0.03344049700535834,0.03344049700535834,,203,True,
dose_response,0.05,67,Penalized monotone B-spline,0.010904623255280936,0.0,0.05712254001991823,0.0020942260161973536,1.0,9,True,Optimization terminated successfully
dose_response,0.05,67,pyGAM,0.010737574266400986,0.0,0.11839118896750733,0.017709365987684578,1.0,3,True,
dose_response,0.05,68,MonotoneLSPIA,0.009375769318050202,3.3273384048016694e-13,0.024772915989160538,0.024772915989160538,,143,True,
dose_response,0.05,68,Penalized monotone B-spline,0.007100820430414291,0.0,0.05912224896019325,0.0023030349984765053,1.0,10,True,Optimization terminated successfully
dose_response,0.05,68,pyGAM,0.0071252297796535425,0.0,0.14979155600303784,0.017263563990127295,1.0,3,True,
dose_response,0.05,69,MonotoneLSPIA,0.011000304149799042,2.5994831287512454e-15,0.025003471004310995,0.025003471004310995,,150,True,
dose_response,0.05,69,Penalized monotone B-spline,0.011000305866761447,3.4659775050016606e-15,0.05688773700967431,0.0028200679807923734,1e-08,14,True,Optimization terminated successfully
dose_response,0.05,69,pyGAM,0.009447585437811892,6.940827912416138e-10,0.13339082401944324,0.021524081996176392,0.1,3,True,
dose_response,0.05,70,MonotoneLSPIA,0.016458910387616387,0.0,0.030663343030028045,0.030663343030028045,,189,True,
dose_response,0.05,70,Penalized monotone B-spline,0.018383273183950156,0.0,0.0564937120070681,0.0020875480258837342,1.0,9,True,Optimization terminated successfully
dose_response,0.05,70,pyGAM,0.018301796613725788,0.0,0.11245689901988953,0.021603435976430774,1.0,2,True,
dose_response,0.05,71,MonotoneLSPIA,0.012244643843536691,3.3273384048016694e-13,0.022174566984176636,0.022174566984176636,,133,True,
dose_response,0.05,71,Penalized monotone B-spline,0.00982517922082458,3.3273384048016694e-13,0.05343902000458911,0.00236033700639382,1.0,10,True,Optimization terminated successfully
dose_response,0.05,71,pyGAM,0.009826745172450649,2.2710193725572993e-09,0.13558776798890904,0.021481509960722178,1.0,3,True,
dose_response,0.05,72,MonotoneLSPIA,0.014020672432742161,0.0,0.028804762987419963,0.028804762987419963,,177,True,
dose_response,0.05,72,Penalized monotone B-spline,0.013827929305245646,0.0,0.05708195501938462,0.0027753899921663105,0.01,13,True,Optimization terminated successfully
dose_response,0.05,72,pyGAM,0.012467809790520683,2.062949810977035e-10,0.1333272639894858,0.02200752100907266,0.1,3,True,
dose_response,0.05,73,MonotoneLSPIA,0.01756118829267068,1.3863910020006762e-14,0.02778008399764076,0.02778008399764076,,172,True,
dose_response,0.05,73,Penalized monotone B-spline,0.017225021175679953,0.0,0.054565082013141364,0.002201247960329056,1.0,10,True,Optimization terminated successfully
dose_response,0.05,73,pyGAM,0.017314128561743605,0.0,0.13102324499050155,0.021806298987939954,1.0,4,True,
dose_response,0.05,74,MonotoneLSPIA,0.017506381541509783,0.0,0.03809398697922006,0.03809398697922006,,238,True,
dose_response,0.05,74,Penalized monotone B-spline,0.015980338280220094,0.0,0.050605987024027854,0.0006000390276312828,1.0,1,True,Optimization terminated successfully
dose_response,0.05,74,pyGAM,0.015603090191556285,0.0,0.10730983997927979,0.011965618992689997,1.0,3,True,
dose_response,0.05,75,MonotoneLSPIA,0.019108795183232916,3.3273384048016694e-13,0.01732850301777944,0.01732850301777944,,104,True,
dose_response,0.05,75,Penalized monotone B-spline,0.018895767308032226,4.4364512064022255e-13,0.054751177958678454,0.002505148993805051,0.01,13,True,Optimization terminated successfully
dose_response,0.05,75,pyGAM,0.018306282686612003,9.233364073324632e-10,0.12084647099254653,0.020826252992264926,0.01,4,True,
dose_response,0.05,76,MonotoneLSPIA,0.013272335221330768,3.3273384048016694e-13,0.02242127194767818,0.02242127194767818,,139,True,
dose_response,0.05,76,Penalized monotone B-spline,0.010323217126959456,4.332471881252076e-15,0.052247724030166864,0.0023185749887488782,1.0,11,True,Optimization terminated successfully
dose_response,0.05,76,pyGAM,0.009670452310051134,1.1746613681751168e-09,0.12408623297233135,0.01709764398401603,1.0,3,True,
dose_response,0.05,77,MonotoneLSPIA,0.01097165043009383,0.0,0.0292565849958919,0.0292565849958919,,183,True,
dose_response,0.05,77,Penalized monotone B-spline,0.010804753895067317,0.0,0.05690948595292866,0.0021422170102596283,1.0,10,True,Optimization terminated successfully
dose_response,0.05,77,pyGAM,0.010632980382214116,0.0,0.12390720198163763,0.016979672946035862,1.0,3,True,
dose_response,0.05,78,MonotoneLSPIA,0.009781893486563513,1.7329887525008453e-15,0.0258757839910686,0.0258757839910686,,162,True,
dose_response,0.05,78,Penalized monotone B-spline,0.0074163064830041776,1.7329887525008303e-15,0.0530995869776234,0.0022284089936874807,1.0,10,True,Optimization terminated successfully
dose_response,0.05,78,pyGAM,0.0073759794809263165,1.2073801958223323e-09,0.12971359095536172,0.016645621974021196,1.0,3,True,
dose_response,0.05,79,MonotoneLSPIA,0.011624608139475965,3.4659775050016547e-15,0.02417171001434326,0.02417171001434326,,150,True,
dose_response,0.05,79,Penalized monotone B-spline,0.011502737257800422,4.332471881252076e-15,0.054415902006439865,0.0025052010314539075,0.01,13,True,Optimization terminated successfully
dose_response,0.05,79,pyGAM,0.010787273487816227,7.459892703565239e-10,0.12627062998944893,0.02085570601047948,0.1,3,True,
dose_response,0.05,80,MonotoneLSPIA,0.013808579460502382,2.166235940626038e-15,0.02339688898064196,0.02339688898064196,,143,True,
dose_response,0.05,80,Penalized monotone B-spline,0.012288496732151447,2.5994831287512454e-15,0.057326004025526345,0.0019772970117628574,1.0,8,True,Optimization terminated successfully
dose_response,0.05,80,pyGAM,0.012278524386457525,4.171373246819577e-10,0.14403941499767825,0.016495093004778028,1.0,3,True,
dose_response,0.05,81,MonotoneLSPIA,0.016772916894764903,3.3273384048016694e-13,0.024660855997353792,0.024660855997353792,,147,True,
dose_response,0.05,81,Penalized monotone B-spline,0.012864473414322326,3.3273384048016694e-13,0.05346358701353893,0.0020025489502586424,1.0,8,True,Optimization terminated successfully
dose_response,0.05,81,pyGAM,0.01437479317114805,8.347182944845787e-10,0.14358234900282696,0.02075701201101765,0.1,3,True,
dose_response,0.05,82,MonotoneLSPIA,0.016293382692933317,0.0,0.03054866602178663,0.03054866602178663,,195,True,
dose_response,0.05,82,Penalized monotone B-spline,0.014211342966020613,0.0,0.05502352298935875,0.0020434600301086903,1.0,10,True,Optimization terminated successfully
dose_response,0.05,82,pyGAM,0.015251875016254933,0.0,0.10679306701058522,0.016468636982608587,0.1,3,True,
dose_response,0.05,83,MonotoneLSPIA,0.012714906516465146,2.2182256032011127e-13,0.02119624603074044,0.02119624603074044,,131,True,
dose_response,0.05,83,Penalized monotone B-spline,0.01188735696522126,0.0,0.05184029001975432,0.002064200001768768,1.0,10,True,Optimization terminated successfully
dose_response,0.05,83,pyGAM,0.011373516934909287,0.0,0.12807153403991833,0.021504399017430842,1.0,4,True,
dose_response,0.05,84,MonotoneLSPIA,0.013713746936202474,3.3273384048016694e-13,0.025489474006462842,0.025489474006462842,,154,True,
dose_response,0.05,84,Penalized monotone B-spline,0.013638167755028565,4.4364512064022255e-13,0.05537457799073309,0.0021778420195914805,1.0,9,True,Optimization terminated successfully
dose_response,0.05,84,pyGAM,0.013640447002727454,8.07323208285045e-10,0.1290818810230121,0.01691829098854214,1.0,3,True,
dose_response,0.05,85,MonotoneLSPIA,0.014107283887418772,3.249353910939085e-16,0.030352575005963445,0.030352575005963445,,189,True,
dose_response,0.05,85,Penalized monotone B-spline,0.013236286155331284,0.0,0.05574784998316318,0.0022400059970095754,1.0,9,True,Optimization terminated successfully
dose_response,0.05,85,pyGAM,0.013003844135456074,0.0,0.11423874698812142,0.015953188005369157,1.0,3,True,
dose_response,0.05,86,MonotoneLSPIA,0.013653185281641085,2.2182256032011127e-13,0.02370536798844114,0.02370536798844114,,153,True,
dose_response,0.05,86,Penalized monotone B-spline,0.013224604284521421,0.0,0.051152622036170214,0.0020167920156382024,1.0,10,True,Optimization terminated successfully
dose_response,0.05,86,pyGAM,0.01323411331727408,0.0,0.1301565479952842,0.020111549994908273,1.0,3,True,
dose_response,0.05,87,MonotoneLSPIA,0.01458535689063009,4.4364512064022255e-13,0.025920873042196035,0.025920873042196035,,168,True,
dose_response,0.05,87,Penalized monotone B-spline,0.012980830335214362,4.4364512064022255e-13,0.05333832203177735,0.002037261030636728,1.0,9,True,Optimization terminated successfully
dose_response,0.05,87,pyGAM,0.012971391767940507,1.570725549626708e-09,0.11785611702362075,0.01604706101352349,1.0,2,True,
dose_response,0.05,88,MonotoneLSPIA,0.014336212044015032,4.4364512064022255e-13,0.024194900994189084,0.024194900994189084,,156,True,
dose_response,0.05,88,Penalized monotone B-spline,0.014212105514913956,4.4364512064022255e-13,0.05247007601428777,0.0024937670095823705,0.01,13,True,Optimization terminated successfully
dose_response,0.05,88,pyGAM,0.013991087131724084,2.5006057224886143e-09,0.12307663395768031,0.02023255394306034,1.0,2,True,
dose_response,0.05,89,MonotoneLSPIA,0.012003155215528697,4.4364512064022255e-13,0.019883700006175786,0.019883700006175786,,125,True,
dose_response,0.05,89,Penalized monotone B-spline,0.013417767257127886,3.3273384048016694e-13,0.05177327600540593,0.0021137410076335073,1.0,10,True,Optimization terminated successfully
dose_response,0.05,89,pyGAM,0.013067862151036941,1.5163790223482806e-09,0.12197520898189396,0.02044142800150439,1.0,2,True,
dose_response,0.05,90,MonotoneLSPIA,0.017329871117468244,4.4364512064022255e-13,0.02425627800403163,0.02425627800403163,,154,True,
dose_response,0.05,90,Penalized monotone B-spline,0.015410120668917894,0.0,0.05272840696852654,0.002393917995505035,1.0,12,True,Optimization terminated successfully
dose_response,0.05,90,pyGAM,0.015083176961862213,0.0,0.13007769302930683,0.015897282981313765,1.0,3,True,
dose_response,0.05,91,MonotoneLSPIA,0.01614839984176896,3.3273384048016694e-13,0.01873303297907114,0.01873303297907114,,118,True,
dose_response,0.05,91,Penalized monotone B-spline,0.01614838203447073,3.3273384048016694e-13,0.0492944759898819,0.002197593974415213,1e-08,11,True,Optimization terminated successfully
dose_response,0.05,91,pyGAM,0.015431081649157876,1.5864749514094359e-09,0.125315707991831,0.020158814964815974,1.0,3,True,
dose_response,0.05,92,MonotoneLSPIA,0.01889901927210514,0.0,0.024946889956481755,0.024946889956481755,,164,True,
dose_response,0.05,92,Penalized monotone B-spline,0.013667490193212969,0.0,0.05006294103804976,0.0022713300422765315,1.0,11,True,Optimization terminated successfully
dose_response,0.05,92,pyGAM,0.013059760285786795,0.0,0.11819516494870186,0.016338651010300964,1.0,3,True,
dose_response,0.05,93,MonotoneLSPIA,0.013432401056794222,3.3273384048016694e-13,0.017670485947746783,0.017670485947746783,,109,True,
dose_response,0.05,93,Penalized monotone B-spline,0.013680195377625954,3.3273384048016694e-13,0.05108586297137663,0.0025461490149609745,1.0,12,True,Optimization terminated successfully
dose_response,0.05,93,pyGAM,0.01372271551536091,1.8464509921046062e-09,0.12805013201432303,0.020376513013616204,1.0,2,True,
dose_response,0.05,94,MonotoneLSPIA,0.01826890200271214,3.3273384048016694e-13,0.020640586968511343,0.020640586968511343,,129,True,
dose_response,0.05,94,Penalized monotone B-spline,0.0165351391164276,2.5994831287512454e-15,0.0520796500495635,0.0022247469751164317,1.0,10,True,Optimization terminated successfully
dose_response,0.05,94,pyGAM,0.015986569688450476,9.551679447383727e-10,0.11204139498295262,0.01982293400214985,1.0,2,True,
dose_response,0.05,95,MonotoneLSPIA,0.016489060150078172,3.3273384048016694e-13,0.021004023030400276,0.021004023030400276,,138,True,
dose_response,0.05,95,Penalized monotone B-spline,0.012381346187935276,3.3273384048016694e-13,0.048514663008973,0.0018453770317137241,1.0,8,True,Optimization terminated successfully
dose_response,0.05,95,pyGAM,0.012259724663015137,1.1386152021231312e-09,0.11629606696078554,0.019544854993000627,1.0,2,True,
dose_response,0.05,96,MonotoneLSPIA,0.014496806825071897,0.0,0.027318255975842476,0.027318255975842476,,185,True,
dose_response,0.05,96,Penalized monotone B-spline,0.01002904851219275,0.0,0.04790307901566848,0.0005903359851799905,1.0,1,True,Optimization terminated successfully
dose_response,0.05,96,pyGAM,0.009463210367218665,0.0,0.10112120304256678,0.011166536016389728,1.0,3,True,
dose_response,0.05,97,MonotoneLSPIA,0.008800055264707927,4.436451206401733e-13,0.021238197979982942,0.021238197979982942,,135,True,
dose_response,0.05,97,Penalized monotone B-spline,0.010192046313247194,3.3273384048016694e-13,0.049100941978394985,0.0019748180056922138,1.0,9,True,Optimization terminated successfully
dose_response,0.05,97,pyGAM,0.010193224701405407,2.129274756512748e-09,0.11782266094814986,0.015532478981185704,1.0,2,True,
dose_response,0.05,98,MonotoneLSPIA,0.012497376814216818,3.3273384048016694e-13,0.017305534973274916,0.017305534973274916,,113,True,
dose_response,0.05,98,Penalized monotone B-spline,0.010636948556573699,3.3273384048016694e-13,0.048886331962421536,0.0017688929801806808,1.0,8,True,Optimization terminated successfully
dose_response,0.05,98,pyGAM,0.010652752815631408,1.1703358282488747e-09,0.11841243499657139,0.0190115770092234,1.0,2,True,
dose_response,0.05,99,MonotoneLSPIA,0.012958460840421014,3.3273384048016694e-13,0.01850113400723785,0.01850113400723785,,124,True,
dose_response,0.05,99,Penalized monotone B-spline,0.01459555025820116,4.4364512064022255e-13,0.04798636102350429,0.0020076659857295454,1.0,9,True,Optimization terminated successfully
dose_response,0.05,99,pyGAM,0.014598443953305857,2.920515829174585e-09,0.11398525902768597,0.02337607101071626,1.0,2,True,
dose_response,0.05,100,MonotoneLSPIA,0.011088298415951665,4.4364512064022255e-13,0.018921270966529846,0.018921270966529846,,124,True,
dose_response,0.05,100,Penalized monotone B-spline,0.009825821109119379,2.2182256032011127e-13,0.050698711012955755,0.002389752015005797,1.0,12,True,Optimization terminated successfully
dose_response,0.05,100,pyGAM,0.00984560080191887,1.2433154505942238e-09,0.15269226097734645,0.02105685300193727,1.0,3,True,
dose_response,0.1,1,MonotoneLSPIA,0.014714628631655992,0.0,0.02653493103571236,0.02653493103571236,,166,True,
dose_response,0.1,1,Penalized monotone B-spline,0.014392300680436683,0.0,0.05357306101359427,0.0020590180065482855,1.0,10,True,Optimization terminated successfully
dose_response,0.1,1,pyGAM,0.014295148036857134,0.0,0.11215447704307735,0.019284425012301654,1.0,4,True,
dose_response,0.1,2,MonotoneLSPIA,0.023957784112039835,4.332471881252113e-16,0.01992987102130428,0.01992987102130428,,132,True,
dose_response,0.1,2,Penalized monotone B-spline,0.018605008771201744,0.0,0.04856638005003333,0.0017382829682901502,1.0,8,True,Optimization terminated successfully
dose_response,0.1,2,pyGAM,0.01774585297089152,0.0,0.10739853500854224,0.015541707980446517,1.0,3,True,
dose_response,0.1,3,MonotoneLSPIA,0.02574953784587055,0.0,0.024318934010807425,0.024318934010807425,,163,True,
dose_response,0.1,3,Penalized monotone B-spline,0.02225126062221759,0.0,0.04851015203166753,0.0019168209983035922,1.0,10,True,Optimization terminated successfully
dose_response,0.1,3,pyGAM,0.033933163607597704,0.0,0.1159763970063068,0.015515564009547234,10.0,4,True,
dose_response,0.1,4,MonotoneLSPIA,0.03351301758286777,3.3273384048016694e-13,0.019386016996577382,0.019386016996577382,,131,True,
dose_response,0.1,4,Penalized monotone B-spline,0.031177235690899106,2.0795865030009963e-14,0.047980319999624044,0.0022523030056618154,1.0,11,True,Optimization terminated successfully
dose_response,0.1,4,pyGAM,0.03012452776386881,1.7593856371789138e-09,0.11861901398515329,0.01897398696746677,1.0,4,True,
dose_response,0.1,5,MonotoneLSPIA,0.022575011810694785,4.4364512064022255e-13,0.02223519003018737,0.02223519003018737,,152,True,
dose_response,0.1,5,Penalized monotone B-spline,0.022186488335276634,4.4364512064022255e-13,0.049998951028101146,0.0022489429684355855,0.01,12,True,Optimization terminated successfully
dose_response,0.1,5,pyGAM,0.014562110003983142,1.0749521273112592e-09,0.11124141799518839,0.015147527039516717,1.0,3,True,
dose_response,0.1,6,MonotoneLSPIA,0.03310268366002407,5.545564008002167e-13,0.011670613021124154,0.011670613021124154,,73,True,
dose_response,0.1,6,Penalized monotone B-spline,0.03056571368554763,4.4364512064022255e-13,0.04540707601699978,0.002244378032628447,1.0,12,True,Optimization terminated successfully
dose_response,0.1,6,pyGAM,0.03039204878775527,4.5837413864547795e-09,0.12186529999598861,0.022991101955994964,0.1,2,True,
dose_response,0.1,7,MonotoneLSPIA,0.0313854955451552,3.3273384048016694e-13,0.018470252980478108,0.018470252980478108,,123,True,
dose_response,0.1,7,Penalized monotone B-spline,0.02782279394875963,3.3273384048016694e-13,0.04765322199091315,0.002311707998160273,1.0,12,True,Optimization terminated successfully
dose_response,0.1,7,pyGAM,0.027275859417729344,2.5081476895394983e-09,0.12793970899656415,0.02299661299912259,1.0,4,True,
dose_response,0.1,8,MonotoneLSPIA,0.0224411459371456,4.436451206401733e-13,0.01965698297135532,0.01965698297135532,,132,True,
dose_response,0.1,8,Penalized monotone B-spline,0.020892378596651107,0.0,0.04862397396937013,0.002981191035360098,1.0,18,True,Optimization terminated successfully
dose_response,0.1,8,pyGAM,0.02159528520472808,1.8064120199668262e-09,0.12755924800876528,0.019462667987681925,0.1,2,True,
dose_response,0.1,9,MonotoneLSPIA,0.024711704850087488,4.4364512064022255e-13,0.017559802974574268,0.017559802974574268,,114,True,
dose_response,0.1,9,Penalized monotone B-spline,0.02256144168241531,4.4364512064022255e-13,0.04554591001942754,0.0018067879718728364,1.0,8,True,Optimization terminated successfully
dose_response,0.1,9,pyGAM,0.022541421357971225,4.320881652475387e-09,0.1193103039986454,0.019393591966945678,1.0,2,True,
dose_response,0.1,10,MonotoneLSPIA,0.027044010152486794,3.3273384048016694e-13,0.01809652801603079,0.01809652801603079,,118,True,
dose_response,0.1,10,Penalized monotone B-spline,0.027044036900057473,4.4364512064022255e-13,0.042706830019596964,0.0019185030250810087,1e-08,10,True,Optimization terminated successfully
dose_response,0.1,10,pyGAM,0.026508673461002635,1.9290798958238477e-09,0.11911708605475724,0.018842880032025278,0.01,2,True,
dose_response,0.1,11,MonotoneLSPIA,0.023128812198840196,3.3273384048016694e-13,0.02044695900985971,0.02044695900985971,,139,True,
dose_response,0.1,11,Penalized monotone B-spline,0.01944928808978333,4.4364512064022255e-13,0.04844225803390145,0.0020137359970249236,1.0,10,True,Optimization terminated successfully
dose_response,0.1,11,pyGAM,0.019312971409237798,3.858603436767908e-09,0.11763141100527719,0.014978826977312565,1.0,3,True,
dose_response,0.1,12,MonotoneLSPIA,0.023788212094957937,4.4364512064022255e-13,0.022726898023393005,0.022726898023393005,,160,True,
dose_response,0.1,12,Penalized monotone B-spline,0.023271600310019548,4.4364512064022255e-13,0.048836731002666056,0.0019037129823118448,1.0,10,True,Optimization terminated successfully
dose_response,0.1,12,pyGAM,0.023274499767235737,1.0272602768423214e-09,0.10822614800417796,0.015059766010381281,1.0,3,True,
dose_response,0.1,13,MonotoneLSPIA,0.021516686304611236,0.0,0.029593076033052057,0.029593076033052057,,210,True,
dose_response,0.1,13,Penalized monotone B-spline,0.02325329442276611,0.0,0.049503531015943736,0.0018151120166294277,1.0,9,True,Optimization terminated successfully
dose_response,0.1,13,pyGAM,0.03718309159294241,0.0,0.10923591599566862,0.010842255025636405,10.0,3,True,
dose_response,0.1,14,MonotoneLSPIA,0.02665533479052746,0.0,0.030613769020419568,0.030613769020419568,,211,True,
dose_response,0.1,14,Penalized monotone B-spline,0.024802051498670583,0.0,0.048993072006851435,0.0019370640511624515,1.0,10,True,Optimization terminated successfully
dose_response,0.1,14,pyGAM,0.03352274132144819,0.0,0.10792890499578789,0.010888832970522344,10.0,4,True,
dose_response,0.1,15,MonotoneLSPIA,0.023207748414173602,3.3273384048016694e-13,0.015336071024648845,0.015336071024648845,,100,True,
dose_response,0.1,15,Penalized monotone B-spline,0.018372937432785133,3.3273384048016694e-13,0.045208805007860065,0.0019469279795885086,1.0,10,True,Optimization terminated successfully
dose_response,0.1,15,pyGAM,0.017993368581653436,2.1286092888317287e-09,0.11524588899919763,0.018549956963397563,1.0,3,True,
dose_response,0.1,16,MonotoneLSPIA,0.024492312930360645,3.3273384048016694e-13,0.018025138997472823,0.018025138997472823,,122,True,
dose_response,0.1,16,Penalized monotone B-spline,0.02449233219744844,4.4364512064022255e-13,0.04884017101721838,0.0023550300393253565,1e-08,14,True,Optimization terminated successfully
dose_response,0.1,16,pyGAM,0.015077355911794878,0.0,0.11520379799185321,0.018585101992357522,1.0,3,True,
dose_response,0.1,17,MonotoneLSPIA,0.02122428670556683,3.3273384048016694e-13,0.012529326020739973,0.012529326020739973,,83,True,
dose_response,0.1,17,Penalized monotone B-spline,0.015230374311236278,4.4364512064022255e-13,0.051037082041148096,0.001921634015161544,1.0,10,True,Optimization terminated successfully
dose_response,0.1,17,pyGAM,0.015233071290122845,1.0601565625379078e-08,0.11673987103858963,0.01852742297342047,1.0,2,True,
dose_response,0.1,18,MonotoneLSPIA,0.02203498552236648,0.0,0.02494352898793295,0.02494352898793295,,175,True,
dose_response,0.1,18,Penalized monotone B-spline,0.021949320579972467,0.0,0.048366920033004135,0.0024130259989760816,0.01,14,True,Optimization terminated successfully
dose_response,0.1,18,pyGAM,0.02198607551769801,0.0,0.1173371149925515,0.014939088025130332,0.1,2,True,
dose_response,0.1,19,MonotoneLSPIA,0.022448080627941073,0.0,0.02578845899552107,0.02578845899552107,,181,True,
dose_response,0.1,19,Penalized monotone B-spline,0.02302749038932106,0.0,0.05112359899794683,0.001957186032086611,1.0,10,True,Optimization terminated successfully
dose_response,0.1,19,pyGAM,0.022829338050149063,0.0,0.10001197503879666,0.014785817998927087,1.0,3,True,
dose_response,0.1,20,MonotoneLSPIA,0.026605685121970205,3.3273384048016694e-13,0.0146290099946782,0.0146290099946782,,94,True,
dose_response,0.1,20,Penalized monotone B-spline,0.026605686476927636,2.2182256032011127e-13,0.0478573190048337,0.0020388750126585364,1e-08,11,True,Optimization terminated successfully
dose_response,0.1,20,pyGAM,0.026520768228365486,3.248036839487139e-09,0.12144033599179238,0.022603092016652226,0.01,2,True,
dose_response,0.1,21,MonotoneLSPIA,0.021284962295733477,4.4364512064022255e-13,0.01790816499851644,0.01790816499851644,,121,True,
dose_response,0.1,21,Penalized monotone B-spline,0.014692024830787414,2.2182256032011127e-13,0.04482744599226862,0.001814874995034188,1.0,9,True,Optimization terminated successfully
dose_response,0.1,21,pyGAM,0.014669110236653897,3.743699350522415e-09,0.1126184780150652,0.01870861800853163,1.0,2,True,
dose_response,0.1,22,MonotoneLSPIA,0.017198643479939643,3.3273384048016694e-13,0.020919014001265168,0.020919014001265168,,142,True,
dose_response,0.1,22,Penalized monotone B-spline,0.014155369796028449,3.3273384048016694e-13,0.04540853702928871,0.0018312910106033087,1.0,9,True,Optimization terminated successfully
dose_response,0.1,22,pyGAM,0.014148419379558835,5.785908752109623e-09,0.12104042602004483,0.018150525051169097,1.0,3,True,
dose_response,0.1,23,MonotoneLSPIA,0.02023819458184254,4.4364512064022255e-13,0.01934928202535957,0.01934928202535957,,137,True,
dose_response,0.1,23,Penalized monotone B-spline,0.019614278582025624,1.0397932515004982e-14,0.04847187199629843,0.0019946079701185226,1.0,10,True,Optimization terminated successfully
dose_response,0.1,23,pyGAM,0.029804395627756542,4.775839723691466e-10,0.11182716995244846,0.014700700005050749,10.0,3,True,
dose_response,0.1,24,MonotoneLSPIA,0.016441266866706234,4.4364512064022255e-13,0.017392145993653685,0.017392145993653685,,119,True,
dose_response,0.1,24,Penalized monotone B-spline,0.012063640024135033,2.2182256032011127e-13,0.04673115297919139,0.0020106599549762905,1.0,10,True,Optimization terminated successfully
dose_response,0.1,24,pyGAM,0.011403224997148576,3.5970746381509244e-09,0.11954813898773864,0.018569433013908565,1.0,4,True,
dose_response,0.1,25,MonotoneLSPIA,0.028582271212680727,0.0,0.030618000018876046,0.030618000018876046,,218,True,
dose_response,0.1,25,Penalized monotone B-spline,0.028149408271235386,0.0,0.04784866498084739,0.0023961710394360125,0.01,14,True,Optimization terminated successfully
dose_response,0.1,25,pyGAM,0.01982038753847682,0.0,0.10438964603235945,0.014671095996163785,1.0,2,True,
dose_response,0.1,26,MonotoneLSPIA,0.023906908143594734,0.0,0.02734641300048679,0.02734641300048679,,193,True,
dose_response,0.1,26,Penalized monotone B-spline,0.017425515645621253,0.0,0.04594717704458162,0.0005321690114215016,1.0,1,True,Optimization terminated successfully
dose_response,0.1,26,pyGAM,0.017457691580314353,0.0,0.09989302000030875,0.010655543999746442,1.0,3,True,
dose_response,0.1,27,MonotoneLSPIA,0.01478346125888946,2.2182256032011127e-13,0.023751373984850943,0.023751373984850943,,161,True,
dose_response,0.1,27,Penalized monotone B-spline,0.015421336690501577,4.4364512064022255e-13,0.05025775404646993,0.0019326949841342866,1.0,9,True,Optimization terminated successfully
dose_response,0.1,27,pyGAM,0.03013536784984191,0.0,0.12848133500665426,0.018252685957122594,10.0,4,True,
dose_response,0.1,28,MonotoneLSPIA,0.02099035366563603,0.0,0.021662572980858386,0.021662572980858386,,153,True,
dose_response,0.1,28,Penalized monotone B-spline,0.021030308757131168,0.0,0.04643575398949906,0.0023358420003205538,0.01,14,True,Optimization terminated successfully
dose_response,0.1,28,pyGAM,0.014237522831361631,1.0242656722781139e-09,0.12113434204366058,0.018610387051012367,1.0,3,True,
dose_response,0.1,29,MonotoneLSPIA,0.022651893237345826,1.3863910020006955e-14,0.02219448401592672,0.02219448401592672,,154,True,
dose_response,0.1,29,Penalized monotone B-spline,0.014911693839840935,0.0,0.048077126033604145,0.0019857249571941793,1.0,11,True,Optimization terminated successfully
dose_response,0.1,29,pyGAM,0.013964723081521186,0.0,0.11754859099164605,0.01467587798833847,1.0,4,True,
dose_response,0.1,30,MonotoneLSPIA,0.024928371724929118,0.0,0.026339547999668866,0.026339547999668866,,187,True,
dose_response,0.1,30,Penalized monotone B-spline,0.023502019796501215,0.0,0.049282443011179566,0.0019000729662366211,1.0,10,True,Optimization terminated successfully
dose_response,0.1,30,pyGAM,0.0234680805677574,0.0,0.11057979101315141,0.018861218995880336,1.0,3,True,
dose_response,0.1,31,MonotoneLSPIA,0.016167595956690057,0.0,0.022972273000050336,0.022972273000050336,,159,True,
dose_response,0.1,31,Penalized monotone B-spline,0.012972617863323902,0.0,0.051547978015150875,0.0022351850057020783,1.0,12,True,Optimization terminated successfully
dose_response,0.1,31,pyGAM,0.012335711980840066,0.0,0.1187889480497688,0.014904128038324416,1.0,3,True,
dose_response,0.1,32,MonotoneLSPIA,0.022252189320778794,4.4364512064022255e-13,0.016103159985505044,0.016103159985505044,,109,True,
dose_response,0.1,32,Penalized monotone B-spline,0.016968123533935564,4.4364512064022255e-13,0.046913867990951985,0.0017464690026827157,1.0,8,True,Optimization terminated successfully
dose_response,0.1,32,pyGAM,0.01703139546846252,5.074967446283595e-09,0.1141106840223074,0.01882433396531269,1.0,2,True,
dose_response,0.1,33,MonotoneLSPIA,0.03665776657455409,4.4364512064022255e-13,0.02709854900604114,0.02709854900604114,,187,True,
dose_response,0.1,33,Penalized monotone B-spline,0.03682495440761197,4.4364512064022255e-13,0.049732323037460446,0.0016550860018469393,1.0,8,True,Optimization terminated successfully
dose_response,0.1,33,pyGAM,0.036829426064003926,1.0110672299390672e-09,0.11016226402716711,0.014949944976251572,1.0,2,True,
dose_response,0.1,34,MonotoneLSPIA,0.01358221043241235,4.4364512064022255e-13,0.017653845949098468,0.017653845949098468,,117,True,
dose_response,0.1,34,Penalized monotone B-spline,0.008645541404396058,4.436451206401733e-13,0.04918248695321381,0.0021569300442934036,1.0,11,True,Optimization terminated successfully
dose_response,0.1,34,pyGAM,0.008131482960589952,4.155734756316664e-09,0.11649183003464714,0.014718979015015066,1.0,3,True,
dose_response,0.1,35,MonotoneLSPIA,0.02525691897331472,3.3273384048016694e-13,0.02036696398863569,0.02036696398863569,,143,True,
dose_response,0.1,35,Penalized monotone B-spline,0.025226379876304182,1.7329887525008453e-15,0.05072617094265297,0.0023903390392661095,0.01,14,True,Optimization terminated successfully
dose_response,0.1,35,pyGAM,0.015013933396326078,1.7169066168776255e-09,0.1076566239935346,0.014675883983727545,1.0,2,True,
dose_response,0.1,36,MonotoneLSPIA,0.027544530877838615,4.4364512064022255e-13,0.025046524999197572,0.025046524999197572,,177,True,
dose_response,0.1,36,Penalized monotone B-spline,0.020714369378145782,2.2182256032011127e-13,0.04762310301885009,0.002010366995818913,1.0,11,True,Optimization terminated successfully
dose_response,0.1,36,pyGAM,0.020717537115798514,1.688513329156687e-09,0.11131900997133926,0.01488370803417638,1.0,3,True,
dose_response,0.1,37,MonotoneLSPIA,0.0319792782111269,4.4364512064022255e-13,0.015073271992150694,0.015073271992150694,,99,True,
dose_response,0.1,37,Penalized monotone B-spline,0.03197930974923158,2.2182256032011127e-13,0.04395833803573623,0.0020055240020155907,1e-08,11,True,Optimization terminated successfully
dose_response,0.1,37,pyGAM,0.0319621538435873,3.7110914341554616e-09,0.11622526997234672,0.022259716992266476,0.01,2,True,
dose_response,0.1,38,MonotoneLSPIA,0.019595250117914118,4.4364512064022255e-13,0.025489233958069235,0.025489233958069235,,173,True,
dose_response,0.1,38,Penalized monotone B-spline,0.009374695456235918,2.504710306348878e-16,0.05000409600324929,0.0019799150177277625,1.0,10,True,Optimization terminated successfully
dose_response,0.1,38,pyGAM,0.009377734308375876,2.84975443243243e-09,0.10903021699050441,0.015122868993785232,1.0,3,True,
dose_response,0.1,39,MonotoneLSPIA,0.024728274037409237,2.2182256032011127e-13,0.02681853895774111,0.02681853895774111,,183,True,
dose_response,0.1,39,Penalized monotone B-spline,0.023559881963867067,4.4364512064022255e-13,0.04679317900445312,0.0019176410278305411,1.0,10,True,Optimization terminated successfully
dose_response,0.1,39,pyGAM,0.023573079885829608,1.518819070511802e-09,0.11925461702048779,0.014718123013153672,1.0,3,True,
dose_response,0.1,40,MonotoneLSPIA,0.028757557369202495,3.4659775050016606e-15,0.01981306599918753,0.01981306599918753,,136,True,
dose_response,0.1,40,Penalized monotone B-spline,0.023175324823151985,6.931955010003321e-15,0.04641310003353283,0.001981212990358472,1.0,10,True,Optimization terminated successfully
dose_response,0.1,40,pyGAM,0.026212793424731876,2.1064270327997474e-09,0.11217863694764674,0.018651816004421562,0.1,2,True,
dose_response,0.1,41,MonotoneLSPIA,0.01711030529293151,3.3273384048016694e-13,0.019377773976884782,0.019377773976884782,,134,True,
dose_response,0.1,41,Penalized monotone B-spline,0.010056833299791684,3.3273384048016694e-13,0.04546138201840222,0.0019444689969532192,1.0,10,True,Optimization terminated successfully
dose_response,0.1,41,pyGAM,0.010041266259835853,4.4648444941232e-09,0.11957588500808924,0.01873360900208354,1.0,3,True,
dose_response,0.1,42,MonotoneLSPIA,0.0279369475625202,4.4364512064022255e-13,0.02522323001176119,0.02522323001176119,,176,True,
dose_response,0.1,42,Penalized monotone B-spline,0.021734749733275844,4.4364512064022255e-13,0.050426090019755065,0.0018848319887183607,1.0,9,True,Optimization terminated successfully
dose_response,0.1,42,pyGAM,0.022039903839868303,2.489292771912289e-09,0.10880193900084123,0.01909362501464784,1.0,3,True,
dose_response,0.1,43,MonotoneLSPIA,0.02717076794905671,0.0,0.02805420197546482,0.02805420197546482,,195,True,
dose_response,0.1,43,Penalized monotone B-spline,0.024634487281981185,0.0,0.04884669097373262,0.0021103700273670256,1.0,11,True,Optimization terminated successfully
dose_response,0.1,43,pyGAM,0.024448882595173634,0.0,0.10278568498324603,0.014954223996028304,1.0,2,True,
dose_response,0.1,44,MonotoneLSPIA,0.03141134600647568,2.2182256032011127e-13,0.01990541903069243,0.01990541903069243,,135,True,
dose_response,0.1,44,Penalized monotone B-spline,0.030984326064750076,2.2182256032011127e-13,0.048190433997660875,0.0019172749598510563,0.01,10,True,Optimization terminated successfully
dose_response,0.1,44,pyGAM,0.02856391168506138,2.6201680825011545e-09,0.12107464799191803,0.018772986019030213,0.1,2,True,
dose_response,0.1,45,MonotoneLSPIA,0.037481683899430726,0.0,0.02310907596256584,0.02310907596256584,,155,True,
dose_response,0.1,45,Penalized monotone B-spline,0.03004680596339281,0.0,0.05108920199563727,0.0020053799962624907,1.0,10,True,Optimization terminated successfully
dose_response,0.1,45,pyGAM,0.029968213078578953,0.0,0.11836546595441177,0.019120342971291393,1.0,4,True,
dose_response,0.1,46,MonotoneLSPIA,0.02652050023203564,4.436451206401733e-13,0.019957151962444186,0.019957151962444186,,134,True,
dose_response,0.1,46,Penalized monotone B-spline,0.022370820458151513,3.3273384048016694e-13,0.04782052303198725,0.0021852829959243536,1.0,11,True,Optimization terminated successfully
dose_response,0.1,46,pyGAM,0.022349584257047823,2.69092947924327e-09,0.11789058696012944,0.019096646981779486,1.0,3,True,
dose_response,0.1,47,MonotoneLSPIA,0.0260187833607023,4.4364512064022255e-13,0.024945378012489527,0.024945378012489527,,174,True,
dose_response,0.1,47,Penalized monotone B-spline,0.01980123639239073,3.3273384048016694e-13,0.04777967894915491,0.002235084946732968,1.0,12,True,Optimization terminated successfully
dose_response,0.1,47,pyGAM,0.01907620608296561,0.0,0.11420302698388696,0.014665250957477838,1.0,3,True,
dose_response,0.1,48,MonotoneLSPIA,0.018807863005053934,0.0,0.021023339999374002,0.021023339999374002,,147,True,
dose_response,0.1,48,Penalized monotone B-spline,0.014939563198127857,0.0,0.04556865699123591,0.0018242470105178654,1.0,9,True,Optimization terminated successfully
dose_response,0.1,48,pyGAM,0.016041455357876995,0.0,0.10123586299596354,0.01883875601924956,0.1,2,True,
dose_response,0.1,49,MonotoneLSPIA,0.031065789445079813,0.0,0.026750060031190515,0.026750060031190515,,192,True,
dose_response,0.1,49,Penalized monotone B-spline,0.028091084137237616,0.0,0.048501120996661484,0.002059647988062352,1.0,11,True,Optimization terminated successfully
dose_response,0.1,49,pyGAM,0.02805715775465574,0.0,0.11390804295660928,0.014978844032157212,1.0,3,True,
dose_response,0.1,50,MonotoneLSPIA,0.018191603862079277,0.0,0.026952072978019714,0.026952072978019714,,195,True,
dose_response,0.1,50,Penalized monotone B-spline,0.017217869001191575,0.0,0.05124390299897641,0.0018512859824113548,1.0,9,True,Optimization terminated successfully
dose_response,0.1,50,pyGAM,0.016649172428230354,0.0,0.09757275000447407,0.015056725009344518,1.0,2,True,
dose_response,0.1,51,MonotoneLSPIA,0.024636158633216165,3.3273384048016694e-13,0.015116565977223217,0.015116565977223217,,100,True,
dose_response,0.1,51,Penalized monotone B-spline,0.024198954587117644,4.4364512064022255e-13,0.04618152300827205,0.0021145640057511628,0.01,12,True,Optimization terminated successfully
dose_response,0.1,51,pyGAM,0.024221212465555045,8.846283705566038e-10,0.12194099498447031,0.019166897982358932,0.01,2,True,
dose_response,0.1,52,MonotoneLSPIA,0.0222941982143722,3.3273384048016694e-13,0.0166651860345155,0.0166651860345155,,113,True,
dose_response,0.1,52,Penalized monotone B-spline,0.016744179755097007,0.0,0.04857452301075682,0.0021373340277932584,1.0,11,True,Optimization terminated successfully
dose_response,0.1,52,pyGAM,0.02072311590218545,1.632724955236179e-09,0.10991820704657584,0.02260056498926133,0.1,3,True,
dose_response,0.1,53,MonotoneLSPIA,0.01989062731300696,3.3273384048016694e-13,0.01945625600637868,0.01945625600637868,,140,True,
dose_response,0.1,53,Penalized monotone B-spline,0.016634477984843483,0.0,0.048752827977295965,0.0020776810124516487,1.0,11,True,Optimization terminated successfully
dose_response,0.1,53,pyGAM,0.02738602869826838,1.7419725661938339e-09,0.11067257600370795,0.014931735990103334,10.0,3,True,
dose_response,0.1,54,MonotoneLSPIA,0.039196549265167274,3.3273384048016694e-13,0.021801383001729846,0.021801383001729846,,154,True,
dose_response,0.1,54,Penalized monotone B-spline,0.03900828152029134,4.4364512064022255e-13,0.047556104022078216,0.0019616229692474008,0.01,10,True,Optimization terminated successfully
dose_response,0.1,54,pyGAM,0.032386464995772524,0.0,0.11107747995993122,0.018933647021185607,1.0,3,True,
dose_response,0.1,55,MonotoneLSPIA,0.026630711868800973,3.3273384048013003e-13,0.020082483999431133,0.020082483999431133,,138,True,
dose_response,0.1,55,Penalized monotone B-spline,0.020552311022414282,5.198966257502491e-15,0.048879982030484825,0.0028042200137861073,1.0,17,True,Optimization terminated successfully
dose_response,0.1,55,pyGAM,0.020393779972606694,4.2345926765108066e-10,0.11418788001174107,0.020642477029468864,1.0,4,True,
dose_response,0.1,56,MonotoneLSPIA,0.026728500447277658,0.0,0.022543473984114826,0.022543473984114826,,151,True,
dose_response,0.1,56,Penalized monotone B-spline,0.02070262166818123,0.0,0.0499815929797478,0.002144169993698597,1.0,11,True,Optimization terminated successfully
dose_response,0.1,56,pyGAM,0.019776998781388323,0.0,0.1077708030352369,0.015299405029509217,1.0,3,True,
dose_response,0.1,57,MonotoneLSPIA,0.02534310203805539,4.4364512064022255e-13,0.014731472998391837,0.014731472998391837,,96,True,
dose_response,0.1,57,Penalized monotone B-spline,0.024097410086820502,4.4364512064022255e-13,0.04799855803139508,0.0018191540148109198,1.0,9,True,Optimization terminated successfully
dose_response,0.1,57,pyGAM,0.0244500063025758,1.6809713621057683e-09,0.10495511104818434,0.022506256005726755,0.1,2,True,
dose_response,0.1,58,MonotoneLSPIA,0.029586399029105283,0.0,0.02312481898115948,0.02312481898115948,,165,True,
dose_response,0.1,58,Penalized monotone B-spline,0.02839697136099289,0.0,0.04787956195650622,0.0018808099557645619,1.0,9,True,Optimization terminated successfully
dose_response,0.1,58,pyGAM,0.028004158093002357,0.0,0.10618234804132953,0.015061591984704137,1.0,3,True,
dose_response,0.1,59,MonotoneLSPIA,0.0253293573453135,4.4364512064022255e-13,0.01668635499663651,0.01668635499663651,,109,True,
dose_response,0.1,59,Penalized monotone B-spline,0.02443849239463679,4.4364512064022255e-13,0.04870769300032407,0.001851075969170779,1.0,9,True,Optimization terminated successfully
dose_response,0.1,59,pyGAM,0.03553194585256603,4.082644222691648e-09,0.11947393894661218,0.014709778013639152,10.0,2,True,
dose_response,0.1,60,MonotoneLSPIA,0.03485559097393058,3.3273384048016694e-13,0.01674179802648723,0.01674179802648723,,116,True,
dose_response,0.1,60,Penalized monotone B-spline,0.03299885810833518,3.3273384048016694e-13,0.04613664199132472,0.001942036033142358,1.0,10,True,Optimization terminated successfully
dose_response,0.1,60,pyGAM,0.03292249281789987,5.118111934265927e-09,0.11472965899156407,0.018874695000704378,1.0,3,True,
dose_response,0.1,61,MonotoneLSPIA,0.02712353405027878,4.4364512064022255e-13,0.023426520987413824,0.023426520987413824,,166,True,
dose_response,0.1,61,Penalized monotone B-spline,0.022935082339452545,4.4364512064022255e-13,0.0464739510207437,0.0021800510003231466,1.0,12,True,Optimization terminated successfully
dose_response,0.1,61,pyGAM,0.023041903619340373,2.3970145868191226e-09,0.1158114229911007,0.018640963011421263,1.0,4,True,
dose_response,0.1,62,MonotoneLSPIA,0.030163331639640984,4.436451206401733e-13,0.018259913951624185,0.018259913951624185,,123,True,
dose_response,0.1,62,Penalized monotone B-spline,0.02462309918372714,4.4364512064022255e-13,0.04788319196086377,0.001926623983308673,1.0,9,True,Optimization terminated successfully
dose_response,0.1,62,pyGAM,0.0246473745753031,2.304292756605316e-09,0.11917497200192884,0.017762680014129728,1.0,3,True,
dose_response,0.1,63,MonotoneLSPIA,0.019694368815591997,3.3273384048016694e-13,0.014024554984644055,0.014024554984644055,,98,True,
dose_response,0.1,63,Penalized monotone B-spline,0.01957921018759891,4.4364512064022255e-13,0.04583270801231265,0.002023118024226278,0.01,11,True,Optimization terminated successfully
dose_response,0.1,63,pyGAM,0.019445741657861528,1.358219536840013e-09,0.13349799398565665,0.02668654400622472,0.001,6,True,
dose_response,0.1,64,MonotoneLSPIA,0.023841926281454647,4.4364512064022255e-13,0.01613813196308911,0.01613813196308911,,110,True,
dose_response,0.1,64,Penalized monotone B-spline,0.0193849542194607,4.4364512064022255e-13,0.04533644497860223,0.0020207000197842717,1.0,11,True,Optimization terminated successfully
dose_response,0.1,64,pyGAM,0.021287762226768717,2.4686632738025186e-09,0.11330510303378105,0.018014551023952663,0.1,2,True,
dose_response,0.1,65,MonotoneLSPIA,0.03510630886392768,4.4364512064022255e-13,0.012162143946625292,0.012162143946625292,,80,True,
dose_response,0.1,65,Penalized monotone B-spline,0.033206482877151416,4.4364512064022255e-13,0.047679941984824836,0.002251771977171302,1.0,12,True,Optimization terminated successfully
dose_response,0.1,65,pyGAM,0.03338009988721666,6.283789488748112e-09,0.11729597300291061,0.022650062979664654,1.0,3,True,
dose_response,0.1,66,MonotoneLSPIA,0.02562939543436305,3.3273384048016694e-13,0.0163369009969756,0.0163369009969756,,109,True,
dose_response,0.1,66,Penalized monotone B-spline,0.024895959273651572,3.3273384048016694e-13,0.04656687699025497,0.001812631031498313,1.0,9,True,Optimization terminated successfully
dose_response,0.1,66,pyGAM,0.03518012961192497,1.7672603380701306e-09,0.11748044699197635,0.015042051032651216,10.0,3,True,
dose_response,0.1,67,MonotoneLSPIA,0.028439819574229693,2.0795865030009963e-14,0.02330007398268208,0.02330007398268208,,166,True,
dose_response,0.1,67,Penalized monotone B-spline,0.023763623809223533,2.0795865030009963e-14,0.04760123498272151,0.0019137960043735802,1.0,10,True,Optimization terminated successfully
dose_response,0.1,67,pyGAM,0.02359577752338598,8.332764478424807e-10,0.1063921470195055,0.013978340022731572,1.0,3,True,
dose_response,0.1,68,MonotoneLSPIA,0.02376768134162227,3.3273384048016694e-13,0.015465877018868923,0.015465877018868923,,110,True,
dose_response,0.1,68,Penalized monotone B-spline,0.014126050433706306,3.3273384048016694e-13,0.04162336100125685,0.0022524630185216665,1.0,12,True,Optimization terminated successfully
dose_response,0.1,68,pyGAM,0.014123885458699921,6.4452763126611536e-09,0.11733611900126562,0.014851070998702198,1.0,3,True,
dose_response,0.1,69,MonotoneLSPIA,0.043272433917557106,2.2182256032011127e-13,0.023579321976285428,0.023579321976285428,,169,True,
dose_response,0.1,69,Penalized monotone B-spline,0.041962947583140335,0.0,0.04631970095215365,0.0015673399902880192,1.0,8,True,Optimization terminated successfully
dose_response,0.1,69,pyGAM,0.04184862022257374,0.0,0.09742896200623363,0.014185083040501922,1.0,3,True,
dose_response,0.1,70,MonotoneLSPIA,0.019094150140990154,0.0,0.026676583976950496,0.026676583976950496,,199,True,
dose_response,0.1,70,Penalized monotone B-spline,0.015151454605526925,0.0,0.04777711897622794,0.002388456021435559,1.0,13,True,Optimization terminated successfully
dose_response,0.1,70,pyGAM,0.01502691369228799,0.0,0.10187689500162378,0.014494717994239181,1.0,3,True,
dose_response,0.1,71,MonotoneLSPIA,0.02265206365592764,4.4364512064022255e-13,0.02200094802537933,0.02200094802537933,,160,True,
dose_response,0.1,71,Penalized monotone B-spline,0.017884667728326947,4.4364512064022255e-13,0.04612692102091387,0.0018924179603345692,1.0,10,True,Optimization terminated successfully
dose_response,0.1,71,pyGAM,0.01788950737157014,1.0656355797776965e-09,0.10983383096754551,0.014478891040198505,1.0,3,True,
dose_response,0.1,72,MonotoneLSPIA,0.026370970288241955,0.0,0.02451909496448934,0.02451909496448934,,177,True,
dose_response,0.1,72,Penalized monotone B-spline,0.027051984477874345,0.0,0.047601354017388076,0.0018850229680538177,1.0,11,True,Optimization terminated successfully
dose_response,0.1,72,pyGAM,0.038385179649345215,0.0,0.10097038402454928,0.010222251992672682,10.0,3,True,
dose_response,0.1,73,MonotoneLSPIA,0.023829405287845693,4.436451206401733e-13,0.015685067046433687,0.015685067046433687,,110,True,
dose_response,0.1,73,Penalized monotone B-spline,0.023484044268388293,3.3273384048016694e-13,0.04388269397895783,0.00209226697916165,0.01,13,True,Optimization terminated successfully
dose_response,0.1,73,pyGAM,0.017899835694700918,3.876571064154265e-09,0.11784499499481171,0.01799926400417462,1.0,4,True,
dose_response,0.1,74,MonotoneLSPIA,0.022536238005470454,1.299741564375634e-15,0.018108773976564407,0.018108773976564407,,122,True,
dose_response,0.1,74,Penalized monotone B-spline,0.016077122736725458,2.2182256032011127e-13,0.047079422045499086,0.0022586550330743194,1.0,11,True,Optimization terminated successfully
dose_response,0.1,74,pyGAM,0.01581797121991808,2.2866578630598354e-09,0.11407691997010261,0.017946869018487632,1.0,2,True,
dose_response,0.1,75,MonotoneLSPIA,0.02463674370560051,4.4364512064022255e-13,0.01608877896796912,0.01608877896796912,,114,True,
dose_response,0.1,75,Penalized monotone B-spline,0.024106469901358913,4.4364512064022255e-13,0.04354189999867231,0.001708167023025453,0.01,9,True,Optimization terminated successfully
dose_response,0.1,75,pyGAM,0.02017855188042946,2.1499042546225184e-09,0.10182439896743745,0.017485474003478885,1.0,2,True,
dose_response,0.1,76,MonotoneLSPIA,0.016515825410474902,4.4364512064022255e-13,0.016469306021463126,0.016469306021463126,,120,True,
dose_response,0.1,76,Penalized monotone B-spline,0.014658280277252493,3.3273384048016694e-13,0.04393555095884949,0.0023903889814391732,1.0,15,True,Optimization terminated successfully
dose_response,0.1,76,pyGAM,0.014740397000492123,5.266067581999441e-09,0.1052262430312112,0.01748484600102529,1.0,2,True,
dose_response,0.1,77,MonotoneLSPIA,0.027214809147620585,3.3273384048013003e-13,0.019109032989945263,0.019109032989945263,,141,True,
dose_response,0.1,77,Penalized monotone B-spline,0.024994930095260205,3.3273384048016694e-13,0.04633546498371288,0.0019754169625230134,1.0,10,True,Optimization terminated successfully
dose_response,0.1,77,pyGAM,0.024915914484454765,0.0,0.10915898799430579,0.013831912016030401,1.0,3,True,
dose_response,0.1,78,MonotoneLSPIA,0.015156499390512964,0.0,0.019930117996409535,0.019930117996409535,,170,True,
dose_response,0.1,78,Penalized monotone B-spline,0.014564826523302939,0.0,0.0412999700056389,0.0016417200095020235,1.0,10,True,Optimization terminated successfully
dose_response,0.1,78,pyGAM,0.014426728772393293,0.0,0.08626605098834261,0.015335178992245346,1.0,3,True,
dose_response,0.1,79,MonotoneLSPIA,0.02601619148148088,0.0,0.023592949961312115,0.023592949961312115,,163,True,
dose_response,0.1,79,Penalized monotone B-spline,0.025885574438144366,0.0,0.0422007649904117,0.0019073309958912432,1.0,11,True,Optimization terminated successfully
dose_response,0.1,79,pyGAM,0.03646936519634894,0.0,0.09618725097971037,0.012174185016192496,10.0,2,True,
dose_response,0.1,80,MonotoneLSPIA,0.01779848237234701,3.3273384048016694e-13,0.013837584003340453,0.013837584003340453,,114,True,
dose_response,0.1,80,Penalized monotone B-spline,0.015967721710133567,2.2182256032011127e-13,0.04019245901145041,0.0021450979984365404,1.0,15,True,Optimization terminated successfully
dose_response,0.1,80,pyGAM,0.016035634455559587,4.690881683089393e-09,0.11014432698721066,0.01638583798194304,1.0,3,True,
dose_response,0.1,81,MonotoneLSPIA,0.025330782049463863,4.4364512064022255e-13,0.018434385012369603,0.018434385012369603,,152,True,
dose_response,0.1,81,Penalized monotone B-spline,0.02176865627655259,0.0,0.04085674200905487,0.0018024169839918613,1.0,11,True,Optimization terminated successfully
dose_response,0.1,81,pyGAM,0.02176459262192765,0.0,0.08798935799859464,0.012419648002833128,1.0,3,True,
dose_response,0.1,82,MonotoneLSPIA,0.024388567541435428,4.4364512064022255e-13,0.01611532998504117,0.01611532998504117,,134,True,
dose_response,0.1,82,Penalized monotone B-spline,0.019083303521320077,4.4364512064022255e-13,0.03832862799754366,0.0018432820215821266,1.0,10,True,Optimization terminated successfully
dose_response,0.1,82,pyGAM,0.01908632341048343,2.618615324578841e-09,0.10723447299096733,0.015354342001955956,1.0,3,True,
dose_response,0.1,83,MonotoneLSPIA,0.020475782086847225,4.4364512064022255e-13,0.015123556018806994,0.015123556018806994,,113,True,
dose_response,0.1,83,Penalized monotone B-spline,0.015286139504361642,2.2182256032011127e-13,0.039112286001909524,0.0018424540176056325,1.0,11,True,Optimization terminated successfully
dose_response,0.1,83,pyGAM,0.015331513812118704,2.7545925540551418e-09,0.10515647800639272,0.012327128963079304,1.0,4,True,
dose_response,0.1,84,MonotoneLSPIA,0.022923413635467477,4.4364512064022255e-13,0.015088732994627208,0.015088732994627208,,128,True,
dose_response,0.1,84,Penalized monotone B-spline,0.018845196364953916,4.4364512064022255e-13,0.036798187997192144,0.0015173830324783921,1.0,10,True,Optimization terminated successfully
dose_response,0.1,84,pyGAM,0.018880942089704065,3.5123384201086418e-09,0.1010335780447349,0.012347851996310055,1.0,3,True,
dose_response,0.1,85,MonotoneLSPIA,0.042032372989455655,3.3273384048016694e-13,0.016486020991578698,0.016486020991578698,,133,True,
dose_response,0.1,85,Penalized monotone B-spline,0.035616843099834435,3.3273384048016694e-13,0.042017009982373565,0.0021186459925957024,1.0,10,True,Optimization terminated successfully
dose_response,0.1,85,pyGAM,0.03470317427355426,3.042185503510166e-09,0.10028485301882029,0.01699296204606071,1.0,2,True,
dose_response,0.1,86,MonotoneLSPIA,0.022791900457484398,3.3273384048016694e-13,0.012300381029490381,0.012300381029490381,,102,True,
dose_response,0.1,86,Penalized monotone B-spline,0.022219364975745174,3.3273384048016694e-13,0.038892467971891165,0.0018244839739054441,1.0,11,True,Optimization terminated successfully
dose_response,0.1,86,pyGAM,0.022122443115403994,3.0691369445890595e-09,0.09572962298989296,0.011903601000085473,1.0,3,True,
dose_response,0.1,87,MonotoneLSPIA,0.0341869620296008,0.0,0.015619034005794674,0.015619034005794674,,135,True,
dose_response,0.1,87,Penalized monotone B-spline,0.03337076274894636,0.0,0.039464358997065574,0.0017572270007804036,1.0,11,True,Optimization terminated successfully
dose_response,0.1,87,pyGAM,0.03320515757584272,0.0,0.08362290699733421,0.011937316972762346,1.0,4,True,
dose_response,0.1,88,MonotoneLSPIA,0.028443051934227713,4.436451206401733e-13,0.019503005023580045,0.019503005023580045,,164,True,
dose_response,0.1,88,Penalized monotone B-spline,0.024207084562208686,3.3273384048016694e-13,0.04109798598801717,0.0015872859512455761,1.0,10,True,Optimization terminated successfully
dose_response,0.1,88,pyGAM,0.024262446636564523,2.458681258587841e-09,0.10064693202730268,0.013455750013235956,1.0,2,True,
dose_response,0.1,89,MonotoneLSPIA,0.025778715542869108,3.3273384048016694e-13,0.01691088400548324,0.01691088400548324,,112,True,
dose_response,0.1,89,Penalized monotone B-spline,0.02536300514027487,3.3273384048016694e-13,0.040545016003306955,0.0019084109808318317,0.01,13,True,Optimization terminated successfully
dose_response,0.1,89,pyGAM,0.015269736923713514,0.0,0.10565252602100372,0.015686179976910353,1.0,3,True,
dose_response,0.1,90,MonotoneLSPIA,0.02965833205794003,0.0,0.022499726968817413,0.022499726968817413,,187,True,
dose_response,0.1,90,Penalized monotone B-spline,0.025690914830934303,0.0,0.03942716697929427,0.0014794229646213353,1.0,10,True,Optimization terminated successfully
dose_response,0.1,90,pyGAM,0.02563788214195113,0.0,0.09689714602427557,0.012562474992591888,1.0,3,True,
dose_response,0.1,91,MonotoneLSPIA,0.021945463906494447,4.4364512064022255e-13,0.018475155986379832,0.018475155986379832,,148,True,
dose_response,0.1,91,Penalized monotone B-spline,0.02003742621180965,0.0,0.044008661003317684,0.0016853919951245189,1.0,11,True,Optimization terminated successfully
dose_response,0.1,91,pyGAM,0.020709713847470407,0.0,0.10102812701370567,0.015490859979763627,0.1,2,True,
dose_response,0.1,92,MonotoneLSPIA,0.026536542188803414,0.0,0.02100974996574223,0.02100974996574223,,173,True,
dose_response,0.1,92,Penalized monotone B-spline,0.017159721447506368,0.0,0.0406203200109303,0.0015572560369037092,1.0,9,True,Optimization terminated successfully
dose_response,0.1,92,pyGAM,0.017137988146108042,0.0,0.10270807996857911,0.01534575701225549,1.0,4,True,
dose_response,0.1,93,MonotoneLSPIA,0.02320411756917239,4.4364512064022255e-13,0.01117007399443537,0.01117007399443537,,88,True,
dose_response,0.1,93,Penalized monotone B-spline,0.016937598074625648,4.4364512064022255e-13,0.04263858898775652,0.0014392570010386407,1.0,9,True,Optimization terminated successfully
dose_response,0.1,93,pyGAM,0.02310433666942488,2.028678225407578e-09,0.09302965697133914,0.015253726043738425,0.01,2,True,
dose_response,0.1,94,MonotoneLSPIA,0.031087525382227983,0.0,0.017580126004759222,0.017580126004759222,,145,True,
dose_response,0.1,94,Penalized monotone B-spline,0.02583509959155591,0.0,0.04459676705300808,0.0019740770221687853,1.0,10,True,Optimization terminated successfully
dose_response,0.1,94,pyGAM,0.025815692469226197,0.0,0.11748730100225657,0.014863973017781973,1.0,3,True,
dose_response,0.1,95,MonotoneLSPIA,0.017913638522827378,4.4364512064022255e-13,0.01957113202661276,0.01957113202661276,,133,True,
dose_response,0.1,95,Penalized monotone B-spline,0.017074904466992287,2.2182256032011127e-13,0.0507167560281232,0.0019754780223593116,1.0,10,True,Optimization terminated successfully
dose_response,0.1,95,pyGAM,0.016846994805627402,2.621499017863075e-09,0.11733474599895999,0.018190089031122625,1.0,3,True,
dose_response,0.1,96,MonotoneLSPIA,0.0328997926025999,2.2182256032011127e-13,0.020587206003256142,0.020587206003256142,,141,True,
dose_response,0.1,96,Penalized monotone B-spline,0.03289976178411991,2.2182256032011127e-13,0.04812427697470412,0.0021750270389020443,1e-08,13,True,Optimization terminated successfully
dose_response,0.1,96,pyGAM,0.02954881159814981,0.0,0.1088199500227347,0.014817989023867995,1.0,3,True,
dose_response,0.1,97,MonotoneLSPIA,0.030730251448814687,0.0,0.02750209701480344,0.02750209701480344,,196,True,
dose_response,0.1,97,Penalized monotone B-spline,0.028064303499099406,0.0,0.04978467896580696,0.0019065209780819714,1.0,10,True,Optimization terminated successfully
dose_response,0.1,97,pyGAM,0.027784507672479548,0.0,0.10644139599753544,0.014812656037975103,1.0,3,True,
dose_response,0.1,98,MonotoneLSPIA,0.022385180397946198,4.4364512064022255e-13,0.020873691013548523,0.020873691013548523,,140,True,
dose_response,0.1,98,Penalized monotone B-spline,0.020232151273317105,3.3273384048016694e-13,0.04812420601956546,0.0020473800250329077,1.0,10,True,Optimization terminated successfully
dose_response,0.1,98,pyGAM,0.019429265375488076,7.657314782250241e-10,0.11207565199583769,0.014332267979625612,1.0,3,True,
dose_response,0.1,99,MonotoneLSPIA,0.02672142566263488,3.3273384048016694e-13,0.01835192699218169,0.01835192699218169,,130,True,
dose_response,0.1,99,Penalized monotone B-spline,0.02006351209028854,3.3273384048016694e-13,0.04580506402999163,0.0018215510062873363,1.0,9,True,Optimization terminated successfully
dose_response,0.1,99,pyGAM,0.018627025721159186,1.3928238562498243e-09,0.12654934503370896,0.019367888977285475,1.0,5,True,
dose_response,0.1,100,MonotoneLSPIA,0.015560644798892936,3.3273384048016694e-13,0.01696097501553595,0.01696097501553595,,115,True,
dose_response,0.1,100,Penalized monotone B-spline,0.012244441032970458,4.436451206401733e-13,0.049016390985343605,0.0019180360250175,1.0,9,True,Optimization terminated successfully
dose_response,0.1,100,pyGAM,0.012094184332494125,2.922623143497626e-09,0.11798748996807262,0.018528276996221393,1.0,3,True,
cdf_plateau,0.02,1,MonotoneLSPIA,0.006546361991331288,4.159173006001971e-14,0.018433121033012867,0.018433121033012867,,128,True,
cdf_plateau,0.02,1,Penalized monotone B-spline,0.005997606847112754,2.7727820040013524e-14,0.04875336500117555,0.00190222094533965,0.01,9,True,Optimization terminated successfully
cdf_plateau,0.02,1,pyGAM,0.005813674770318212,3.0711333476318983e-10,0.12472440802957863,0.018526430008932948,0.01,2,True,
cdf_plateau,0.02,2,MonotoneLSPIA,0.005672577588313629,3.3273384048013003e-13,0.018668256991077214,0.018668256991077214,,129,True,
cdf_plateau,0.02,2,Penalized monotone B-spline,0.005523359471441423,3.3273384048013003e-13,0.04570819198852405,0.001967380987480283,0.01,10,True,Optimization terminated successfully
cdf_plateau,0.02,2,pyGAM,0.005489386102830076,3.930695768872263e-10,0.11813023599097505,0.021552356018219143,0.001,5,True,
cdf_plateau,0.02,3,MonotoneLSPIA,0.007893217152289102,3.3273384048013003e-13,0.017114659014623612,0.017114659014623612,,121,True,
cdf_plateau,0.02,3,Penalized monotone B-spline,0.007893192775628803,3.3273384048016694e-13,0.044189204985741526,0.0020623249583877623,1e-08,12,True,Optimization terminated successfully
cdf_plateau,0.02,3,pyGAM,0.0077266768459653854,6.237650396201529e-10,0.1170819709659554,0.02232806896790862,0.1,3,True,
cdf_plateau,0.02,4,MonotoneLSPIA,0.004523969055905748,4.159173006001971e-14,0.017198359011672437,0.017198359011672437,,117,True,
cdf_plateau,0.02,4,Penalized monotone B-spline,0.004193811141536067,2.772782004001391e-14,0.046226467995438725,0.0020131919882260263,0.01,11,True,Optimization terminated successfully
cdf_plateau,0.02,4,pyGAM,0.004039593709829753,3.0739061296358567e-10,0.115090596023947,0.018250674998853356,0.01,2,True,
cdf_plateau,0.02,5,MonotoneLSPIA,0.006847860722831984,3.3273384048016694e-13,0.015311544993892312,0.015311544993892312,,106,True,
cdf_plateau,0.02,5,Penalized monotone B-spline,0.006920104667557493,3.3273384048016694e-13,0.04316639999160543,0.0020003970130346715,0.01,11,True,Optimization terminated successfully
cdf_plateau,0.02,5,pyGAM,0.006909162719485543,3.5347424987008997e-10,0.1165031420532614,0.021473130967933685,0.01,2,True,
cdf_plateau,0.02,6,MonotoneLSPIA,0.004920567638920752,3.3273384048016694e-13,0.01412743201944977,0.01412743201944977,,97,True,
cdf_plateau,0.02,6,Penalized monotone B-spline,0.005040713277366376,3.3273384048016694e-13,0.04427516495343298,0.001878997019957751,0.01,10,True,Optimization terminated successfully
cdf_plateau,0.02,6,pyGAM,0.00628072491927654,5.139628722616836e-10,0.11936625000089407,0.021990795037709177,0.1,2,True,
cdf_plateau,0.02,7,MonotoneLSPIA,0.0025674696432080365,2.7727820040013332e-14,0.020264090038836002,0.020264090038836002,,142,True,
cdf_plateau,0.02,7,Penalized monotone B-spline,0.0025109927598172418,4.159173006001993e-14,0.04405442700954154,0.0018675660248845816,0.01,9,True,Optimization terminated successfully
cdf_plateau,0.02,7,pyGAM,0.0025042218958646577,1.0081835366548918e-10,0.10826211195671931,0.01775084197288379,0.01,2,True,
cdf_plateau,0.02,8,MonotoneLSPIA,0.00393483432010315,3.3273384048016694e-13,0.012595586013048887,0.012595586013048887,,87,True,
cdf_plateau,0.02,8,Penalized monotone B-spline,0.003935364842100436,2.2182256032011127e-13,0.04287833900889382,0.0020189069909974933,0.0001,12,True,Optimization terminated successfully
cdf_plateau,0.02,8,pyGAM,0.004042688269494358,1.3522857833514783e-09,0.12174304097425193,0.021561347995884717,0.01,2,True,
cdf_plateau,0.02,9,MonotoneLSPIA,0.004832287773840528,2.772782004001391e-14,0.015329685993492603,0.015329685993492603,,105,True,
cdf_plateau,0.02,9,Penalized monotone B-spline,0.0048300150534077045,2.772782004001391e-14,0.04704734799452126,0.0022762580192647874,0.0001,14,True,Optimization terminated successfully
cdf_plateau,0.02,9,pyGAM,0.004234783748794576,5.441861961052979e-10,0.12016075698193163,0.02188786002807319,0.01,2,True,
cdf_plateau,0.02,10,MonotoneLSPIA,0.005583336536991146,3.3273384048016694e-13,0.013954952009953558,0.013954952009953558,,93,True,
cdf_plateau,0.02,10,Penalized monotone B-spline,0.0054870875345968744,2.772782004001391e-14,0.04361034999601543,0.002091610978823155,0.01,13,True,Optimization terminated successfully
cdf_plateau,0.02,10,pyGAM,0.006061461303637468,8.582314858784867e-10,0.1165220900438726,0.017599930986762047,0.1,4,True,
cdf_plateau,0.02,11,MonotoneLSPIA,0.0059968827718729694,3.3273384048016694e-13,0.015477135020773858,0.015477135020773858,,110,True,
cdf_plateau,0.02,11,Penalized monotone B-spline,0.006079071393540886,3.3273384048016694e-13,0.04392264597117901,0.0018342230468988419,0.01,9,True,Optimization terminated successfully
cdf_plateau,0.02,11,pyGAM,0.0057593557122102065,8.740917989413985e-10,0.1238459559972398,0.022377182031050324,0.01,2,True,
cdf_plateau,0.02,12,MonotoneLSPIA,0.0053854271659798305,0.0,0.022018449031747878,0.022018449031747878,,157,True,
cdf_plateau,0.02,12,Penalized monotone B-spline,0.005327382847685315,0.0,0.044387665984686464,0.0019296619575470686,0.01,10,True,Optimization terminated successfully
cdf_plateau,0.02,12,pyGAM,0.006049028769848351,0.0,0.09608852595556527,0.01769242901355028,0.1,2,True,
cdf_plateau,0.02,13,MonotoneLSPIA,0.005932561780957837,3.3273384048016694e-13,0.015125232981517911,0.015125232981517911,,107,True,
cdf_plateau,0.02,13,Penalized monotone B-spline,0.0057194821241179665,3.3273384048016694e-13,0.04119344102218747,0.0018826280138455331,0.01,11,True,Optimization terminated successfully
cdf_plateau,0.02,13,pyGAM,0.005739651862335066,8.244590010697508e-10,0.10687739599961787,0.01833518297644332,0.01,2,True,
cdf_plateau,0.02,14,MonotoneLSPIA,0.005416191454539531,0.0,0.01923058199463412,0.01923058199463412,,134,True,
cdf_plateau,0.02,14,Penalized monotone B-spline,0.005394810799275836,0.0,0.04337011702591553,0.002031678974162787,0.01,11,True,Optimization terminated successfully
cdf_plateau,0.02,14,pyGAM,0.005874608782515725,1.2266787585701474e-10,0.1134798779967241,0.01825823204126209,0.1,3,True,
cdf_plateau,0.02,15,MonotoneLSPIA,0.005230490284596322,4.4364512064022255e-13,0.015520351997110993,0.015520351997110993,,125,True,
cdf_plateau,0.02,15,Penalized monotone B-spline,0.00521557326501951,2.2182256032011127e-13,0.039422750007361174,0.0016474250005558133,0.01,11,True,Optimization terminated successfully
cdf_plateau,0.02,15,pyGAM,0.005202879823825913,4.126454178354756e-10,0.09629669901914895,0.01947681396268308,0.01,2,True,
cdf_plateau,0.02,16,MonotoneLSPIA,0.004618846598834465,2.772782004001391e-14,0.01546867802971974,0.01546867802971974,,128,True,
cdf_plateau,0.02,16,Penalized monotone B-spline,0.004689333894533353,5.545564008002657e-14,0.038495171000249684,0.0023529569734819233,0.01,13,True,Optimization terminated successfully
cdf_plateau,0.02,16,pyGAM,0.005832512421784251,7.25858873007464e-10,0.10340328596066684,0.0170363379875198,0.1,3,True,
cdf_plateau,0.02,17,MonotoneLSPIA,0.003552124000190605,3.3273384048016694e-13,0.010113110998645425,0.010113110998645425,,82,True,
cdf_plateau,0.02,17,Penalized monotone B-spline,0.0036075988848637856,3.3273384048016694e-13,0.040663538966327906,0.0018332059844397008,0.01,13,True,Optimization terminated successfully
cdf_plateau,0.02,17,pyGAM,0.003475662815916525,5.293240845638508e-10,0.1073806100175716,0.018846496008336544,0.001,5,True,
cdf_plateau,0.02,18,MonotoneLSPIA,0.0046590435768861455,3.3273384048016694e-13,0.012086711009033024,0.012086711009033024,,95,True,
cdf_plateau,0.02,18,Penalized monotone B-spline,0.004719286896793816,3.3273384048016694e-13,0.034726248995866627,0.001536394003778696,0.01,10,True,Optimization terminated successfully
cdf_plateau,0.02,18,pyGAM,0.005882991992281829,6.884263159534653e-10,0.09888892801245674,0.018846859980840236,0.1,3,True,
cdf_plateau,0.02,19,MonotoneLSPIA,0.004076859054607578,4.4364512064022255e-13,0.011838366044685245,0.011838366044685245,,97,True,
cdf_plateau,0.02,19,Penalized monotone B-spline,0.004072481175105457,2.2182256032011127e-13,0.03714682604186237,0.001552422996610403,0.0001,11,True,Optimization terminated successfully
cdf_plateau,0.02,19,pyGAM,0.0037197149816380784,1.335704546967513e-09,0.10574779397575185,0.018092877988237888,0.01,2,True,
cdf_plateau,0.02,20,MonotoneLSPIA,0.003914700179774341,3.3273384048016694e-13,0.013368571002501994,0.013368571002501994,,103,True,
cdf_plateau,0.02,20,Penalized monotone B-spline,0.003913074818665151,3.3273384048016694e-13,0.037537869007792324,0.0014924230054020882,0.0001,8,True,Optimization terminated successfully
cdf_plateau,0.02,20,pyGAM,0.0038573487783607283,6.232104832193526e-10,0.10247254301793873,0.0194123950204812,0.01,2,True,
cdf_plateau,0.02,21,MonotoneLSPIA,0.004924116215674448,3.3273384048016694e-13,0.009954286040738225,0.009954286040738225,,79,True,
cdf_plateau,0.02,21,Penalized monotone B-spline,0.00492411586447111,3.3273384048016694e-13,0.035415458027273417,0.001388118020258844,1e-08,8,True,Optimization terminated successfully
cdf_plateau,0.02,21,pyGAM,0.004867824717986772,9.048696791857889e-10,0.10289485799148679,0.01806749199749902,0.001,5,True,
cdf_plateau,0.02,22,MonotoneLSPIA,0.005259289424320013,3.3273384048016694e-13,0.01374508801382035,0.01374508801382035,,108,True,
cdf_plateau,0.02,22,Penalized monotone B-spline,0.005356946777205729,3.3273384048016694e-13,0.03996290999930352,0.0017008070135489106,0.01,10,True,Optimization terminated successfully
cdf_plateau,0.02,22,pyGAM,0.0052406198298140996,5.263849356396095e-10,0.1053791840095073,0.017069018038455397,0.01,2,True,
cdf_plateau,0.02,23,MonotoneLSPIA,0.0049524684029798385,2.2182256032011127e-13,0.016807361971586943,0.016807361971586943,,137,True,
cdf_plateau,0.02,23,Penalized monotone B-spline,0.004870905004948171,0.0,0.042912242002785206,0.0020285859936848283,0.01,14,True,Optimization terminated successfully
cdf_plateau,0.02,23,pyGAM,0.004733722705645845,0.0,0.1068623720202595,0.018561228003818542,0.001,5,True,
cdf_plateau,0.02,24,MonotoneLSPIA,0.006169531566458112,0.0,0.018097680003847927,0.018097680003847927,,152,True,
cdf_plateau,0.02,24,Penalized monotone B-spline,0.00616918385939174,0.0,0.03963643900351599,0.0017679750453680754,0.0001,13,True,Optimization terminated successfully
cdf_plateau,0.02,24,pyGAM,0.006752708698159925,0.0,0.09257460501976311,0.012333824997767806,0.1,2,True,
cdf_plateau,0.02,25,MonotoneLSPIA,0.005133976782869349,4.159173006001993e-14,0.01790636300574988,0.01790636300574988,,150,True,
cdf_plateau,0.02,25,Penalized monotone B-spline,0.005130587839631074,4.159173006001993e-14,0.03865746298106387,0.001926077005919069,0.0001,14,True,Optimization terminated successfully
cdf_plateau,0.02,25,pyGAM,0.004831667169473456,3.0855518140526623e-10,0.09793664998142049,0.021067057037726045,0.01,2,True,
cdf_plateau,0.02,26,MonotoneLSPIA,0.004756512928197281,4.159173006001971e-14,0.017954672977793962,0.017954672977793962,,137,True,
cdf_plateau,0.02,26,Penalized monotone B-spline,0.004640145065709068,0.0,0.04294843098614365,0.0019721940043382347,0.01,14,True,Optimization terminated successfully
cdf_plateau,0.02,26,pyGAM,0.004781413452418426,0.0,0.10609498899430037,0.01518265000777319,0.1,3,True,
cdf_plateau,0.02,27,MonotoneLSPIA,0.004561832875844932,4.159173006001993e-14,0.010234809014946222,0.010234809014946222,,79,True,
cdf_plateau,0.02,27,Penalized monotone B-spline,0.0043603970820472624,4.159173006001993e-14,0.036743612959980965,0.0015889200149104,0.01,10,True,Optimization terminated successfully
cdf_plateau,0.02,27,pyGAM,0.004329363076602524,4.560117283780561e-10,0.10668779700063169,0.01956571004120633,0.01,2,True,
cdf_plateau,0.02,28,MonotoneLSPIA,0.006404441888568413,2.772782004001391e-14,0.015020430961158127,0.015020430961158127,,121,True,
cdf_plateau,0.02,28,Penalized monotone B-spline,0.0061826026617625525,4.1591730060020287e-14,0.04144931200426072,0.0017365340027026832,0.01,12,True,Optimization terminated successfully
cdf_plateau,0.02,28,pyGAM,0.006366762040514488,2.3940199822547346e-10,0.10585946199717,0.018328801030293107,0.001,5,True,
cdf_plateau,0.02,29,MonotoneLSPIA,0.005107972210493475,3.3273384048016694e-13,0.017852060962468386,0.017852060962468386,,152,True,
cdf_plateau,0.02,29,Penalized monotone B-spline,0.005107971737956791,2.2182256032011127e-13,0.03963459702208638,0.0022859919699840248,1e-08,14,True,Optimization terminated successfully
cdf_plateau,0.02,29,pyGAM,0.0048859819639797426,2.2448443104395262e-10,0.1074527790187858,0.021597359038423747,0.01,2,True,
cdf_plateau,0.02,30,MonotoneLSPIA,0.0056275053530226065,3.3273384048016694e-13,0.015530553995631635,0.015530553995631635,,112,True,
cdf_plateau,0.02,30,Penalized monotone B-spline,0.005532479688117509,3.3273384048016694e-13,0.044005431002005935,0.002169363957364112,0.01,13,True,Optimization terminated successfully
cdf_plateau,0.02,30,pyGAM,0.005393146670449537,6.127848228843074e-10,0.11946828104555607,0.023450478038284928,0.01,2,True,
cdf_plateau,0.02,31,MonotoneLSPIA,0.005950803877788557,4.1591730060020287e-14,0.019879037979990244,0.019879037979990244,,131,True,
cdf_plateau,0.02,31,Penalized monotone B-spline,0.006041693396920419,2.772782004001391e-14,0.04884907300584018,0.002163904020562768,0.01,12,True,Optimization terminated successfully
cdf_plateau,0.02,31,pyGAM,0.007149598160806619,5.914344014534885e-10,0.1345865449984558,0.018108056974597275,0.1,4,True,
cdf_plateau,0.02,32,MonotoneLSPIA,0.005385658480035137,4.1591730060020287e-14,0.017542141024023294,0.017542141024023294,,124,True,
cdf_plateau,0.02,32,Penalized monotone B-spline,0.005381016873820066,2.772782004001391e-14,0.043343990051653236,0.0020923599950037897,0.01,13,True,Optimization terminated successfully
cdf_plateau,0.02,32,pyGAM,0.005365263905662973,8.542386797927248e-10,0.11352707498008385,0.021463599987328053,0.01,2,True,
cdf_plateau,0.02,33,MonotoneLSPIA,0.006881296069909865,4.159173006002087e-14,0.021269127959385514,0.021269127959385514,,147,True,
cdf_plateau,0.02,33,Penalized monotone B-spline,0.006879307186019623,2.772782004001391e-14,0.04468427202664316,0.0017914549680426717,0.0001,9,True,Optimization terminated successfully
cdf_plateau,0.02,33,pyGAM,0.006750813086527273,2.1306056918746097e-10,0.12524572003167123,0.022066335019189864,0.01,2,True,
cdf_plateau,0.02,34,MonotoneLSPIA,0.006227330209685841,2.772782004001391e-14,0.015478084969799966,0.015478084969799966,,107,True,
cdf_plateau,0.02,34,Penalized monotone B-spline,0.006153962194535475,4.1591730060020287e-14,0.04706624697428197,0.0020222970051690936,0.01,11,True,Optimization terminated successfully
cdf_plateau,0.02,34,pyGAM,0.006179505194570134,2.473321547569206e-10,0.11783325299620628,0.021128994994796813,0.001,5,True,
cdf_plateau,0.02,35,MonotoneLSPIA,0.0034194259409079187,2.7727820040013524e-14,0.020794533018488437,0.020794533018488437,,154,True,
cdf_plateau,0.02,35,Penalized monotone B-spline,0.003274765898534732,2.772782004001391e-14,0.04444820003118366,0.0020861399825662374,0.01,12,True,Optimization terminated successfully
cdf_plateau,0.02,35,pyGAM,0.004011203643061962,1.0283693896440216e-09,0.11125016602454707,0.01754331699339673,0.1,2,True,
cdf_plateau,0.02,36,MonotoneLSPIA,0.0059743717235780005,2.2182256032011127e-13,0.015413076034747064,0.015413076034747064,,111,True,
cdf_plateau,0.02,36,Penalized monotone B-spline,0.006053810100774392,3.3273384048016694e-13,0.0455845880205743,0.0018250099965371192,0.01,9,True,Optimization terminated successfully
cdf_plateau,0.02,36,pyGAM,0.006044387956959708,4.3144487982261643e-10,0.11692153697367758,0.02175328100565821,0.01,2,True,
cdf_plateau,0.02,37,MonotoneLSPIA,0.004074720967051116,4.4364512064022255e-13,0.01235460804309696,0.01235460804309696,,85,True,
cdf_plateau,0.02,37,Penalized monotone B-spline,0.004179488202662989,3.3273384048016694e-13,0.04220341896871105,0.0020614259992726147,0.01,13,True,Optimization terminated successfully
cdf_plateau,0.02,37,pyGAM,0.004805378986652803,7.923501854634375e-10,0.11403589695692062,0.025552042992785573,0.1,3,True,
cdf_plateau,0.02,38,MonotoneLSPIA,0.004374639980700191,4.159173006002087e-14,0.021711207984481007,0.021711207984481007,,152,True,
cdf_plateau,0.02,38,Penalized monotone B-spline,0.004435037925908503,2.772782004001391e-14,0.046270199003629386,0.0023347199894487858,0.01,14,True,Optimization terminated successfully
cdf_plateau,0.02,38,pyGAM,0.004952281316664928,6.466682189731685e-10,0.12292887701187283,0.021775593981146812,0.1,3,True,
cdf_plateau,0.02,39,MonotoneLSPIA,0.005431988943227209,2.7727820040013524e-14,0.016159679973497987,0.016159679973497987,,114,True,
cdf_plateau,0.02,39,Penalized monotone B-spline,0.00534335651955495,5.545564008002705e-14,0.044079230981878936,0.002044511027634144,0.01,12,True,Optimization terminated successfully
cdf_plateau,0.02,39,pyGAM,0.00515147800529697,2.6956986642900776e-10,0.11773779400391504,0.021378103992901742,0.01,2,True,
cdf_plateau,0.02,40,MonotoneLSPIA,0.006308047511640511,2.772782004001391e-14,0.01800303003983572,0.01800303003983572,,131,True,
cdf_plateau,0.02,40,Penalized monotone B-spline,0.006460750270719541,4.159173006001993e-14,0.04231137700844556,0.0020741469925269485,0.01,12,True,Optimization terminated successfully
cdf_plateau,0.02,40,pyGAM,0.008073821385208488,1.1697258162079944e-09,0.11319462000392377,0.017696698021609336,0.1,2,True,
cdf_plateau,0.02,41,MonotoneLSPIA,0.005451696279823838,0.0,0.023089582042302936,0.023089582042302936,,170,True,
cdf_plateau,0.02,41,Penalized monotone B-spline,0.005304114896837348,0.0,0.047574408003129065,0.002481168950907886,0.01,16,True,Optimization terminated successfully
cdf_plateau,0.02,41,pyGAM,0.005138535989255468,0.0,0.12682998197851703,0.01805700099794194,0.1,4,True,
cdf_plateau,0.02,42,MonotoneLSPIA,0.00584338894981263,3.3273384048016694e-13,0.016421644017100334,0.016421644017100334,,116,True,
cdf_plateau,0.02,42,Penalized monotone B-spline,0.005843385924681734,4.4364512064022255e-13,0.04359314002795145,0.0021286659757606685,1e-08,13,True,Optimization terminated successfully
cdf_plateau,0.02,42,pyGAM,0.005593537041139368,3.041187301988662e-10,0.10979298001620919,0.0179766479996033,0.01,2,True,
cdf_plateau,0.02,43,MonotoneLSPIA,0.004094002422978917,0.0,0.019831694022286683,0.019831694022286683,,143,True,
cdf_plateau,0.02,43,Penalized monotone B-spline,0.0040713641590025785,0.0,0.04700809600763023,0.0020654069958254695,0.01,11,True,Optimization terminated successfully
cdf_plateau,0.02,43,pyGAM,0.003954008846684572,0.0,0.1166630550287664,0.018017623980995268,0.01,2,True,
cdf_plateau,0.02,44,MonotoneLSPIA,0.005283549724749326,0.0,0.023279481974896044,0.023279481974896044,,164,True,
cdf_plateau,0.02,44,Penalized monotone B-spline,0.005238690255296454,0.0,0.048024201998487115,0.002183720003813505,0.01,12,True,Optimization terminated successfully
cdf_plateau,0.02,44,pyGAM,0.005185645243974728,1.6193046903368123e-11,0.12068476801505312,0.018203512008767575,0.01,2,True,
cdf_plateau,0.02,45,MonotoneLSPIA,0.006522614197787318,4.159173006001971e-14,0.01648195000598207,0.01648195000598207,,116,True,
cdf_plateau,0.02,45,Penalized monotone B-spline,0.006419423257037585,4.1591730060020287e-14,0.04580473399255425,0.0022282350109890103,0.01,11,True,Optimization terminated successfully
cdf_plateau,0.02,45,pyGAM,0.006008754870583878,2.6230517757852433e-10,0.12457595794694498,0.021466499951202422,0.1,3,True,
cdf_plateau,0.02,46,MonotoneLSPIA,0.005515916359053476,4.1591730060020287e-14,0.018054630025289953,0.018054630025289953,,124,True,
cdf_plateau,0.02,46,Penalized monotone B-spline,0.005504228924639867,2.772782004001391e-14,0.03878554800758138,0.0016264659934677184,0.01,10,True,Optimization terminated successfully
cdf_plateau,0.02,46,pyGAM,0.005469911450898382,7.179287164760202e-10,0.11241767299361527,0.021769709012005478,0.001,6,True,
cdf_plateau,0.02,47,MonotoneLSPIA,0.0031895765060727245,4.159173006002087e-14,0.015392330009490252,0.015392330009490252,,110,True,
cdf_plateau,0.02,47,Penalized monotone B-spline,0.0030672336110536677,4.159173006001993e-14,0.03713106201030314,0.0019064159714616835,0.01,13,True,Optimization terminated successfully
cdf_plateau,0.02,47,pyGAM,0.0037532458909747576,8.468630796620931e-10,0.09789081499911845,0.021733793953899294,0.1,2,True,
cdf_plateau,0.02,48,MonotoneLSPIA,0.006083299131958178,2.7727820040013285e-14,0.017576612008269876,0.017576612008269876,,124,True,
cdf_plateau,0.02,48,Penalized monotone B-spline,0.006139578413043684,4.159173006001993e-14,0.040440745011437684,0.0016980459913611412,0.01,10,True,Optimization terminated successfully
cdf_plateau,0.02,48,pyGAM,0.006516280667537283,2.5631596844988146e-10,0.10372756101423874,0.015697518014349043,0.1,3,True,
cdf_plateau,0.02,49,MonotoneLSPIA,0.0061484520795701625,0.0,0.023491753032431006,0.023491753032431006,,200,True,
cdf_plateau,0.02,49,Penalized monotone B-spline,0.005852552680483049,0.0,0.04167694295756519,0.002004656009376049,0.01,15,True,Optimization terminated successfully
cdf_plateau,0.02,49,pyGAM,0.005841051770440881,0.0,0.08607081900117919,0.012348556017968804,0.1,2,True,
cdf_plateau,0.02,50,MonotoneLSPIA,0.0026531656066620325,3.3273384048016694e-13,0.015510480967350304,0.015510480967350304,,123,True,
cdf_plateau,0.02,50,Penalized monotone B-spline,0.0027996966862485753,3.3273384048016694e-13,0.03700651600956917,0.0015943320468068123,0.01,10,True,Optimization terminated successfully
cdf_plateau,0.02,50,pyGAM,0.004458073052130612,5.706385364234862e-10,0.10423693904886022,0.014979930012486875,0.1,2,True,
cdf_plateau,0.02,51,MonotoneLSPIA,0.0067195839192457215,4.159173006001971e-14,0.015318399004172534,0.015318399004172534,,126,True,
cdf_plateau,0.02,51,Penalized monotone B-spline,0.006721667771187775,2.772782004001391e-14,0.040176446025725454,0.0017489810124970973,0.01,11,True,Optimization terminated successfully
cdf_plateau,0.02,51,pyGAM,0.0066168883466930055,3.5613612059392877e-10,0.11111641500610858,0.015745742013677955,0.01,2,True,
cdf_plateau,0.02,52,MonotoneLSPIA,0.003752595862221477,3.3273384048016694e-13,0.013050617009866983,0.013050617009866983,,99,True,
cdf_plateau,0.02,52,Penalized monotone B-spline,0.003911278651092894,3.3273384048013003e-13,0.04124190000584349,0.0019066270324401557,0.01,14,True,Optimization terminated successfully
cdf_plateau,0.02,52,pyGAM,0.003642913666237337,6.71789623929457e-10,0.09883144497871399,0.018899613991379738,0.001,5,True,
cdf_plateau,0.02,53,MonotoneLSPIA,0.004737857026751193,4.1591730060020287e-14,0.013836831960361451,0.013836831960361451,,114,True,
cdf_plateau,0.02,53,Penalized monotone B-spline,0.0047866600829894424,4.1591730060020287e-14,0.03823000000556931,0.0018031999934464693,0.01,12,True,Optimization terminated successfully
cdf_plateau,0.02,53,pyGAM,0.005623412875624029,6.002518482262128e-10,0.10480413300683722,0.018752969976048917,0.1,3,True,
cdf_plateau,0.02,54,MonotoneLSPIA,0.005442422412280662,4.159173006002087e-14,0.019119899021461606,0.019119899021461606,,103,True,
cdf_plateau,0.02,54,Penalized monotone B-spline,0.005415770568014611,4.159173006001993e-14,0.057512498984579,0.0026705589843913913,0.01,10,True,Optimization terminated successfully
cdf_plateau,0.02,54,pyGAM,0.005395021644559512,1.1680621470055936e-09,0.10305117402458563,0.018432651995681226,0.01,2,True,
cdf_plateau,0.02,55,MonotoneLSPIA,0.00406730022673493,3.3273384048016694e-13,0.008756880008149892,0.008756880008149892,,68,True,
cdf_plateau,0.02,55,Penalized monotone B-spline,0.004065898506370759,3.3273384048016694e-13,0.0346513869590126,0.0015118269948288798,0.0001,10,True,Optimization terminated successfully
cdf_plateau,0.02,55,pyGAM,0.004003370603926653,7.178732608359402e-10,0.10051799798384309,0.021244602976366878,0.01,2,True,
cdf_plateau,0.02,56,MonotoneLSPIA,0.005860344820926458,2.2182256032011127e-13,0.016139457002282143,0.016139457002282143,,109,True,
cdf_plateau,0.02,56,Penalized monotone B-spline,0.005660963733341579,3.3273384048016694e-13,0.042578030028380454,0.002253765007480979,0.01,11,True,Optimization terminated successfully
cdf_plateau,0.02,56,pyGAM,0.005686045944476681,7.051184636175439e-10,0.10866883298149332,0.016350894002243876,0.01,2,True,
cdf_plateau,0.02,57,MonotoneLSPIA,0.004088856887787001,2.2182256032011127e-13,0.011808938987087458,0.011808938987087458,,90,True,
cdf_plateau,0.02,57,Penalized monotone B-spline,0.004125391980520411,4.4364512064022255e-13,0.038942072016652673,0.0014225880149751902,0.01,8,True,Optimization terminated successfully
cdf_plateau,0.02,57,pyGAM,0.00415183306451297,4.844604717391231e-10,0.10996618203353137,0.01685370603809133,0.01,2,True,
cdf_plateau,0.02,58,MonotoneLSPIA,0.0059003351212919995,3.3273384048016694e-13,0.018877368012908846,0.018877368012908846,,157,True,
cdf_plateau,0.02,58,Penalized monotone B-spline,0.005892718748404288,3.3273384048016694e-13,0.03963935503270477,0.0019629240268841386,0.0001,13,True,Optimization terminated successfully
cdf_plateau,0.02,58,pyGAM,0.0052372433156105125,4.763639482873861e-10,0.10482278501149267,0.016409320989623666,0.01,2,True,
cdf_plateau,0.02,59,MonotoneLSPIA,0.0041745892705177595,3.3273384048016694e-13,0.016268685983959585,0.016268685983959585,,131,True,
cdf_plateau,0.02,59,Penalized monotone B-spline,0.004173038951672608,2.2182256032011127e-13,0.04221836797660217,0.0017932600458152592,0.0001,10,True,Optimization terminated successfully
cdf_plateau,0.02,59,pyGAM,0.00390912907128164,2.0429857805482248e-10,0.1157949409680441,0.022465341025963426,0.01,2,True,
cdf_plateau,0.02,60,MonotoneLSPIA,0.005401597780902731,0.0,0.025739762000739574,0.025739762000739574,,186,True,
cdf_plateau,0.02,60,Penalized monotone B-spline,0.005434604742247891,0.0,0.04665590403601527,0.002395545016042888,0.01,15,True,Optimization terminated successfully
cdf_plateau,0.02,60,pyGAM,0.00600751684475458,0.0,0.11735800199676305,0.018802278966177255,0.1,3,True,
cdf_plateau,0.02,61,MonotoneLSPIA,0.005029568044598073,4.4364512064022255e-13,0.01844732800964266,0.01844732800964266,,127,True,
cdf_plateau,0.02,61,Penalized monotone B-spline,0.005029586055362324,4.4364512064022255e-13,0.045282955979928374,0.002117075026035309,1e-08,11,True,Optimization terminated successfully
cdf_plateau,0.02,61,pyGAM,0.004371567641586669,5.727458507465273e-10,0.12221611698623747,0.019378832017537206,0.01,2,True,
cdf_plateau,0.02,62,MonotoneLSPIA,0.0067272518547307324,0.0,0.023026196053251624,0.023026196053251624,,160,True,
cdf_plateau,0.02,62,Penalized monotone B-spline,0.006640494022650166,0.0,0.05061254999600351,0.002349013986531645,0.01,13,True,Optimization terminated successfully
cdf_plateau,0.02,62,pyGAM,0.006611796500337081,1.200060051331669e-10,0.11165811499813572,0.018745441979262978,0.01,2,True,
cdf_plateau,0.02,63,MonotoneLSPIA,0.005802425614976012,3.3273384048016694e-13,0.015037093020509928,0.015037093020509928,,103,True,
cdf_plateau,0.02,63,Penalized monotone B-spline,0.005849151684144536,3.3273384048016694e-13,0.042751474014949054,0.0018735239864327013,0.01,10,True,Optimization terminated successfully
cdf_plateau,0.02,63,pyGAM,0.006645579595441105,6.965228394051301e-10,0.12266931700287387,0.026130711019504815,0.1,3,True,
cdf_plateau,0.02,64,MonotoneLSPIA,0.005131400986047244,3.3273384048016694e-13,0.018545777013059705,0.018545777013059705,,128,True,
cdf_plateau,0.02,64,Penalized monotone B-spline,0.0051664438666008256,3.3273384048013003e-13,0.04966200899798423,0.0024781000101938844,0.01,13,True,Optimization terminated successfully
cdf_plateau,0.02,64,pyGAM,0.005075076172105889,1.5261392150021963e-10,0.1303104200051166,0.021755810012109578,0.001,5,True,
cdf_plateau,0.02,65,MonotoneLSPIA,0.005065310981437238,3.3273384048016694e-13,0.010359706997405738,0.010359706997405738,,69,True,
cdf_plateau,0.02,65,Penalized monotone B-spline,0.005045565358827549,3.3273384048016694e-13,0.04373659199336544,0.001842492027208209,0.01,10,True,Optimization terminated successfully
cdf_plateau,0.02,65,pyGAM,0.00501275001433343,6.250405193419763e-10,0.11117907596053556,0.024713110993616283,0.01,2,True,
cdf_plateau,0.02,66,MonotoneLSPIA,0.006790538148137486,0.0,0.025751366978511214,0.025751366978511214,,194,True,
cdf_plateau,0.02,66,Penalized monotone B-spline,0.006809469588243886,0.0,0.047898258024360985,0.0020231870003044605,0.01,10,True,Optimization terminated successfully
cdf_plateau,0.02,66,pyGAM,0.007230861087309228,0.0,0.10438555100699887,0.01413002097979188,0.1,2,True,
cdf_plateau,0.02,67,MonotoneLSPIA,0.004597794974184137,3.3273384048016694e-13,0.014236546994652599,0.014236546994652599,,100,True,
cdf_plateau,0.02,67,Penalized monotone B-spline,0.0043235767704268785,2.2182256032011127e-13,0.04285509302280843,0.0020457400241866708,0.01,12,True,Optimization terminated successfully
cdf_plateau,0.02,67,pyGAM,0.0037588361228440086,6.253177975423764e-10,0.12213825096841902,0.018009215011261404,0.1,3,True,
cdf_plateau,0.02,68,MonotoneLSPIA,0.004310767321324117,3.3273384048016694e-13,0.01292398595251143,0.01292398595251143,,88,True,
cdf_plateau,0.02,68,Penalized monotone B-spline,0.004272132654193417,3.3273384048016694e-13,0.04275219002738595,0.0018790420144796371,0.01,11,True,Optimization terminated successfully
cdf_plateau,0.02,68,pyGAM,0.004255924838647715,8.669380213710508e-10,0.10984814300900325,0.021157087001483887,0.01,2,True,
cdf_plateau,0.02,69,MonotoneLSPIA,0.005353022881506895,0.0,0.025858523964416236,0.025858523964416236,,188,True,
cdf_plateau,0.02,69,Penalized monotone B-spline,0.005406852090452642,0.0,0.04763819999061525,0.00235415599308908,0.01,13,True,Optimization terminated successfully
cdf_plateau,0.02,69,pyGAM,0.006093631253228389,0.0,0.1231302410014905,0.019086144980974495,0.1,3,True,
cdf_plateau,0.02,70,MonotoneLSPIA,0.006357567997428032,2.7727820040013524e-14,0.02257481002015993,0.02257481002015993,,161,True,
cdf_plateau,0.02,70,Penalized monotone B-spline,0.006318494129674159,2.772782004001391e-14,0.044908137002494186,0.002062773040961474,0.01,12,True,Optimization terminated successfully
cdf_plateau,0.02,70,pyGAM,0.006801251634234073,5.989763685043721e-10,0.11361811897950247,0.017505754018202424,0.1,2,True,
cdf_plateau,0.02,71,MonotoneLSPIA,0.005261610643820076,3.3273384048016694e-13,0.013639595999848098,0.013639595999848098,,96,True,
cdf_plateau,0.02,71,Penalized monotone B-spline,0.00529334320351074,2.2182256032011127e-13,0.04307847301242873,0.0020848449785262346,0.01,12,True,Optimization terminated successfully
cdf_plateau,0.02,71,pyGAM,0.005289263833774921,2.8737112689470414e-10,0.12109942204551771,0.021772177948150784,0.001,5,True,
cdf_plateau,0.02,72,MonotoneLSPIA,0.005921071531470711,4.436451206401733e-13,0.0151458450127393,0.0151458450127393,,103,True,
cdf_plateau,0.02,72,Penalized monotone B-spline,0.006054006909205994,3.3273384048016694e-13,0.04383416200289503,0.0021962840110063553,0.01,13,True,Optimization terminated successfully
cdf_plateau,0.02,72,pyGAM,0.0058475117298589716,5.10302800016416e-10,0.12635174702154472,0.018497370998375118,0.001,4,True,
cdf_plateau,0.02,73,MonotoneLSPIA,0.005611271879624369,2.2182256032011127e-13,0.020219166995957494,0.020219166995957494,,144,True,
cdf_plateau,0.02,73,Penalized monotone B-spline,0.005709409422852918,2.2182256032011127e-13,0.046863597992341965,0.0022631179890595376,0.01,15,True,Optimization terminated successfully
cdf_plateau,0.02,73,pyGAM,0.006146019902635147,4.770294159683993e-10,0.1217938149929978,0.018055986962281168,0.1,2,True,
cdf_plateau,0.02,74,MonotoneLSPIA,0.005733668830780694,2.772782004001391e-14,0.017228054988663644,0.017228054988663644,,116,True,
cdf_plateau,0.02,74,Penalized monotone B-spline,0.005705636166242121,2.772782004001314e-14,0.04465494299074635,0.0019257640233263373,0.01,10,True,Optimization terminated successfully
cdf_plateau,0.02,74,pyGAM,0.006311391150250017,2.928057796225469e-10,0.1166883300174959,0.01825819001533091,0.1,2,True,
cdf_plateau,0.02,75,MonotoneLSPIA,0.004945251903990483,4.159173006002087e-14,0.019490331003908068,0.019490331003908068,,135,True,
cdf_plateau,0.02,75,Penalized monotone B-spline,0.004999730259334492,2.772782004001391e-14,0.04262831999221817,0.0019609250011853874,0.01,12,True,Optimization terminated successfully
cdf_plateau,0.02,75,pyGAM,0.005566364826542956,4.498006966890807e-10,0.11961033998522907,0.02244237600825727,0.1,2,True,
cdf_plateau,0.02,76,MonotoneLSPIA,0.0050059767736501315,0.0,0.027055801008827984,0.027055801008827984,,190,True,
cdf_plateau,0.02,76,Penalized monotone B-spline,0.004762146301974083,0.0,0.039470440009608865,0.0018075020052492619,0.01,12,True,Optimization terminated successfully
cdf_plateau,0.02,76,pyGAM,0.0047010790829411795,0.0,0.10528589499881491,0.016116909042466432,0.01,2,True,
cdf_plateau,0.02,77,MonotoneLSPIA,0.004774183638794362,3.3273384048016694e-13,0.012644740985706449,0.012644740985706449,,102,True,
cdf_plateau,0.02,77,Penalized monotone B-spline,0.00485417931221258,3.3273384048013003e-13,0.039333341002929956,0.0017341289785690606,0.01,10,True,Optimization terminated successfully
cdf_plateau,0.02,77,pyGAM,0.0048877485127701665,6.276469344257549e-10,0.10541108599863946,0.01920881704427302,0.01,2,True,
cdf_plateau,0.02,78,MonotoneLSPIA,0.005937890946688651,4.4364512064022255e-13,0.018665380019228905,0.018665380019228905,,154,True,
cdf_plateau,0.02,78,Penalized monotone B-spline,0.005869492477142828,3.3273384048016694e-13,0.040318158047739416,0.0019125380204059184,0.01,13,True,Optimization terminated successfully
cdf_plateau,0.02,78,pyGAM,0.005866333621463916,2.899220863383854e-10,0.09541909000836313,0.017590920033399016,0.01,2,True,
cdf_plateau,0.02,79,MonotoneLSPIA,0.006187317804902498,2.772782004001391e-14,0.015578972990624607,0.015578972990624607,,129,True,
cdf_plateau,0.02,79,Penalized monotone B-spline,0.006004856345309703,4.1591730060020287e-14,0.04140261001884937,0.00194904999807477,0.01,15,True,Optimization terminated successfully
cdf_plateau,0.02,79,pyGAM,0.00574895281896741,0.0,0.09971060400130227,0.013657369010616094,0.1,2,True,
cdf_plateau,0.02,80,MonotoneLSPIA,0.004731673443550059,4.159173006001971e-14,0.013307332992553711,0.013307332992553711,,109,True,
cdf_plateau,0.02,80,Penalized monotone B-spline,0.004357595203592516,0.0,0.03963330900296569,0.0018617479945532978,0.01,12,True,Optimization terminated successfully
cdf_plateau,0.02,80,pyGAM,0.004656316012026306,1.0131745442620801e-10,0.10423978400649503,0.018250545021146536,0.001,5,True,
cdf_plateau,0.02,81,MonotoneLSPIA,0.004491015279715264,2.7727820040013524e-14,0.01752921298611909,0.01752921298611909,,144,True,
cdf_plateau,0.02,81,Penalized monotone B-spline,0.0046301076556739445,4.159173006001993e-14,0.03863484598696232,0.0017588379560038447,0.01,12,True,Optimization terminated successfully
cdf_plateau,0.02,81,pyGAM,0.005862960709248971,5.371987854552146e-10,0.10592058097245172,0.0162043459713459,0.1,3,True,
cdf_plateau,0.02,82,MonotoneLSPIA,0.004699227162724962,2.772782004001391e-14,0.016897817025892437,0.016897817025892437,,138,True,
cdf_plateau,0.02,82,Penalized monotone B-spline,0.004821098216820932,2.7727820040013524e-14,0.038403976999688894,0.0017434179899282753,0.01,13,True,Optimization terminated successfully
cdf_plateau,0.02,82,pyGAM,0.005985589311854993,7.33844485178998e-10,0.10813824902288616,0.022153914032969624,0.1,4,True,
cdf_plateau,0.02,83,MonotoneLSPIA,0.0074081994455382225,0.0,0.018543664016760886,0.018543664016760886,,154,True,
cdf_plateau,0.02,83,Penalized monotone B-spline,0.007111396580926198,0.0,0.04270355496555567,0.0017159050330519676,0.01,11,True,Optimization terminated successfully
cdf_plateau,0.02,83,pyGAM,0.007087116757760288,0.0,0.10484592599095777,0.015530442993622273,0.01,2,True,
cdf_plateau,0.02,84,MonotoneLSPIA,0.006545991398080056,3.3273384048016694e-13,0.019089991983491927,0.019089991983491927,,156,True,
cdf_plateau,0.02,84,Penalized monotone B-spline,0.00646976421712017,2.2182256032011127e-13,0.042828275996726006,0.0020231360103935003,0.01,15,True,Optimization terminated successfully
cdf_plateau,0.02,84,pyGAM,0.006585670041493162,0.0,0.09689805202651769,0.01772610400803387,0.1,3,True,
cdf_plateau,0.02,85,MonotoneLSPIA,0.006516194728291326,4.159173006001971e-14,0.01673778600525111,0.01673778600525111,,124,True,
cdf_plateau,0.02,85,Penalized monotone B-spline,0.0065054141945970366,2.772782004001391e-14,0.041412183025386184,0.0015541830216534436,0.01,10,True,Optimization terminated successfully
cdf_plateau,0.02,85,pyGAM,0.006390108309650167,9.307674631031869e-10,0.11018195399083197,0.015448760008439422,0.01,2,True,
cdf_plateau,0.02,86,MonotoneLSPIA,0.005266035502818706,3.3273384048016694e-13,0.013959299016278237,0.013959299016278237,,114,True,
cdf_plateau,0.02,86,Penalized monotone B-spline,0.005265976039470352,2.2182256032011127e-13,0.038352866016793996,0.001566086953971535,1e-08,10,True,Optimization terminated successfully
cdf_plateau,0.02,86,pyGAM,0.005248363820216289,3.101633949675891e-10,0.10159162897616625,0.021611554024275392,0.001,6,True,
cdf_plateau,0.02,87,MonotoneLSPIA,0.005357001712754441,5.545564008002657e-14,0.012833172979298979,0.012833172979298979,,103,True,
cdf_plateau,0.02,87,Penalized monotone B-spline,0.005371657370209013,4.159173006002087e-14,0.03373648598790169,0.0017806480173021555,0.01,13,True,Optimization terminated successfully
cdf_plateau,0.02,87,pyGAM,0.005378543934622411,5.109682676973621e-10,0.09771142201498151,0.019184769014827907,0.01,2,True,
cdf_plateau,0.02,88,MonotoneLSPIA,0.005739126019598019,2.2182256032011127e-13,0.011197782005183399,0.011197782005183399,,93,True,
cdf_plateau,0.02,88,Penalized monotone B-spline,0.0054949384293379085,3.3273384048013003e-13,0.0369402400101535,0.0015287169953808188,0.01,10,True,Optimization terminated successfully
cdf_plateau,0.02,88,pyGAM,0.005312143083564515,6.614748748745718e-10,0.10613360902061686,0.01972710102563724,0.01,2,True,
cdf_plateau,0.02,89,MonotoneLSPIA,0.0036943896375106655,2.772782004001314e-14,0.019151014043018222,0.019151014043018222,,141,True,
cdf_plateau,0.02,89,Penalized monotone B-spline,0.0036890388810679607,4.159173006001971e-14,0.038804758980404586,0.0018376449588686228,0.01,12,True,Optimization terminated successfully
cdf_plateau,0.02,89,pyGAM,0.0036646762554569646,7.291862114122655e-10,0.09934580698609352,0.019518011016771197,0.001,5,True,
cdf_plateau,0.02,90,MonotoneLSPIA,0.00875623028803689,0.0,0.018509818008169532,0.018509818008169532,,161,True,
cdf_plateau,0.02,90,Penalized monotone B-spline,0.008666241762756313,0.0,0.03989696403732523,0.0017475069616921246,0.01,12,True,Optimization terminated successfully
cdf_plateau,0.02,90,pyGAM,0.008604458843352092,0.0,0.10645289102103561,0.018591657979413867,0.01,2,True,
cdf_plateau,0.02,91,MonotoneLSPIA,0.007775504750268835,0.0,0.020990185032133013,0.020990185032133013,,158,True,
cdf_plateau,0.02,91,Penalized monotone B-spline,0.007866905441057167,0.0,0.04115811799420044,0.0016802240279503167,0.01,10,True,Optimization terminated successfully
cdf_plateau,0.02,91,pyGAM,0.008686587774169497,3.2081087786296094e-10,0.10040539997862652,0.012061295041348785,0.1,3,True,
cdf_plateau,0.02,92,MonotoneLSPIA,0.005201583040145275,2.2182256032011127e-13,0.013319304038304836,0.013319304038304836,,110,True,
cdf_plateau,0.02,92,Penalized monotone B-spline,0.004950120014019236,3.3273384048016694e-13,0.03812189004383981,0.0018982890178449452,0.01,14,True,Optimization terminated successfully
cdf_plateau,0.02,92,pyGAM,0.004849483391960687,3.346747878829586e-10,0.11767884704750031,0.022684880008455366,0.1,3,True,
cdf_plateau,0.02,93,MonotoneLSPIA,0.004765562597847437,4.159173006001993e-14,0.02469888998894021,0.02469888998894021,,173,True,
cdf_plateau,0.02,93,Penalized monotone B-spline,0.004670009902565412,3.3273384048016694e-13,0.045912131026852876,0.0024312580353580415,0.01,14,True,Optimization terminated successfully
cdf_plateau,0.02,93,pyGAM,0.004654103237902223,5.320968665678521e-10,0.12079356698086485,0.022434034966863692,0.01,3,True,
cdf_plateau,0.02,94,MonotoneLSPIA,0.005526104023492316,3.3273384048016694e-13,0.016447686997707933,0.016447686997707933,,110,True,
cdf_plateau,0.02,94,Penalized monotone B-spline,0.005454747360850347,3.3273384048016694e-13,0.04556559899356216,0.002235434018075466,0.01,13,True,Optimization terminated successfully
cdf_plateau,0.02,94,pyGAM,0.005423015118650337,5.10413711296576e-10,0.12399914400884882,0.02240130602149293,0.1,2,True,
cdf_plateau,0.02,95,MonotoneLSPIA,0.007150266290274768,0.0,0.02669108205009252,0.02669108205009252,,191,True,
cdf_plateau,0.02,95,Penalized monotone B-spline,0.007117898635199729,0.0,0.04571251798188314,0.0020908580045215786,0.01,11,True,Optimization terminated successfully
cdf_plateau,0.02,95,pyGAM,0.007068524381825105,0.0,0.12008916598279029,0.018541302997618914,0.1,2,True,
cdf_plateau,0.02,96,MonotoneLSPIA,0.0064569956309016826,2.772782004001391e-14,0.015021722007077187,0.015021722007077187,,101,True,
cdf_plateau,0.02,96,Penalized monotone B-spline,0.006403553512250728,2.772782004001391e-14,0.04528348601888865,0.001992914010770619,0.01,11,True,Optimization terminated successfully
cdf_plateau,0.02,96,pyGAM,0.006354413219194733,7.379482025449097e-10,0.1259441589936614,0.022163514979183674,0.01,2,True,
cdf_plateau,0.02,97,MonotoneLSPIA,0.004273262600493345,4.159173006001993e-14,0.018281641008798033,0.018281641008798033,,135,True,
cdf_plateau,0.02,97,Penalized monotone B-spline,0.004345858190178694,4.1591730060020287e-14,0.04359032300999388,0.002031743002589792,0.01,12,True,Optimization terminated successfully
cdf_plateau,0.02,97,pyGAM,0.005390480365897841,2.850974456514151e-10,0.12355371000012383,0.021169963001739234,0.1,3,True,
cdf_plateau,0.02,98,MonotoneLSPIA,0.00406788657554132,3.3273384048016694e-13,0.012863923038821667,0.012863923038821667,,91,True,
cdf_plateau,0.02,98,Penalized monotone B-spline,0.004126026927070479,3.3273384048016694e-13,0.04130488203372806,0.0015701990341767669,0.01,8,True,Optimization terminated successfully
cdf_plateau,0.02,98,pyGAM,0.004127523449802259,3.7820746534578973e-10,0.11428448499646038,0.02249340299749747,0.01,2,True,
cdf_plateau,0.02,99,MonotoneLSPIA,0.006219945212089952,3.3273384048016694e-13,0.022473138000350446,0.022473138000350446,,158,True,
cdf_plateau,0.02,99,Penalized monotone B-spline,0.005982173129909283,3.3273384048016694e-13,0.046546533005312085,0.0022813240066170692,0.01,13,True,Optimization terminated successfully
cdf_plateau,0.02,99,pyGAM,0.005114358517149185,9.4718233256677e-11,0.11477029602974653,0.018480039027053863,0.1,3,True,
cdf_plateau,0.02,100,MonotoneLSPIA,0.006714022722777412,3.3273384048016694e-13,0.020906217978335917,0.020906217978335917,,151,True,
cdf_plateau,0.02,100,Penalized monotone B-spline,0.006677872862084881,3.3273384048016694e-13,0.0463724400033243,0.0022078679758124053,0.01,12,True,Optimization terminated successfully
cdf_plateau,0.02,100,pyGAM,0.007031749612186627,2.0962231950250516e-10,0.12764803401660174,0.022388719022274017,0.1,2,True,
cdf_plateau,0.05,1,MonotoneLSPIA,0.009966404898568166,3.3273384048016694e-13,0.022198843013029546,0.022198843013029546,,137,True,
cdf_plateau,0.05,1,Penalized monotone B-spline,0.009966401467532995,3.3273384048013003e-13,0.046590492012910545,0.0019671489717438817,1e-08,11,True,Optimization terminated successfully
cdf_plateau,0.05,1,pyGAM,0.009947697682444778,1.890039125207508e-09,0.12275180197320879,0.02219198102829978,0.001,5,True,
cdf_plateau,0.05,2,MonotoneLSPIA,0.014737572472675613,2.7727820040013285e-14,0.021805274998769164,0.021805274998769164,,150,True,
cdf_plateau,0.05,2,Penalized monotone B-spline,0.014737560153699618,4.159173006001993e-14,0.04684506100602448,0.0023020190419629216,1e-08,13,True,Optimization terminated successfully
cdf_plateau,0.05,2,pyGAM,0.012508780184550728,6.976319522067306e-10,0.13044276204891503,0.017723427969031036,0.1,4,True,
cdf_plateau,0.05,3,MonotoneLSPIA,0.012837977243602075,4.159173006001993e-14,0.012945078022312373,0.012945078022312373,,90,True,
cdf_plateau,0.05,3,Penalized monotone B-spline,0.012710930771077012,2.772782004001391e-14,0.043999416986480355,0.0018612599815241992,0.01,10,True,Optimization terminated successfully
cdf_plateau,0.05,3,pyGAM,0.012673313285526185,2.3788805925128873e-09,0.12445240799570456,0.022369187034200877,0.01,2,True,
cdf_plateau,0.05,4,MonotoneLSPIA,0.009362617191439897,4.4364512064022255e-13,0.016156000026967376,0.016156000026967376,,110,True,
cdf_plateau,0.05,4,Penalized monotone B-spline,0.009362653009754572,3.3273384048016694e-13,0.04243497899733484,0.0019568779971450567,1e-08,11,True,Optimization terminated successfully
cdf_plateau,0.05,4,pyGAM,0.009386629906698925,1.4260417846578758e-09,0.11673162196530029,0.018798921955749393,0.01,2,True,
cdf_plateau,0.05,5,MonotoneLSPIA,0.019364335212382195,0.0,0.025122201011981815,0.025122201011981815,,175,True,
cdf_plateau,0.05,5,Penalized monotone B-spline,0.01930929019137517,0.0,0.04734271694906056,0.0023285310016945004,0.01,13,True,Optimization terminated successfully
cdf_plateau,0.05,5,pyGAM,0.019193963808710923,2.05352235216343e-10,0.11655619298107922,0.018317276029847562,0.1,3,True,
cdf_plateau,0.05,6,MonotoneLSPIA,0.012671514952679298,4.159173006002087e-14,0.016440757957752794,0.016440757957752794,,115,True,
cdf_plateau,0.05,6,Penalized monotone B-spline,0.012578804619390933,2.772782004001391e-14,0.043046492035500705,0.0017240369925275445,0.01,9,True,Optimization terminated successfully
cdf_plateau,0.05,6,pyGAM,0.012297175921918226,1.7837306631740701e-09,0.11624696699436754,0.022698563989251852,0.1,2,True,
cdf_plateau,0.05,7,MonotoneLSPIA,0.012586160238043915,3.3273384048016694e-13,0.015825876966118813,0.015825876966118813,,101,True,
cdf_plateau,0.05,7,Penalized monotone B-spline,0.01225715611922842,2.2182256032011127e-13,0.044584560964722186,0.0018460080027580261,0.01,9,True,Optimization terminated successfully
cdf_plateau,0.05,7,pyGAM,0.010549877044430018,1.6885687847967203e-09,0.120123548025731,0.018224047031253576,0.1,3,True,
cdf_plateau,0.05,8,MonotoneLSPIA,0.015240853778939372,0.0,0.026472944009583443,0.026472944009583443,,186,True,
cdf_plateau,0.05,8,Penalized monotone B-spline,0.015132804146245672,0.0,0.04957113502314314,0.00224745599552989,0.01,13,True,Optimization terminated successfully
cdf_plateau,0.05,8,pyGAM,0.015025421211903917,0.0,0.12210906198015437,0.022821057005785406,0.1,4,True,
cdf_plateau,0.05,9,MonotoneLSPIA,0.017928340334110223,3.3273384048016694e-13,0.011636044015176594,0.011636044015176594,,75,True,
cdf_plateau,0.05,9,Penalized monotone B-spline,0.017926474843785047,3.3273384048016694e-13,0.04028872202616185,0.001915126049425453,0.0001,11,True,Optimization terminated successfully
cdf_plateau,0.05,9,pyGAM,0.01669153513352151,4.042106149793036e-09,0.11245605599833652,0.015313751995563507,0.1,2,True,
cdf_plateau,0.05,10,MonotoneLSPIA,0.01582550897372608,1.3863910020006955e-14,0.016025855962652713,0.016025855962652713,,127,True,
cdf_plateau,0.05,10,Penalized monotone B-spline,0.015825505086363365,2.772782004001391e-14,0.041885384009219706,0.0018752319738268852,1e-08,12,True,Optimization terminated successfully
cdf_plateau,0.05,10,pyGAM,0.015022651511604918,4.754212024060785e-10,0.09968986600870267,0.015272646036464721,0.01,2,True,
cdf_plateau,0.05,11,MonotoneLSPIA,0.011909834646523896,0.0,0.015182128001470119,0.015182128001470119,,127,True,
cdf_plateau,0.05,11,Penalized monotone B-spline,0.011854081608485504,0.0,0.03695458295987919,0.0017624900210648775,0.01,12,True,Optimization terminated successfully
cdf_plateau,0.05,11,pyGAM,0.011123484746818759,0.0,0.09477729100035504,0.015124644036404788,0.1,3,True,
cdf_plateau,0.05,12,MonotoneLSPIA,0.0130204749297196,4.159173006002087e-14,0.013959536037873477,0.013959536037873477,,117,True,
cdf_plateau,0.05,12,Penalized monotone B-spline,0.013020476544870294,2.772782004001391e-14,0.03648454800713807,0.0015087799984030426,1e-08,9,True,Optimization terminated successfully
cdf_plateau,0.05,12,pyGAM,0.012198336431630291,4.0209775509226575e-09,0.10087344999192283,0.017870761977974325,0.1,2,True,
cdf_plateau,0.05,13,MonotoneLSPIA,0.00993489433020251,3.3273384048016694e-13,0.011545590008608997,0.011545590008608997,,93,True,
cdf_plateau,0.05,13,Penalized monotone B-spline,0.009934902075592555,3.3273384048013003e-13,0.03559598798165098,0.0015624410007148981,1e-08,11,True,Optimization terminated successfully
cdf_plateau,0.05,13,pyGAM,0.008472660267621205,1.2942237281876535e-09,0.10431653697742149,0.019854486046824604,0.1,2,True,
cdf_plateau,0.05,14,MonotoneLSPIA,0.012454717055917096,4.436451206401733e-13,0.012078333995305002,0.012078333995305002,,86,True,
cdf_plateau,0.05,14,Penalized monotone B-spline,0.012395881643477139,3.3273384048016694e-13,0.039525175001472235,0.002022848988417536,0.01,12,True,Optimization terminated successfully
cdf_plateau,0.05,14,pyGAM,0.011852509213529538,1.311525887892658e-09,0.1111191880190745,0.015343195991590619,0.1,4,True,
cdf_plateau,0.05,15,MonotoneLSPIA,0.009044752965203911,3.3273384048016694e-13,0.015082453028298914,0.015082453028298914,,123,True,
cdf_plateau,0.05,15,Penalized monotone B-spline,0.009167089657793944,3.3273384048016694e-13,0.03618825296871364,0.0016785089974291623,0.01,10,True,Optimization terminated successfully
cdf_plateau,0.05,15,pyGAM,0.01019310452671488,1.9934638939566493e-09,0.09727959497831762,0.016340347006917,0.1,2,True,
cdf_plateau,0.05,16,MonotoneLSPIA,0.01661324575110152,2.772782004001391e-14,0.02201050700386986,0.02201050700386986,,180,True,
cdf_plateau,0.05,16,Penalized monotone B-spline,0.016556580629581517,2.772782004001391e-14,0.04313988599460572,0.002016116981394589,0.01,15,True,Optimization terminated successfully
cdf_plateau,0.05,16,pyGAM,0.016247128208445268,1.2643885938246343e-09,0.10106471995823085,0.015608003013767302,0.1,3,True,
cdf_plateau,0.05,17,MonotoneLSPIA,0.012792325986613982,3.3273384048016694e-13,0.01572461798787117,0.01572461798787117,,124,True,
cdf_plateau,0.05,17,Penalized monotone B-spline,0.01284129364530809,3.3273384048016694e-13,0.03718316997401416,0.001815438037738204,0.01,13,True,Optimization terminated successfully
cdf_plateau,0.05,17,pyGAM,0.013358351648056023,9.642626697115237e-10,0.0975895170122385,0.015268088958691806,0.1,2,True,
cdf_plateau,0.05,18,MonotoneLSPIA,0.01521597392295655,2.7727820040013524e-14,0.016539773030672222,0.016539773030672222,,140,True,
cdf_plateau,0.05,18,Penalized monotone B-spline,0.015182028617689587,5.545564008002657e-14,0.039248073007911444,0.0018355329521000385,0.01,12,True,Optimization terminated successfully
cdf_plateau,0.05,18,pyGAM,0.015265496809894254,2.723981040730891e-10,0.09855855698697269,0.01535870396764949,0.1,3,True,
cdf_plateau,0.05,19,MonotoneLSPIA,0.01497338038553868,2.7727820040013332e-14,0.017391099012456834,0.017391099012456834,,141,True,
cdf_plateau,0.05,19,Penalized monotone B-spline,0.01496737841449792,2.7727820040013332e-14,0.038733349996618927,0.001813872018828988,0.01,13,True,Optimization terminated successfully
cdf_plateau,0.05,19,pyGAM,0.019990919378674515,1.0945279682594788e-09,0.1115179950138554,0.0164052729960531,1.0,4,True,
cdf_plateau,0.05,20,MonotoneLSPIA,0.006622087349822019,3.3273384048016694e-13,0.016357688000425696,0.016357688000425696,,132,True,
cdf_plateau,0.05,20,Penalized monotone B-spline,0.0066220724020471244,3.3273384048016694e-13,0.04145776096265763,0.0017192059895023704,1e-08,12,True,Optimization terminated successfully
cdf_plateau,0.05,20,pyGAM,0.00653947289122142,1.3546703758749196e-09,0.09516301198164001,0.01513608597451821,0.01,2,True,
cdf_plateau,0.05,21,MonotoneLSPIA,0.00976471527036339,4.4364512064022255e-13,0.008920897031202912,0.008920897031202912,,68,True,
cdf_plateau,0.05,21,Penalized monotone B-spline,0.009602416224319567,3.3273384048016694e-13,0.03371012699790299,0.0012268029968254268,0.01,7,True,Optimization terminated successfully
cdf_plateau,0.05,21,pyGAM,0.009156787965559925,3.1443347925374903e-09,0.09834263898665085,0.019997528987005353,0.1,2,True,
cdf_plateau,0.05,22,MonotoneLSPIA,0.007753930837508353,4.4364512064022255e-13,0.00901735998922959,0.00901735998922959,,69,True,
cdf_plateau,0.05,22,Penalized monotone B-spline,0.007617262614657995,3.3273384048016694e-13,0.03836046298965812,0.0016298489645123482,0.01,10,True,Optimization terminated successfully
cdf_plateau,0.05,22,pyGAM,0.007583807961933744,3.622639688227717e-09,0.09933723096037284,0.018416412989608943,0.1,2,True,
cdf_plateau,0.05,23,MonotoneLSPIA,0.011907150534860881,4.1591730060020287e-14,0.012556087982375175,0.012556087982375175,,102,True,
cdf_plateau,0.05,23,Penalized monotone B-spline,0.011935787611775895,4.159173006002087e-14,0.03711248701438308,0.0014333910075947642,0.01,8,True,Optimization terminated successfully
cdf_plateau,0.05,23,pyGAM,0.01261889062271185,2.044538538470409e-09,0.11023130000103265,0.02056866802740842,0.1,2,True,
cdf_plateau,0.05,24,MonotoneLSPIA,0.011818211361229836,3.3273384048016694e-13,0.01823327998863533,0.01823327998863533,,123,True,
cdf_plateau,0.05,24,Penalized monotone B-spline,0.011560563050532146,3.3273384048016694e-13,0.04226088902214542,0.0018049189820885658,0.01,9,True,Optimization terminated successfully
cdf_plateau,0.05,24,pyGAM,0.010975265278729116,1.5264719488428457e-09,0.11042223096592352,0.017559678992256522,0.1,2,True,
cdf_plateau,0.05,25,MonotoneLSPIA,0.010905284433351143,3.3273384048016694e-13,0.009326504019554704,0.009326504019554704,,62,True,
cdf_plateau,0.05,25,Penalized monotone B-spline,0.014527707005888221,3.3273384048016694e-13,0.04268762603169307,0.0019079979974776506,1.0,10,True,Optimization terminated successfully
cdf_plateau,0.05,25,pyGAM,0.010629503655765381,3.1791609345077466e-09,0.13092655298532918,0.018442866974510252,0.1,2,True,
cdf_plateau,0.05,26,MonotoneLSPIA,0.017171198959797185,3.3273384048016694e-13,0.015761038986966014,0.015761038986966014,,107,True,
cdf_plateau,0.05,26,Penalized monotone B-spline,0.017171181804485038,3.3273384048016694e-13,0.045964930031914264,0.0022422719630412757,1e-08,13,True,Optimization terminated successfully
cdf_plateau,0.05,26,pyGAM,0.017158066052388527,6.364089255583287e-10,0.12748331401962787,0.026253857999108732,0.001,6,True,
cdf_plateau,0.05,27,MonotoneLSPIA,0.009181013011777015,0.0,0.023014927050098777,0.023014927050098777,,160,True,
cdf_plateau,0.05,27,Penalized monotone B-spline,0.009181014036258327,0.0,0.046528414997737855,0.0022532069706358016,1e-08,13,True,Optimization terminated successfully
cdf_plateau,0.05,27,pyGAM,0.00906766679233862,0.0,0.12325894698733464,0.021321673993952572,0.01,2,True,
cdf_plateau,0.05,28,MonotoneLSPIA,0.011363732102744321,3.3273384048016694e-13,0.010588537028525025,0.010588537028525025,,69,True,
cdf_plateau,0.05,28,Penalized monotone B-spline,0.011155872967519064,4.4364512064022255e-13,0.03828025498660281,0.0014378699706867337,0.01,7,True,Optimization terminated successfully
cdf_plateau,0.05,28,pyGAM,0.01137741597016097,3.2586288667424243e-09,0.10603903699666262,0.01800428598653525,0.1,2,True,
cdf_plateau,0.05,29,MonotoneLSPIA,0.010599911348896408,4.1591730060019996e-14,0.014088810014072806,0.014088810014072806,,101,True,
cdf_plateau,0.05,29,Penalized monotone B-spline,0.010596563787265582,4.1591730060020287e-14,0.04316741100046784,0.001863294979557395,0.01,11,True,Optimization terminated successfully
cdf_plateau,0.05,29,pyGAM,0.01090005208999987,6.367971150389462e-10,0.12097639800049365,0.02470319496933371,0.1,2,True,
cdf_plateau,0.05,30,MonotoneLSPIA,0.007924117320585096,2.2182256032011127e-13,0.01833122700918466,0.01833122700918466,,130,True,
cdf_plateau,0.05,30,Penalized monotone B-spline,0.007498840867466813,3.3273384048016694e-13,0.04555604496272281,0.002041494008153677,0.01,11,True,Optimization terminated successfully
cdf_plateau,0.05,30,pyGAM,0.005254847091460868,1.1554737167074276e-09,0.127708536980208,0.018482561979908496,0.1,2,True,
cdf_plateau,0.05,31,MonotoneLSPIA,0.010755381899329536,3.3273384048016694e-13,0.01037668000208214,0.01037668000208214,,67,True,
cdf_plateau,0.05,31,Penalized monotone B-spline,0.010755374793002932,3.3273384048013003e-13,0.037426805996801704,0.001677519001532346,1e-08,10,True,Optimization terminated successfully
cdf_plateau,0.05,31,pyGAM,0.010741795327147563,4.890355620457117e-09,0.10365684604039416,0.01842965796822682,0.001,4,True,
cdf_plateau,0.05,32,MonotoneLSPIA,0.011534345220841737,3.3273384048016694e-13,0.013396631984505802,0.013396631984505802,,89,True,
cdf_plateau,0.05,32,Penalized monotone B-spline,0.011393404513594154,3.3273384048016694e-13,0.04658238298725337,0.0021580999600701034,0.01,13,True,Optimization terminated successfully
cdf_plateau,0.05,32,pyGAM,0.010648826846766924,1.2186931463986914e-09,0.1163823870010674,0.02235998201649636,0.1,2,True,
cdf_plateau,0.05,33,MonotoneLSPIA,0.012201122783927787,2.2182256032011127e-13,0.01435698795830831,0.01435698795830831,,96,True,
cdf_plateau,0.05,33,Penalized monotone B-spline,0.019483656067569632,3.3273384048016694e-13,0.04489421099424362,0.0016607720172032714,1.0,8,True,Optimization terminated successfully
cdf_plateau,0.05,33,pyGAM,0.0130530310115903,8.158633768573693e-10,0.11191241402411833,0.021448676998261362,0.1,2,True,
cdf_plateau,0.05,34,MonotoneLSPIA,0.014309763492489403,3.3273384048016694e-13,0.020140175009146333,0.020140175009146333,,146,True,
cdf_plateau,0.05,34,Penalized monotone B-spline,0.014089621392057222,3.3273384048016694e-13,0.042887112009339035,0.001983218011446297,0.01,11,True,Optimization terminated successfully
cdf_plateau,0.05,34,pyGAM,0.012755825490686672,8.405965923330617e-10,0.10554472298827022,0.017554974008817226,0.1,3,True,
cdf_plateau,0.05,35,MonotoneLSPIA,0.010863609290381831,4.4364512064022255e-13,0.01821670198114589,0.01821670198114589,,132,True,
cdf_plateau,0.05,35,Penalized monotone B-spline,0.010801312195041829,3.3273384048016694e-13,0.037633190979249775,0.0016137720085680485,0.01,11,True,Optimization terminated successfully
cdf_plateau,0.05,35,pyGAM,0.010626331635831376,6.106775085612663e-10,0.09613061201525852,0.01926570903742686,0.1,2,True,
cdf_plateau,0.05,36,MonotoneLSPIA,0.014029208474278791,3.3273384048016694e-13,0.018707908981014043,0.018707908981014043,,144,True,
cdf_plateau,0.05,36,Penalized monotone B-spline,0.014069672520546762,4.4364512064022255e-13,0.039778316975571215,0.0017188289784826338,0.01,10,True,Optimization terminated successfully
cdf_plateau,0.05,36,pyGAM,0.014491049536105262,1.3206206128657825e-09,0.09290983300888911,0.015504167007748038,0.1,2,True,
cdf_plateau,0.05,37,MonotoneLSPIA,0.017142426670767333,4.159173006002087e-14,0.013987309008371085,0.013987309008371085,,115,True,
cdf_plateau,0.05,37,Penalized monotone B-spline,0.017137311695698158,5.545564008002782e-14,0.0438226560363546,0.0018867389881052077,0.0001,14,True,Optimization terminated successfully
cdf_plateau,0.05,37,pyGAM,0.016682276772627243,9.847812565411066e-10,0.10007365001365542,0.02072131197201088,0.01,2,True,
cdf_plateau,0.05,38,MonotoneLSPIA,0.006466664983120386,4.159173006001993e-14,0.014934141014236957,0.014934141014236957,,116,True,
cdf_plateau,0.05,38,Penalized monotone B-spline,0.006478235476421277,4.1591730060020287e-14,0.038987245003227144,0.0019655690412037075,0.01,11,True,Optimization terminated successfully
cdf_plateau,0.05,38,pyGAM,0.007631095669433802,4.650731799671324e-09,0.09482511400710791,0.015727468009572476,0.1,2,True,
cdf_plateau,0.05,39,MonotoneLSPIA,0.01313567331375745,3.3273384048016694e-13,0.006126605032477528,0.006126605032477528,,42,True,
cdf_plateau,0.05,39,Penalized monotone B-spline,0.013009991524805769,4.436451206401733e-13,0.029481060977559537,0.0012901409645564854,0.01,8,True,Optimization terminated successfully
cdf_plateau,0.05,39,pyGAM,0.012406078536010293,4.304023137891e-09,0.09749773499788716,0.021970606001559645,0.1,2,True,
cdf_plateau,0.05,40,MonotoneLSPIA,0.013969549140439422,2.772782004001391e-14,0.011592630005907267,0.011592630005907267,,97,True,
cdf_plateau,0.05,40,Penalized monotone B-spline,0.013767460452340709,2.772782004001391e-14,0.038206510012969375,0.00196817796677351,0.01,15,True,Optimization terminated successfully
cdf_plateau,0.05,40,pyGAM,0.013774554354750264,6.954137266035296e-11,0.10441178601467982,0.01206552900839597,0.01,2,True,
cdf_plateau,0.05,41,MonotoneLSPIA,0.012999243418064771,2.2182256032011127e-13,0.015154740016441792,0.015154740016441792,,127,True,
cdf_plateau,0.05,41,Penalized monotone B-spline,0.01976978180552611,0.0,0.039851320965681225,0.0016624359996058047,1.0,11,True,Optimization terminated successfully
cdf_plateau,0.05,41,pyGAM,0.013228449041312687,0.0,0.09694886696524918,0.015980447991751134,0.1,3,True,
cdf_plateau,0.05,42,MonotoneLSPIA,0.012936942641423829,3.3273384048016694e-13,0.01603194302879274,0.01603194302879274,,123,True,
cdf_plateau,0.05,42,Penalized monotone B-spline,0.01258403731203675,3.3273384048016694e-13,0.03832892799982801,0.0017905749846249819,0.01,11,True,Optimization terminated successfully
cdf_plateau,0.05,42,pyGAM,0.010285317837599284,1.6256266333059355e-09,0.0972985610133037,0.018603491014800966,0.1,2,True,
cdf_plateau,0.05,43,MonotoneLSPIA,0.012071586735032405,4.159173006001993e-14,0.011761325993575156,0.011761325993575156,,94,True,
cdf_plateau,0.05,43,Penalized monotone B-spline,0.01213735613938143,4.159173006001993e-14,0.040896151040215045,0.001976564002688974,0.01,14,True,Optimization terminated successfully
cdf_plateau,0.05,43,pyGAM,0.012733615091988459,9.828957647783857e-10,0.10847384599037468,0.019492873980198056,0.1,3,True,
cdf_plateau,0.05,44,MonotoneLSPIA,0.009540454639166938,3.3273384048016694e-13,0.020407754986081272,0.020407754986081272,,158,True,
cdf_plateau,0.05,44,Penalized monotone B-spline,0.009473926449399027,3.3273384048016694e-13,0.03967531200032681,0.0018928969511762261,0.01,14,True,Optimization terminated successfully
cdf_plateau,0.05,44,pyGAM,0.00965721001427793,5.369215072548293e-10,0.09476649999851361,0.015004183980636299,0.1,2,True,
cdf_plateau,0.05,45,MonotoneLSPIA,0.01034441253523889,4.4364512064022255e-13,0.01011021202430129,0.01011021202430129,,81,True,
cdf_plateau,0.05,45,Penalized monotone B-spline,0.010243172867622686,2.2182256032011127e-13,0.03692853095708415,0.0017246759962290525,0.01,12,True,Optimization terminated successfully
cdf_plateau,0.05,45,pyGAM,0.009343151903934957,2.489736417032929e-09,0.10336502600694075,0.015579944010823965,0.1,2,True,
cdf_plateau,0.05,46,MonotoneLSPIA,0.01703356363672931,3.3273384048016694e-13,0.01906542101642117,0.01906542101642117,,148,True,
cdf_plateau,0.05,46,Penalized monotone B-spline,0.01678738669066153,2.2182256032011127e-13,0.0389898470020853,0.0018897060072049499,0.01,13,True,Optimization terminated successfully
cdf_plateau,0.05,46,pyGAM,0.01519364816619454,9.955396507166593e-10,0.0947952140122652,0.016491835995111614,0.1,2,True,
cdf_plateau,0.05,47,MonotoneLSPIA,0.014065886879754718,3.3273384048013003e-13,0.014865228033158928,0.014865228033158928,,121,True,
cdf_plateau,0.05,47,Penalized monotone B-spline,0.018591618914308047,3.3273384048016694e-13,0.04006355500314385,0.001581080025061965,1.0,10,True,Optimization terminated successfully
cdf_plateau,0.05,47,pyGAM,0.012475544656137308,2.8413806307803064e-09,0.10569745494285598,0.015984860016033053,0.1,2,True,
cdf_plateau,0.05,48,MonotoneLSPIA,0.009557811067144747,2.7727820040013524e-14,0.014171916991472244,0.014171916991472244,,115,True,
cdf_plateau,0.05,48,Penalized monotone B-spline,0.009105661344004356,2.772782004001391e-14,0.03911833302117884,0.0018011239590123296,0.01,12,True,Optimization terminated successfully
cdf_plateau,0.05,48,pyGAM,0.007388698270073567,1.0795549454378716e-09,0.10006201599026099,0.018655493040569127,0.1,3,True,
cdf_plateau,0.05,49,MonotoneLSPIA,0.010760814911971436,3.3273384048016694e-13,0.007440368004608899,0.007440368004608899,,58,True,
cdf_plateau,0.05,49,Penalized monotone B-spline,0.010772149196986887,3.3273384048016694e-13,0.03663671301910654,0.0016321690054610372,0.01,11,True,Optimization terminated successfully
cdf_plateau,0.05,49,pyGAM,0.011109110061019509,3.5193258307587255e-09,0.10570252302568406,0.01980824302881956,0.1,2,True,
cdf_plateau,0.05,50,MonotoneLSPIA,0.012276835262146865,3.3273384048016694e-13,0.010893690981902182,0.010893690981902182,,84,True,
cdf_plateau,0.05,50,Penalized monotone B-spline,0.012310484185178078,3.3273384048016694e-13,0.03447184001561254,0.0016085670213215053,0.01,11,True,Optimization terminated successfully
cdf_plateau,0.05,50,pyGAM,0.017934524150301626,2.6215544735030824e-09,0.10736997699132189,0.02228309999918565,1.0,4,True,
cdf_plateau,0.05,51,MonotoneLSPIA,0.01210809315708295,4.159173006001971e-14,0.020532310009002686,0.020532310009002686,,142,True,
cdf_plateau,0.05,51,Penalized monotone B-spline,0.01748508910914796,0.0,0.049230217991862446,0.001927421020809561,1.0,10,True,Optimization terminated successfully
cdf_plateau,0.05,51,pyGAM,0.01123119797531755,5.358123944532139e-10,0.1153476259787567,0.01853189303074032,0.1,3,True,
cdf_plateau,0.05,52,MonotoneLSPIA,0.007863546868230329,3.3273384048016694e-13,0.017227684031240642,0.017227684031240642,,118,True,
cdf_plateau,0.05,52,Penalized monotone B-spline,0.007497443310745104,3.3273384048016694e-13,0.04110592301003635,0.0019958249758929014,0.01,12,True,Optimization terminated successfully
cdf_plateau,0.05,52,pyGAM,0.006201167639664722,1.846340080824395e-09,0.12374812399502844,0.018973527010530233,0.1,2,True,
cdf_plateau,0.05,53,MonotoneLSPIA,0.013308380411861505,3.3273384048016694e-13,0.01701241498813033,0.01701241498813033,,111,True,
cdf_plateau,0.05,53,Penalized monotone B-spline,0.013181053022302745,3.3273384048016694e-13,0.04327930696308613,0.0018248819978907704,0.01,9,True,Optimization terminated successfully
cdf_plateau,0.05,53,pyGAM,0.013237716436337154,9.180126658847805e-10,0.13044051203178242,0.0258438810124062,0.001,6,True,
cdf_plateau,0.05,54,MonotoneLSPIA,0.017650228427611027,3.3273384048016694e-13,0.013425510027445853,0.013425510027445853,,89,True,
cdf_plateau,0.05,54,Penalized monotone B-spline,0.017188327947217898,3.3273384048016694e-13,0.044558052031788975,0.0020441709784790874,0.01,12,True,Optimization terminated successfully
cdf_plateau,0.05,54,pyGAM,0.01570976377212786,1.393489323930939e-09,0.20092795498203486,0.02404988103080541,0.1,3,True,
cdf_plateau,0.05,55,MonotoneLSPIA,0.013096392515122006,3.3273384048016694e-13,0.019929921021685004,0.019929921021685004,,128,True,
cdf_plateau,0.05,55,Penalized monotone B-spline,0.013125269501587865,3.3273384048016694e-13,0.0466504679643549,0.0020541200065054,0.01,11,True,Optimization terminated successfully
cdf_plateau,0.05,55,pyGAM,0.01318211441931032,3.761223332787806e-09,0.1257212110213004,0.02409714402165264,0.1,2,True,
cdf_plateau,0.05,56,MonotoneLSPIA,0.01157294736183059,4.1591730060020287e-14,0.018577627022750676,0.018577627022750676,,121,True,
cdf_plateau,0.05,56,Penalized monotone B-spline,0.01155087476582482,4.1591730060019996e-14,0.04947902698768303,0.002268481010105461,0.01,12,True,Optimization terminated successfully
cdf_plateau,0.05,56,pyGAM,0.012012407215919747,2.3354033706902114e-09,0.12466162204509601,0.023558892018627375,0.1,3,True,
cdf_plateau,0.05,57,MonotoneLSPIA,0.012173022561241234,3.3273384048016694e-13,0.012428041023667902,0.012428041023667902,,76,True,
cdf_plateau,0.05,57,Penalized monotone B-spline,0.012131300225886755,3.3273384048016694e-13,0.044106549001298845,0.0017973349895328283,0.01,8,True,Optimization terminated successfully
cdf_plateau,0.05,57,pyGAM,0.011995058365194138,2.3448862851438315e-09,0.1438949250150472,0.019587278948165476,0.1,2,True,
cdf_plateau,0.05,58,MonotoneLSPIA,0.007378015650485413,3.3273384048016694e-13,0.01853496499825269,0.01853496499825269,,123,True,
cdf_plateau,0.05,58,Penalized monotone B-spline,0.007174572080347363,2.2182256032011127e-13,0.04880928300553933,0.0022055850131437182,0.01,13,True,Optimization terminated successfully
cdf_plateau,0.05,58,pyGAM,0.005611251845075109,7.535312374073971e-10,0.12427933496655896,0.022658734989818186,0.1,2,True,
cdf_plateau,0.05,59,MonotoneLSPIA,0.006959122475544127,3.3273384048016694e-13,0.012155559030361474,0.012155559030361474,,80,True,
cdf_plateau,0.05,59,Penalized monotone B-spline,0.007015583572813156,4.4364512064022255e-13,0.039818878984078765,0.0018856910173781216,0.01,10,True,Optimization terminated successfully
cdf_plateau,0.05,59,pyGAM,0.007857983670462632,1.971281637924694e-09,0.12357905600219965,0.02331442997092381,0.1,2,True,
cdf_plateau,0.05,60,MonotoneLSPIA,0.007569034716487489,3.3273384048016694e-13,0.017971954948734492,0.017971954948734492,,120,True,
cdf_plateau,0.05,60,Penalized monotone B-spline,0.007522731893677837,2.2182256032011127e-13,0.04549933003727347,0.0020958040258847177,0.01,12,True,Optimization terminated successfully
cdf_plateau,0.05,60,pyGAM,0.007825719632540598,2.049085900956971e-09,0.12356447597267106,0.018506538996007293,0.1,2,True,
cdf_plateau,0.05,61,MonotoneLSPIA,0.008591734814766923,3.3273384048016694e-13,0.01323419698746875,0.01323419698746875,,85,True,
cdf_plateau,0.05,61,Penalized monotone B-spline,0.008402908927933769,3.3273384048016694e-13,0.04315380199113861,0.001837179996073246,0.01,10,True,Optimization terminated successfully
cdf_plateau,0.05,61,pyGAM,0.007741710243262851,2.8193647416686145e-09,0.11495121900225058,0.02276475797407329,0.1,2,True,
cdf_plateau,0.05,62,MonotoneLSPIA,0.012083822695537191,4.1591730060019996e-14,0.021824564959388226,0.021824564959388226,,147,True,
cdf_plateau,0.05,62,Penalized monotone B-spline,0.01211370238814597,2.7727820040013524e-14,0.04799647402251139,0.0024120340240187943,0.01,13,True,Optimization terminated successfully
cdf_plateau,0.05,62,pyGAM,0.012144442568769719,1.951761252616525e-09,0.12250706198392436,0.014333146042190492,0.1,3,True,
cdf_plateau,0.05,63,MonotoneLSPIA,0.011497106344523575,0.0,0.02634688903344795,0.02634688903344795,,186,True,
cdf_plateau,0.05,63,Penalized monotone B-spline,0.011520325177701267,0.0,0.04807189095299691,0.0023639940191060305,0.01,14,True,Optimization terminated successfully
cdf_plateau,0.05,63,pyGAM,0.01192487217825812,0.0,0.11246925900923088,0.01891897403402254,0.1,3,True,
cdf_plateau,0.05,64,MonotoneLSPIA,0.017154989708928203,0.0,0.024900570046156645,0.024900570046156645,,173,True,
cdf_plateau,0.05,64,Penalized monotone B-spline,0.0172390673216695,0.0,0.049697104026563466,0.0024817740195430815,0.01,15,True,Optimization terminated successfully
cdf_plateau,0.05,64,pyGAM,0.023830498486657494,0.0,0.1163461230462417,0.0148903300287202,1.0,3,True,
cdf_plateau,0.05,65,MonotoneLSPIA,0.0106638271900297,3.3273384048016694e-13,0.015963016950991005,0.015963016950991005,,106,True,
cdf_plateau,0.05,65,Penalized monotone B-spline,0.019064677286850584,3.3273384048016694e-13,0.045812403957825154,0.001965417992323637,1.0,10,True,Optimization terminated successfully
cdf_plateau,0.05,65,pyGAM,0.019055411664662212,3.789339342308276e-09,0.10813952202443033,0.015542392968200147,1.0,3,True,
cdf_plateau,0.05,66,MonotoneLSPIA,0.013171784540419812,5.545564008002657e-14,0.01723624998703599,0.01723624998703599,,144,True,
cdf_plateau,0.05,66,Penalized monotone B-spline,0.013098100499254684,4.159173006001993e-14,0.038575908984057605,0.0018944590119645,0.01,13,True,Optimization terminated successfully
cdf_plateau,0.05,66,pyGAM,0.012757153288610672,5.357569388131376e-10,0.10604676901130006,0.016274929977953434,0.1,2,True,
cdf_plateau,0.05,67,MonotoneLSPIA,0.011969161798596204,3.3273384048016694e-13,0.00953746197046712,0.00953746197046712,,69,True,
cdf_plateau,0.05,67,Penalized monotone B-spline,0.011948694010223745,3.3273384048016694e-13,0.03716696199262515,0.0016205519787035882,0.01,9,True,Optimization terminated successfully
cdf_plateau,0.05,67,pyGAM,0.012179990985322658,3.841634010903634e-09,0.09830892598256469,0.019078916986472905,0.1,2,True,
cdf_plateau,0.05,68,MonotoneLSPIA,0.015742256410509317,3.3273384048016694e-13,0.013359064992982894,0.013359064992982894,,106,True,
cdf_plateau,0.05,68,Penalized monotone B-spline,0.01529732448772651,3.3273384048016694e-13,0.03691559698199853,0.001715104968752712,0.01,10,True,Optimization terminated successfully
cdf_plateau,0.05,68,pyGAM,0.014170020987977469,4.148081877986081e-10,0.11040589201729745,0.01577436295337975,0.01,2,True,
cdf_plateau,0.05,69,MonotoneLSPIA,0.011763098668583216,3.3273384048016694e-13,0.014065558963920921,0.014065558963920921,,107,True,
cdf_plateau,0.05,69,Penalized monotone B-spline,0.011610395029826899,4.4364512064022255e-13,0.04172437597298995,0.0021855130326002836,0.01,14,True,Optimization terminated successfully
cdf_plateau,0.05,69,pyGAM,0.00994452054509677,8.48415837584322e-10,0.10924513899954036,0.015320957987569273,0.1,2,True,
cdf_plateau,0.05,70,MonotoneLSPIA,0.012238791123867141,4.1591730060020287e-14,0.014812064997386187,0.014812064997386187,,120,True,
cdf_plateau,0.05,70,Penalized monotone B-spline,0.012081692290569037,4.159173006001993e-14,0.04209995298879221,0.0018552149995230138,0.01,14,True,Optimization terminated successfully
cdf_plateau,0.05,70,pyGAM,0.012118230883150422,1.96296329191269e-09,0.10677654796745628,0.018739018007181585,0.01,2,True,
cdf_plateau,0.05,71,MonotoneLSPIA,0.020238227819795215,4.159173006001993e-14,0.019192621984984726,0.019192621984984726,,163,True,
cdf_plateau,0.05,71,Penalized monotone B-spline,0.020064972812275143,4.159173006001993e-14,0.039177863975055516,0.0018618489848449826,0.01,13,True,Optimization terminated successfully
cdf_plateau,0.05,71,pyGAM,0.01958878233846152,1.035855901054811e-09,0.0890264050103724,0.016011641011573374,0.1,2,True,
cdf_plateau,0.05,72,MonotoneLSPIA,0.01454956044252651,2.2182256032011127e-13,0.012930643046274781,0.012930643046274781,,105,True,
cdf_plateau,0.05,72,Penalized monotone B-spline,0.014326096058331524,2.2182256032011127e-13,0.039100299996789545,0.001717129023745656,0.01,10,True,Optimization terminated successfully
cdf_plateau,0.05,72,pyGAM,0.013739769440217667,7.734952678361422e-10,0.0950216010096483,0.019503203977365047,0.1,4,True,
cdf_plateau,0.05,73,MonotoneLSPIA,0.008705973725322445,2.7727820040013524e-14,0.012995909026358277,0.012995909026358277,,98,True,
cdf_plateau,0.05,73,Penalized monotone B-spline,0.008705003295324735,2.772782004001391e-14,0.03785396501189098,0.001794324954971671,0.0001,11,True,Optimization terminated successfully
cdf_plateau,0.05,73,pyGAM,0.008533754569368583,1.8049701733246955e-09,0.10706201603170484,0.01861429901327938,0.001,5,True,
cdf_plateau,0.05,74,MonotoneLSPIA,0.014571750281976272,3.3273384048016694e-13,0.014140943007078022,0.014140943007078022,,109,True,
cdf_plateau,0.05,74,Penalized monotone B-spline,0.014427310342724039,3.3273384048016694e-13,0.038948405999690294,0.001445485046133399,0.01,9,True,Optimization terminated successfully
cdf_plateau,0.05,74,pyGAM,0.014249702851165153,2.0653898591404988e-09,0.11170831799972802,0.021994589013047516,0.1,5,True,
cdf_plateau,0.05,75,MonotoneLSPIA,0.01545480046454678,4.1591730060020287e-14,0.0165531940292567,0.0165531940292567,,135,True,
cdf_plateau,0.05,75,Penalized monotone B-spline,0.015373864409578067,2.772782004001391e-14,0.04153260501334444,0.0020052759791724384,0.01,15,True,Optimization terminated successfully
cdf_plateau,0.05,75,pyGAM,0.015131003336194894,0.0,0.10423644696129486,0.015026583976577967,0.1,3,True,
cdf_plateau,0.05,76,MonotoneLSPIA,0.00961335184341786,2.772782004001314e-14,0.01642709702719003,0.01642709702719003,,135,True,
cdf_plateau,0.05,76,Penalized monotone B-spline,0.009292270082523424,2.772782004001314e-14,0.038941225968301296,0.0019420160097070038,0.01,13,True,Optimization terminated successfully
cdf_plateau,0.05,76,pyGAM,0.00922198181457956,1.1462126248140632e-09,0.09764011099468917,0.015757362998556346,0.01,2,True,
cdf_plateau,0.05,77,MonotoneLSPIA,0.012136898432285896,3.3273384048016694e-13,0.009939287963788956,0.009939287963788956,,79,True,
cdf_plateau,0.05,77,Penalized monotone B-spline,0.011980772974499935,3.3273384048016694e-13,0.03581397800007835,0.0015522440080530941,0.01,10,True,Optimization terminated successfully
cdf_plateau,0.05,77,pyGAM,0.012333848734136626,1.8711842075802987e-09,0.09574857703410089,0.01866603101370856,0.1,2,True,
cdf_plateau,0.05,78,MonotoneLSPIA,0.0092211076615656,3.3273384048016694e-13,0.016599153983406723,0.016599153983406723,,135,True,
cdf_plateau,0.05,78,Penalized monotone B-spline,0.009020877678300692,3.3273384048016694e-13,0.040959628007840365,0.0019336760160513222,0.01,12,True,Optimization terminated successfully
cdf_plateau,0.05,78,pyGAM,0.00900480940466991,1.0496643554347665e-09,0.10314233897952363,0.02048618800472468,0.01,2,True,
cdf_plateau,0.05,79,MonotoneLSPIA,0.010555102886100759,3.3273384048016694e-13,0.009140559996012598,0.009140559996012598,,72,True,
cdf_plateau,0.05,79,Penalized monotone B-spline,0.01053994984084169,3.3273384048016694e-13,0.03661249403376132,0.0020777119789272547,0.01,12,True,Optimization terminated successfully
cdf_plateau,0.05,79,pyGAM,0.010534794765206206,1.9472693457700968e-09,0.1071807699627243,0.02144329296424985,0.001,6,True,
cdf_plateau,0.05,80,MonotoneLSPIA,0.015696367401814033,3.3273384048016694e-13,0.012427157023921609,0.012427157023921609,,97,True,
cdf_plateau,0.05,80,Penalized monotone B-spline,0.014821450878224672,3.3273384048016694e-13,0.036774792009964585,0.001595049980096519,0.01,8,True,Optimization terminated successfully
cdf_plateau,0.05,80,pyGAM,0.01160838368801271,1.8984683824996196e-09,0.10560632997658104,0.021808990044519305,0.1,3,True,
cdf_plateau,0.05,81,MonotoneLSPIA,0.012275819358631578,4.4364512064022255e-13,0.01893494004616514,0.01893494004616514,,147,True,
cdf_plateau,0.05,81,Penalized monotone B-spline,0.012316939020130124,2.2182256032011127e-13,0.041658154979813844,0.002097393968142569,0.01,15,True,Optimization terminated successfully
cdf_plateau,0.05,81,pyGAM,0.012712667254023481,1.0689074625425065e-09,0.10422943904995918,0.0152909149765037,0.1,5,True,
cdf_plateau,0.05,82,MonotoneLSPIA,0.010496944581437677,4.159173006002087e-14,0.01310120103880763,0.01310120103880763,,105,True,
cdf_plateau,0.05,82,Penalized monotone B-spline,0.010162799659591219,4.159173006002087e-14,0.035681340959854424,0.0017761639901436865,0.01,12,True,Optimization terminated successfully
cdf_plateau,0.05,82,pyGAM,0.008408765250355272,1.582814879164132e-09,0.0995994420372881,0.015553471981547773,0.1,3,True,
cdf_plateau,0.05,83,MonotoneLSPIA,0.01848701874040904,0.0,0.018788462970405817,0.018788462970405817,,159,True,
cdf_plateau,0.05,83,Penalized monotone B-spline,0.018140341667766777,0.0,0.041488576971460134,0.0017394520109519362,0.01,12,True,Optimization terminated successfully
cdf_plateau,0.05,83,pyGAM,0.01588455346072972,0.0,0.08988292596768588,0.015295994991902262,0.1,2,True,
cdf_plateau,0.05,84,MonotoneLSPIA,0.007502157337177808,2.772782004001391e-14,0.01809544098796323,0.01809544098796323,,143,True,
cdf_plateau,0.05,84,Penalized monotone B-spline,0.007464054287808718,2.772782004001391e-14,0.04120193899143487,0.0016862759948708117,0.01,11,True,Optimization terminated successfully
cdf_plateau,0.05,84,pyGAM,0.007396255121769006,1.6796404267437895e-09,0.09604135702829808,0.01884154201252386,0.1,2,True,
cdf_plateau,0.05,85,MonotoneLSPIA,0.010066723931713492,4.4364512064022255e-13,0.010345935996156186,0.010345935996156186,,82,True,
cdf_plateau,0.05,85,Penalized monotone B-spline,0.010167151037549005,4.4364512064022255e-13,0.035264370031654835,0.001781236962415278,0.01,12,True,Optimization terminated successfully
cdf_plateau,0.05,85,pyGAM,0.011006510286692006,1.8198322848661928e-09,0.10305235802661628,0.015417187009006739,0.1,3,True,
cdf_plateau,0.05,86,MonotoneLSPIA,0.009336452100587849,3.3273384048016694e-13,0.01609804801410064,0.01609804801410064,,124,True,
cdf_plateau,0.05,86,Penalized monotone B-spline,0.009356575419700404,3.3273384048016694e-13,0.056106980016920716,0.0021601790213026106,0.01,12,True,Optimization terminated successfully
cdf_plateau,0.05,86,pyGAM,0.016453443261981098,1.0863759891677449e-09,0.11328994296491146,0.016161258972715586,1.0,4,True,
cdf_plateau,0.05,87,MonotoneLSPIA,0.012848563792269124,3.3273384048016694e-13,0.012949671014212072,0.012949671014212072,,82,True,
cdf_plateau,0.05,87,Penalized monotone B-spline,0.012396400790822012,4.4364512064022255e-13,0.04925014602486044,0.0025930519914254546,0.01,12,True,Optimization terminated successfully
cdf_plateau,0.05,87,pyGAM,0.00949296121612986,3.3967134105416896e-09,0.11821032798616216,0.01905670901760459,0.1,3,True,
cdf_plateau,0.05,88,MonotoneLSPIA,0.010322112861789412,0.0,0.022100028989370912,0.022100028989370912,,184,True,
cdf_plateau,0.05,88,Penalized monotone B-spline,0.010238622390492393,0.0,0.041114007006399333,0.0018793349736370146,0.01,12,True,Optimization terminated successfully
cdf_plateau,0.05,88,pyGAM,0.01010307118325317,0.0,0.10823828296270221,0.015992431028280407,0.1,2,True,
cdf_plateau,0.05,89,MonotoneLSPIA,0.010181963700413075,4.1591730060019996e-14,0.014192770002409816,0.014192770002409816,,113,True,
cdf_plateau,0.05,89,Penalized monotone B-spline,0.010071003271550803,4.159173006002087e-14,0.040962753002531826,0.002026601054240018,0.01,14,True,Optimization terminated successfully
cdf_plateau,0.05,89,pyGAM,0.00988434402490776,1.0603672939701824e-09,0.10520082100993022,0.02073548099724576,0.1,3,True,
cdf_plateau,0.05,90,MonotoneLSPIA,0.014983858042719914,4.1591730060020287e-14,0.017999195028096437,0.017999195028096437,,132,True,
cdf_plateau,0.05,90,Penalized monotone B-spline,0.01481858699198369,4.1591730060020287e-14,0.038660465041175485,0.0019382130121812224,0.01,13,True,Optimization terminated successfully
cdf_plateau,0.05,90,pyGAM,0.013567377436733792,1.4341937637496397e-09,0.10156964900670573,0.01499846699880436,0.1,2,True,
cdf_plateau,0.05,91,MonotoneLSPIA,0.009976712619200611,0.0,0.016428878996521235,0.016428878996521235,,139,True,
cdf_plateau,0.05,91,Penalized monotone B-spline,0.009919377521791915,0.0,0.04243157000746578,0.00188990100286901,0.01,14,True,Optimization terminated successfully
cdf_plateau,0.05,91,pyGAM,0.009671573503324924,0.0,0.09878493298310786,0.012313204992096871,0.1,3,True,
cdf_plateau,0.05,92,MonotoneLSPIA,0.01271613952201233,3.3273384048016694e-13,0.012189975997898728,0.012189975997898728,,91,True,
cdf_plateau,0.05,92,Penalized monotone B-spline,0.012552321801099912,3.3273384048016694e-13,0.03848163201473653,0.001582383003551513,0.01,10,True,Optimization terminated successfully
cdf_plateau,0.05,92,pyGAM,0.012241650795698096,1.3997003556199022e-09,0.10184656898491085,0.020673401013482362,0.1,2,True,
cdf_plateau,0.05,93,MonotoneLSPIA,0.010137436172664127,3.3273384048016694e-13,0.01055634900694713,0.01055634900694713,,72,True,
cdf_plateau,0.05,93,Penalized monotone B-spline,0.010073676543563658,3.3273384048016694e-13,0.037601115996949375,0.00160502502694726,0.01,10,True,Optimization terminated successfully
cdf_plateau,0.05,93,pyGAM,0.010561333382732433,2.0580697146499924e-09,0.10136883601080626,0.015549342962913215,0.1,2,True,
cdf_plateau,0.05,94,MonotoneLSPIA,0.013115362932534775,2.2182256032011127e-13,0.01623048697365448,0.01623048697365448,,109,True,
cdf_plateau,0.05,94,Penalized monotone B-spline,0.013115364375159495,3.3273384048016694e-13,0.04236213496187702,0.0016848929808475077,1e-08,8,True,Optimization terminated successfully
cdf_plateau,0.05,94,pyGAM,0.012914577535515254,2.217504679880011e-09,0.12855895701795816,0.02335119800409302,0.001,5,True,
cdf_plateau,0.05,95,MonotoneLSPIA,0.015204553444579475,2.2182256032011127e-13,0.014316654007416219,0.014316654007416219,,94,True,
cdf_plateau,0.05,95,Penalized monotone B-spline,0.014017844385528874,4.4364512064022255e-13,0.04570816701743752,0.002146448998246342,0.01,12,True,Optimization terminated successfully
cdf_plateau,0.05,95,pyGAM,0.009614188373435464,2.1766893287811117e-09,0.12223816401092336,0.022646851022727787,0.1,2,True,
cdf_plateau,0.05,96,MonotoneLSPIA,0.011030613683925246,4.1591730060020287e-14,0.01922116003697738,0.01922116003697738,,133,True,
cdf_plateau,0.05,96,Penalized monotone B-spline,0.010920934570119955,2.772782004001391e-14,0.04554960300447419,0.0020171800279058516,0.01,12,True,Optimization terminated successfully
cdf_plateau,0.05,96,pyGAM,0.01002690811115034,8.329991696420748e-10,0.12279602297348902,0.01923870696919039,0.1,4,True,
cdf_plateau,0.05,97,MonotoneLSPIA,0.006529749871898515,4.1591730060020287e-14,0.017853712022770196,0.017853712022770196,,122,True,
cdf_plateau,0.05,97,Penalized monotone B-spline,0.0066494908620513046,2.772782004001391e-14,0.04687248298432678,0.0022910539992153645,0.01,14,True,Optimization terminated successfully
cdf_plateau,0.05,97,pyGAM,0.016124640270364986,1.3314899183213203e-09,0.11415000498527661,0.01890000101411715,1.0,3,True,
cdf_plateau,0.05,98,MonotoneLSPIA,0.008766902148586005,2.2182256032011127e-13,0.014104789006523788,0.014104789006523788,,91,True,
cdf_plateau,0.05,98,Penalized monotone B-spline,0.008485274531214039,2.2182256032011127e-13,0.046072316996287555,0.002138443000148982,0.01,12,True,Optimization terminated successfully
cdf_plateau,0.05,98,pyGAM,0.0071217093103317095,1.2049401476588444e-09,0.12347941799089313,0.018374668958131224,0.1,2,True,
cdf_plateau,0.05,99,MonotoneLSPIA,0.009492140527007021,4.4364512064022255e-13,0.011958673014305532,0.011958673014305532,,78,True,
cdf_plateau,0.05,99,Penalized monotone B-spline,0.009269585680737309,3.3273384048016694e-13,0.04260126600274816,0.00186700199265033,0.01,9,True,Optimization terminated successfully
cdf_plateau,0.05,99,pyGAM,0.008216122453503217,2.3491009137899784e-09,0.12081447301898152,0.018859279982279986,0.1,2,True,
cdf_plateau,0.05,100,MonotoneLSPIA,0.010680420256829559,3.3273384048016694e-13,0.014206343970727175,0.014206343970727175,,91,True,
cdf_plateau,0.05,100,Penalized monotone B-spline,0.010702041934447275,3.3273384048016694e-13,0.04999770998256281,0.0022416539723053575,0.01,13,True,Optimization terminated successfully
cdf_plateau,0.05,100,pyGAM,0.010171461846068458,1.5370085204580511e-09,0.11930821900023147,0.021635657991282642,0.01,2,True,
cdf_plateau,0.1,1,MonotoneLSPIA,0.021143555193965123,5.545564008002705e-14,0.014057934982702136,0.014057934982702136,,84,True,
cdf_plateau,0.1,1,Penalized monotone B-spline,0.02100859334255106,5.545564008002628e-14,0.046959299012087286,0.0021490210201591253,0.01,13,True,Optimization terminated successfully
cdf_plateau,0.1,1,pyGAM,0.02033903870358239,4.734968916952884e-09,0.1169656909769401,0.01859049196355045,1.0,3,True,
cdf_plateau,0.1,2,MonotoneLSPIA,0.026762851341326818,4.159173006001971e-14,0.014048185024876148,0.014048185024876148,,94,True,
cdf_plateau,0.1,2,Penalized monotone B-spline,0.027482090580658505,4.159173006002087e-14,0.04127275996142998,0.0018849350162781775,1.0,9,True,Optimization terminated successfully
cdf_plateau,0.1,2,pyGAM,0.02748724353657817,4.781718021540346e-09,0.1185357510112226,0.018301708973012865,1.0,3,True,
cdf_plateau,0.1,3,MonotoneLSPIA,0.03273726644533271,3.3273384048016694e-13,0.015159060014411807,0.015159060014411807,,99,True,
cdf_plateau,0.1,3,Penalized monotone B-spline,0.032272169442515944,3.3273384048016694e-13,0.05010462400969118,0.002163796976674348,0.01,12,True,Optimization terminated successfully
cdf_plateau,0.1,3,pyGAM,0.02959179814207937,6.921972994789073e-09,0.11902656801976264,0.023214666987769306,0.1,2,True,
cdf_plateau,0.1,4,MonotoneLSPIA,0.018293216041200936,4.159173006002087e-14,0.014881650975439698,0.014881650975439698,,97,True,
cdf_plateau,0.1,4,Penalized monotone B-spline,0.018232977901467384,5.545564008002705e-14,0.046486496983561665,0.0018882359727285802,0.01,10,True,Optimization terminated successfully
cdf_plateau,0.1,4,pyGAM,0.01810057834654391,3.519325830758628e-09,0.11508484900696203,0.02239664102671668,0.1,2,True,
cdf_plateau,0.1,5,MonotoneLSPIA,0.024521599584892518,3.3273384048016694e-13,0.01984314899891615,0.01984314899891615,,137,True,
cdf_plateau,0.1,5,Penalized monotone B-spline,0.026899084742664458,3.3273384048016694e-13,0.043194619996938854,0.0020577010000124574,1.0,10,True,Optimization terminated successfully
cdf_plateau,0.1,5,pyGAM,0.02686431018060326,1.5402249475826927e-09,0.13923005701508373,0.01770293596200645,1.0,4,True,
cdf_plateau,0.1,6,MonotoneLSPIA,0.02395797974158911,2.772782004001314e-14,0.016084641974885017,0.016084641974885017,,116,True,
cdf_plateau,0.1,6,Penalized monotone B-spline,0.0239493943491337,2.772782004001314e-14,0.04461974900914356,0.002204396005254239,0.01,14,True,Optimization terminated successfully
cdf_plateau,0.1,6,pyGAM,0.02591972738342703,1.1630711393984235e-09,0.1216949219815433,0.018877443973906338,1.0,3,True,
cdf_plateau,0.1,7,MonotoneLSPIA,0.02513541707259601,2.772782004001391e-14,0.017911089991685003,0.017911089991685003,,120,True,
cdf_plateau,0.1,7,Penalized monotone B-spline,0.02629787303084357,2.7727820040013285e-14,0.045163779985159636,0.0017706789658404887,1.0,8,True,Optimization terminated successfully
cdf_plateau,0.1,7,pyGAM,0.02630364458844922,1.5011841769663114e-09,0.13074287003837526,0.01865047699538991,1.0,4,True,
cdf_plateau,0.1,8,MonotoneLSPIA,0.029034032785694854,3.3273384048016694e-13,0.011672080028802156,0.011672080028802156,,76,True,
cdf_plateau,0.1,8,Penalized monotone B-spline,0.029058311293071834,3.3273384048016694e-13,0.04345322400331497,0.0019175769994035363,0.01,11,True,Optimization terminated successfully
cdf_plateau,0.1,8,pyGAM,0.031723627030997896,9.038548409723244e-09,0.12312256003497168,0.01888582104584202,1.0,3,True,
cdf_plateau,0.1,9,MonotoneLSPIA,0.012336092798635607,3.3273384048016694e-13,0.015263678040355444,0.015263678040355444,,106,True,
cdf_plateau,0.1,9,Penalized monotone B-spline,0.01735062781753156,4.1591730060020287e-14,0.04419565596617758,0.0017481110407970846,1.0,9,True,Optimization terminated successfully
cdf_plateau,0.1,9,pyGAM,0.017037359945448097,4.828910771248449e-09,0.10825020197080448,0.017335698008537292,1.0,2,True,
cdf_plateau,0.1,10,MonotoneLSPIA,0.025331894969710885,3.465977505001691e-14,0.017905152984894812,0.017905152984894812,,141,True,
cdf_plateau,0.1,10,Penalized monotone B-spline,0.0253318968592095,2.7727820040013524e-14,0.04341595299774781,0.00282198196509853,1e-08,11,True,Optimization terminated successfully
cdf_plateau,0.1,10,pyGAM,0.024563628922573463,4.608530057570424e-09,0.10190455004340038,0.022330660023726523,0.01,2,True,
cdf_plateau,0.1,11,MonotoneLSPIA,0.0285798012453512,3.3273384048016694e-13,0.016475222015287727,0.016475222015287727,,132,True,
cdf_plateau,0.1,11,Penalized monotone B-spline,0.028325297131575167,3.3273384048016694e-13,0.03776987601304427,0.0018258370109833777,0.01,14,True,Optimization terminated successfully
cdf_plateau,0.1,11,pyGAM,0.02518482740997043,0.0,0.11758358799852431,0.01593386597232893,0.1,4,True,
cdf_plateau,0.1,12,MonotoneLSPIA,0.02541103705326411,3.3273384048016694e-13,0.017935615964233875,0.017935615964233875,,145,True,
cdf_plateau,0.1,12,Penalized monotone B-spline,0.026958800556953225,0.0,0.04331483301939443,0.002014622965361923,1.0,13,True,Optimization terminated successfully
cdf_plateau,0.1,12,pyGAM,0.026577583004690816,0.0,0.08657113701337948,0.012479112017899752,1.0,3,True,
cdf_plateau,0.1,13,MonotoneLSPIA,0.01606958708685312,3.3273384048016694e-13,0.008254607033450156,0.008254607033450156,,60,True,
cdf_plateau,0.1,13,Penalized monotone B-spline,0.0156750768273405,3.3273384048016694e-13,0.03656191402114928,0.0014073540223762393,1.0,8,True,Optimization terminated successfully
cdf_plateau,0.1,13,pyGAM,0.012955154703438275,5.525599977573359e-09,0.09508325695060194,0.022404884977731854,0.1,2,True,
cdf_plateau,0.1,14,MonotoneLSPIA,0.015176513007930012,3.3273384048016694e-13,0.01075906795449555,0.01075906795449555,,87,True,
cdf_plateau,0.1,14,Penalized monotone B-spline,0.015576188314014739,4.4364512064022255e-13,0.03781175805488601,0.0023434400209225714,1.0,10,True,Optimization terminated successfully
cdf_plateau,0.1,14,pyGAM,0.015210988428449396,7.079134278775871e-09,0.1270323930075392,0.019921249011531472,0.01,2,True,
cdf_plateau,0.1,15,MonotoneLSPIA,0.023282692041179717,4.159173006002087e-14,0.01616970996838063,0.01616970996838063,,124,True,
cdf_plateau,0.1,15,Penalized monotone B-spline,0.02310129377357245,2.7727820040013524e-14,0.042413552990183234,0.0018676070030778646,0.01,11,True,Optimization terminated successfully
cdf_plateau,0.1,15,pyGAM,0.023117496731794744,1.8579857652412005e-09,0.10665892896940932,0.01875315699726343,0.01,2,True,
cdf_plateau,0.1,16,MonotoneLSPIA,0.016569942218607914,3.3273384048016694e-13,0.012129321985412389,0.012129321985412389,,94,True,
cdf_plateau,0.1,16,Penalized monotone B-spline,0.022105102494888576,3.3273384048016694e-13,0.03704751603072509,0.0019689450273290277,1.0,9,True,Optimization terminated successfully
cdf_plateau,0.1,16,pyGAM,0.02208606617306374,3.4948698934833362e-09,0.09865787799935788,0.012320798996370286,1.0,3,True,
cdf_plateau,0.1,17,MonotoneLSPIA,0.026321912609222006,3.3273384048016694e-13,0.012999269994907081,0.012999269994907081,,96,True,
cdf_plateau,0.1,17,Penalized monotone B-spline,0.02609285401280657,3.3273384048016694e-13,0.03710774995852262,0.0016909900004975498,0.01,11,True,Optimization terminated successfully
cdf_plateau,0.1,17,pyGAM,0.026124756959478652,2.9338251827937918e-09,0.10746887599816546,0.023482710006646812,0.01,2,True,
cdf_plateau,0.1,18,MonotoneLSPIA,0.022703036730586264,4.159173006002087e-14,0.01520461996551603,0.01520461996551603,,98,True,
cdf_plateau,0.1,18,Penalized monotone B-spline,0.02243435272156465,4.159173006002087e-14,0.0338357649743557,0.0013662040000781417,0.01,8,True,Optimization terminated successfully
cdf_plateau,0.1,18,pyGAM,0.020557681798806262,3.73438280298897e-09,0.09644488402409479,0.015758110966999084,0.1,2,True,
cdf_plateau,0.1,19,MonotoneLSPIA,0.02928737155520624,3.3273384048016694e-13,0.007956015993840992,0.007956015993840992,,60,True,
cdf_plateau,0.1,19,Penalized monotone B-spline,0.02928736391892308,3.3273384048016694e-13,0.03631415602285415,0.001855083042755723,1e-08,13,True,Optimization terminated successfully
cdf_plateau,0.1,19,pyGAM,0.02906079667359791,2.228152162775407e-09,0.11070349800866097,0.024292980029713362,0.001,7,True,
cdf_plateau,0.1,20,MonotoneLSPIA,0.0187132919767393,3.3273384048016694e-13,0.01855301804607734,0.01855301804607734,,129,True,
cdf_plateau,0.1,20,Penalized monotone B-spline,0.024565699116501714,3.3273384048016694e-13,0.039549364999402314,0.0022338739945553243,1.0,11,True,Optimization terminated successfully
cdf_plateau,0.1,20,pyGAM,0.024505027330556872,4.361918826134668e-09,0.09727284498512745,0.016905363008845598,1.0,3,True,
cdf_plateau,0.1,21,MonotoneLSPIA,0.0239398467557046,3.3273384048016694e-13,0.012281664996407926,0.012281664996407926,,90,True,
cdf_plateau,0.1,21,Penalized monotone B-spline,0.025436271161326577,3.3273384048016694e-13,0.039848398009780794,0.001983224996365607,1.0,10,True,Optimization terminated successfully
cdf_plateau,0.1,21,pyGAM,0.02280873456214373,2.793189679550841e-09,0.09548506297869608,0.015292360971216112,0.1,2,True,
cdf_plateau,0.1,22,MonotoneLSPIA,0.02150038312983227,4.4364512064022255e-13,0.017701218952424824,0.017701218952424824,,147,True,
cdf_plateau,0.1,22,Penalized monotone B-spline,0.021500385435686928,2.2182256032011127e-13,0.03853213303955272,0.0017595760291442275,1e-08,12,True,Optimization terminated successfully
cdf_plateau,0.1,22,pyGAM,0.022550148892266045,2.182623082269735e-09,0.10950782499276102,0.020932266023010015,1.0,4,True,
cdf_plateau,0.1,23,MonotoneLSPIA,0.027876524957326818,4.159173006002087e-14,0.02092186699155718,0.02092186699155718,,147,True,
cdf_plateau,0.1,23,Penalized monotone B-spline,0.029863733856986888,2.7727820040013285e-14,0.03884996799752116,0.0014121340354904532,1.0,8,True,Optimization terminated successfully
cdf_plateau,0.1,23,pyGAM,0.02984229007297373,1.4171688822450715e-09,0.10380177502520382,0.012190529028885067,1.0,4,True,
cdf_plateau,0.1,24,MonotoneLSPIA,0.019339016970437457,3.3273384048016694e-13,0.012336270010564476,0.012336270010564476,,95,True,
cdf_plateau,0.1,24,Penalized monotone B-spline,0.019339017791191467,3.3273384048016694e-13,0.03623581101419404,0.0015197870088741183,1e-08,10,True,Optimization terminated successfully
cdf_plateau,0.1,24,pyGAM,0.019966785580876247,5.237507927358082e-09,0.09723176999250427,0.021649055008310825,1.0,2,True,
cdf_plateau,0.1,25,MonotoneLSPIA,0.01952308053152628,3.3273384048016694e-13,0.02001108299009502,0.02001108299009502,,143,True,
cdf_plateau,0.1,25,Penalized monotone B-spline,0.0192522754236269,2.2182256032011127e-13,0.042868640972301364,0.0019267930183559656,0.01,11,True,Optimization terminated successfully
cdf_plateau,0.1,25,pyGAM,0.01775752665774139,2.015202504868131e-09,0.10941171797458082,0.018518301949370652,1.0,4,True,
cdf_plateau,0.1,26,MonotoneLSPIA,0.03901386444831939,0.0,0.021439547999762,0.021439547999762,,154,True,
cdf_plateau,0.1,26,Penalized monotone B-spline,0.04145634536667365,0.0,0.0451870359829627,0.001999281987082213,1.0,11,True,Optimization terminated successfully
cdf_plateau,0.1,26,pyGAM,0.041397382356504836,0.0,0.10642207297496498,0.014930728008039296,1.0,3,True,
cdf_plateau,0.1,27,MonotoneLSPIA,0.013190059431410085,3.3273384048016694e-13,0.018502483959309757,0.018502483959309757,,125,True,
cdf_plateau,0.1,27,Penalized monotone B-spline,0.015519886454143152,5.545564008002705e-14,0.045325107988901436,0.001910120015963912,1.0,10,True,Optimization terminated successfully
cdf_plateau,0.1,27,pyGAM,0.015053437149778788,2.6582106515960535e-09,0.1264984550070949,0.018051924998871982,1.0,4,True,
cdf_plateau,0.1,28,MonotoneLSPIA,0.023840757616843972,4.1591730060020287e-14,0.02342938497895375,0.02342938497895375,,172,True,
cdf_plateau,0.1,28,Penalized monotone B-spline,0.023840738791511433,2.7727820040013524e-14,0.047583177976775914,0.0023500759853050113,1e-08,13,True,Optimization terminated successfully
cdf_plateau,0.1,28,pyGAM,0.02458394047409345,0.0,0.1234467759495601,0.018552769965026528,1.0,4,True,
cdf_plateau,0.1,29,MonotoneLSPIA,0.03285075750316962,0.0,0.028053686022758484,0.028053686022758484,,193,True,
cdf_plateau,0.1,29,Penalized monotone B-spline,0.032850787678167154,0.0,0.05040507798548788,0.002606663038022816,1e-08,15,True,Optimization terminated successfully
cdf_plateau,0.1,29,pyGAM,0.030359443190596833,0.0,0.11435249901842326,0.015401290962472558,1.0,2,True,
cdf_plateau,0.1,30,MonotoneLSPIA,0.030336660224310474,2.7727820040013524e-14,0.01911297900369391,0.01911297900369391,,126,True,
cdf_plateau,0.1,30,Penalized monotone B-spline,0.0303206252505234,2.0795865030009856e-14,0.04910378600470722,0.0023472000029869378,0.01,15,True,Optimization terminated successfully
cdf_plateau,0.1,30,pyGAM,0.029879648683923742,4.618622984064989e-09,0.11515525699360296,0.022238108969759196,0.001,5,True,
cdf_plateau,0.1,31,MonotoneLSPIA,0.029074942404370058,3.3273384048016694e-13,0.012098480947315693,0.012098480947315693,,81,True,
cdf_plateau,0.1,31,Penalized monotone B-spline,0.02375015047798873,4.4364512064022255e-13,0.040770048974081874,0.0017529469914734364,1.0,8,True,Optimization terminated successfully
cdf_plateau,0.1,31,pyGAM,0.026480461876850728,5.158150906403636e-09,0.12139027798548341,0.022734144993592054,0.1,2,True,
cdf_plateau,0.1,32,MonotoneLSPIA,0.021354094312089934,2.772782004001391e-14,0.02895404101582244,0.02895404101582244,,193,True,
cdf_plateau,0.1,32,Penalized monotone B-spline,0.021252786181292754,2.772782004001391e-14,0.04967976897023618,0.0020697370055131614,0.01,11,True,Optimization terminated successfully
cdf_plateau,0.1,32,pyGAM,0.02016094282314786,9.176799320442495e-10,0.11592855403432623,0.022379700967576355,0.01,2,True,
cdf_plateau,0.1,33,MonotoneLSPIA,0.02501368296740356,3.3273384048016694e-13,0.02454485697671771,0.02454485697671771,,162,True,
cdf_plateau,0.1,33,Penalized monotone B-spline,0.018719181802028875,0.0,0.04564727400429547,0.0022758380509912968,1.0,13,True,Optimization terminated successfully
cdf_plateau,0.1,33,pyGAM,0.02488245881125301,1.53501211741517e-09,0.12026004499057308,0.02293006400577724,0.001,5,True,
cdf_plateau,0.1,34,MonotoneLSPIA,0.029012696764401595,4.4364512064022255e-13,0.02402935194550082,0.02402935194550082,,169,True,
cdf_plateau,0.1,34,Penalized monotone B-spline,0.02903897000731416,3.3273384048016694e-13,0.04391595401102677,0.002278385974932462,0.01,14,True,Optimization terminated successfully
cdf_plateau,0.1,34,pyGAM,0.028841988115932228,2.7000242042163944e-09,0.1185474600060843,0.018407045979984105,0.01,2,True,
cdf_plateau,0.1,35,MonotoneLSPIA,0.0303287143553869,2.0795865030010143e-14,0.019732106011360884,0.019732106011360884,,137,True,
cdf_plateau,0.1,35,Penalized monotone B-spline,0.03182816193341628,0.0,0.04792784200981259,0.0020145010203123093,1.0,11,True,Optimization terminated successfully
cdf_plateau,0.1,35,pyGAM,0.030998249765146937,0.0,0.10987490398110822,0.017949984001461416,1.0,2,True,
cdf_plateau,0.1,36,MonotoneLSPIA,0.017496063533006503,3.3273384048016694e-13,0.014020938018802553,0.014020938018802553,,96,True,
cdf_plateau,0.1,36,Penalized monotone B-spline,0.02077974284159641,4.4364512064022255e-13,0.04275448899716139,0.0020026349811814725,1.0,10,True,Optimization terminated successfully
cdf_plateau,0.1,36,pyGAM,0.02053912212317742,2.9636048615167665e-09,0.11173262598458678,0.02268245001323521,1.0,3,True,
cdf_plateau,0.1,37,MonotoneLSPIA,0.020831999269209252,2.2182256032011127e-13,0.021774446009658277,0.021774446009658277,,153,True,
cdf_plateau,0.1,37,Penalized monotone B-spline,0.020832047613310842,4.4364512064022255e-13,0.04159840801730752,0.0020815750467590988,1e-08,12,True,Optimization terminated successfully
cdf_plateau,0.1,37,pyGAM,0.020730259676653845,3.1861483451579185e-09,0.10674126498633996,0.021083722007460892,0.01,2,True,
cdf_plateau,0.1,38,MonotoneLSPIA,0.02109384163767974,3.3273384048016694e-13,0.013365406019147485,0.013365406019147485,,95,True,
cdf_plateau,0.1,38,Penalized monotone B-spline,0.01735759019421592,2.772782004001314e-14,0.04590655001811683,0.002102110011037439,1.0,10,True,Optimization terminated successfully
cdf_plateau,0.1,38,pyGAM,0.020449464656689027,1.226346024729718e-09,0.1238201090018265,0.02200342097785324,0.01,3,True,
cdf_plateau,0.1,39,MonotoneLSPIA,0.01764118591269904,3.3273384048016694e-13,0.010971256997436285,0.010971256997436285,,73,True,
cdf_plateau,0.1,39,Penalized monotone B-spline,0.017641245998837325,4.4364512064022255e-13,0.04185827897163108,0.002064111002255231,1e-08,13,True,Optimization terminated successfully
cdf_plateau,0.1,39,pyGAM,0.01627128130642063,2.5732526109934508e-09,0.11727036297088489,0.02104750502621755,0.01,2,True,
cdf_plateau,0.1,40,MonotoneLSPIA,0.015629955220884964,4.4364512064022255e-13,0.015186184027697891,0.015186184027697891,,109,True,
cdf_plateau,0.1,40,Penalized monotone B-spline,0.02132975202927279,3.3273384048016694e-13,0.04274069803068414,0.001974118989892304,1.0,11,True,Optimization terminated successfully
cdf_plateau,0.1,40,pyGAM,0.021322003078986632,4.487193117075327e-09,0.1142120739677921,0.018141050008125603,1.0,4,True,
cdf_plateau,0.1,41,MonotoneLSPIA,0.032200248914037624,3.3273384048016694e-13,0.008435726980678737,0.008435726980678737,,53,True,
cdf_plateau,0.1,41,Penalized monotone B-spline,0.031988892912733664,3.3273384048016694e-13,0.0381317000137642,0.0016595859779044986,0.01,9,True,Optimization terminated successfully
cdf_plateau,0.1,41,pyGAM,0.03200975529796258,4.953741417068725e-09,0.11561601102584973,0.02254250698024407,0.01,2,True,
cdf_plateau,0.1,42,MonotoneLSPIA,0.01654255511205827,3.3273384048016694e-13,0.016681412002071738,0.016681412002071738,,113,True,
cdf_plateau,0.1,42,Penalized monotone B-spline,0.016068329853879276,3.3273384048016694e-13,0.04235468397382647,0.0019132059533149004,0.01,11,True,Optimization terminated successfully
cdf_plateau,0.1,42,pyGAM,0.017496330004290878,2.629706452594919e-09,0.11447257100371644,0.014027550001628697,1.0,2,True,
cdf_plateau,0.1,43,MonotoneLSPIA,0.028447879473779702,3.3273384048016694e-13,0.01998120901407674,0.01998120901407674,,145,True,
cdf_plateau,0.1,43,Penalized monotone B-spline,0.03042485360213907,0.0,0.045294389012269676,0.0021399499964900315,1.0,12,True,Optimization terminated successfully
cdf_plateau,0.1,43,pyGAM,0.027080283208548963,2.5108095602633396e-09,0.1053321220097132,0.02206207695417106,0.01,2,True,
cdf_plateau,0.1,44,MonotoneLSPIA,0.030275329248390402,0.0,0.02363290498033166,0.02363290498033166,,170,True,
cdf_plateau,0.1,44,Penalized monotone B-spline,0.03027532779175939,0.0,0.046119762992020696,0.0020010999869555235,1e-08,11,True,Optimization terminated successfully
cdf_plateau,0.1,44,pyGAM,0.0253534704311684,0.0,0.11611986299976707,0.017922123020980507,0.1,3,True,
cdf_plateau,0.1,45,MonotoneLSPIA,0.020940891699370266,3.3273384048016694e-13,0.015310610004235059,0.015310610004235059,,106,True,
cdf_plateau,0.1,45,Penalized monotone B-spline,0.020940939690964583,2.2182256032011127e-13,0.043582367012277246,0.0020123100257478654,1e-08,12,True,Optimization terminated successfully
cdf_plateau,0.1,45,pyGAM,0.015934490713827035,2.7064570584656775e-09,0.11564324202481657,0.02163922501495108,0.1,3,True,
cdf_plateau,0.1,46,MonotoneLSPIA,0.02399924764749925,2.772782004001391e-14,0.0189664019853808,0.0189664019853808,,133,True,
cdf_plateau,0.1,46,Penalized monotone B-spline,0.027162725332018807,4.159173006001971e-14,0.044167052023112774,0.001911764033138752,1.0,10,True,Optimization terminated successfully
cdf_plateau,0.1,46,pyGAM,0.027146950253919458,1.7364270021857828e-09,0.11653988098260015,0.017874790995847434,1.0,3,True,
cdf_plateau,0.1,47,MonotoneLSPIA,0.029020536451249645,4.159173006001971e-14,0.016021052026189864,0.016021052026189864,,114,True,
cdf_plateau,0.1,47,Penalized monotone B-spline,0.029808725258428433,2.772782004001391e-14,0.042771547043230385,0.0018464539898559451,1.0,10,True,Optimization terminated successfully
cdf_plateau,0.1,47,pyGAM,0.029820286303148355,3.1723398907779914e-09,0.11410756700206548,0.01780152099672705,1.0,2,True,
cdf_plateau,0.1,48,MonotoneLSPIA,0.013266003346331564,4.1591730060020287e-14,0.015878013044130057,0.015878013044130057,,110,True,
cdf_plateau,0.1,48,Penalized monotone B-spline,0.01836801244956463,4.1591730060020287e-14,0.04784929595189169,0.0016909729456529021,1.0,8,True,Optimization terminated successfully
cdf_plateau,0.1,48,pyGAM,0.01832341297104316,5.901644672956641e-09,0.13572956301504746,0.01937191403703764,1.0,4,True,
cdf_plateau,0.1,49,MonotoneLSPIA,0.0249618460842555,2.772782004001391e-14,0.02013865701155737,0.02013865701155737,,137,True,
cdf_plateau,0.1,49,Penalized monotone B-spline,0.024962005338808994,2.772782004001391e-14,0.04533241502940655,0.002162831020541489,1e-08,12,True,Optimization terminated successfully
cdf_plateau,0.1,49,pyGAM,0.02363440859538911,2.3635748358507347e-09,0.11556438903789967,0.018696305982302874,0.01,5,True,
cdf_plateau,0.1,50,MonotoneLSPIA,0.032915375679335744,4.159173006002087e-14,0.022456680017057806,0.022456680017057806,,181,True,
cdf_plateau,0.1,50,Penalized monotone B-spline,0.03276624677100078,4.159173006002087e-14,0.03784433600958437,0.0018522570026107132,0.01,13,True,Optimization terminated successfully
cdf_plateau,0.1,50,pyGAM,0.033031086193867694,0.0,0.09269619401311502,0.01227796298917383,1.0,4,True,
cdf_plateau,0.1,51,MonotoneLSPIA,0.023402114299015675,3.4659775050016606e-14,0.01646463799988851,0.01646463799988851,,134,True,
cdf_plateau,0.1,51,Penalized monotone B-spline,0.02066645193222106,2.7727820040013524e-14,0.03515378094743937,0.0014748229878023267,1.0,9,True,Optimization terminated successfully
cdf_plateau,0.1,51,pyGAM,0.02306174074678788,2.612016103409354e-09,0.10520883300341666,0.019774099986534566,0.01,2,True,
cdf_plateau,0.1,52,MonotoneLSPIA,0.03847343504655873,0.0,0.02161595202051103,0.02161595202051103,,167,True,
cdf_plateau,0.1,52,Penalized monotone B-spline,0.04223903769654171,0.0,0.04181635699933395,0.0017723619821481407,1.0,11,True,Optimization terminated successfully
cdf_plateau,0.1,52,pyGAM,0.0421063863351276,0.0,0.09259280900005251,0.012499308970291167,1.0,3,True,
cdf_plateau,0.1,53,MonotoneLSPIA,0.0189862171310188,2.772782004001391e-14,0.015597941994201392,0.015597941994201392,,126,True,
cdf_plateau,0.1,53,Penalized monotone B-spline,0.018638933313632665,4.159173006001856e-14,0.03889648703625426,0.0017726779915392399,0.01,13,True,Optimization terminated successfully
cdf_plateau,0.1,53,pyGAM,0.018533204614626732,1.981707298259794e-09,0.11145641701295972,0.02135628799442202,0.01,2,True,
cdf_plateau,0.1,54,MonotoneLSPIA,0.023447377930978845,3.3273384048016694e-13,0.01674271299270913,0.01674271299270913,,133,True,
cdf_plateau,0.1,54,Penalized monotone B-spline,0.023297533184026192,2.2182256032011127e-13,0.03959027002565563,0.0017543249996379018,0.01,11,True,Optimization terminated successfully
cdf_plateau,0.1,54,pyGAM,0.021787763943980583,3.4089136513592955e-09,0.11679029505467042,0.01582338399020955,0.1,3,True,
cdf_plateau,0.1,55,MonotoneLSPIA,0.015324213062778256,3.3273384048016694e-13,0.008737971016671509,0.008737971016671509,,65,True,
cdf_plateau,0.1,55,Penalized monotone B-spline,0.018274138041655397,3.3273384048016694e-13,0.03774125804193318,0.0014990839990787208,1.0,8,True,Optimization terminated successfully
cdf_plateau,0.1,55,pyGAM,0.018287016454697415,4.796081032321206e-09,0.10841351700946689,0.022278380987700075,1.0,3,True,
cdf_plateau,0.1,56,MonotoneLSPIA,0.018176820008055525,3.3273384048016694e-13,0.009072563028894365,0.009072563028894365,,72,True,
cdf_plateau,0.1,56,Penalized monotone B-spline,0.01810785062323083,3.3273384048016694e-13,0.03288167103892192,0.0014566660393029451,0.01,10,True,Optimization terminated successfully
cdf_plateau,0.1,56,pyGAM,0.017565569681550135,4.15612294579757e-09,0.10509101097704843,0.020870698965154588,0.1,3,True,
cdf_plateau,0.1,57,MonotoneLSPIA,0.025563516483084362,3.3273384048016694e-13,0.009375458001159132,0.009375458001159132,,71,True,
cdf_plateau,0.1,57,Penalized monotone B-spline,0.025563524359848114,3.3273384048016694e-13,0.038002060959115624,0.0016724030137993395,1e-08,12,True,Optimization terminated successfully
cdf_plateau,0.1,57,pyGAM,0.024745613319440442,3.2215290435289762e-09,0.12538019596831873,0.022121032990980893,0.01,2,True,
cdf_plateau,0.1,58,MonotoneLSPIA,0.02409264161424686,3.3273384048016694e-13,0.014006067009177059,0.014006067009177059,,112,True,
cdf_plateau,0.1,58,Penalized monotone B-spline,0.02517939625652678,2.772782004001391e-14,0.036088740976992995,0.001916135021019727,1.0,13,True,Optimization terminated successfully
cdf_plateau,0.1,58,pyGAM,0.025196794264229008,2.148795141820918e-09,0.09688978700432926,0.016064443974755704,1.0,3,True,
cdf_plateau,0.1,59,MonotoneLSPIA,0.021939122049628258,5.545564008002782e-14,0.020664870040491223,0.020664870040491223,,172,True,
cdf_plateau,0.1,59,Penalized monotone B-spline,0.02117883961473306,4.159173006002087e-14,0.041671355022117496,0.002039424958638847,0.01,14,True,Optimization terminated successfully
cdf_plateau,0.1,59,pyGAM,0.01992442428129811,2.1774657077421717e-09,0.10640759294619784,0.015456998022273183,1.0,4,True,
cdf_plateau,0.1,60,MonotoneLSPIA,0.017946721558260412,3.3273384048016694e-13,0.006087579997256398,0.006087579997256398,,44,True,
cdf_plateau,0.1,60,Penalized monotone B-spline,0.017920506443772268,4.436451206401733e-13,0.03211904299678281,0.0014020369853824377,0.01,9,True,Optimization terminated successfully
cdf_plateau,0.1,60,pyGAM,0.017933493941713254,4.0901861897425315e-09,0.10272935294779018,0.0161762650241144,0.1,2,True,
cdf_plateau,0.1,61,MonotoneLSPIA,0.024186502554911882,4.159173006002087e-14,0.021970301982946694,0.021970301982946694,,158,True,
cdf_plateau,0.1,61,Penalized monotone B-spline,0.02412579295970349,4.159173006002087e-14,0.04091106401756406,0.0022838900331407785,0.01,12,True,Optimization terminated successfully
cdf_plateau,0.1,61,pyGAM,0.024128487223105958,2.7401186319942544e-09,0.10205674899043515,0.01910090201999992,0.1,2,True,
cdf_plateau,0.1,62,MonotoneLSPIA,0.03170043414876745,3.3273384048016694e-13,0.007154855993576348,0.007154855993576348,,52,True,
cdf_plateau,0.1,62,Penalized monotone B-spline,0.031238550449297884,3.3273384048016694e-13,0.04413001099601388,0.0015518729924224317,0.01,6,True,Optimization terminated successfully
cdf_plateau,0.1,62,pyGAM,0.03033182517113446,9.745607820743578e-09,0.12040239700581878,0.022284815029706806,0.01,2,True,
cdf_plateau,0.1,63,MonotoneLSPIA,0.020517787834328612,6.931955010003321e-14,0.014577626949176192,0.014577626949176192,,104,True,
cdf_plateau,0.1,63,Penalized monotone B-spline,0.020517878288615964,4.159173006002087e-14,0.03579663101118058,0.001497499004472047,1e-08,8,True,Optimization terminated successfully
cdf_plateau,0.1,63,pyGAM,0.017357802019093427,6.218462744733667e-09,0.1094673770130612,0.01574750104919076,0.1,2,True,
cdf_plateau,0.1,64,MonotoneLSPIA,0.02228824476395365,4.159173006002087e-14,0.012540519004687667,0.012540519004687667,,99,True,
cdf_plateau,0.1,64,Penalized monotone B-spline,0.02170442771897391,4.1591730060020287e-14,0.03902802604716271,0.0016802609898149967,0.01,11,True,Optimization terminated successfully
cdf_plateau,0.1,64,pyGAM,0.021715923571822244,2.9388161904009127e-09,0.10072677803691477,0.01862355601042509,0.01,2,True,
cdf_plateau,0.1,65,MonotoneLSPIA,0.020758280344286333,3.3273384048016694e-13,0.021192922024056315,0.021192922024056315,,146,True,
cdf_plateau,0.1,65,Penalized monotone B-spline,0.02041809079347847,2.2182256032011127e-13,0.04008443502243608,0.0018069719662889838,0.01,11,True,Optimization terminated successfully
cdf_plateau,0.1,65,pyGAM,0.018158639904214555,1.3433019696584766e-09,0.11017943097976968,0.019048225949518383,0.1,4,True,
cdf_plateau,0.1,66,MonotoneLSPIA,0.022307471490602075,2.2182256032011127e-13,0.01644686103099957,0.01644686103099957,,112,True,
cdf_plateau,0.1,66,Penalized monotone B-spline,0.026013986916158752,3.3273384048016694e-13,0.044753529014997184,0.0020427730050869286,1.0,11,True,Optimization terminated successfully
cdf_plateau,0.1,66,pyGAM,0.025975424479844897,5.551553217131348e-09,0.11330318701220676,0.017914759984705597,1.0,3,True,
cdf_plateau,0.1,67,MonotoneLSPIA,0.01839261400476926,2.772782004001391e-14,0.019338395970407873,0.019338395970407873,,135,True,
cdf_plateau,0.1,67,Penalized monotone B-spline,0.021359383328376932,0.0,0.044605641975067556,0.0022539880010299385,1.0,13,True,Optimization terminated successfully
cdf_plateau,0.1,67,pyGAM,0.021309101797191022,0.0,0.11303412000415847,0.014834590954706073,1.0,3,True,
cdf_plateau,0.1,68,MonotoneLSPIA,0.024453178569111753,3.3273384048016694e-13,0.018864521000068635,0.018864521000068635,,128,True,
cdf_plateau,0.1,68,Penalized monotone B-spline,0.028305538391568554,4.159173006002087e-14,0.04713568999432027,0.0023877400089986622,1.0,12,True,Optimization terminated successfully
cdf_plateau,0.1,68,pyGAM,0.028319165447046286,3.1301381486770035e-09,0.11846144200535491,0.02268675499362871,1.0,3,True,
cdf_plateau,0.1,69,MonotoneLSPIA,0.020279297922497868,2.2182256032011127e-13,0.02347547304816544,0.02347547304816544,,165,True,
cdf_plateau,0.1,69,Penalized monotone B-spline,0.02373733041885333,2.2182256032011127e-13,0.045256703975610435,0.0018587289960123599,1.0,9,True,Optimization terminated successfully
cdf_plateau,0.1,69,pyGAM,0.023710340200734082,2.8876860902472084e-09,0.11571092501981184,0.01814972300780937,1.0,3,True,
cdf_plateau,0.1,70,MonotoneLSPIA,0.023856366789151356,3.3273384048016694e-13,0.02083044103346765,0.02083044103346765,,141,True,
cdf_plateau,0.1,70,Penalized monotone B-spline,0.023628891868017955,3.3273384048016694e-13,0.04664637899259105,0.0021072750096209347,0.01,12,True,Optimization terminated successfully
cdf_plateau,0.1,70,pyGAM,0.01691777384169162,1.9386182659176126e-09,0.12814488500589505,0.019022729014977813,1.0,4,True,
cdf_plateau,0.1,71,MonotoneLSPIA,0.023479944363674916,3.3273384048016694e-13,0.010277609981130809,0.010277609981130809,,66,True,
cdf_plateau,0.1,71,Penalized monotone B-spline,0.023437704020835327,2.2182256032011127e-13,0.03979970398359001,0.0013209970202296972,0.01,6,True,Optimization terminated successfully
cdf_plateau,0.1,71,pyGAM,0.02321916975637711,8.10068262468984e-09,0.12282277701888233,0.021887500013690442,0.1,2,True,
cdf_plateau,0.1,72,MonotoneLSPIA,0.02041516582871168,0.0,0.024059502000454813,0.024059502000454813,,170,True,
cdf_plateau,0.1,72,Penalized monotone B-spline,0.020364004211856447,0.0,0.04568548599490896,0.0022608989966101944,0.01,13,True,Optimization terminated successfully
cdf_plateau,0.1,72,pyGAM,0.022788788720904573,4.184516233518427e-09,0.11089925799751654,0.018586253048852086,1.0,3,True,
cdf_plateau,0.1,73,MonotoneLSPIA,0.016453578266285372,4.159173006001993e-14,0.020371899008750916,0.020371899008750916,,144,True,
cdf_plateau,0.1,73,Penalized monotone B-spline,0.013538152678666357,0.0,0.044620085041970015,0.0020079060341231525,1.0,11,True,Optimization terminated successfully
cdf_plateau,0.1,73,pyGAM,0.013484799738384486,9.892731633875956e-10,0.11537668202072382,0.019124336016830057,0.1,2,True,
cdf_plateau,0.1,74,MonotoneLSPIA,0.02286997166040242,3.3273384048016694e-13,0.01014773698989302,0.01014773698989302,,64,True,
cdf_plateau,0.1,74,Penalized monotone B-spline,0.02271052201363445,3.3273384048016694e-13,0.043130846053827554,0.0020045400015078485,0.01,11,True,Optimization terminated successfully
cdf_plateau,0.1,74,pyGAM,0.02173855650812656,6.907998173488714e-09,0.13988593098474666,0.022415142972022295,0.01,2,True,
cdf_plateau,0.1,75,MonotoneLSPIA,0.021835918174494057,2.2182256032011127e-13,0.013281613995786756,0.013281613995786756,,85,True,
cdf_plateau,0.1,75,Penalized monotone B-spline,0.019048375984188935,3.3273384048016694e-13,0.043161406996659935,0.0020569749758578837,1.0,11,True,Optimization terminated successfully
cdf_plateau,0.1,75,pyGAM,0.018705523926259623,3.9682946928465206e-09,0.12034390500048175,0.022415473009459674,1.0,3,True,
cdf_plateau,0.1,76,MonotoneLSPIA,0.030654998104205237,2.2182256032011127e-13,0.010391664982307702,0.010391664982307702,,67,True,
cdf_plateau,0.1,76,Penalized monotone B-spline,0.03030574188528096,3.3273384048016694e-13,0.039218152000103146,0.0016164719709195197,0.01,8,True,Optimization terminated successfully
cdf_plateau,0.1,76,pyGAM,0.02858591328341319,5.470255248774104e-09,0.11886292503913864,0.02201605000300333,0.1,2,True,
cdf_plateau,0.1,77,MonotoneLSPIA,0.020591037100294703,4.159173006002087e-14,0.02115442795911804,0.02115442795911804,,149,True,
cdf_plateau,0.1,77,Penalized monotone B-spline,0.011120239778879926,2.772782004001391e-14,0.04360341897699982,0.002054844982922077,1.0,10,True,Optimization terminated successfully
cdf_plateau,0.1,77,pyGAM,0.014881851757412674,4.484253968150961e-09,0.12732867198064923,0.019570062984712422,0.1,2,True,
cdf_plateau,0.1,78,MonotoneLSPIA,0.021397304003764956,4.159173006001986e-14,0.018517407996114343,0.018517407996114343,,120,True,
cdf_plateau,0.1,78,Penalized monotone B-spline,0.021397304983232366,4.159173006001993e-14,0.045177343010436743,0.002154734975192696,1e-08,12,True,Optimization terminated successfully
cdf_plateau,0.1,78,pyGAM,0.019442536521193703,2.3010763294806105e-09,0.13420402398332953,0.021885973983444273,1.0,4,True,
cdf_plateau,0.1,79,MonotoneLSPIA,0.026514130264177517,3.3273384048016694e-13,0.012419815990142524,0.012419815990142524,,85,True,
cdf_plateau,0.1,79,Penalized monotone B-spline,0.027653661575740528,2.772782004001391e-14,0.04198849102249369,0.0020291319815441966,1.0,11,True,Optimization terminated successfully
cdf_plateau,0.1,79,pyGAM,0.027567217469646976,5.502585886940607e-09,0.12937193602556363,0.022978395980317146,1.0,4,True,
cdf_plateau,0.1,80,MonotoneLSPIA,0.018744778171026724,3.3273384048016694e-13,0.016249517037067562,0.016249517037067562,,106,True,
cdf_plateau,0.1,80,Penalized monotone B-spline,0.021492989599298556,2.2182256032011127e-13,0.04588129301555455,0.002152332046534866,1.0,12,True,Optimization terminated successfully
cdf_plateau,0.1,80,pyGAM,0.021467280885843282,4.591837909906463e-09,0.11710553604643792,0.022214110009372234,1.0,4,True,
cdf_plateau,0.1,81,MonotoneLSPIA,0.016473184734332017,3.3273384048016694e-13,0.009891989990137517,0.009891989990137517,,64,True,
cdf_plateau,0.1,81,Penalized monotone B-spline,0.019175770806110895,4.4364512064022255e-13,0.041888699983246624,0.0017135429661720991,1.0,8,True,Optimization terminated successfully
cdf_plateau,0.1,81,pyGAM,0.01901599551272879,6.2468560324548135e-09,0.10482792597031221,0.01943260704865679,1.0,2,True,
cdf_plateau,0.1,82,MonotoneLSPIA,0.01665559646593678,2.2182256032011127e-13,0.013902128965128213,0.013902128965128213,,91,True,
cdf_plateau,0.1,82,Penalized monotone B-spline,0.02265113459354744,3.3273384048016694e-13,0.043696511012967676,0.0018287639832124114,1.0,9,True,Optimization terminated successfully
cdf_plateau,0.1,82,pyGAM,0.022376621587692744,3.3575062730051112e-09,0.10927295300643891,0.018359042995143682,1.0,2,True,
cdf_plateau,0.1,83,MonotoneLSPIA,0.02270743784254306,3.3273384048016694e-13,0.012883460964076221,0.012883460964076221,,83,True,
cdf_plateau,0.1,83,Penalized monotone B-spline,0.022645736619522155,3.3273384048016694e-13,0.04325671901460737,0.0018982350011356175,0.01,10,True,Optimization terminated successfully
cdf_plateau,0.1,83,pyGAM,0.021887637746115383,5.237840661198708e-09,0.12328816199442372,0.025333470024634153,0.1,3,True,
cdf_plateau,0.1,84,MonotoneLSPIA,0.03335696295897436,2.772782004001391e-14,0.01936372701311484,0.01936372701311484,,140,True,
cdf_plateau,0.1,84,Penalized monotone B-spline,0.031190019416640687,0.0,0.046366338967345655,0.002202117000706494,1.0,12,True,Optimization terminated successfully
cdf_plateau,0.1,84,pyGAM,0.030938717568745472,8.502458737069865e-10,0.10251101903850213,0.0181080789770931,0.1,3,True,
cdf_plateau,0.1,85,MonotoneLSPIA,0.013819356590784496,5.545564008002705e-14,0.016787435044534504,0.016787435044534504,,118,True,
cdf_plateau,0.1,85,Penalized monotone B-spline,0.01357828167285519,4.159173006001971e-14,0.04852550401119515,0.0021886449540033937,0.01,12,True,Optimization terminated successfully
cdf_plateau,0.1,85,pyGAM,0.017637961336076813,2.160939926998444e-09,0.12421592604368925,0.023059163009747863,1.0,3,True,
cdf_plateau,0.1,86,MonotoneLSPIA,0.028262763371946546,3.3273384048016694e-13,0.01295422698603943,0.01295422698603943,,85,True,
cdf_plateau,0.1,86,Penalized monotone B-spline,0.0282627619553413,3.3273384048016694e-13,0.03892843198264018,0.0016186300199478865,1e-08,8,True,Optimization terminated successfully
cdf_plateau,0.1,86,pyGAM,0.02811043843508213,7.750313890664234e-09,0.11424987495411187,0.021601442014798522,0.01,2,True,
cdf_plateau,0.1,87,MonotoneLSPIA,0.02553564505596911,2.2182256032011127e-13,0.012932109006214887,0.012932109006214887,,88,True,
cdf_plateau,0.1,87,Penalized monotone B-spline,0.025565149294988418,3.3273384048013003e-13,0.04086043103598058,0.0014827240374870598,0.01,7,True,Optimization terminated successfully
cdf_plateau,0.1,87,pyGAM,0.025166850746386745,4.569544742594293e-09,0.12260129302740097,0.025959125021472573,0.001,6,True,
cdf_plateau,0.1,88,MonotoneLSPIA,0.03955715440150607,3.3273384048016694e-13,0.010109935014043003,0.010109935014043003,,62,True,
cdf_plateau,0.1,88,Penalized monotone B-spline,0.03955700745605777,3.3273384048016694e-13,0.042973639036063105,0.001878694980405271,1e-08,11,True,Optimization terminated successfully
cdf_plateau,0.1,88,pyGAM,0.03940687140317629,8.241872684333586e-09,0.11356917000375688,0.021640318038407713,0.001,5,True,
cdf_plateau,0.1,89,MonotoneLSPIA,0.02471980697049507,3.3273384048016694e-13,0.011954763031098992,0.011954763031098992,,82,True,
cdf_plateau,0.1,89,Penalized monotone B-spline,0.023977324426419436,2.2182256032011127e-13,0.044514026027172804,0.0020548159955069423,0.01,13,True,Optimization terminated successfully
cdf_plateau,0.1,89,pyGAM,0.024157358103155575,1.7134683671926996e-09,0.10639437503414229,0.025710149959195405,0.001,6,True,
cdf_plateau,0.1,90,MonotoneLSPIA,0.03131556865110016,4.159173006002087e-14,0.011816632002592087,0.011816632002592087,,76,True,
cdf_plateau,0.1,90,Penalized monotone B-spline,0.03131353467347706,4.159173006002087e-14,0.043529111018870026,0.002007401955779642,0.0001,11,True,Optimization terminated successfully
cdf_plateau,0.1,90,pyGAM,0.030910410811642114,6.5500874724124054e-09,0.11501210898859426,0.02157704101409763,0.1,3,True,
cdf_plateau,0.1,91,MonotoneLSPIA,0.02488214189084732,4.436451206401733e-13,0.024291861976962537,0.024291861976962537,,164,True,
cdf_plateau,0.1,91,Penalized monotone B-spline,0.025963749521656514,3.3273384048016694e-13,0.06234062201110646,0.002191200968809426,1.0,10,True,Optimization terminated successfully
cdf_plateau,0.1,91,pyGAM,0.024859193467561526,1.8434563875401826e-09,0.12766141403699294,0.026307852007448673,0.01,2,True,
cdf_plateau,0.1,92,MonotoneLSPIA,0.026799502171675836,2.772782004001391e-14,0.019531641039066017,0.019531641039066017,,126,True,
cdf_plateau,0.1,92,Penalized monotone B-spline,0.02938347359753616,2.772782004001391e-14,0.05521451897220686,0.0020809629932045937,1.0,10,True,Optimization terminated successfully
cdf_plateau,0.1,92,pyGAM,0.028774259856047153,9.396570022080154e-09,0.12256862805224955,0.016317659988999367,1.0,3,True,
cdf_plateau,0.1,93,MonotoneLSPIA,0.02518508106659312,3.3273384048016694e-13,0.020941697002854198,0.020941697002854198,,130,True,
cdf_plateau,0.1,93,Penalized monotone B-spline,0.029352826763106285,3.3273384048016694e-13,0.04504734801594168,0.0017761620110832155,1.0,8,True,Optimization terminated successfully
cdf_plateau,0.1,93,pyGAM,0.029385200961455367,2.1955997020484616e-09,0.12579435296356678,0.02025825798045844,1.0,2,True,
cdf_plateau,0.1,94,MonotoneLSPIA,0.02031853991714792,4.4364512064022255e-13,0.01763824699446559,0.01763824699446559,,115,True,
cdf_plateau,0.1,94,Penalized monotone B-spline,0.025323479147138693,2.2182256032011127e-13,0.0429699860396795,0.0019361099693924189,1.0,9,True,Optimization terminated successfully
cdf_plateau,0.1,94,pyGAM,0.02529658843997405,2.600869519753305e-09,0.13996476295869797,0.015557543956674635,1.0,2,True,
cdf_plateau,0.1,95,MonotoneLSPIA,0.010929250623077978,3.3273384048016694e-13,0.011534418037626892,0.011534418037626892,,67,True,
cdf_plateau,0.1,95,Penalized monotone B-spline,0.013686800520909983,3.3273384048016694e-13,0.04348550701979548,0.002247265016194433,1.0,13,True,Optimization terminated successfully
cdf_plateau,0.1,95,pyGAM,0.01347342486891891,5.6544788851199565e-09,0.13607557403156534,0.018900485010817647,1.0,3,True,
cdf_plateau,0.1,96,MonotoneLSPIA,0.02347777085866066,3.3273384048016694e-13,0.015020152961369604,0.015020152961369604,,96,True,
cdf_plateau,0.1,96,Penalized monotone B-spline,0.029286531890019587,2.2182256032011127e-13,0.05108447902603075,0.0017044850392267108,1.0,8,True,Optimization terminated successfully
cdf_plateau,0.1,96,pyGAM,0.029312236135440563,4.846933854274591e-09,0.1087668530526571,0.014703865977935493,1.0,2,True,
cdf_plateau,0.1,97,MonotoneLSPIA,0.016068888169913687,0.0,0.02454406296601519,0.02454406296601519,,140,True,
cdf_plateau,0.1,97,Penalized monotone B-spline,0.015852867372426156,0.0,0.058190091978758574,0.002648235997185111,0.01,11,True,Optimization terminated successfully
cdf_plateau,0.1,97,pyGAM,0.013801306567629451,6.562620447070492e-10,0.11868608300574124,0.018954419996589422,1.0,4,True,
cdf_plateau,0.1,98,MonotoneLSPIA,0.012875162445036552,3.3273384048016694e-13,0.011825404944829643,0.011825404944829643,,77,True,
cdf_plateau,0.1,98,Penalized monotone B-spline,0.019745135117974103,3.3273384048016694e-13,0.0437156610423699,0.0020178609993308783,1.0,8,True,Optimization terminated successfully
cdf_plateau,0.1,98,pyGAM,0.019758236066655138,5.930814339638571e-09,0.1274531200178899,0.018582462973427027,1.0,2,True,
cdf_plateau,0.1,99,MonotoneLSPIA,0.017202260920653127,3.3273384048016694e-13,0.009807233000174165,0.009807233000174165,,65,True,
cdf_plateau,0.1,99,Penalized monotone B-spline,0.016992102907525616,3.3273384048016694e-13,0.04916010604938492,0.001901826006360352,0.01,10,True,Optimization terminated successfully
cdf_plateau,0.1,99,pyGAM,0.01542570226960026,5.166413796775489e-09,0.12855446303728968,0.01945721299853176,1.0,2,True,
cdf_plateau,0.1,100,MonotoneLSPIA,0.026648573850013846,3.3273384048016694e-13,0.013856558012776077,0.013856558012776077,,92,True,
cdf_plateau,0.1,100,Penalized monotone B-spline,0.022569982046339084,3.3273384048016694e-13,0.042346758011262864,0.0018444629968144,1.0,9,True,Optimization terminated successfully
cdf_plateau,0.1,100,pyGAM,0.026221650486472133,3.644156476578767e-09,0.11622177402023226,0.01756149501306936,0.01,2,True,
