dataset,sigma,trial,seed,method,recovery_rmse,maximum_negative_slope,selected_parameter,iterations,converged
sensor_log,0.02,1,101001,MonotoneLSPIA,0.006555244290437688,0.0,,127,True
sensor_log,0.02,1,101001,Penalized monotone B-spline,0.006496347592154681,0.0,0.01,13,True
sensor_log,0.02,1,101001,pyGAM,0.006944822387795536,0.0,1.0,2,True
sensor_log,0.02,2,101002,MonotoneLSPIA,0.007250678467315801,0.0,,138,True
sensor_log,0.02,2,101002,Penalized monotone B-spline,0.005853102381010971,0.0,1.0,1,True
sensor_log,0.02,2,101002,pyGAM,0.006240488132421178,0.0,1.0,2,True
sensor_log,0.02,3,101003,MonotoneLSPIA,0.00519342600384233,0.0,,137,True
sensor_log,0.02,3,101003,Penalized monotone B-spline,0.003996223887162383,0.0,1.0,1,True
sensor_log,0.02,3,101003,pyGAM,0.0058173190129688955,0.0,1.0,2,True
sensor_log,0.02,4,101004,MonotoneLSPIA,0.007419261453934366,0.0,,115,True
sensor_log,0.02,4,101004,Penalized monotone B-spline,0.0058945640884203844,0.0,1.0,1,True
sensor_log,0.02,4,101004,pyGAM,0.005936383080107197,0.0,0.1,2,True
sensor_log,0.02,5,101005,MonotoneLSPIA,0.005801789190416364,0.0,,140,True
sensor_log,0.02,5,101005,Penalized monotone B-spline,0.005517343883813118,0.0,1.0,1,True
sensor_log,0.02,5,101005,pyGAM,0.0055767336891543486,0.0,1.0,2,True
sensor_log,0.02,6,101006,MonotoneLSPIA,0.006659647131616327,0.0,,138,True
sensor_log,0.02,6,101006,Penalized monotone B-spline,0.006184730681057773,0.0,0.01,13,True
sensor_log,0.02,6,101006,pyGAM,0.004637932587241351,0.0,0.1,3,True
sensor_log,0.02,7,101007,MonotoneLSPIA,0.004323621677477285,0.0,,135,True
sensor_log,0.02,7,101007,Penalized monotone B-spline,0.004443487400916803,0.0,1.0,1,True
sensor_log,0.02,7,101007,pyGAM,0.003079853723029567,0.0,1.0,2,True
sensor_log,0.02,8,101008,MonotoneLSPIA,0.006028874476891065,0.0,,135,True
sensor_log,0.02,8,101008,Penalized monotone B-spline,0.005435205809937336,0.0,0.01,10,True
sensor_log,0.02,8,101008,pyGAM,0.005464918954136348,0.0,1.0,2,True
sensor_log,0.02,9,101009,MonotoneLSPIA,0.006152253787189773,0.0,,135,True
sensor_log,0.02,9,101009,Penalized monotone B-spline,0.005986139710347897,0.0,1.0,1,True
sensor_log,0.02,9,101009,pyGAM,0.006153970937707817,0.0,1.0,2,True
sensor_log,0.02,10,101010,MonotoneLSPIA,0.005145806336310163,0.0,,130,True
sensor_log,0.02,10,101010,Penalized monotone B-spline,0.00537043378297681,0.0,1.0,1,True
sensor_log,0.02,10,101010,pyGAM,0.004419018442505514,0.0,0.1,2,True
sensor_log,0.02,11,101011,MonotoneLSPIA,0.0036588596222034094,0.0,,136,True
sensor_log,0.02,11,101011,Penalized monotone B-spline,0.0038231192266919866,0.0,1.0,1,True
sensor_log,0.02,11,101011,pyGAM,0.004886740391342818,0.0,1.0,2,True
sensor_log,0.02,12,101012,MonotoneLSPIA,0.0074733013706968845,0.0,,145,True
sensor_log,0.02,12,101012,Penalized monotone B-spline,0.0057725182562095665,0.0,1.0,1,True
sensor_log,0.02,12,101012,pyGAM,0.005226244981687127,0.0,0.1,3,True
sensor_log,0.02,13,101013,MonotoneLSPIA,0.004715029012789686,0.0,,141,True
sensor_log,0.02,13,101013,Penalized monotone B-spline,0.005155918834356145,0.0,1.0,1,True
sensor_log,0.02,13,101013,pyGAM,0.004148352124181975,0.0,0.1,3,True
sensor_log,0.02,14,101014,MonotoneLSPIA,0.006124173800569892,0.0,,136,True
sensor_log,0.02,14,101014,Penalized monotone B-spline,0.003707545542051634,0.0,1.0,1,True
sensor_log,0.02,14,101014,pyGAM,0.00557381724991378,0.0,1.0,2,True
sensor_log,0.02,15,101015,MonotoneLSPIA,0.008038871198121673,0.0,,137,True
sensor_log,0.02,15,101015,Penalized monotone B-spline,0.0061987451628661375,0.0,1.0,1,True
sensor_log,0.02,15,101015,pyGAM,0.006799717810271777,0.0,0.1,2,True
sensor_log,0.02,16,101016,MonotoneLSPIA,0.00507344167986861,0.0,,143,True
sensor_log,0.02,16,101016,Penalized monotone B-spline,0.0035427691227474887,0.0,1.0,1,True
sensor_log,0.02,16,101016,pyGAM,0.004710408665923902,0.0,1.0,2,True
sensor_log,0.02,17,101017,MonotoneLSPIA,0.009924427883854966,0.0,,140,True
sensor_log,0.02,17,101017,Penalized monotone B-spline,0.009924429213688761,0.0,1e-08,13,True
sensor_log,0.02,17,101017,pyGAM,0.009898625601092255,0.0,0.001,4,True
sensor_log,0.02,18,101018,MonotoneLSPIA,0.007119567958034965,0.0,,133,True
sensor_log,0.02,18,101018,Penalized monotone B-spline,0.0071562156541844875,0.0,1.0,1,True
sensor_log,0.02,18,101018,pyGAM,0.0078023075265559,0.0,1.0,2,True
sensor_log,0.02,19,101019,MonotoneLSPIA,0.00617917384780229,0.0,,139,True
sensor_log,0.02,19,101019,Penalized monotone B-spline,0.00440673670041527,0.0,1.0,1,True
sensor_log,0.02,19,101019,pyGAM,0.0036546055039116294,0.0,0.1,2,True
sensor_log,0.02,20,101020,MonotoneLSPIA,0.004576163680125536,0.0,,132,True
sensor_log,0.02,20,101020,Penalized monotone B-spline,0.004492613050693113,0.0,1.0,1,True
sensor_log,0.02,20,101020,pyGAM,0.004279948858109901,0.0,0.1,2,True
sensor_log,0.02,21,101021,MonotoneLSPIA,0.005586332838144303,0.0,,135,True
sensor_log,0.02,21,101021,Penalized monotone B-spline,0.004936448609322459,0.0,1.0,1,True
sensor_log,0.02,21,101021,pyGAM,0.004863467766406292,0.0,0.1,3,True
sensor_log,0.02,22,101022,MonotoneLSPIA,0.005092493591143602,0.0,,128,True
sensor_log,0.02,22,101022,Penalized monotone B-spline,0.00437048243248368,0.0,1.0,1,True
sensor_log,0.02,22,101022,pyGAM,0.005289367586581987,0.0,1.0,2,True
sensor_log,0.02,23,101023,MonotoneLSPIA,0.005975735361927234,0.0,,148,True
sensor_log,0.02,23,101023,Penalized monotone B-spline,0.005736570527780547,0.0,0.01,1,True
sensor_log,0.02,23,101023,pyGAM,0.004945732706074042,0.0,1.0,2,True
sensor_log,0.02,24,101024,MonotoneLSPIA,0.00684555986612718,0.0,,137,True
sensor_log,0.02,24,101024,Penalized monotone B-spline,0.006382202860259965,0.0,1.0,1,True
sensor_log,0.02,24,101024,pyGAM,0.007082299403631747,0.0,1.0,2,True
sensor_log,0.02,25,101025,MonotoneLSPIA,0.006834362699032439,0.0,,141,True
sensor_log,0.02,25,101025,Penalized monotone B-spline,0.005855364680853575,0.0,1.0,1,True
sensor_log,0.02,25,101025,pyGAM,0.006033372847413075,0.0,1.0,2,True
sensor_log,0.02,26,101026,MonotoneLSPIA,0.005434864830217988,0.0,,126,True
sensor_log,0.02,26,101026,Penalized monotone B-spline,0.00532809186472717,0.0,1.0,1,True
sensor_log,0.02,26,101026,pyGAM,0.0037056490921536286,0.0,0.1,2,True
sensor_log,0.02,27,101027,MonotoneLSPIA,0.005806713418946748,0.0,,150,True
sensor_log,0.02,27,101027,Penalized monotone B-spline,0.005425834758725501,0.0,0.01,1,True
sensor_log,0.02,27,101027,pyGAM,0.004666421048299059,0.0,0.1,2,True
sensor_log,0.02,28,101028,MonotoneLSPIA,0.00523373857393497,0.0,,135,True
sensor_log,0.02,28,101028,Penalized monotone B-spline,0.005168986164780659,0.0,1.0,1,True
sensor_log,0.02,28,101028,pyGAM,0.004259395067139761,0.0,0.1,3,True
sensor_log,0.02,29,101029,MonotoneLSPIA,0.004091256646297434,0.0,,144,True
sensor_log,0.02,29,101029,Penalized monotone B-spline,0.00460826626407637,0.0,1.0,1,True
sensor_log,0.02,29,101029,pyGAM,0.0028949566242223034,0.0,0.1,2,True
sensor_log,0.02,30,101030,MonotoneLSPIA,0.0036778858657300455,0.0,,135,True
sensor_log,0.02,30,101030,Penalized monotone B-spline,0.0033435922247135094,0.0,1.0,1,True
sensor_log,0.02,30,101030,pyGAM,0.00435948743663002,0.0,1.0,2,True
sensor_log,0.02,31,101031,MonotoneLSPIA,0.005965444381455117,0.0,,142,True
sensor_log,0.02,31,101031,Penalized monotone B-spline,0.005301776269434111,0.0,1.0,1,True
sensor_log,0.02,31,101031,pyGAM,0.005794827279603147,0.0,1.0,2,True
sensor_log,0.02,32,101032,MonotoneLSPIA,0.005978251912495956,0.0,,149,True
sensor_log,0.02,32,101032,Penalized monotone B-spline,0.005466628082520802,0.0,1.0,1,True
sensor_log,0.02,32,101032,pyGAM,0.004397256850894004,0.0,0.1,2,True
sensor_log,0.02,33,101033,MonotoneLSPIA,0.005767149435746215,0.0,,126,True
sensor_log,0.02,33,101033,Penalized monotone B-spline,0.0054950066254872715,0.0,0.01,13,True
sensor_log,0.02,33,101033,pyGAM,0.004735015774647989,0.0,1.0,2,True
sensor_log,0.02,34,101034,MonotoneLSPIA,0.005922323294212786,0.0,,148,True
sensor_log,0.02,34,101034,Penalized monotone B-spline,0.004192277804100333,0.0,1.0,1,True
sensor_log,0.02,34,101034,pyGAM,0.004181992695798374,0.0,0.1,2,True
sensor_log,0.02,35,101035,MonotoneLSPIA,0.005602149555390239,0.0,,141,True
sensor_log,0.02,35,101035,Penalized monotone B-spline,0.004946562736760224,0.0,1.0,1,True
sensor_log,0.02,35,101035,pyGAM,0.0033332915738273792,0.0,0.1,2,True
sensor_log,0.02,36,101036,MonotoneLSPIA,0.004784505282700238,0.0,,130,True
sensor_log,0.02,36,101036,Penalized monotone B-spline,0.005233114131460281,0.0,1.0,1,True
sensor_log,0.02,36,101036,pyGAM,0.0060453776203973335,0.0,1.0,2,True
sensor_log,0.02,37,101037,MonotoneLSPIA,0.004071648046057926,0.0,,132,True
sensor_log,0.02,37,101037,Penalized monotone B-spline,0.0036409982735750215,0.0,1.0,1,True
sensor_log,0.02,37,101037,pyGAM,0.0047830209189384165,0.0,1.0,2,True
sensor_log,0.02,38,101038,MonotoneLSPIA,0.004710110152806729,0.0,,143,True
sensor_log,0.02,38,101038,Penalized monotone B-spline,0.0033980882576125047,0.0,1.0,1,True
sensor_log,0.02,38,101038,pyGAM,0.0046340301864506534,0.0,1.0,2,True
sensor_log,0.02,39,101039,MonotoneLSPIA,0.005494698500866072,0.0,,137,True
sensor_log,0.02,39,101039,Penalized monotone B-spline,0.0045495090803939035,0.0,1.0,1,True
sensor_log,0.02,39,101039,pyGAM,0.004405128959809154,0.0,1.0,2,True
sensor_log,0.02,40,101040,MonotoneLSPIA,0.00510042092685143,0.0,,138,True
sensor_log,0.02,40,101040,Penalized monotone B-spline,0.004595477319953742,0.0,1.0,1,True
sensor_log,0.02,40,101040,pyGAM,0.00352020592583656,0.0,0.1,3,True
sensor_log,0.02,41,101041,MonotoneLSPIA,0.003694449796607883,0.0,,130,True
sensor_log,0.02,41,101041,Penalized monotone B-spline,0.002765724130344347,0.0,1.0,1,True
sensor_log,0.02,41,101041,pyGAM,0.003850369164942697,0.0,1.0,2,True
sensor_log,0.02,42,101042,MonotoneLSPIA,0.006260473229626748,0.0,,148,True
sensor_log,0.02,42,101042,Penalized monotone B-spline,0.006102472870316358,0.0,1.0,1,True
sensor_log,0.02,42,101042,pyGAM,0.005780829082149015,0.0,1.0,2,True
sensor_log,0.02,43,101043,MonotoneLSPIA,0.007173281733354857,0.0,,138,True
sensor_log,0.02,43,101043,Penalized monotone B-spline,0.006508230131421113,0.0,1.0,1,True
sensor_log,0.02,43,101043,pyGAM,0.007339667680041193,0.0,1.0,2,True
sensor_log,0.02,44,101044,MonotoneLSPIA,0.004337547653493229,0.0,,141,True
sensor_log,0.02,44,101044,Penalized monotone B-spline,0.0035624843375628365,0.0,1.0,1,True
sensor_log,0.02,44,101044,pyGAM,0.004318640109642097,0.0,1.0,2,True
sensor_log,0.02,45,101045,MonotoneLSPIA,0.006567424108982048,0.0,,137,True
sensor_log,0.02,45,101045,Penalized monotone B-spline,0.005542181071392739,0.0,1.0,1,True
sensor_log,0.02,45,101045,pyGAM,0.006442791462003124,0.0,1.0,2,True
sensor_log,0.02,46,101046,MonotoneLSPIA,0.006450810320624083,0.0,,138,True
sensor_log,0.02,46,101046,Penalized monotone B-spline,0.00476433130101347,0.0,1.0,1,True
sensor_log,0.02,46,101046,pyGAM,0.00525101119605362,0.0,1.0,2,True
sensor_log,0.02,47,101047,MonotoneLSPIA,0.0073945999116625215,0.0,,141,True
sensor_log,0.02,47,101047,Penalized monotone B-spline,0.005833914612340899,0.0,1.0,1,True
sensor_log,0.02,47,101047,pyGAM,0.005846534445692813,0.0,0.1,2,True
sensor_log,0.02,48,101048,MonotoneLSPIA,0.006804312261252856,0.0,,128,True
sensor_log,0.02,48,101048,Penalized monotone B-spline,0.006158200279194475,0.0,1.0,1,True
sensor_log,0.02,48,101048,pyGAM,0.00645684571746075,0.0,0.001,500,False
sensor_log,0.02,49,101049,MonotoneLSPIA,0.008054503608025206,0.0,,132,True
sensor_log,0.02,49,101049,Penalized monotone B-spline,0.00609996399941189,0.0,1.0,1,True
sensor_log,0.02,49,101049,pyGAM,0.006771466107043966,0.0,0.1,2,True
sensor_log,0.02,50,101050,MonotoneLSPIA,0.005851589526617742,0.0,,131,True
sensor_log,0.02,50,101050,Penalized monotone B-spline,0.0049148019764005116,0.0,1.0,1,True
sensor_log,0.02,50,101050,pyGAM,0.005292762154943811,0.0,0.1,3,True
sensor_log,0.02,51,101051,MonotoneLSPIA,0.00541543157344838,0.0,,149,True
sensor_log,0.02,51,101051,Penalized monotone B-spline,0.004886298797977446,0.0,1.0,1,True
sensor_log,0.02,51,101051,pyGAM,0.00584561232467797,0.0,1.0,2,True
sensor_log,0.02,52,101052,MonotoneLSPIA,0.004777148924409806,0.0,,138,True
sensor_log,0.02,52,101052,Penalized monotone B-spline,0.004911207802999209,0.0,1.0,1,True
sensor_log,0.02,52,101052,pyGAM,0.005477884879214433,0.0,1.0,2,True
sensor_log,0.02,53,101053,MonotoneLSPIA,0.006974942097265384,0.0,,134,True
sensor_log,0.02,53,101053,Penalized monotone B-spline,0.006523674557634698,0.0,1.0,1,True
sensor_log,0.02,53,101053,pyGAM,0.006147847307086027,0.0,0.1,2,True
sensor_log,0.02,54,101054,MonotoneLSPIA,0.005869667692345303,0.0,,135,True
sensor_log,0.02,54,101054,Penalized monotone B-spline,0.005674782866204809,0.0,1.0,1,True
sensor_log,0.02,54,101054,pyGAM,0.0051346000359311725,0.0,1.0,2,True
sensor_log,0.02,55,101055,MonotoneLSPIA,0.00487335223091911,0.0,,132,True
sensor_log,0.02,55,101055,Penalized monotone B-spline,0.004160799397181884,0.0,1.0,1,True
sensor_log,0.02,55,101055,pyGAM,0.005224708884612281,0.0,1.0,2,True
sensor_log,0.02,56,101056,MonotoneLSPIA,0.008013929045396818,0.0,,148,True
sensor_log,0.02,56,101056,Penalized monotone B-spline,0.005851822343047787,0.0,1.0,1,True
sensor_log,0.02,56,101056,pyGAM,0.006406615021287351,0.0,0.1,2,True
sensor_log,0.02,57,101057,MonotoneLSPIA,0.0035427213324211327,0.0,,135,True
sensor_log,0.02,57,101057,Penalized monotone B-spline,0.00341191438462242,0.0,1.0,1,True
sensor_log,0.02,57,101057,pyGAM,0.00448299235334097,0.0,1.0,2,True
sensor_log,0.02,58,101058,MonotoneLSPIA,0.005110120035517716,0.0,,145,True
sensor_log,0.02,58,101058,Penalized monotone B-spline,0.0037312782313114277,0.0,1.0,1,True
sensor_log,0.02,58,101058,pyGAM,0.005170597498245973,0.0,1.0,2,True
sensor_log,0.02,59,101059,MonotoneLSPIA,0.006503097706927577,0.0,,138,True
sensor_log,0.02,59,101059,Penalized monotone B-spline,0.005353412316586797,0.0,1.0,1,True
sensor_log,0.02,59,101059,pyGAM,0.0056027462515356565,0.0,0.1,2,True
sensor_log,0.02,60,101060,MonotoneLSPIA,0.005559420574415963,0.0,,118,True
sensor_log,0.02,60,101060,Penalized monotone B-spline,0.005165000147252253,0.0,1.0,1,True
sensor_log,0.02,60,101060,pyGAM,0.004810989186383835,0.0,0.1,3,True
sensor_log,0.02,61,101061,MonotoneLSPIA,0.004120087309254775,0.0,,135,True
sensor_log,0.02,61,101061,Penalized monotone B-spline,0.004456639403412474,0.0,1.0,1,True
sensor_log,0.02,61,101061,pyGAM,0.004336014795488921,0.0,1.0,2,True
sensor_log,0.02,62,101062,MonotoneLSPIA,0.0033738473691008,0.0,,133,True
sensor_log,0.02,62,101062,Penalized monotone B-spline,0.0038845170384083335,0.0,1.0,1,True
sensor_log,0.02,62,101062,pyGAM,0.003870917201201318,0.0,1.0,2,True
sensor_log,0.02,63,101063,MonotoneLSPIA,0.004433580125230441,0.0,,130,True
sensor_log,0.02,63,101063,Penalized monotone B-spline,0.0038325384274499217,0.0,1.0,1,True
sensor_log,0.02,63,101063,pyGAM,0.004983252428847819,0.0,1.0,2,True
sensor_log,0.02,64,101064,MonotoneLSPIA,0.007052250202890269,0.0,,140,True
sensor_log,0.02,64,101064,Penalized monotone B-spline,0.006946241760948877,0.0,0.01,1,True
sensor_log,0.02,64,101064,pyGAM,0.006379610702353839,0.0,0.1,2,True
sensor_log,0.02,65,101065,MonotoneLSPIA,0.0062081031675288705,0.0,,139,True
sensor_log,0.02,65,101065,Penalized monotone B-spline,0.005512063982005048,0.0,1.0,1,True
sensor_log,0.02,65,101065,pyGAM,0.0047301493735764895,0.0,0.1,2,True
sensor_log,0.02,66,101066,MonotoneLSPIA,0.006449082635217185,0.0,,134,True
sensor_log,0.02,66,101066,Penalized monotone B-spline,0.004651649304693378,0.0,1.0,1,True
sensor_log,0.02,66,101066,pyGAM,0.005464503038887389,0.0,0.1,3,True
sensor_log,0.02,67,101067,MonotoneLSPIA,0.003499825014633654,0.0,,123,True
sensor_log,0.02,67,101067,Penalized monotone B-spline,0.0034417221112149005,0.0,1.0,1,True
sensor_log,0.02,67,101067,pyGAM,0.004077536269028033,0.0,1.0,2,True
sensor_log,0.02,68,101068,MonotoneLSPIA,0.005996700548994145,0.0,,145,True
sensor_log,0.02,68,101068,Penalized monotone B-spline,0.0048832025861415395,0.0,1.0,1,True
sensor_log,0.02,68,101068,pyGAM,0.00489340152052916,0.0,1.0,2,True
sensor_log,0.02,69,101069,MonotoneLSPIA,0.005712773672933584,0.0,,145,True
sensor_log,0.02,69,101069,Penalized monotone B-spline,0.005058735120569472,0.0,1.0,1,True
sensor_log,0.02,69,101069,pyGAM,0.005980932258562566,0.0,1.0,2,True
sensor_log,0.02,70,101070,MonotoneLSPIA,0.0077342779501399506,0.0,,131,True
sensor_log,0.02,70,101070,Penalized monotone B-spline,0.007175613895854895,0.0,1.0,1,True
sensor_log,0.02,70,101070,pyGAM,0.006241986841277435,0.0,0.1,3,True
sensor_log,0.02,71,101071,MonotoneLSPIA,0.005474228726696384,0.0,,138,True
sensor_log,0.02,71,101071,Penalized monotone B-spline,0.004262112289103499,0.0,1.0,1,True
sensor_log,0.02,71,101071,pyGAM,0.003927566870056652,0.0,0.1,2,True
sensor_log,0.02,72,101072,MonotoneLSPIA,0.00513479157184662,0.0,,134,True
sensor_log,0.02,72,101072,Penalized monotone B-spline,0.004465771364997307,0.0,1.0,1,True
sensor_log,0.02,72,101072,pyGAM,0.005042923253174438,0.0,1.0,2,True
sensor_log,0.02,73,101073,MonotoneLSPIA,0.006667422995740341,0.0,,141,True
sensor_log,0.02,73,101073,Penalized monotone B-spline,0.006330459693656515,0.0,0.01,1,True
sensor_log,0.02,73,101073,pyGAM,0.005010642861226362,0.0,1.0,2,True
sensor_log,0.02,74,101074,MonotoneLSPIA,0.006551877189906537,0.0,,127,True
sensor_log,0.02,74,101074,Penalized monotone B-spline,0.006393039182378082,0.0,0.01,12,True
sensor_log,0.02,74,101074,pyGAM,0.005935883416866862,0.0,1.0,2,True
sensor_log,0.02,75,101075,MonotoneLSPIA,0.004195352271384735,0.0,,136,True
sensor_log,0.02,75,101075,Penalized monotone B-spline,0.0036473558906516697,0.0,1.0,1,True
sensor_log,0.02,75,101075,pyGAM,0.00441804724218369,0.0,1.0,2,True
sensor_log,0.02,76,101076,MonotoneLSPIA,0.006125119905100923,0.0,,134,True
sensor_log,0.02,76,101076,Penalized monotone B-spline,0.00451791368300116,0.0,1.0,1,True
sensor_log,0.02,76,101076,pyGAM,0.005415664721545888,0.0,1.0,2,True
sensor_log,0.02,77,101077,MonotoneLSPIA,0.00688636527172406,0.0,,141,True
sensor_log,0.02,77,101077,Penalized monotone B-spline,0.005079544884029428,0.0,1.0,1,True
sensor_log,0.02,77,101077,pyGAM,0.005134142048034039,0.0,1.0,2,True
sensor_log,0.02,78,101078,MonotoneLSPIA,0.004407544283212608,0.0,,128,True
sensor_log,0.02,78,101078,Penalized monotone B-spline,0.004093281976535318,0.0,1.0,1,True
sensor_log,0.02,78,101078,pyGAM,0.004223966553057677,0.0,1.0,2,True
sensor_log,0.02,79,101079,MonotoneLSPIA,0.005982311958853713,0.0,,148,True
sensor_log,0.02,79,101079,Penalized monotone B-spline,0.005749153255356295,0.0,1.0,1,True
sensor_log,0.02,79,101079,pyGAM,0.006243786146306774,0.0,1.0,2,True
sensor_log,0.02,80,101080,MonotoneLSPIA,0.006127017225750446,0.0,,133,True
sensor_log,0.02,80,101080,Penalized monotone B-spline,0.005632382008928368,0.0,1.0,1,True
sensor_log,0.02,80,101080,pyGAM,0.006247154555209082,0.0,1.0,2,True
sensor_log,0.02,81,101081,MonotoneLSPIA,0.006442335862872656,0.0,,137,True
sensor_log,0.02,81,101081,Penalized monotone B-spline,0.006253906475718994,0.0,1.0,1,True
sensor_log,0.02,81,101081,pyGAM,0.006514067752558015,0.0,1.0,2,True
sensor_log,0.02,82,101082,MonotoneLSPIA,0.006555216384136572,0.0,,121,True
sensor_log,0.02,82,101082,Penalized monotone B-spline,0.0062305244220359855,0.0,1.0,1,True
sensor_log,0.02,82,101082,pyGAM,0.0062590924587132704,0.0,1.0,2,True
sensor_log,0.02,83,101083,MonotoneLSPIA,0.006280621659080208,0.0,,139,True
sensor_log,0.02,83,101083,Penalized monotone B-spline,0.005028374133976941,0.0,1.0,1,True
sensor_log,0.02,83,101083,pyGAM,0.004171628016469666,0.0,0.1,2,True
sensor_log,0.02,84,101084,MonotoneLSPIA,0.008485141671132146,0.0,,148,True
sensor_log,0.02,84,101084,Penalized monotone B-spline,0.008485146125505626,0.0,1e-08,12,True
sensor_log,0.02,84,101084,pyGAM,0.006180399494919056,0.0,1.0,2,True
sensor_log,0.02,85,101085,MonotoneLSPIA,0.004684839448687774,0.0,,128,True
sensor_log,0.02,85,101085,Penalized monotone B-spline,0.005229846548919351,0.0,1.0,1,True
sensor_log,0.02,85,101085,pyGAM,0.005838673118113356,0.0,1.0,2,True
sensor_log,0.02,86,101086,MonotoneLSPIA,0.005494059520131294,0.0,,136,True
sensor_log,0.02,86,101086,Penalized monotone B-spline,0.004894818958448596,0.0,0.01,10,True
sensor_log,0.02,86,101086,pyGAM,0.0035913955994584944,0.0,0.1,3,True
sensor_log,0.02,87,101087,MonotoneLSPIA,0.006002357441127256,0.0,,128,True
sensor_log,0.02,87,101087,Penalized monotone B-spline,0.004753152199436474,0.0,1.0,1,True
sensor_log,0.02,87,101087,pyGAM,0.005419471530205315,0.0,1.0,2,True
sensor_log,0.02,88,101088,MonotoneLSPIA,0.00672887955774806,0.0,,130,True
sensor_log,0.02,88,101088,Penalized monotone B-spline,0.006349894632238761,0.0,0.01,12,True
sensor_log,0.02,88,101088,pyGAM,0.006331900864393867,0.0,0.001,3,True
sensor_log,0.02,89,101089,MonotoneLSPIA,0.006776909488553417,0.0,,135,True
sensor_log,0.02,89,101089,Penalized monotone B-spline,0.005061914310350739,0.0,1.0,1,True
sensor_log,0.02,89,101089,pyGAM,0.006276300384717453,0.0,1.0,2,True
sensor_log,0.02,90,101090,MonotoneLSPIA,0.004492750229075739,0.0,,124,True
sensor_log,0.02,90,101090,Penalized monotone B-spline,0.004075366289144438,0.0,1.0,1,True
sensor_log,0.02,90,101090,pyGAM,0.004314332717060566,0.0,0.01,2,True
sensor_log,0.02,91,101091,MonotoneLSPIA,0.004945153177670941,0.0,,136,True
sensor_log,0.02,91,101091,Penalized monotone B-spline,0.0033637232046499765,0.0,1.0,1,True
sensor_log,0.02,91,101091,pyGAM,0.00290498911672711,0.0,0.1,2,True
sensor_log,0.02,92,101092,MonotoneLSPIA,0.006711416624873784,0.0,,139,True
sensor_log,0.02,92,101092,Penalized monotone B-spline,0.00634323639682659,0.0,0.01,1,True
sensor_log,0.02,92,101092,pyGAM,0.005137505350968769,0.0,1.0,2,True
sensor_log,0.02,93,101093,MonotoneLSPIA,0.004392737798693731,0.0,,123,True
sensor_log,0.02,93,101093,Penalized monotone B-spline,0.004425275858419243,0.0,1.0,1,True
sensor_log,0.02,93,101093,pyGAM,0.0027599548322956836,0.0,0.1,2,True
sensor_log,0.02,94,101094,MonotoneLSPIA,0.0048028479533234435,0.0,,145,True
sensor_log,0.02,94,101094,Penalized monotone B-spline,0.004464302510833988,0.0,1.0,1,True
sensor_log,0.02,94,101094,pyGAM,0.0047785599544107925,0.0,1.0,2,True
sensor_log,0.02,95,101095,MonotoneLSPIA,0.005402289744812571,0.0,,125,True
sensor_log,0.02,95,101095,Penalized monotone B-spline,0.0055065618735290235,0.0,1.0,1,True
sensor_log,0.02,95,101095,pyGAM,0.004385974161231451,0.0,0.1,3,True
sensor_log,0.02,96,101096,MonotoneLSPIA,0.008859688914452947,0.0,,130,True
sensor_log,0.02,96,101096,Penalized monotone B-spline,0.008148445194144734,0.0,1.0,1,True
sensor_log,0.02,96,101096,pyGAM,0.009422350531248923,0.0,1.0,2,True
sensor_log,0.02,97,101097,MonotoneLSPIA,0.0062532185828403815,0.0,,131,True
sensor_log,0.02,97,101097,Penalized monotone B-spline,0.00540855659895282,0.0,1.0,1,True
sensor_log,0.02,97,101097,pyGAM,0.005586314942408738,0.0,1.0,2,True
sensor_log,0.02,98,101098,MonotoneLSPIA,0.004279107078820915,0.0,,131,True
sensor_log,0.02,98,101098,Penalized monotone B-spline,0.0038594866816770157,0.0,1.0,1,True
sensor_log,0.02,98,101098,pyGAM,0.003656849647723964,0.0,1.0,2,True
sensor_log,0.02,99,101099,MonotoneLSPIA,0.004172775699682515,0.0,,149,True
sensor_log,0.02,99,101099,Penalized monotone B-spline,0.00460948591546489,0.0,1.0,1,True
sensor_log,0.02,99,101099,pyGAM,0.0039109757221327274,0.0,1.0,2,True
sensor_log,0.02,100,101100,MonotoneLSPIA,0.008339246063030758,0.0,,135,True
sensor_log,0.02,100,101100,Penalized monotone B-spline,0.007890214221207361,0.0,1.0,1,True
sensor_log,0.02,100,101100,pyGAM,0.007512935143367687,0.0,0.01,2,True
sensor_log,0.05,1,102001,MonotoneLSPIA,0.01644235620870657,0.0,,140,True
sensor_log,0.05,1,102001,Penalized monotone B-spline,0.013049305823934806,0.0,1.0,1,True
sensor_log,0.05,1,102001,pyGAM,0.012948291076952568,0.0,1.0,2,True
sensor_log,0.05,2,102002,MonotoneLSPIA,0.016947009365349573,0.0,,126,True
sensor_log,0.05,2,102002,Penalized monotone B-spline,0.01694701315328145,0.0,1e-08,14,True
sensor_log,0.05,2,102002,pyGAM,0.016976009003300742,0.0,0.001,5,True
sensor_log,0.05,3,102003,MonotoneLSPIA,0.012487228385089125,0.0,,117,True
sensor_log,0.05,3,102003,Penalized monotone B-spline,0.012487230125585516,0.0,1e-08,10,True
sensor_log,0.05,3,102003,pyGAM,0.01177575754395957,0.0,10.0,2,True
sensor_log,0.05,4,102004,MonotoneLSPIA,0.012471635673807513,0.0,,136,True
sensor_log,0.05,4,102004,Penalized monotone B-spline,0.010122778967528261,0.0,1.0,1,True
sensor_log,0.05,4,102004,pyGAM,0.01365766891227862,0.0,10.0,2,True
sensor_log,0.05,5,102005,MonotoneLSPIA,0.013734125300902393,0.0,,131,True
sensor_log,0.05,5,102005,Penalized monotone B-spline,0.008445945336437017,0.0,1.0,1,True
sensor_log,0.05,5,102005,pyGAM,0.009259852165677632,0.0,1.0,2,True
sensor_log,0.05,6,102006,MonotoneLSPIA,0.009820092896100837,0.0,,137,True
sensor_log,0.05,6,102006,Penalized monotone B-spline,0.007519421001756345,0.0,1.0,1,True
sensor_log,0.05,6,102006,pyGAM,0.009274445154361528,0.0,10.0,2,True
sensor_log,0.05,7,102007,MonotoneLSPIA,0.0077164409140592785,0.0,,141,True
sensor_log,0.05,7,102007,Penalized monotone B-spline,0.0064495326320332105,0.0,1.0,5,True
sensor_log,0.05,7,102007,pyGAM,0.011765010310473318,0.0,10.0,2,True
sensor_log,0.05,8,102008,MonotoneLSPIA,0.009548061551101904,0.0,,149,True
sensor_log,0.05,8,102008,Penalized monotone B-spline,0.006287520188008555,0.0,1.0,1,True
sensor_log,0.05,8,102008,pyGAM,0.0063152981018965906,0.0,1.0,3,True
sensor_log,0.05,9,102009,MonotoneLSPIA,0.018814125231136875,0.0,,157,True
sensor_log,0.05,9,102009,Penalized monotone B-spline,0.015459073123218257,0.0,1.0,1,True
sensor_log,0.05,9,102009,pyGAM,0.013674595877654211,0.0,1.0,2,True
sensor_log,0.05,10,102010,MonotoneLSPIA,0.01487796183488479,0.0,,139,True
sensor_log,0.05,10,102010,Penalized monotone B-spline,0.009796807875558396,0.0,1.0,1,True
sensor_log,0.05,10,102010,pyGAM,0.009997954517179967,0.0,0.1,3,True
sensor_log,0.05,11,102011,MonotoneLSPIA,0.013231993037662216,0.0,,126,True
sensor_log,0.05,11,102011,Penalized monotone B-spline,0.008892374288174649,0.0,1.0,1,True
sensor_log,0.05,11,102011,pyGAM,0.012085297367990163,0.0,10.0,2,True
sensor_log,0.05,12,102012,MonotoneLSPIA,0.01344029025964414,0.0,,152,True
sensor_log,0.05,12,102012,Penalized monotone B-spline,0.008778994745126912,0.0,1.0,1,True
sensor_log,0.05,12,102012,pyGAM,0.0062597069653874005,0.0,1.0,2,True
sensor_log,0.05,13,102013,MonotoneLSPIA,0.015016046217252804,0.0,,151,True
sensor_log,0.05,13,102013,Penalized monotone B-spline,0.012156052845035297,0.0,1.0,1,True
sensor_log,0.05,13,102013,pyGAM,0.013937819725367595,0.0,10.0,2,True
sensor_log,0.05,14,102014,MonotoneLSPIA,0.015193364515885426,0.0,,135,True
sensor_log,0.05,14,102014,Penalized monotone B-spline,0.011568864247829573,0.0,1.0,1,True
sensor_log,0.05,14,102014,pyGAM,0.010681184446357319,0.0,1.0,2,True
sensor_log,0.05,15,102015,MonotoneLSPIA,0.015621009630803314,0.0,,142,True
sensor_log,0.05,15,102015,Penalized monotone B-spline,0.011683161833294283,0.0,1.0,1,True
sensor_log,0.05,15,102015,pyGAM,0.011913849086045439,0.0,1.0,2,True
sensor_log,0.05,16,102016,MonotoneLSPIA,0.014041843462769965,0.0,,127,True
sensor_log,0.05,16,102016,Penalized monotone B-spline,0.010245603333811656,0.0,1.0,1,True
sensor_log,0.05,16,102016,pyGAM,0.008158548247361749,0.0,1.0,3,True
sensor_log,0.05,17,102017,MonotoneLSPIA,0.01512294748201828,0.0,,110,True
sensor_log,0.05,17,102017,Penalized monotone B-spline,0.015122958187157663,0.0,1e-08,10,True
sensor_log,0.05,17,102017,pyGAM,0.011923305290015906,0.0,1.0,4,True
sensor_log,0.05,18,102018,MonotoneLSPIA,0.017874157218798595,0.0,,117,True
sensor_log,0.05,18,102018,Penalized monotone B-spline,0.015505446075860317,0.0,1.0,1,True
sensor_log,0.05,18,102018,pyGAM,0.015814428541892554,0.0,1.0,2,True
sensor_log,0.05,19,102019,MonotoneLSPIA,0.014884352838338317,0.0,,141,True
sensor_log,0.05,19,102019,Penalized monotone B-spline,0.009829564844046533,0.0,1.0,1,True
sensor_log,0.05,19,102019,pyGAM,0.00978737800064636,0.0,1.0,2,True
sensor_log,0.05,20,102020,MonotoneLSPIA,0.01622142051464645,0.0,,150,True
sensor_log,0.05,20,102020,Penalized monotone B-spline,0.015278131070358195,0.0,1.0,1,True
sensor_log,0.05,20,102020,pyGAM,0.01415046326717972,0.0,1.0,2,True
sensor_log,0.05,21,102021,MonotoneLSPIA,0.011836767964782152,0.0,,144,True
sensor_log,0.05,21,102021,Penalized monotone B-spline,0.010003677094440031,0.0,1.0,1,True
sensor_log,0.05,21,102021,pyGAM,0.010686586160882057,0.0,10.0,2,True
sensor_log,0.05,22,102022,MonotoneLSPIA,0.017374723673888932,0.0,,119,True
sensor_log,0.05,22,102022,Penalized monotone B-spline,0.015056150119590895,0.0,1.0,1,True
sensor_log,0.05,22,102022,pyGAM,0.012719536831664068,0.0,1.0,3,True
sensor_log,0.05,23,102023,MonotoneLSPIA,0.009422169129964327,0.0,,153,True
sensor_log,0.05,23,102023,Penalized monotone B-spline,0.008091185059872198,0.0,1.0,1,True
sensor_log,0.05,23,102023,pyGAM,0.009701669500397463,0.0,10.0,2,True
sensor_log,0.05,24,102024,MonotoneLSPIA,0.01764657688819248,0.0,,146,True
sensor_log,0.05,24,102024,Penalized monotone B-spline,0.01357701076599813,0.0,1.0,1,True
sensor_log,0.05,24,102024,pyGAM,0.013814008153487161,0.0,0.1,3,True
sensor_log,0.05,25,102025,MonotoneLSPIA,0.012922857357963731,0.0,,127,True
sensor_log,0.05,25,102025,Penalized monotone B-spline,0.006339664967858036,0.0,1.0,1,True
sensor_log,0.05,25,102025,pyGAM,0.008774235294023396,0.0,10.0,2,True
sensor_log,0.05,26,102026,MonotoneLSPIA,0.012976518977209875,0.0,,144,True
sensor_log,0.05,26,102026,Penalized monotone B-spline,0.009810274685821994,0.0,1.0,1,True
sensor_log,0.05,26,102026,pyGAM,0.012654169620015976,0.0,10.0,2,True
sensor_log,0.05,27,102027,MonotoneLSPIA,0.013058317224085153,0.0,,154,True
sensor_log,0.05,27,102027,Penalized monotone B-spline,0.010596252108769674,0.0,1.0,1,True
sensor_log,0.05,27,102027,pyGAM,0.011253200082305527,0.0,1.0,2,True
sensor_log,0.05,28,102028,MonotoneLSPIA,0.013004756823653455,0.0,,136,True
sensor_log,0.05,28,102028,Penalized monotone B-spline,0.01130843975403372,0.0,1.0,8,True
sensor_log,0.05,28,102028,pyGAM,0.011662474807749061,0.0,1.0,3,True
sensor_log,0.05,29,102029,MonotoneLSPIA,0.015734411533665643,0.0,,149,True
sensor_log,0.05,29,102029,Penalized monotone B-spline,0.011355972165232285,0.0,1.0,1,True
sensor_log,0.05,29,102029,pyGAM,0.011642907150360973,0.0,1.0,2,True
sensor_log,0.05,30,102030,MonotoneLSPIA,0.013884783542719369,0.0,,147,True
sensor_log,0.05,30,102030,Penalized monotone B-spline,0.010321649515322965,0.0,1.0,1,True
sensor_log,0.05,30,102030,pyGAM,0.010054468625969698,0.0,1.0,2,True
sensor_log,0.05,31,102031,MonotoneLSPIA,0.017187792533467333,0.0,,142,True
sensor_log,0.05,31,102031,Penalized monotone B-spline,0.011917643302182236,0.0,1.0,1,True
sensor_log,0.05,31,102031,pyGAM,0.010723938921956484,0.0,1.0,2,True
sensor_log,0.05,32,102032,MonotoneLSPIA,0.011443967507656892,0.0,,128,True
sensor_log,0.05,32,102032,Penalized monotone B-spline,0.008083231362372812,0.0,1.0,1,True
sensor_log,0.05,32,102032,pyGAM,0.009228640067080627,0.0,1.0,3,True
sensor_log,0.05,33,102033,MonotoneLSPIA,0.01429241406244263,0.0,,136,True
sensor_log,0.05,33,102033,Penalized monotone B-spline,0.010477476043557152,0.0,1.0,1,True
sensor_log,0.05,33,102033,pyGAM,0.009009729615985559,0.0,1.0,2,True
sensor_log,0.05,34,102034,MonotoneLSPIA,0.019249619226902038,0.0,,123,True
sensor_log,0.05,34,102034,Penalized monotone B-spline,0.01668676821677445,0.0,1.0,1,True
sensor_log,0.05,34,102034,pyGAM,0.01311196668285845,0.0,1.0,2,True
sensor_log,0.05,35,102035,MonotoneLSPIA,0.014179333652759219,0.0,,138,True
sensor_log,0.05,35,102035,Penalized monotone B-spline,0.009581198856957325,0.0,1.0,1,True
sensor_log,0.05,35,102035,pyGAM,0.00805255991943192,0.0,1.0,2,True
sensor_log,0.05,36,102036,MonotoneLSPIA,0.012519234495084009,0.0,,144,True
sensor_log,0.05,36,102036,Penalized monotone B-spline,0.008568604091725971,0.0,1.0,1,True
sensor_log,0.05,36,102036,pyGAM,0.011638595975191224,0.0,10.0,2,True
sensor_log,0.05,37,102037,MonotoneLSPIA,0.017189353258275752,0.0,,128,True
sensor_log,0.05,37,102037,Penalized monotone B-spline,0.014266439559863594,0.0,1.0,1,True
sensor_log,0.05,37,102037,pyGAM,0.01375278315151732,0.0,10.0,2,True
sensor_log,0.05,38,102038,MonotoneLSPIA,0.01183782931448654,0.0,,162,True
sensor_log,0.05,38,102038,Penalized monotone B-spline,0.008432832774003866,0.0,1.0,1,True
sensor_log,0.05,38,102038,pyGAM,0.00956009386809626,0.0,10.0,2,True
sensor_log,0.05,39,102039,MonotoneLSPIA,0.013832491177598903,0.0,,135,True
sensor_log,0.05,39,102039,Penalized monotone B-spline,0.011681481648905735,0.0,1.0,1,True
sensor_log,0.05,39,102039,pyGAM,0.009018510266469769,0.0,1.0,2,True
sensor_log,0.05,40,102040,MonotoneLSPIA,0.009367086882066548,0.0,,143,True
sensor_log,0.05,40,102040,Penalized monotone B-spline,0.007359997997878539,0.0,1.0,1,True
sensor_log,0.05,40,102040,pyGAM,0.011888481393881847,0.0,10.0,2,True
sensor_log,0.05,41,102041,MonotoneLSPIA,0.011936838098973359,0.0,,148,True
sensor_log,0.05,41,102041,Penalized monotone B-spline,0.00849725922631057,0.0,1.0,1,True
sensor_log,0.05,41,102041,pyGAM,0.011271388984608166,0.0,10.0,2,True
sensor_log,0.05,42,102042,MonotoneLSPIA,0.01627781573306165,0.0,,143,True
sensor_log,0.05,42,102042,Penalized monotone B-spline,0.01323425711747286,0.0,1.0,1,True
sensor_log,0.05,42,102042,pyGAM,0.011567705127462729,0.0,1.0,2,True
sensor_log,0.05,43,102043,MonotoneLSPIA,0.015625174686103447,0.0,,121,True
sensor_log,0.05,43,102043,Penalized monotone B-spline,0.01132086459701361,0.0,1.0,1,True
sensor_log,0.05,43,102043,pyGAM,0.010862040467936544,0.0,1.0,2,True
sensor_log,0.05,44,102044,MonotoneLSPIA,0.011769300750440442,0.0,,136,True
sensor_log,0.05,44,102044,Penalized monotone B-spline,0.00851553100578153,0.0,1.0,1,True
sensor_log,0.05,44,102044,pyGAM,0.012278420554516058,0.0,10.0,2,True
sensor_log,0.05,45,102045,MonotoneLSPIA,0.012896273787435613,0.0,,144,True
sensor_log,0.05,45,102045,Penalized monotone B-spline,0.010477431911108856,0.0,1.0,1,True
sensor_log,0.05,45,102045,pyGAM,0.014078499346796456,0.0,10.0,2,True
sensor_log,0.05,46,102046,MonotoneLSPIA,0.014831484403760921,0.0,,141,True
sensor_log,0.05,46,102046,Penalized monotone B-spline,0.011565764746641298,0.0,1.0,1,True
sensor_log,0.05,46,102046,pyGAM,0.011398700421279816,0.0,1.0,2,True
sensor_log,0.05,47,102047,MonotoneLSPIA,0.01252828145575051,0.0,,120,True
sensor_log,0.05,47,102047,Penalized monotone B-spline,0.007804229912030288,0.0,1.0,1,True
sensor_log,0.05,47,102047,pyGAM,0.009888081497804681,0.0,10.0,2,True
sensor_log,0.05,48,102048,MonotoneLSPIA,0.011127799985577802,0.0,,132,True
sensor_log,0.05,48,102048,Penalized monotone B-spline,0.007768349928489786,0.0,1.0,1,True
sensor_log,0.05,48,102048,pyGAM,0.005368555762718004,0.0,1.0,2,True
sensor_log,0.05,49,102049,MonotoneLSPIA,0.015060334609923983,0.0,,129,True
sensor_log,0.05,49,102049,Penalized monotone B-spline,0.008730056802591988,0.0,1.0,1,True
sensor_log,0.05,49,102049,pyGAM,0.009719626486678424,0.0,1.0,3,True
sensor_log,0.05,50,102050,MonotoneLSPIA,0.012867598868186211,0.0,,127,True
sensor_log,0.05,50,102050,Penalized monotone B-spline,0.010691578958377175,0.0,1.0,8,True
sensor_log,0.05,50,102050,pyGAM,0.013985998283351949,0.0,10.0,2,True
sensor_log,0.05,51,102051,MonotoneLSPIA,0.012483175922747274,0.0,,142,True
sensor_log,0.05,51,102051,Penalized monotone B-spline,0.00962321073406867,0.0,1.0,1,True
sensor_log,0.05,51,102051,pyGAM,0.010428585234403803,0.0,1.0,2,True
sensor_log,0.05,52,102052,MonotoneLSPIA,0.018947711136477068,0.0,,105,True
sensor_log,0.05,52,102052,Penalized monotone B-spline,0.018947709950609692,0.0,1e-08,10,True
sensor_log,0.05,52,102052,pyGAM,0.019168095340230822,0.0,0.001,4,True
sensor_log,0.05,53,102053,MonotoneLSPIA,0.015814593487666267,0.0,,132,True
sensor_log,0.05,53,102053,Penalized monotone B-spline,0.013240150562180017,0.0,1.0,1,True
sensor_log,0.05,53,102053,pyGAM,0.011737670012838522,0.0,1.0,2,True
sensor_log,0.05,54,102054,MonotoneLSPIA,0.010257686979559482,0.0,,156,True
sensor_log,0.05,54,102054,Penalized monotone B-spline,0.007159937869708091,0.0,1.0,1,True
sensor_log,0.05,54,102054,pyGAM,0.006428043358631591,0.0,1.0,2,True
sensor_log,0.05,55,102055,MonotoneLSPIA,0.011144887535280347,0.0,,138,True
sensor_log,0.05,55,102055,Penalized monotone B-spline,0.00947522864902822,0.0,1.0,1,True
sensor_log,0.05,55,102055,pyGAM,0.013226447415906848,0.0,10.0,2,True
sensor_log,0.05,56,102056,MonotoneLSPIA,0.01401415195056832,0.0,,106,True
sensor_log,0.05,56,102056,Penalized monotone B-spline,0.008517101462916473,0.0,1.0,1,True
sensor_log,0.05,56,102056,pyGAM,0.011211852813940978,0.0,10.0,2,True
sensor_log,0.05,57,102057,MonotoneLSPIA,0.022046323408941464,0.0,,137,True
sensor_log,0.05,57,102057,Penalized monotone B-spline,0.01989915456010724,0.0,1.0,1,True
sensor_log,0.05,57,102057,pyGAM,0.01958260360344899,0.0,1.0,2,True
sensor_log,0.05,58,102058,MonotoneLSPIA,0.009612688310347462,0.0,,118,True
sensor_log,0.05,58,102058,Penalized monotone B-spline,0.009277660557250086,0.0,1.0,1,True
sensor_log,0.05,58,102058,pyGAM,0.012335007506586332,0.0,10.0,2,True
sensor_log,0.05,59,102059,MonotoneLSPIA,0.014464150126356117,0.0,,133,True
sensor_log,0.05,59,102059,Penalized monotone B-spline,0.008937042131235315,0.0,1.0,1,True
sensor_log,0.05,59,102059,pyGAM,0.011042865945654502,0.0,0.1,3,True
sensor_log,0.05,60,102060,MonotoneLSPIA,0.016279062144708367,0.0,,141,True
sensor_log,0.05,60,102060,Penalized monotone B-spline,0.016275334123407786,0.0,0.0001,15,True
sensor_log,0.05,60,102060,pyGAM,0.013563617029521541,0.0,10.0,2,True
sensor_log,0.05,61,102061,MonotoneLSPIA,0.012867931917930805,0.0,,130,True
sensor_log,0.05,61,102061,Penalized monotone B-spline,0.006790752110229179,0.0,1.0,1,True
sensor_log,0.05,61,102061,pyGAM,0.007962188509112565,0.0,1.0,2,True
sensor_log,0.05,62,102062,MonotoneLSPIA,0.016563239436886434,0.0,,114,True
sensor_log,0.05,62,102062,Penalized monotone B-spline,0.012560035986202964,0.0,1.0,1,True
sensor_log,0.05,62,102062,pyGAM,0.015164451039376683,0.0,10.0,2,True
sensor_log,0.05,63,102063,MonotoneLSPIA,0.005752187616859657,0.0,,146,True
sensor_log,0.05,63,102063,Penalized monotone B-spline,0.0048074174013966655,0.0,1.0,1,True
sensor_log,0.05,63,102063,pyGAM,0.004119546171965947,0.0,1.0,3,True
sensor_log,0.05,64,102064,MonotoneLSPIA,0.015869920936860155,0.0,,131,True
sensor_log,0.05,64,102064,Penalized monotone B-spline,0.013375413281483707,0.0,1.0,1,True
sensor_log,0.05,64,102064,pyGAM,0.01431276001753039,0.0,10.0,2,True
sensor_log,0.05,65,102065,MonotoneLSPIA,0.012534834608808295,0.0,,132,True
sensor_log,0.05,65,102065,Penalized monotone B-spline,0.012167236632141809,0.0,0.01,13,True
sensor_log,0.05,65,102065,pyGAM,0.011681693977412495,0.0,0.1,2,True
sensor_log,0.05,66,102066,MonotoneLSPIA,0.014178688696872947,0.0,,146,True
sensor_log,0.05,66,102066,Penalized monotone B-spline,0.010983823362637063,0.0,1.0,9,True
sensor_log,0.05,66,102066,pyGAM,0.012254107985008842,0.0,0.1,2,True
sensor_log,0.05,67,102067,MonotoneLSPIA,0.011861102482668015,0.0,,143,True
sensor_log,0.05,67,102067,Penalized monotone B-spline,0.009841660499534038,0.0,1.0,8,True
sensor_log,0.05,67,102067,pyGAM,0.010385008105494812,0.0,1.0,3,True
sensor_log,0.05,68,102068,MonotoneLSPIA,0.01689151841730931,0.0,,154,True
sensor_log,0.05,68,102068,Penalized monotone B-spline,0.012534234374610502,0.0,1.0,1,True
sensor_log,0.05,68,102068,pyGAM,0.015014589487734037,0.0,10.0,2,True
sensor_log,0.05,69,102069,MonotoneLSPIA,0.008843406615103952,0.0,,109,True
sensor_log,0.05,69,102069,Penalized monotone B-spline,0.00461584513070192,0.0,1.0,1,True
sensor_log,0.05,69,102069,pyGAM,0.009930972998367099,0.0,10.0,2,True
sensor_log,0.05,70,102070,MonotoneLSPIA,0.009807947995742113,0.0,,140,True
sensor_log,0.05,70,102070,Penalized monotone B-spline,0.007134940352891949,0.0,1.0,1,True
sensor_log,0.05,70,102070,pyGAM,0.010746100214701156,0.0,10.0,2,True
sensor_log,0.05,71,102071,MonotoneLSPIA,0.015993745179566973,0.0,,139,True
sensor_log,0.05,71,102071,Penalized monotone B-spline,0.009072670442950405,0.0,1.0,1,True
sensor_log,0.05,71,102071,pyGAM,0.006805092860245089,0.0,1.0,2,True
sensor_log,0.05,72,102072,MonotoneLSPIA,0.01762993904174015,0.0,,128,True
sensor_log,0.05,72,102072,Penalized monotone B-spline,0.017629939860176927,0.0,1e-08,10,True
sensor_log,0.05,72,102072,pyGAM,0.015639790302062345,0.0,10.0,2,True
sensor_log,0.05,73,102073,MonotoneLSPIA,0.007421056164126374,0.0,,126,True
sensor_log,0.05,73,102073,Penalized monotone B-spline,0.005933455973971789,0.0,1.0,1,True
sensor_log,0.05,73,102073,pyGAM,0.009687273199718039,0.0,10.0,2,True
sensor_log,0.05,74,102074,MonotoneLSPIA,0.015002175492274642,0.0,,140,True
sensor_log,0.05,74,102074,Penalized monotone B-spline,0.01225434928610167,0.0,1.0,1,True
sensor_log,0.05,74,102074,pyGAM,0.00929797443075628,0.0,1.0,2,True
sensor_log,0.05,75,102075,MonotoneLSPIA,0.012770778218200399,0.0,,126,True
sensor_log,0.05,75,102075,Penalized monotone B-spline,0.011593343784648226,0.0,1.0,1,True
sensor_log,0.05,75,102075,pyGAM,0.014890912816090209,0.0,10.0,2,True
sensor_log,0.05,76,102076,MonotoneLSPIA,0.01103820762914789,0.0,,145,True
sensor_log,0.05,76,102076,Penalized monotone B-spline,0.009179979352361966,0.0,1.0,1,True
sensor_log,0.05,76,102076,pyGAM,0.008090743073720687,0.0,1.0,2,True
sensor_log,0.05,77,102077,MonotoneLSPIA,0.012670252854797809,0.0,,130,True
sensor_log,0.05,77,102077,Penalized monotone B-spline,0.009089284178761023,0.0,1.0,1,True
sensor_log,0.05,77,102077,pyGAM,0.011131811813892964,0.0,10.0,2,True
sensor_log,0.05,78,102078,MonotoneLSPIA,0.011316374856676909,0.0,,129,True
sensor_log,0.05,78,102078,Penalized monotone B-spline,0.009469164587952049,0.0,1.0,1,True
sensor_log,0.05,78,102078,pyGAM,0.010015595927712726,0.0,1.0,3,True
sensor_log,0.05,79,102079,MonotoneLSPIA,0.0178559573246983,0.0,,140,True
sensor_log,0.05,79,102079,Penalized monotone B-spline,0.014911441178512114,0.0,1.0,1,True
sensor_log,0.05,79,102079,pyGAM,0.014818241454460312,0.0,1.0,2,True
sensor_log,0.05,80,102080,MonotoneLSPIA,0.01430327713430568,0.0,,145,True
sensor_log,0.05,80,102080,Penalized monotone B-spline,0.012313996230692075,0.0,1.0,1,True
sensor_log,0.05,80,102080,pyGAM,0.014629994013350215,0.0,10.0,2,True
sensor_log,0.05,81,102081,MonotoneLSPIA,0.01846040998355936,0.0,,141,True
sensor_log,0.05,81,102081,Penalized monotone B-spline,0.013604758569082024,0.0,1.0,1,True
sensor_log,0.05,81,102081,pyGAM,0.014577545079236654,0.0,1.0,2,True
sensor_log,0.05,82,102082,MonotoneLSPIA,0.010201903607922015,0.0,,138,True
sensor_log,0.05,82,102082,Penalized monotone B-spline,0.007319313449586414,0.0,1.0,1,True
sensor_log,0.05,82,102082,pyGAM,0.005825329613620208,0.0,1.0,2,True
sensor_log,0.05,83,102083,MonotoneLSPIA,0.011289498356857408,0.0,,144,True
sensor_log,0.05,83,102083,Penalized monotone B-spline,0.009893374527553409,0.0,1.0,1,True
sensor_log,0.05,83,102083,pyGAM,0.008968725056464224,0.0,1.0,2,True
sensor_log,0.05,84,102084,MonotoneLSPIA,0.011554961945409803,0.0,,147,True
sensor_log,0.05,84,102084,Penalized monotone B-spline,0.007810760967101732,0.0,1.0,1,True
sensor_log,0.05,84,102084,pyGAM,0.011611735705723892,0.0,10.0,2,True
sensor_log,0.05,85,102085,MonotoneLSPIA,0.015448449708381282,0.0,,149,True
sensor_log,0.05,85,102085,Penalized monotone B-spline,0.01250478730270026,0.0,1.0,8,True
sensor_log,0.05,85,102085,pyGAM,0.014087649247675377,0.0,10.0,2,True
sensor_log,0.05,86,102086,MonotoneLSPIA,0.014536031918741914,0.0,,144,True
sensor_log,0.05,86,102086,Penalized monotone B-spline,0.014076348927280494,0.0,1.0,1,True
sensor_log,0.05,86,102086,pyGAM,0.013698171742785327,0.0,1.0,2,True
sensor_log,0.05,87,102087,MonotoneLSPIA,0.01072531081506292,0.0,,136,True
sensor_log,0.05,87,102087,Penalized monotone B-spline,0.008424245115291143,0.0,1.0,1,True
sensor_log,0.05,87,102087,pyGAM,0.011286391895101161,0.0,10.0,2,True
sensor_log,0.05,88,102088,MonotoneLSPIA,0.011990269485708813,0.0,,149,True
sensor_log,0.05,88,102088,Penalized monotone B-spline,0.008752812954048882,0.0,1.0,1,True
sensor_log,0.05,88,102088,pyGAM,0.011894413401612867,0.0,10.0,2,True
sensor_log,0.05,89,102089,MonotoneLSPIA,0.007616266160003189,0.0,,137,True
sensor_log,0.05,89,102089,Penalized monotone B-spline,0.005413581869985198,0.0,1.0,1,True
sensor_log,0.05,89,102089,pyGAM,0.006005676897554973,0.0,1.0,2,True
sensor_log,0.05,90,102090,MonotoneLSPIA,0.019352228028151126,0.0,,130,True
sensor_log,0.05,90,102090,Penalized monotone B-spline,0.014450848089528859,0.0,1.0,1,True
sensor_log,0.05,90,102090,pyGAM,0.013944802013841148,0.0,1.0,2,True
sensor_log,0.05,91,102091,MonotoneLSPIA,0.0122400195739866,0.0,,145,True
sensor_log,0.05,91,102091,Penalized monotone B-spline,0.009460646496411122,0.0,1.0,1,True
sensor_log,0.05,91,102091,pyGAM,0.014124583357676508,0.0,10.0,2,True
sensor_log,0.05,92,102092,MonotoneLSPIA,0.017941258642731512,0.0,,131,True
sensor_log,0.05,92,102092,Penalized monotone B-spline,0.015499417780194995,0.0,1.0,1,True
sensor_log,0.05,92,102092,pyGAM,0.017219428852112466,0.0,10.0,2,True
sensor_log,0.05,93,102093,MonotoneLSPIA,0.019464919129009443,0.0,,147,True
sensor_log,0.05,93,102093,Penalized monotone B-spline,0.015759210385728653,0.0,1.0,1,True
sensor_log,0.05,93,102093,pyGAM,0.01761516046298686,0.0,10.0,2,True
sensor_log,0.05,94,102094,MonotoneLSPIA,0.007914689657339288,0.0,,141,True
sensor_log,0.05,94,102094,Penalized monotone B-spline,0.007016118004176493,0.0,1.0,8,True
sensor_log,0.05,94,102094,pyGAM,0.006075409944204323,0.0,1.0,3,True
sensor_log,0.05,95,102095,MonotoneLSPIA,0.01300253402149734,0.0,,136,True
sensor_log,0.05,95,102095,Penalized monotone B-spline,0.013002539326188969,0.0,1e-08,11,True
sensor_log,0.05,95,102095,pyGAM,0.009011913663451694,0.0,1.0,3,True
sensor_log,0.05,96,102096,MonotoneLSPIA,0.0137531541888461,0.0,,121,True
sensor_log,0.05,96,102096,Penalized monotone B-spline,0.011480244873434681,0.0,1.0,1,True
sensor_log,0.05,96,102096,pyGAM,0.01370575332538227,0.0,10.0,2,True
sensor_log,0.05,97,102097,MonotoneLSPIA,0.012201171490233103,0.0,,124,True
sensor_log,0.05,97,102097,Penalized monotone B-spline,0.01097418502897638,0.0,1.0,1,True
sensor_log,0.05,97,102097,pyGAM,0.010619703146554473,0.0,1.0,2,True
sensor_log,0.05,98,102098,MonotoneLSPIA,0.012096312284048852,0.0,,124,True
sensor_log,0.05,98,102098,Penalized monotone B-spline,0.008636639340979439,0.0,1.0,1,True
sensor_log,0.05,98,102098,pyGAM,0.013138551550611487,0.0,10.0,2,True
sensor_log,0.05,99,102099,MonotoneLSPIA,0.009973787477044438,0.0,,149,True
sensor_log,0.05,99,102099,Penalized monotone B-spline,0.007154880698519013,0.0,1.0,1,True
sensor_log,0.05,99,102099,pyGAM,0.007534121118654651,0.0,1.0,3,True
sensor_log,0.05,100,102100,MonotoneLSPIA,0.016007958907212336,0.0,,141,True
sensor_log,0.05,100,102100,Penalized monotone B-spline,0.015866193810029537,0.0,0.01,12,True
sensor_log,0.05,100,102100,pyGAM,0.015812587126647574,0.0,0.01,2,True
sensor_log,0.1,1,103001,MonotoneLSPIA,0.028138423552679592,0.0,,111,True
sensor_log,0.1,1,103001,Penalized monotone B-spline,0.025334927770787274,0.0,100.0,1,True
sensor_log,0.1,1,103001,pyGAM,0.02221810192095002,0.0,10.0,2,True
sensor_log,0.1,2,103002,MonotoneLSPIA,0.018252658264902747,0.0,,138,True
sensor_log,0.1,2,103002,Penalized monotone B-spline,0.01192858343160215,0.0,1.0,1,True
sensor_log,0.1,2,103002,pyGAM,0.012357376507724121,0.0,10.0,2,True
sensor_log,0.1,3,103003,MonotoneLSPIA,0.016501266099279606,0.0,,116,True
sensor_log,0.1,3,103003,Penalized monotone B-spline,0.016501265176901005,0.0,1e-08,12,True
sensor_log,0.1,3,103003,pyGAM,0.014459768465192754,0.0,10.0,2,True
sensor_log,0.1,4,103004,MonotoneLSPIA,0.03252275103778336,0.0,,130,True
sensor_log,0.1,4,103004,Penalized monotone B-spline,0.02189217405913894,0.0,1.0,8,True
sensor_log,0.1,4,103004,pyGAM,0.017876830837164945,0.0,10.0,2,True
sensor_log,0.1,5,103005,MonotoneLSPIA,0.02388925201448055,0.0,,151,True
sensor_log,0.1,5,103005,Penalized monotone B-spline,0.020546313288162994,0.0,1.0,1,True
sensor_log,0.1,5,103005,pyGAM,0.02048999238572522,0.0,10.0,2,True
sensor_log,0.1,6,103006,MonotoneLSPIA,0.03494315806103516,0.0,,128,True
sensor_log,0.1,6,103006,Penalized monotone B-spline,0.03074473780694443,0.0,1.0,1,True
sensor_log,0.1,6,103006,pyGAM,0.03147280962340882,0.0,10.0,2,True
sensor_log,0.1,7,103007,MonotoneLSPIA,0.02657047091660426,0.0,,102,True
sensor_log,0.1,7,103007,Penalized monotone B-spline,0.02326341249104792,0.0,100.0,1,True
sensor_log,0.1,7,103007,pyGAM,0.017367385120265692,0.0,10.0,2,True
sensor_log,0.1,8,103008,MonotoneLSPIA,0.028589443008294975,0.0,,117,True
sensor_log,0.1,8,103008,Penalized monotone B-spline,0.018352321365936536,0.0,1.0,9,True
sensor_log,0.1,8,103008,pyGAM,0.020147083433454633,0.0,10.0,2,True
sensor_log,0.1,9,103009,MonotoneLSPIA,0.023610109834552893,0.0,,114,True
sensor_log,0.1,9,103009,Penalized monotone B-spline,0.0198764872684982,0.0,1.0,1,True
sensor_log,0.1,9,103009,pyGAM,0.021610076188524768,0.0,10.0,2,True
sensor_log,0.1,10,103010,MonotoneLSPIA,0.022126865549552642,0.0,,132,True
sensor_log,0.1,10,103010,Penalized monotone B-spline,0.02093064216454235,0.0,100.0,1,True
sensor_log,0.1,10,103010,pyGAM,0.014420644295737412,0.0,10.0,2,True
sensor_log,0.1,11,103011,MonotoneLSPIA,0.02494083761598887,0.0,,130,True
sensor_log,0.1,11,103011,Penalized monotone B-spline,0.023572328713573863,0.0,1.0,1,True
sensor_log,0.1,11,103011,pyGAM,0.016178775639022473,0.0,10.0,2,True
sensor_log,0.1,12,103012,MonotoneLSPIA,0.016806358601138195,0.0,,121,True
sensor_log,0.1,12,103012,Penalized monotone B-spline,0.014084814606871955,0.0,100.0,1,True
sensor_log,0.1,12,103012,pyGAM,0.012705673715029129,0.0,10.0,2,True
sensor_log,0.1,13,103013,MonotoneLSPIA,0.028681578007831617,0.0,,122,True
sensor_log,0.1,13,103013,Penalized monotone B-spline,0.020578564458632254,0.0,100.0,1,True
sensor_log,0.1,13,103013,pyGAM,0.016435498576105427,0.0,10.0,2,True
sensor_log,0.1,14,103014,MonotoneLSPIA,0.028036003549258455,0.0,,124,True
sensor_log,0.1,14,103014,Penalized monotone B-spline,0.029108071361580997,0.0,100.0,1,True
sensor_log,0.1,14,103014,pyGAM,0.020821453668226814,0.0,10.0,2,True
sensor_log,0.1,15,103015,MonotoneLSPIA,0.020009650237961144,0.0,,148,True
sensor_log,0.1,15,103015,Penalized monotone B-spline,0.009315849458309749,0.0,100.0,1,True
sensor_log,0.1,15,103015,pyGAM,0.013871026661452032,0.0,10.0,2,True
sensor_log,0.1,16,103016,MonotoneLSPIA,0.022831042747968728,0.0,,118,True
sensor_log,0.1,16,103016,Penalized monotone B-spline,0.027689887677641765,0.0,100.0,1,True
sensor_log,0.1,16,103016,pyGAM,0.02007198444958214,0.0,10.0,2,True
sensor_log,0.1,17,103017,MonotoneLSPIA,0.028606778577830148,0.0,,122,True
sensor_log,0.1,17,103017,Penalized monotone B-spline,0.03266701502623218,0.0,100.0,1,True
sensor_log,0.1,17,103017,pyGAM,0.02575805849288231,0.0,10.0,2,True
sensor_log,0.1,18,103018,MonotoneLSPIA,0.027849931106638616,0.0,,97,True
sensor_log,0.1,18,103018,Penalized monotone B-spline,0.027849929514980998,0.0,1e-08,13,True
sensor_log,0.1,18,103018,pyGAM,0.02509773332068521,0.0,0.1,2,True
sensor_log,0.1,19,103019,MonotoneLSPIA,0.020406074817912203,0.0,,101,True
sensor_log,0.1,19,103019,Penalized monotone B-spline,0.018201195499244385,0.0,1.0,8,True
sensor_log,0.1,19,103019,pyGAM,0.015388566052839602,0.0,10.0,2,True
sensor_log,0.1,20,103020,MonotoneLSPIA,0.03144221765178971,0.0,,121,True
sensor_log,0.1,20,103020,Penalized monotone B-spline,0.03398021434387494,0.0,100.0,1,True
sensor_log,0.1,20,103020,pyGAM,0.02806164317490151,0.0,10.0,2,True
sensor_log,0.1,21,103021,MonotoneLSPIA,0.02723674068866772,0.0,,129,True
sensor_log,0.1,21,103021,Penalized monotone B-spline,0.030658455598498717,0.0,100.0,1,True
sensor_log,0.1,21,103021,pyGAM,0.027030806696977314,0.0,10.0,2,True
sensor_log,0.1,22,103022,MonotoneLSPIA,0.03333322648644439,0.0,,116,True
sensor_log,0.1,22,103022,Penalized monotone B-spline,0.03333322553178102,0.0,1e-08,11,True
sensor_log,0.1,22,103022,pyGAM,0.0331121636233165,0.0,0.01,2,True
sensor_log,0.1,23,103023,MonotoneLSPIA,0.03767590744034082,0.0,,116,True
sensor_log,0.1,23,103023,Penalized monotone B-spline,0.03745351659392836,0.0,0.01,13,True
sensor_log,0.1,23,103023,pyGAM,0.028013297587092843,0.0,10.0,2,True
sensor_log,0.1,24,103024,MonotoneLSPIA,0.016915253284285607,0.0,,124,True
sensor_log,0.1,24,103024,Penalized monotone B-spline,0.022243296783044143,0.0,100.0,1,True
sensor_log,0.1,24,103024,pyGAM,0.015831197371738524,0.0,10.0,2,True
sensor_log,0.1,25,103025,MonotoneLSPIA,0.03422077248976177,0.0,,158,True
sensor_log,0.1,25,103025,Penalized monotone B-spline,0.02842865420962886,0.0,1.0,11,True
sensor_log,0.1,25,103025,pyGAM,0.023341481668800998,0.0,1.0,2,True
sensor_log,0.1,26,103026,MonotoneLSPIA,0.025103011852115092,0.0,,111,True
sensor_log,0.1,26,103026,Penalized monotone B-spline,0.025102978723870947,0.0,1e-08,13,True
sensor_log,0.1,26,103026,pyGAM,0.025129695371935535,0.0,0.001,4,True
sensor_log,0.1,27,103027,MonotoneLSPIA,0.036408027815675204,0.0,,138,True
sensor_log,0.1,27,103027,Penalized monotone B-spline,0.030932984663580933,0.0,1.0,1,True
sensor_log,0.1,27,103027,pyGAM,0.023388013021342476,0.0,10.0,2,True
sensor_log,0.1,28,103028,MonotoneLSPIA,0.027024111748774594,0.0,,113,True
sensor_log,0.1,28,103028,Penalized monotone B-spline,0.027022724424324168,0.0,0.0001,10,True
sensor_log,0.1,28,103028,pyGAM,0.013524909778224748,0.0,10.0,2,True
sensor_log,0.1,29,103029,MonotoneLSPIA,0.018724077246267734,0.0,,118,True
sensor_log,0.1,29,103029,Penalized monotone B-spline,0.022960416449209497,0.0,100.0,1,True
sensor_log,0.1,29,103029,pyGAM,0.014730392693926331,0.0,10.0,2,True
sensor_log,0.1,30,103030,MonotoneLSPIA,0.032769770696416345,0.0,,119,True
sensor_log,0.1,30,103030,Penalized monotone B-spline,0.02699900516953092,0.0,1.0,9,True
sensor_log,0.1,30,103030,pyGAM,0.018554353655259745,0.0,1.0,3,True
sensor_log,0.1,31,103031,MonotoneLSPIA,0.024123471759859332,0.0,,146,True
sensor_log,0.1,31,103031,Penalized monotone B-spline,0.017509748925094486,0.0,100.0,1,True
sensor_log,0.1,31,103031,pyGAM,0.012320991689143239,0.0,10.0,2,True
sensor_log,0.1,32,103032,MonotoneLSPIA,0.03908915878017952,0.0,,118,True
sensor_log,0.1,32,103032,Penalized monotone B-spline,0.03865861088048147,0.0,0.01,12,True
sensor_log,0.1,32,103032,pyGAM,0.037505673996933005,0.0,0.1,2,True
sensor_log,0.1,33,103033,MonotoneLSPIA,0.022342657377922594,0.0,,109,True
sensor_log,0.1,33,103033,Penalized monotone B-spline,0.015221190501578266,0.0,1.0,1,True
sensor_log,0.1,33,103033,pyGAM,0.013962285066386167,0.0,10.0,2,True
sensor_log,0.1,34,103034,MonotoneLSPIA,0.024511435361244168,0.0,,112,True
sensor_log,0.1,34,103034,Penalized monotone B-spline,0.020264391565209625,0.0,1.0,1,True
sensor_log,0.1,34,103034,pyGAM,0.01517989051673682,0.0,10.0,2,True
sensor_log,0.1,35,103035,MonotoneLSPIA,0.018273354188211174,0.0,,99,True
sensor_log,0.1,35,103035,Penalized monotone B-spline,0.0168652378355906,0.0,100.0,1,True
sensor_log,0.1,35,103035,pyGAM,0.013261486945115138,0.0,10.0,2,True
sensor_log,0.1,36,103036,MonotoneLSPIA,0.02889027719249607,0.0,,121,True
sensor_log,0.1,36,103036,Penalized monotone B-spline,0.021124810260837255,0.0,1.0,1,True
sensor_log,0.1,36,103036,pyGAM,0.017906856765550698,0.0,10.0,2,True
sensor_log,0.1,37,103037,MonotoneLSPIA,0.027452774381321952,0.0,,131,True
sensor_log,0.1,37,103037,Penalized monotone B-spline,0.016127533185302596,0.0,1.0,1,True
sensor_log,0.1,37,103037,pyGAM,0.013395629572761567,0.0,10.0,2,True
sensor_log,0.1,38,103038,MonotoneLSPIA,0.024262055116369887,0.0,,142,True
sensor_log,0.1,38,103038,Penalized monotone B-spline,0.020789184950032097,0.0,1.0,8,True
sensor_log,0.1,38,103038,pyGAM,0.013819004451589758,0.0,10.0,2,True
sensor_log,0.1,39,103039,MonotoneLSPIA,0.024179760439625636,0.0,,98,True
sensor_log,0.1,39,103039,Penalized monotone B-spline,0.025503110124826065,0.0,100.0,1,True
sensor_log,0.1,39,103039,pyGAM,0.018278538075843075,0.0,10.0,2,True
sensor_log,0.1,40,103040,MonotoneLSPIA,0.024880600762268338,0.0,,148,True
sensor_log,0.1,40,103040,Penalized monotone B-spline,0.021092167796013278,0.0,1.0,1,True
sensor_log,0.1,40,103040,pyGAM,0.01805465279622599,0.0,10.0,2,True
sensor_log,0.1,41,103041,MonotoneLSPIA,0.02264776013133878,0.0,,93,True
sensor_log,0.1,41,103041,Penalized monotone B-spline,0.021221793472067832,0.0,1.0,1,True
sensor_log,0.1,41,103041,pyGAM,0.01845502561840854,0.0,10.0,2,True
sensor_log,0.1,42,103042,MonotoneLSPIA,0.015504477125705792,0.0,,149,True
sensor_log,0.1,42,103042,Penalized monotone B-spline,0.012386957598334074,0.0,1.0,1,True
sensor_log,0.1,42,103042,pyGAM,0.015393567940180023,0.0,10.0,2,True
sensor_log,0.1,43,103043,MonotoneLSPIA,0.024289281539758404,0.0,,121,True
sensor_log,0.1,43,103043,Penalized monotone B-spline,0.02275688764919427,0.0,100.0,1,True
sensor_log,0.1,43,103043,pyGAM,0.0146673599297522,0.0,10.0,2,True
sensor_log,0.1,44,103044,MonotoneLSPIA,0.03038839350173481,0.0,,129,True
sensor_log,0.1,44,103044,Penalized monotone B-spline,0.023473823126926998,0.0,1.0,1,True
sensor_log,0.1,44,103044,pyGAM,0.020134429818513103,0.0,10.0,2,True
sensor_log,0.1,45,103045,MonotoneLSPIA,0.023413150449229987,0.0,,125,True
sensor_log,0.1,45,103045,Penalized monotone B-spline,0.01921640887277687,0.0,1.0,1,True
sensor_log,0.1,45,103045,pyGAM,0.014840647454307236,0.0,10.0,2,True
sensor_log,0.1,46,103046,MonotoneLSPIA,0.019056076373385945,0.0,,129,True
sensor_log,0.1,46,103046,Penalized monotone B-spline,0.01750143082668162,0.0,100.0,1,True
sensor_log,0.1,46,103046,pyGAM,0.016390180745783474,0.0,10.0,2,True
sensor_log,0.1,47,103047,MonotoneLSPIA,0.03176616783947106,0.0,,135,True
sensor_log,0.1,47,103047,Penalized monotone B-spline,0.024303685376273157,0.0,1.0,1,True
sensor_log,0.1,47,103047,pyGAM,0.01722247671341838,0.0,10.0,2,True
sensor_log,0.1,48,103048,MonotoneLSPIA,0.02153563410634523,0.0,,122,True
sensor_log,0.1,48,103048,Penalized monotone B-spline,0.017057224865841145,0.0,1.0,11,True
sensor_log,0.1,48,103048,pyGAM,0.01736433967980556,0.0,10.0,4,True
sensor_log,0.1,49,103049,MonotoneLSPIA,0.023653553285652083,0.0,,120,True
sensor_log,0.1,49,103049,Penalized monotone B-spline,0.01704136605048747,0.0,100.0,1,True
sensor_log,0.1,49,103049,pyGAM,0.017733694891554817,0.0,10.0,2,True
sensor_log,0.1,50,103050,MonotoneLSPIA,0.01825200734555715,0.0,,126,True
sensor_log,0.1,50,103050,Penalized monotone B-spline,0.014114196407446284,0.0,100.0,1,True
sensor_log,0.1,50,103050,pyGAM,0.011984986111771104,0.0,10.0,2,True
sensor_log,0.1,51,103051,MonotoneLSPIA,0.019307150771023684,0.0,,107,True
sensor_log,0.1,51,103051,Penalized monotone B-spline,0.01229690249925171,0.0,1.0,8,True
sensor_log,0.1,51,103051,pyGAM,0.019279079775883074,0.0,0.001,4,True
sensor_log,0.1,52,103052,MonotoneLSPIA,0.02570527791256684,0.0,,115,True
sensor_log,0.1,52,103052,Penalized monotone B-spline,0.03150180932479298,0.0,100.0,1,True
sensor_log,0.1,52,103052,pyGAM,0.036375322828161735,0.0,100.0,2,True
sensor_log,0.1,53,103053,MonotoneLSPIA,0.02969496817311455,0.0,,139,True
sensor_log,0.1,53,103053,Penalized monotone B-spline,0.024678370816464446,0.0,1.0,1,True
sensor_log,0.1,53,103053,pyGAM,0.018967163872970743,0.0,10.0,2,True
sensor_log,0.1,54,103054,MonotoneLSPIA,0.026183895574307402,0.0,,135,True
sensor_log,0.1,54,103054,Penalized monotone B-spline,0.017666427400004712,0.0,100.0,1,True
sensor_log,0.1,54,103054,pyGAM,0.015490304208663642,0.0,1.0,3,True
sensor_log,0.1,55,103055,MonotoneLSPIA,0.0305504264844309,0.0,,109,True
sensor_log,0.1,55,103055,Penalized monotone B-spline,0.022920403954439124,0.0,1.0,8,True
sensor_log,0.1,55,103055,pyGAM,0.019823778890450384,0.0,10.0,2,True
sensor_log,0.1,56,103056,MonotoneLSPIA,0.02116253583767546,0.0,,133,True
sensor_log,0.1,56,103056,Penalized monotone B-spline,0.026821573945262574,0.0,100.0,1,True
sensor_log,0.1,56,103056,pyGAM,0.01871257385817391,0.0,10.0,2,True
sensor_log,0.1,57,103057,MonotoneLSPIA,0.019751499317030394,0.0,,130,True
sensor_log,0.1,57,103057,Penalized monotone B-spline,0.013103199874619302,0.0,100.0,1,True
sensor_log,0.1,57,103057,pyGAM,0.016087639392293473,0.0,10.0,2,True
sensor_log,0.1,58,103058,MonotoneLSPIA,0.034872697571479934,0.0,,121,True
sensor_log,0.1,58,103058,Penalized monotone B-spline,0.02864500830836646,0.0,1.0,1,True
sensor_log,0.1,58,103058,pyGAM,0.0343700277322691,0.0,0.001,5,True
sensor_log,0.1,59,103059,MonotoneLSPIA,0.016847765192607958,0.0,,141,True
sensor_log,0.1,59,103059,Penalized monotone B-spline,0.013264974464460233,0.0,1.0,8,True
sensor_log,0.1,59,103059,pyGAM,0.013438919861675561,0.0,10.0,3,True
sensor_log,0.1,60,103060,MonotoneLSPIA,0.02821302028000608,0.0,,152,True
sensor_log,0.1,60,103060,Penalized monotone B-spline,0.024778406962218624,0.0,1.0,1,True
sensor_log,0.1,60,103060,pyGAM,0.023943441795602958,0.0,10.0,2,True
sensor_log,0.1,61,103061,MonotoneLSPIA,0.015219238595221996,0.0,,108,True
sensor_log,0.1,61,103061,Penalized monotone B-spline,0.01215244685524442,0.0,1.0,12,True
sensor_log,0.1,61,103061,pyGAM,0.0122648484990752,0.0,10.0,4,True
sensor_log,0.1,62,103062,MonotoneLSPIA,0.021827089384760665,0.0,,97,True
sensor_log,0.1,62,103062,Penalized monotone B-spline,0.01777840448497044,0.0,1.0,10,True
sensor_log,0.1,62,103062,pyGAM,0.017330859452251376,0.0,10.0,2,True
sensor_log,0.1,63,103063,MonotoneLSPIA,0.02628239053760732,0.0,,98,True
sensor_log,0.1,63,103063,Penalized monotone B-spline,0.02929135883065181,0.0,100.0,1,True
sensor_log,0.1,63,103063,pyGAM,0.023297504878998912,0.0,10.0,2,True
sensor_log,0.1,64,103064,MonotoneLSPIA,0.016091507204299943,0.0,,140,True
sensor_log,0.1,64,103064,Penalized monotone B-spline,0.02158115904698731,0.0,100.0,1,True
sensor_log,0.1,64,103064,pyGAM,0.013745975160742685,0.0,10.0,2,True
sensor_log,0.1,65,103065,MonotoneLSPIA,0.020654927465204063,0.0,,134,True
sensor_log,0.1,65,103065,Penalized monotone B-spline,0.019194229026670492,0.0,100.0,1,True
sensor_log,0.1,65,103065,pyGAM,0.015203964057601006,0.0,10.0,2,True
sensor_log,0.1,66,103066,MonotoneLSPIA,0.023396926104218497,0.0,,105,True
sensor_log,0.1,66,103066,Penalized monotone B-spline,0.023396927473762118,0.0,1e-08,14,True
sensor_log,0.1,66,103066,pyGAM,0.0146189911160142,0.0,10.0,2,True
sensor_log,0.1,67,103067,MonotoneLSPIA,0.023619916381898753,0.0,,132,True
sensor_log,0.1,67,103067,Penalized monotone B-spline,0.02704548172793225,0.0,100.0,1,True
sensor_log,0.1,67,103067,pyGAM,0.022086808147738873,0.0,10.0,2,True
sensor_log,0.1,68,103068,MonotoneLSPIA,0.027120191279411007,0.0,,134,True
sensor_log,0.1,68,103068,Penalized monotone B-spline,0.02446086932178412,0.0,100.0,1,True
sensor_log,0.1,68,103068,pyGAM,0.018157316618973993,0.0,10.0,2,True
sensor_log,0.1,69,103069,MonotoneLSPIA,0.0361955164706069,0.0,,138,True
sensor_log,0.1,69,103069,Penalized monotone B-spline,0.029758021321036467,0.0,1.0,8,True
sensor_log,0.1,69,103069,pyGAM,0.03335697771515151,0.0,0.1,2,True
sensor_log,0.1,70,103070,MonotoneLSPIA,0.019681618059811112,0.0,,119,True
sensor_log,0.1,70,103070,Penalized monotone B-spline,0.020463223085852637,0.0,100.0,1,True
sensor_log,0.1,70,103070,pyGAM,0.013821494208819675,0.0,10.0,2,True
sensor_log,0.1,71,103071,MonotoneLSPIA,0.020947847578580897,0.0,,137,True
sensor_log,0.1,71,103071,Penalized monotone B-spline,0.018269982022395354,0.0,1.0,8,True
sensor_log,0.1,71,103071,pyGAM,0.018855582632683623,0.0,1.0,3,True
sensor_log,0.1,72,103072,MonotoneLSPIA,0.03038004535644653,0.0,,143,True
sensor_log,0.1,72,103072,Penalized monotone B-spline,0.022307079800091594,0.0,1.0,1,True
sensor_log,0.1,72,103072,pyGAM,0.018797425700349746,0.0,1.0,2,True
sensor_log,0.1,73,103073,MonotoneLSPIA,0.02154668941387825,0.0,,138,True
sensor_log,0.1,73,103073,Penalized monotone B-spline,0.02622030025096273,0.0,100.0,1,True
sensor_log,0.1,73,103073,pyGAM,0.017829029175626794,0.0,10.0,2,True
sensor_log,0.1,74,103074,MonotoneLSPIA,0.022017879958559777,0.0,,117,True
sensor_log,0.1,74,103074,Penalized monotone B-spline,0.018465203443499476,0.0,1.0,1,True
sensor_log,0.1,74,103074,pyGAM,0.0184323064912742,0.0,10.0,2,True
sensor_log,0.1,75,103075,MonotoneLSPIA,0.04235372378291281,0.0,,126,True
sensor_log,0.1,75,103075,Penalized monotone B-spline,0.03863178547126734,0.0,1.0,9,True
sensor_log,0.1,75,103075,pyGAM,0.03859222194725831,0.0,1.0,3,True
sensor_log,0.1,76,103076,MonotoneLSPIA,0.02239194377733131,0.0,,133,True
sensor_log,0.1,76,103076,Penalized monotone B-spline,0.0249278901707958,0.0,100.0,1,True
sensor_log,0.1,76,103076,pyGAM,0.016855705826398927,0.0,10.0,2,True
sensor_log,0.1,77,103077,MonotoneLSPIA,0.021538175067834606,0.0,,131,True
sensor_log,0.1,77,103077,Penalized monotone B-spline,0.012707871591061374,0.0,1.0,8,True
sensor_log,0.1,77,103077,pyGAM,0.009547831003051942,0.0,10.0,2,True
sensor_log,0.1,78,103078,MonotoneLSPIA,0.026936452272118334,0.0,,112,True
sensor_log,0.1,78,103078,Penalized monotone B-spline,0.03043748071334193,0.0,100.0,1,True
sensor_log,0.1,78,103078,pyGAM,0.026104538981079617,0.0,10.0,3,True
sensor_log,0.1,79,103079,MonotoneLSPIA,0.032397458403455766,0.0,,140,True
sensor_log,0.1,79,103079,Penalized monotone B-spline,0.02266733824352915,0.0,1.0,12,True
sensor_log,0.1,79,103079,pyGAM,0.021860303174519972,0.0,1.0,3,True
sensor_log,0.1,80,103080,MonotoneLSPIA,0.020029161160112847,0.0,,111,True
sensor_log,0.1,80,103080,Penalized monotone B-spline,0.02045232871153805,0.0,100.0,1,True
sensor_log,0.1,80,103080,pyGAM,0.018201011378691477,0.0,10.0,2,True
sensor_log,0.1,81,103081,MonotoneLSPIA,0.02248644012346658,0.0,,126,True
sensor_log,0.1,81,103081,Penalized monotone B-spline,0.017376651260911445,0.0,1.0,8,True
sensor_log,0.1,81,103081,pyGAM,0.01851106746566727,0.0,10.0,4,True
sensor_log,0.1,82,103082,MonotoneLSPIA,0.025667728100398923,0.0,,136,True
sensor_log,0.1,82,103082,Penalized monotone B-spline,0.028162362376469196,0.0,100.0,1,True
sensor_log,0.1,82,103082,pyGAM,0.022347323997823715,0.0,10.0,2,True
sensor_log,0.1,83,103083,MonotoneLSPIA,0.03134048791483621,0.0,,144,True
sensor_log,0.1,83,103083,Penalized monotone B-spline,0.027206471297880615,0.0,1.0,1,True
sensor_log,0.1,83,103083,pyGAM,0.02447871567722159,0.0,1.0,3,True
sensor_log,0.1,84,103084,MonotoneLSPIA,0.02132253511727683,0.0,,143,True
sensor_log,0.1,84,103084,Penalized monotone B-spline,0.030031090586637457,0.0,100.0,1,True
sensor_log,0.1,84,103084,pyGAM,0.0216608818274272,0.0,10.0,2,True
sensor_log,0.1,85,103085,MonotoneLSPIA,0.017055339318541234,0.0,,147,True
sensor_log,0.1,85,103085,Penalized monotone B-spline,0.02277475735378949,0.0,100.0,1,True
sensor_log,0.1,85,103085,pyGAM,0.016985955158711607,0.0,10.0,2,True
sensor_log,0.1,86,103086,MonotoneLSPIA,0.024702791770197317,0.0,,143,True
sensor_log,0.1,86,103086,Penalized monotone B-spline,0.020314642493546777,0.0,1.0,8,True
sensor_log,0.1,86,103086,pyGAM,0.018004018960694833,0.0,10.0,2,True
sensor_log,0.1,87,103087,MonotoneLSPIA,0.02656862081578822,0.0,,109,True
sensor_log,0.1,87,103087,Penalized monotone B-spline,0.02217109347726407,0.0,1.0,9,True
sensor_log,0.1,87,103087,pyGAM,0.021199127127940014,0.0,10.0,3,True
sensor_log,0.1,88,103088,MonotoneLSPIA,0.029029946671615715,0.0,,127,True
sensor_log,0.1,88,103088,Penalized monotone B-spline,0.020845807385460685,0.0,1.0,1,True
sensor_log,0.1,88,103088,pyGAM,0.021090345068969313,0.0,10.0,2,True
sensor_log,0.1,89,103089,MonotoneLSPIA,0.014155620135615164,0.0,,113,True
sensor_log,0.1,89,103089,Penalized monotone B-spline,0.014155619469475052,0.0,1e-08,10,True
sensor_log,0.1,89,103089,pyGAM,0.010944642251356098,0.0,10.0,2,True
sensor_log,0.1,90,103090,MonotoneLSPIA,0.02217862374281105,0.0,,133,True
sensor_log,0.1,90,103090,Penalized monotone B-spline,0.020402235006112993,0.0,1.0,10,True
sensor_log,0.1,90,103090,pyGAM,0.020434388017384897,0.0,10.0,4,True
sensor_log,0.1,91,103091,MonotoneLSPIA,0.022736839637363455,0.0,,111,True
sensor_log,0.1,91,103091,Penalized monotone B-spline,0.022204153184151906,0.0,100.0,1,True
sensor_log,0.1,91,103091,pyGAM,0.014171427005882012,0.0,10.0,2,True
sensor_log,0.1,92,103092,MonotoneLSPIA,0.022760100336756506,0.0,,99,True
sensor_log,0.1,92,103092,Penalized monotone B-spline,0.022712084910045532,0.0,0.01,12,True
sensor_log,0.1,92,103092,pyGAM,0.017684552739142254,0.0,10.0,2,True
sensor_log,0.1,93,103093,MonotoneLSPIA,0.022411954527718315,0.0,,122,True
sensor_log,0.1,93,103093,Penalized monotone B-spline,0.017885685947739333,0.0,1.0,8,True
sensor_log,0.1,93,103093,pyGAM,0.018720252207582288,0.0,10.0,4,True
sensor_log,0.1,94,103094,MonotoneLSPIA,0.027840815102046567,0.0,,110,True
sensor_log,0.1,94,103094,Penalized monotone B-spline,0.013081088633466846,0.0,100.0,1,True
sensor_log,0.1,94,103094,pyGAM,0.020952495417870143,0.0,10.0,2,True
sensor_log,0.1,95,103095,MonotoneLSPIA,0.023262802282674095,0.0,,96,True
sensor_log,0.1,95,103095,Penalized monotone B-spline,0.027603294932476947,0.0,100.0,1,True
sensor_log,0.1,95,103095,pyGAM,0.02251264361478353,0.0,10.0,2,True
sensor_log,0.1,96,103096,MonotoneLSPIA,0.034425172521434184,0.0,,135,True
sensor_log,0.1,96,103096,Penalized monotone B-spline,0.024147778940903128,0.0,1.0,1,True
sensor_log,0.1,96,103096,pyGAM,0.023349003158024625,0.0,1.0,3,True
sensor_log,0.1,97,103097,MonotoneLSPIA,0.02988956772262245,0.0,,76,True
sensor_log,0.1,97,103097,Penalized monotone B-spline,0.019799909229418943,0.0,1.0,1,True
sensor_log,0.1,97,103097,pyGAM,0.014731816849208313,0.0,10.0,2,True
sensor_log,0.1,98,103098,MonotoneLSPIA,0.015862228567433745,0.0,,118,True
sensor_log,0.1,98,103098,Penalized monotone B-spline,0.019611184636991148,0.0,100.0,1,True
sensor_log,0.1,98,103098,pyGAM,0.014549696677248824,0.0,10.0,2,True
sensor_log,0.1,99,103099,MonotoneLSPIA,0.0205210676525868,0.0,,130,True
sensor_log,0.1,99,103099,Penalized monotone B-spline,0.01644299490689646,0.0,1.0,9,True
sensor_log,0.1,99,103099,pyGAM,0.01838523824341479,0.0,10.0,3,True
sensor_log,0.1,100,103100,MonotoneLSPIA,0.030123919127450802,0.0,,146,True
sensor_log,0.1,100,103100,Penalized monotone B-spline,0.03486439617401617,0.0,100.0,1,True
sensor_log,0.1,100,103100,pyGAM,0.040096798744149016,0.0,100.0,2,True
dose_response,0.02,1,201001,MonotoneLSPIA,0.005840224488233538,0.0,,107,True
dose_response,0.02,1,201001,Penalized monotone B-spline,0.005608871037172516,0.0,0.01,13,True
dose_response,0.02,1,201001,pyGAM,0.005622614288887723,0.0,0.01,2,True
dose_response,0.02,2,201002,MonotoneLSPIA,0.004236641545193109,0.0,,102,True
dose_response,0.02,2,201002,Penalized monotone B-spline,0.004201486036993953,0.0,0.01,10,True
dose_response,0.02,2,201002,pyGAM,0.004149962444993982,0.0,0.001,4,True
dose_response,0.02,3,201003,MonotoneLSPIA,0.005894877525673178,0.0,,110,True
dose_response,0.02,3,201003,Penalized monotone B-spline,0.005584887531727449,0.0,0.01,10,True
dose_response,0.02,3,201003,pyGAM,0.00555862214057917,0.0,0.01,2,True
dose_response,0.02,4,201004,MonotoneLSPIA,0.006428094773761641,0.0,,116,True
dose_response,0.02,4,201004,Penalized monotone B-spline,0.006329226856085763,0.0,0.01,11,True
dose_response,0.02,4,201004,pyGAM,0.006223003237637451,0.0,0.001,5,True
dose_response,0.02,5,201005,MonotoneLSPIA,0.0052724651423334155,0.0,,84,True
dose_response,0.02,5,201005,Penalized monotone B-spline,0.005322286245337777,0.0,0.01,11,True
dose_response,0.02,5,201005,pyGAM,0.0059701877615061716,0.0,0.1,2,True
dose_response,0.02,6,201006,MonotoneLSPIA,0.0052514570778556275,0.0,,109,True
dose_response,0.02,6,201006,Penalized monotone B-spline,0.005216573155482065,0.0,0.01,12,True
dose_response,0.02,6,201006,pyGAM,0.005616574864953574,0.0,0.1,2,True
dose_response,0.02,7,201007,MonotoneLSPIA,0.005650965471475927,0.0,,113,True
dose_response,0.02,7,201007,Penalized monotone B-spline,0.00561872001485669,0.0,0.01,12,True
dose_response,0.02,7,201007,pyGAM,0.00577671940586948,0.0,0.1,2,True
dose_response,0.02,8,201008,MonotoneLSPIA,0.00840469901828999,0.0,,103,True
dose_response,0.02,8,201008,Penalized monotone B-spline,0.00841640572818934,0.0,0.01,12,True
dose_response,0.02,8,201008,pyGAM,0.008236423553473907,0.0,0.01,2,True
dose_response,0.02,9,201009,MonotoneLSPIA,0.006647937225700136,0.0,,84,True
dose_response,0.02,9,201009,Penalized monotone B-spline,0.006584855905108408,0.0,0.01,12,True
dose_response,0.02,9,201009,pyGAM,0.006687426225465241,0.0,0.1,2,True
dose_response,0.02,10,201010,MonotoneLSPIA,0.00458860032109575,0.0,,123,True
dose_response,0.02,10,201010,Penalized monotone B-spline,0.004508195568059858,0.0,0.01,13,True
dose_response,0.02,10,201010,pyGAM,0.004504979950780676,0.0,0.001,4,True
dose_response,0.02,11,201011,MonotoneLSPIA,0.006694973555911646,0.0,,112,True
dose_response,0.02,11,201011,Penalized monotone B-spline,0.006368970822961748,0.0,0.01,13,True
dose_response,0.02,11,201011,pyGAM,0.006190708660101968,0.0,0.01,2,True
dose_response,0.02,12,201012,MonotoneLSPIA,0.007018322694623864,0.0,,108,True
dose_response,0.02,12,201012,Penalized monotone B-spline,0.006910525251120991,0.0,0.01,10,True
dose_response,0.02,12,201012,pyGAM,0.006772092093549162,0.0,0.01,2,True
dose_response,0.02,13,201013,MonotoneLSPIA,0.00581708491199389,0.0,,122,True
dose_response,0.02,13,201013,Penalized monotone B-spline,0.005822519476694266,0.0,0.01,12,True
dose_response,0.02,13,201013,pyGAM,0.0063303892282829234,0.0,0.1,3,True
dose_response,0.02,14,201014,MonotoneLSPIA,0.004761928247367808,0.0,,109,True
dose_response,0.02,14,201014,Penalized monotone B-spline,0.004502997286677157,0.0,0.01,13,True
dose_response,0.02,14,201014,pyGAM,0.004492324791940256,0.0,0.01,2,True
dose_response,0.02,15,201015,MonotoneLSPIA,0.005048545126600728,0.0,,92,True
dose_response,0.02,15,201015,Penalized monotone B-spline,0.005055387860306275,0.0,0.01,9,True
dose_response,0.02,15,201015,pyGAM,0.004938912450377535,0.0,0.01,2,True
dose_response,0.02,16,201016,MonotoneLSPIA,0.0043650807762219725,0.0,,105,True
dose_response,0.02,16,201016,Penalized monotone B-spline,0.0043650670166915035,0.0,1e-08,12,True
dose_response,0.02,16,201016,pyGAM,0.00402386219439612,0.0,0.01,2,True
dose_response,0.02,17,201017,MonotoneLSPIA,0.005753920606496074,0.0,,112,True
dose_response,0.02,17,201017,Penalized monotone B-spline,0.005567724445885381,0.0,0.01,10,True
dose_response,0.02,17,201017,pyGAM,0.005076029438720484,0.0,0.1,3,True
dose_response,0.02,18,201018,MonotoneLSPIA,0.005900044248376855,0.0,,122,True
dose_response,0.02,18,201018,Penalized monotone B-spline,0.005847879469314291,0.0,0.01,11,True
dose_response,0.02,18,201018,pyGAM,0.006249956309491021,0.0,0.1,3,True
dose_response,0.02,19,201019,MonotoneLSPIA,0.007307226234502879,0.0,,117,True
dose_response,0.02,19,201019,Penalized monotone B-spline,0.007001308116012981,0.0,0.01,10,True
dose_response,0.02,19,201019,pyGAM,0.006984049858120539,0.0,0.01,2,True
dose_response,0.02,20,201020,MonotoneLSPIA,0.005390570610887221,3.3273384048016694e-13,,89,True
dose_response,0.02,20,201020,Penalized monotone B-spline,0.005375532623915875,4.4364512064022255e-13,0.01,11,True
dose_response,0.02,20,201020,pyGAM,0.0054080971257013544,1.1690048928868567e-10,0.01,2,True
dose_response,0.02,21,201021,MonotoneLSPIA,0.00332549924533657,0.0,,99,True
dose_response,0.02,21,201021,Penalized monotone B-spline,0.0033824761112755536,0.0,0.01,12,True
dose_response,0.02,21,201021,pyGAM,0.004464342853159054,0.0,0.1,2,True
dose_response,0.02,22,201022,MonotoneLSPIA,0.0037898086238454505,3.3273384048016694e-13,,87,True
dose_response,0.02,22,201022,Penalized monotone B-spline,0.003997091108270591,3.3273384048016694e-13,0.01,11,True
dose_response,0.02,22,201022,pyGAM,0.005646264196163815,1.8011991897991037e-10,0.1,2,True
dose_response,0.02,23,201023,MonotoneLSPIA,0.00427501417181847,0.0,,76,True
dose_response,0.02,23,201023,Penalized monotone B-spline,0.0043252202854004145,0.0,0.01,9,True
dose_response,0.02,23,201023,pyGAM,0.004290894860645395,0.0,0.001,4,True
dose_response,0.02,24,201024,MonotoneLSPIA,0.006398113610723784,0.0,,120,True
dose_response,0.02,24,201024,Penalized monotone B-spline,0.006484308976762043,0.0,0.01,12,True
dose_response,0.02,24,201024,pyGAM,0.0064887467769023125,0.0,0.01,2,True
dose_response,0.02,25,201025,MonotoneLSPIA,0.006007761481988765,0.0,,120,True
dose_response,0.02,25,201025,Penalized monotone B-spline,0.005932462911345876,0.0,0.01,13,True
dose_response,0.02,25,201025,pyGAM,0.006035575744770667,0.0,0.1,2,True
dose_response,0.02,26,201026,MonotoneLSPIA,0.0031502909043917495,0.0,,106,True
dose_response,0.02,26,201026,Penalized monotone B-spline,0.003220570694042479,0.0,0.01,12,True
dose_response,0.02,26,201026,pyGAM,0.004420179235709486,0.0,0.1,2,True
dose_response,0.02,27,201027,MonotoneLSPIA,0.006065060864776064,0.0,,103,True
dose_response,0.02,27,201027,Penalized monotone B-spline,0.0057719001325089135,0.0,0.01,12,True
dose_response,0.02,27,201027,pyGAM,0.005782779025228401,0.0,0.01,2,True
dose_response,0.02,28,201028,MonotoneLSPIA,0.005677077084677541,0.0,,118,True
dose_response,0.02,28,201028,Penalized monotone B-spline,0.005415746976129773,0.0,0.01,10,True
dose_response,0.02,28,201028,pyGAM,0.005401156427410242,0.0,0.01,2,True
dose_response,0.02,29,201029,MonotoneLSPIA,0.006124084674065893,0.0,,113,True
dose_response,0.02,29,201029,Penalized monotone B-spline,0.006104849578363913,0.0,0.01,13,True
dose_response,0.02,29,201029,pyGAM,0.006088920692697198,0.0,0.01,2,True
dose_response,0.02,30,201030,MonotoneLSPIA,0.004418079240393188,0.0,,112,True
dose_response,0.02,30,201030,Penalized monotone B-spline,0.004378713634563445,0.0,0.01,11,True
dose_response,0.02,30,201030,pyGAM,0.00439699362040298,0.0,0.001,4,True
dose_response,0.02,31,201031,MonotoneLSPIA,0.005743911461445901,0.0,,100,True
dose_response,0.02,31,201031,Penalized monotone B-spline,0.005659061641370153,0.0,0.01,13,True
dose_response,0.02,31,201031,pyGAM,0.005230018546452197,0.0,0.1,2,True
dose_response,0.02,32,201032,MonotoneLSPIA,0.0040149609085587575,0.0,,122,True
dose_response,0.02,32,201032,Penalized monotone B-spline,0.0038373742657328578,0.0,0.01,10,True
dose_response,0.02,32,201032,pyGAM,0.003732934057113854,0.0,0.01,2,True
dose_response,0.02,33,201033,MonotoneLSPIA,0.004740531379438022,3.3273384048016694e-13,,79,True
dose_response,0.02,33,201033,Penalized monotone B-spline,0.004649258484855482,3.3273384048016694e-13,0.01,11,True
dose_response,0.02,33,201033,pyGAM,0.004633730233218952,5.944844616578323e-11,0.01,2,True
dose_response,0.02,34,201034,MonotoneLSPIA,0.0035515705803573043,3.3273384048016694e-13,,88,True
dose_response,0.02,34,201034,Penalized monotone B-spline,0.003620489273383737,4.436451206401733e-13,0.01,13,True
dose_response,0.02,34,201034,pyGAM,0.005043563389827413,1.2965528650710504e-10,0.1,2,True
dose_response,0.02,35,201035,MonotoneLSPIA,0.005158847339903314,0.0,,96,True
dose_response,0.02,35,201035,Penalized monotone B-spline,0.004875917786243889,0.0,0.01,12,True
dose_response,0.02,35,201035,pyGAM,0.004852514768170404,0.0,0.01,2,True
dose_response,0.02,36,201036,MonotoneLSPIA,0.0038264817509182695,0.0,,105,True
dose_response,0.02,36,201036,Penalized monotone B-spline,0.003941015702654093,0.0,0.01,10,True
dose_response,0.02,36,201036,pyGAM,0.0052004721788787124,0.0,0.1,3,True
dose_response,0.02,37,201037,MonotoneLSPIA,0.006246062322093136,0.0,,110,True
dose_response,0.02,37,201037,Penalized monotone B-spline,0.005989686757933697,0.0,0.01,10,True
dose_response,0.02,37,201037,pyGAM,0.0060017830477992595,0.0,0.1,2,True
dose_response,0.02,38,201038,MonotoneLSPIA,0.005064993553799273,4.4364512064022255e-13,,90,True
dose_response,0.02,38,201038,Penalized monotone B-spline,0.0051047105503167186,4.4364512064022255e-13,0.01,10,True
dose_response,0.02,38,201038,pyGAM,0.005102315182264459,1.6414869463688234e-10,0.01,2,True
dose_response,0.02,39,201039,MonotoneLSPIA,0.0058715544425489655,0.0,,116,True
dose_response,0.02,39,201039,Penalized monotone B-spline,0.005700750642141542,0.0,0.01,10,True
dose_response,0.02,39,201039,pyGAM,0.0053199722453678286,0.0,0.01,2,True
dose_response,0.02,40,201040,MonotoneLSPIA,0.00636163599074974,0.0,,103,True
dose_response,0.02,40,201040,Penalized monotone B-spline,0.0064577076156565475,0.0,0.01,11,True
dose_response,0.02,40,201040,pyGAM,0.007579565990497025,0.0,0.1,2,True
dose_response,0.02,41,201041,MonotoneLSPIA,0.007640612649908298,0.0,,123,True
dose_response,0.02,41,201041,Penalized monotone B-spline,0.007508008208809486,0.0,0.01,12,True
dose_response,0.02,41,201041,pyGAM,0.007418990770704993,0.0,0.01,2,True
dose_response,0.02,42,201042,MonotoneLSPIA,0.006449995215100507,0.0,,80,True
dose_response,0.02,42,201042,Penalized monotone B-spline,0.006461473098467162,0.0,0.01,13,True
dose_response,0.02,42,201042,pyGAM,0.006472804368306071,0.0,0.001,4,True
dose_response,0.02,43,201043,MonotoneLSPIA,0.005753474257336989,0.0,,92,True
dose_response,0.02,43,201043,Penalized monotone B-spline,0.0057612960261148585,0.0,0.01,10,True
dose_response,0.02,43,201043,pyGAM,0.006408149334572654,0.0,0.1,2,True
dose_response,0.02,44,201044,MonotoneLSPIA,0.004698178203714319,0.0,,99,True
dose_response,0.02,44,201044,Penalized monotone B-spline,0.004695411773520558,0.0,0.0001,13,True
dose_response,0.02,44,201044,pyGAM,0.0043798017081769485,0.0,0.1,2,True
dose_response,0.02,45,201045,MonotoneLSPIA,0.005686565035745629,0.0,,110,True
dose_response,0.02,45,201045,Penalized monotone B-spline,0.005737919535095555,0.0,0.01,13,True
dose_response,0.02,45,201045,pyGAM,0.005699447682332268,0.0,0.01,2,True
dose_response,0.02,46,201046,MonotoneLSPIA,0.004878805408341447,4.4364512064022255e-13,,90,True
dose_response,0.02,46,201046,Penalized monotone B-spline,0.004989387444147744,3.3273384048016694e-13,0.01,9,True
dose_response,0.02,46,201046,pyGAM,0.004878868092555777,1.696942586448663e-10,0.001,5,True
dose_response,0.02,47,201047,MonotoneLSPIA,0.004395486600518256,0.0,,106,True
dose_response,0.02,47,201047,Penalized monotone B-spline,0.004485916669081299,0.0,0.01,10,True
dose_response,0.02,47,201047,pyGAM,0.004423321422140676,0.0,0.01,2,True
dose_response,0.02,48,201048,MonotoneLSPIA,0.005066709170283257,0.0,,101,True
dose_response,0.02,48,201048,Penalized monotone B-spline,0.004893034212787914,0.0,0.01,14,True
dose_response,0.02,48,201048,pyGAM,0.004899358487856711,0.0,0.001,5,True
dose_response,0.02,49,201049,MonotoneLSPIA,0.005723284361081402,3.3273384048016694e-13,,76,True
dose_response,0.02,49,201049,Penalized monotone B-spline,0.005591758186030099,4.4364512064022255e-13,0.01,13,True
dose_response,0.02,49,201049,pyGAM,0.005493811187496811,1.2865708498565027e-10,0.01,2,True
dose_response,0.02,50,201050,MonotoneLSPIA,0.0045886966983750875,0.0,,86,True
dose_response,0.02,50,201050,Penalized monotone B-spline,0.004551629546808887,0.0,0.01,13,True
dose_response,0.02,50,201050,pyGAM,0.004424620967521181,0.0,0.001,4,True
dose_response,0.02,51,201051,MonotoneLSPIA,0.005170144388519271,0.0,,106,True
dose_response,0.02,51,201051,Penalized monotone B-spline,0.00516932549643558,0.0,0.0001,10,True
dose_response,0.02,51,201051,pyGAM,0.0050293276176221315,0.0,0.001,3,True
dose_response,0.02,52,201052,MonotoneLSPIA,0.006097805361310217,0.0,,116,True
dose_response,0.02,52,201052,Penalized monotone B-spline,0.006106512447526416,0.0,0.01,14,True
dose_response,0.02,52,201052,pyGAM,0.006429771823777333,0.0,0.1,2,True
dose_response,0.02,53,201053,MonotoneLSPIA,0.003633015479301192,0.0,,121,True
dose_response,0.02,53,201053,Penalized monotone B-spline,0.003613913986526618,0.0,0.01,12,True
dose_response,0.02,53,201053,pyGAM,0.0035717182335423215,0.0,0.01,2,True
dose_response,0.02,54,201054,MonotoneLSPIA,0.007107691671157824,2.2182256032011127e-13,,92,True
dose_response,0.02,54,201054,Penalized monotone B-spline,0.006911346362550588,4.4364512064022255e-13,0.01,11,True
dose_response,0.02,54,201054,pyGAM,0.006989939345022892,2.5309954132524695e-10,0.001,4,True
dose_response,0.02,55,201055,MonotoneLSPIA,0.005801254765014417,0.0,,127,True
dose_response,0.02,55,201055,Penalized monotone B-spline,0.005629444201094461,0.0,0.01,12,True
dose_response,0.02,55,201055,pyGAM,0.004955198324932861,0.0,0.1,2,True
dose_response,0.02,56,201056,MonotoneLSPIA,0.006574958229306196,0.0,,93,True
dose_response,0.02,56,201056,Penalized monotone B-spline,0.0065491483732988956,0.0,0.01,12,True
dose_response,0.02,56,201056,pyGAM,0.006484202372488602,0.0,0.001,5,True
dose_response,0.02,57,201057,MonotoneLSPIA,0.006043110737522277,0.0,,108,True
dose_response,0.02,57,201057,Penalized monotone B-spline,0.005863055708768583,0.0,0.01,13,True
dose_response,0.02,57,201057,pyGAM,0.005868672487936774,0.0,0.01,2,True
dose_response,0.02,58,201058,MonotoneLSPIA,0.0068941409038772525,0.0,,91,True
dose_response,0.02,58,201058,Penalized monotone B-spline,0.006891121713744795,0.0,0.0001,9,True
dose_response,0.02,58,201058,pyGAM,0.00655829036821954,0.0,0.01,2,True
dose_response,0.02,59,201059,MonotoneLSPIA,0.0049793656716085035,3.3273384048013003e-13,,81,True
dose_response,0.02,59,201059,Penalized monotone B-spline,0.004930484882245504,4.4364512064022255e-13,0.01,12,True
dose_response,0.02,59,201059,pyGAM,0.005040479028480286,1.6592327511944324e-10,0.01,3,True
dose_response,0.02,60,201060,MonotoneLSPIA,0.004759557510144689,0.0,,113,True
dose_response,0.02,60,201060,Penalized monotone B-spline,0.004730624970241752,0.0,0.01,12,True
dose_response,0.02,60,201060,pyGAM,0.004741599493467508,0.0,0.01,2,True
dose_response,0.02,61,201061,MonotoneLSPIA,0.0060084562114535185,0.0,,92,True
dose_response,0.02,61,201061,Penalized monotone B-spline,0.006170611575951695,0.0,0.01,11,True
dose_response,0.02,61,201061,pyGAM,0.007401519515777789,0.0,0.1,2,True
dose_response,0.02,62,201062,MonotoneLSPIA,0.0037392617986180643,0.0,,113,True
dose_response,0.02,62,201062,Penalized monotone B-spline,0.0035242349903860013,0.0,0.01,13,True
dose_response,0.02,62,201062,pyGAM,0.003494255966664457,0.0,0.01,2,True
dose_response,0.02,63,201063,MonotoneLSPIA,0.0054275443980239466,0.0,,109,True
dose_response,0.02,63,201063,Penalized monotone B-spline,0.005231904871513072,0.0,0.01,14,True
dose_response,0.02,63,201063,pyGAM,0.005108944344728413,0.0,0.01,2,True
dose_response,0.02,64,201064,MonotoneLSPIA,0.005865035215659161,0.0,,102,True
dose_response,0.02,64,201064,Penalized monotone B-spline,0.005818927342458049,0.0,0.01,9,True
dose_response,0.02,64,201064,pyGAM,0.005791457929375591,0.0,0.01,2,True
dose_response,0.02,65,201065,MonotoneLSPIA,0.004078260521301012,3.3273384048016694e-13,,107,True
dose_response,0.02,65,201065,Penalized monotone B-spline,0.00410598085993057,4.4364512064022255e-13,0.01,11,True
dose_response,0.02,65,201065,pyGAM,0.004567396122315459,4.0016789881743636e-10,0.1,2,True
dose_response,0.02,66,201066,MonotoneLSPIA,0.003527387479601583,4.4364512064022255e-13,,126,True
dose_response,0.02,66,201066,Penalized monotone B-spline,0.003355254903793824,4.4364512064022255e-13,0.01,11,True
dose_response,0.02,66,201066,pyGAM,0.003705106348740366,1.2222423073638132e-10,0.1,2,True
dose_response,0.02,67,201067,MonotoneLSPIA,0.005681973017271773,3.3273384048016694e-13,,114,True
dose_response,0.02,67,201067,Penalized monotone B-spline,0.00583042674417842,3.3273384048016694e-13,0.01,9,True
dose_response,0.02,67,201067,pyGAM,0.007315206546306136,2.1927160087640567e-10,0.1,2,True
dose_response,0.02,68,201068,MonotoneLSPIA,0.0036361825310418164,0.0,,92,True
dose_response,0.02,68,201068,Penalized monotone B-spline,0.0035757645314588643,0.0,0.01,12,True
dose_response,0.02,68,201068,pyGAM,0.003541560515273113,0.0,0.01,2,True
dose_response,0.02,69,201069,MonotoneLSPIA,0.0053883174257742476,0.0,,114,True
dose_response,0.02,69,201069,Penalized monotone B-spline,0.005281943775700048,0.0,0.01,13,True
dose_response,0.02,69,201069,pyGAM,0.004998570700938347,0.0,0.1,2,True
dose_response,0.02,70,201070,MonotoneLSPIA,0.0038966619006922973,0.0,,91,True
dose_response,0.02,70,201070,Penalized monotone B-spline,0.003998409028648458,0.0,0.01,14,True
dose_response,0.02,70,201070,pyGAM,0.005232072742380193,0.0,0.1,3,True
dose_response,0.02,71,201071,MonotoneLSPIA,0.00478925276188127,0.0,,71,True
dose_response,0.02,71,201071,Penalized monotone B-spline,0.0048493216007179365,0.0,0.01,13,True
dose_response,0.02,71,201071,pyGAM,0.005908514012877939,0.0,0.1,3,True
dose_response,0.02,72,201072,MonotoneLSPIA,0.005807851496129605,4.4364512064022255e-13,,82,True
dose_response,0.02,72,201072,Penalized monotone B-spline,0.0058067104491308485,4.4364512064022255e-13,0.0001,9,True
dose_response,0.02,72,201072,pyGAM,0.005699938156175933,2.2514989872488797e-10,0.01,2,True
dose_response,0.02,73,201073,MonotoneLSPIA,0.00473535255388461,0.0,,91,True
dose_response,0.02,73,201073,Penalized monotone B-spline,0.004809197455161849,0.0,0.01,11,True
dose_response,0.02,73,201073,pyGAM,0.00564100570713391,0.0,0.1,2,True
dose_response,0.02,74,201074,MonotoneLSPIA,0.005926309977164262,0.0,,124,True
dose_response,0.02,74,201074,Penalized monotone B-spline,0.005756898357590551,0.0,0.01,10,True
dose_response,0.02,74,201074,pyGAM,0.005693872179970085,0.0,0.01,2,True
dose_response,0.02,75,201075,MonotoneLSPIA,0.003215141056052074,0.0,,108,True
dose_response,0.02,75,201075,Penalized monotone B-spline,0.0031056730832233473,0.0,0.01,13,True
dose_response,0.02,75,201075,pyGAM,0.003204164211084087,0.0,0.001,4,True
dose_response,0.02,76,201076,MonotoneLSPIA,0.004392822235787036,3.3273384048016694e-13,,96,True
dose_response,0.02,76,201076,Penalized monotone B-spline,0.004272493005253948,3.3273384048016694e-13,0.01,9,True
dose_response,0.02,76,201076,pyGAM,0.004179306608204796,3.7798564278546963e-10,0.01,2,True
dose_response,0.02,77,201077,MonotoneLSPIA,0.005744973678130182,0.0,,117,True
dose_response,0.02,77,201077,Penalized monotone B-spline,0.0058010616944550635,0.0,0.01,10,True
dose_response,0.02,77,201077,pyGAM,0.006778317773134539,0.0,0.1,2,True
dose_response,0.02,78,201078,MonotoneLSPIA,0.005452974089575577,0.0,,113,True
dose_response,0.02,78,201078,Penalized monotone B-spline,0.005143743341453881,0.0,0.01,12,True
dose_response,0.02,78,201078,pyGAM,0.005107501103517311,0.0,0.01,2,True
dose_response,0.02,79,201079,MonotoneLSPIA,0.006680907024266951,0.0,,116,True
dose_response,0.02,79,201079,Penalized monotone B-spline,0.00663183634764732,0.0,0.01,13,True
dose_response,0.02,79,201079,pyGAM,0.006483264890334962,0.0,0.01,2,True
dose_response,0.02,80,201080,MonotoneLSPIA,0.0050674609288618895,3.3273384048016694e-13,,70,True
dose_response,0.02,80,201080,Penalized monotone B-spline,0.0050581784370046165,3.3273384048016694e-13,0.01,7,True
dose_response,0.02,80,201080,pyGAM,0.005047702892310966,6.521583273410549e-10,0.01,2,True
dose_response,0.02,81,201081,MonotoneLSPIA,0.006513274866907454,0.0,,116,True
dose_response,0.02,81,201081,Penalized monotone B-spline,0.006520642044345142,0.0,0.01,12,True
dose_response,0.02,81,201081,pyGAM,0.006534978503860778,0.0,0.001,5,True
dose_response,0.02,82,201082,MonotoneLSPIA,0.0043506066196118956,0.0,,94,True
dose_response,0.02,82,201082,Penalized monotone B-spline,0.004349641278370489,0.0,0.0001,11,True
dose_response,0.02,82,201082,pyGAM,0.004198907025013582,0.0,0.01,2,True
dose_response,0.02,83,201083,MonotoneLSPIA,0.0063997181030071015,0.0,,129,True
dose_response,0.02,83,201083,Penalized monotone B-spline,0.006140826653685681,0.0,0.01,11,True
dose_response,0.02,83,201083,pyGAM,0.005519702907496333,0.0,0.1,2,True
dose_response,0.02,84,201084,MonotoneLSPIA,0.004171292188245208,0.0,,110,True
dose_response,0.02,84,201084,Penalized monotone B-spline,0.004299294935048931,0.0,0.01,11,True
dose_response,0.02,84,201084,pyGAM,0.005618449448129141,0.0,0.1,2,True
dose_response,0.02,85,201085,MonotoneLSPIA,0.005337159693582755,0.0,,104,True
dose_response,0.02,85,201085,Penalized monotone B-spline,0.005346899007990339,0.0,0.01,9,True
dose_response,0.02,85,201085,pyGAM,0.005934194271249769,0.0,0.1,2,True
dose_response,0.02,86,201086,MonotoneLSPIA,0.00815699612708835,0.0,,97,True
dose_response,0.02,86,201086,Penalized monotone B-spline,0.008139185281819878,0.0,0.01,9,True
dose_response,0.02,86,201086,pyGAM,0.008555330967459182,0.0,0.1,2,True
dose_response,0.02,87,201087,MonotoneLSPIA,0.005014914669521471,4.4364512064022255e-13,,122,True
dose_response,0.02,87,201087,Penalized monotone B-spline,0.005016204387828094,4.4364512064022255e-13,0.01,14,True
dose_response,0.02,87,201087,pyGAM,0.00489852819754702,7.896883147395086e-11,0.01,2,True
dose_response,0.02,88,201088,MonotoneLSPIA,0.00465781708837806,6.654676809603339e-13,,90,True
dose_response,0.02,88,201088,Penalized monotone B-spline,0.0047719731957723424,2.2182256032011127e-13,0.01,9,True
dose_response,0.02,88,201088,pyGAM,0.005975463226889575,3.5935254771858025e-11,0.1,2,True
dose_response,0.02,89,201089,MonotoneLSPIA,0.007020154514660709,0.0,,103,True
dose_response,0.02,89,201089,Penalized monotone B-spline,0.007171009482372837,0.0,0.01,11,True
dose_response,0.02,89,201089,pyGAM,0.008461998474059389,0.0,0.1,3,True
dose_response,0.02,90,201090,MonotoneLSPIA,0.0045049031682830145,4.4364512064022255e-13,,119,True
dose_response,0.02,90,201090,Penalized monotone B-spline,0.004504503438227958,3.3273384048016694e-13,0.0001,11,True
dose_response,0.02,90,201090,pyGAM,0.004771377874613332,2.1838431063512532e-10,0.1,3,True
dose_response,0.02,91,201091,MonotoneLSPIA,0.006355784047672104,0.0,,107,True
dose_response,0.02,91,201091,Penalized monotone B-spline,0.006023925160232732,0.0,0.01,14,True
dose_response,0.02,91,201091,pyGAM,0.005993631628192805,0.0,0.01,2,True
dose_response,0.02,92,201092,MonotoneLSPIA,0.004636153402531654,0.0,,95,True
dose_response,0.02,92,201092,Penalized monotone B-spline,0.004600151216347955,0.0,0.01,14,True
dose_response,0.02,92,201092,pyGAM,0.0045435070687815104,0.0,0.001,4,True
dose_response,0.02,93,201093,MonotoneLSPIA,0.0038833778361713964,3.3273384048016694e-13,,76,True
dose_response,0.02,93,201093,Penalized monotone B-spline,0.003983389863166823,3.3273384048016694e-13,0.01,8,True
dose_response,0.02,93,201093,pyGAM,0.005096008857682108,2.806055388049096e-10,0.1,2,True
dose_response,0.02,94,201094,MonotoneLSPIA,0.004521322458666004,0.0,,111,True
dose_response,0.02,94,201094,Penalized monotone B-spline,0.004479567428369213,0.0,0.01,8,True
dose_response,0.02,94,201094,pyGAM,0.004626702114279275,0.0,0.1,2,True
dose_response,0.02,95,201095,MonotoneLSPIA,0.004233429566079367,4.436451206401733e-13,,116,True
dose_response,0.02,95,201095,Penalized monotone B-spline,0.0040400052589066255,4.4364512064022255e-13,0.01,13,True
dose_response,0.02,95,201095,pyGAM,0.00399728244264538,1.6614509767976335e-10,0.01,2,True
dose_response,0.02,96,201096,MonotoneLSPIA,0.007926219936021363,3.3273384048016694e-13,,80,True
dose_response,0.02,96,201096,Penalized monotone B-spline,0.007963139865387863,0.0,0.01,12,True
dose_response,0.02,96,201096,pyGAM,0.007860175980126425,7.675060587074999e-11,0.001,5,True
dose_response,0.02,97,201097,MonotoneLSPIA,0.004212102010940516,4.4364512064022255e-13,,87,True
dose_response,0.02,97,201097,Penalized monotone B-spline,0.0042899978657837765,4.4364512064022255e-13,0.01,8,True
dose_response,0.02,97,201097,pyGAM,0.004298489169069871,1.9076740187527454e-10,0.01,2,True
dose_response,0.02,98,201098,MonotoneLSPIA,0.005174976516751758,0.0,,90,True
dose_response,0.02,98,201098,Penalized monotone B-spline,0.005189607815126789,0.0,0.01,12,True
dose_response,0.02,98,201098,pyGAM,0.005717829279233697,0.0,0.1,3,True
dose_response,0.02,99,201099,MonotoneLSPIA,0.005797755293499568,3.3273384048016694e-13,,82,True
dose_response,0.02,99,201099,Penalized monotone B-spline,0.00579774472394486,3.3273384048016694e-13,1e-08,9,True
dose_response,0.02,99,201099,pyGAM,0.005685152100752497,1.2433154505942236e-10,0.01,2,True
dose_response,0.02,100,201100,MonotoneLSPIA,0.0064876076213095405,0.0,,77,True
dose_response,0.02,100,201100,Penalized monotone B-spline,0.006442352755438313,0.0,0.01,13,True
dose_response,0.02,100,201100,pyGAM,0.006440842182945782,0.0,0.01,2,True
dose_response,0.05,1,202001,MonotoneLSPIA,0.012278821969182889,0.0,,121,True
dose_response,0.05,1,202001,Penalized monotone B-spline,0.012156333027179436,0.0,0.01,9,True
dose_response,0.05,1,202001,pyGAM,0.011951967076892445,0.0,0.01,2,True
dose_response,0.05,2,202002,MonotoneLSPIA,0.011826814976500307,4.4364512064022255e-13,,76,True
dose_response,0.05,2,202002,Penalized monotone B-spline,0.01155717205309942,4.4364512064022255e-13,0.01,11,True
dose_response,0.05,2,202002,pyGAM,0.011551710795622281,1.102458124790953e-09,0.01,2,True
dose_response,0.05,3,202003,MonotoneLSPIA,0.013782051606391744,0.0,,124,True
dose_response,0.05,3,202003,Penalized monotone B-spline,0.013743185967697105,0.0,0.01,11,True
dose_response,0.05,3,202003,pyGAM,0.01339761007344505,0.0,0.1,2,True
dose_response,0.05,4,202004,MonotoneLSPIA,0.013781306029976192,0.0,,101,True
dose_response,0.05,4,202004,Penalized monotone B-spline,0.013776674829251932,0.0,0.0001,10,True
dose_response,0.05,4,202004,pyGAM,0.011841816226952531,0.0,0.1,2,True
dose_response,0.05,5,202005,MonotoneLSPIA,0.012990751617718503,0.0,,88,True
dose_response,0.05,5,202005,Penalized monotone B-spline,0.012986672190827718,0.0,0.0001,11,True
dose_response,0.05,5,202005,pyGAM,0.012176638113675966,0.0,0.01,2,True
dose_response,0.05,6,202006,MonotoneLSPIA,0.010922173231696546,4.4364512064022255e-13,,66,True
dose_response,0.05,6,202006,Penalized monotone B-spline,0.010847232500298051,4.4364512064022255e-13,0.01,11,True
dose_response,0.05,6,202006,pyGAM,0.010742382991302596,1.1115528497640623e-09,0.1,2,True
dose_response,0.05,7,202007,MonotoneLSPIA,0.010548630858774248,4.436451206401733e-13,,70,True
dose_response,0.05,7,202007,Penalized monotone B-spline,0.010589863206677971,4.4364512064022255e-13,0.01,13,True
dose_response,0.05,7,202007,pyGAM,0.00960118932879053,0.0,0.1,2,True
dose_response,0.05,8,202008,MonotoneLSPIA,0.010707792786983989,2.5994831287512454e-15,,69,True
dose_response,0.05,8,202008,Penalized monotone B-spline,0.010618283753271507,3.4659775050016606e-15,0.01,8,True
dose_response,0.05,8,202008,pyGAM,0.01031619566483577,1.197176358047624e-09,0.1,3,True
dose_response,0.05,9,202009,MonotoneLSPIA,0.014751780198900714,0.0,,91,True
dose_response,0.05,9,202009,Penalized monotone B-spline,0.014282953139173432,0.0,0.01,12,True
dose_response,0.05,9,202009,pyGAM,0.012127351353180946,0.0,0.1,2,True
dose_response,0.05,10,202010,MonotoneLSPIA,0.013950107667689322,0.0,,106,True
dose_response,0.05,10,202010,Penalized monotone B-spline,0.013771864777325206,0.0,0.01,12,True
dose_response,0.05,10,202010,pyGAM,0.019600422784715712,0.0,1.0,4,True
dose_response,0.05,11,202011,MonotoneLSPIA,0.012153258045207133,0.0,,102,True
dose_response,0.05,11,202011,Penalized monotone B-spline,0.012122486008535095,0.0,0.01,11,True
dose_response,0.05,11,202011,pyGAM,0.011872940905795892,0.0,0.1,3,True
dose_response,0.05,12,202012,MonotoneLSPIA,0.009535940379721646,0.0,,89,True
dose_response,0.05,12,202012,Penalized monotone B-spline,0.00959694043222517,0.0,0.01,12,True
dose_response,0.05,12,202012,pyGAM,0.01019039527105477,0.0,0.1,3,True
dose_response,0.05,13,202013,MonotoneLSPIA,0.013208822528735266,0.0,,114,True
dose_response,0.05,13,202013,Penalized monotone B-spline,0.013297561789313857,0.0,0.01,12,True
dose_response,0.05,13,202013,pyGAM,0.01385200418764059,0.0,0.1,2,True
dose_response,0.05,14,202014,MonotoneLSPIA,0.011831411869417238,4.4364512064022255e-13,,77,True
dose_response,0.05,14,202014,Penalized monotone B-spline,0.011899460856779589,4.4364512064022255e-13,0.01,14,True
dose_response,0.05,14,202014,pyGAM,0.012668209494305886,9.917686671912175e-10,0.1,2,True
dose_response,0.05,15,202015,MonotoneLSPIA,0.0129666927751089,4.436451206401733e-13,,88,True
dose_response,0.05,15,202015,Penalized monotone B-spline,0.012835000473359972,3.3273384048016694e-13,0.01,9,True
dose_response,0.05,15,202015,pyGAM,0.012335890858858247,5.851679141244536e-10,0.1,2,True
dose_response,0.05,16,202016,MonotoneLSPIA,0.01249540192135547,0.0,,76,True
dose_response,0.05,16,202016,Penalized monotone B-spline,0.012367513477628322,0.0,0.01,11,True
dose_response,0.05,16,202016,pyGAM,0.012352151366465076,0.0,0.001,4,True
dose_response,0.05,17,202017,MonotoneLSPIA,0.010160579343187457,3.3273384048016694e-13,,73,True
dose_response,0.05,17,202017,Penalized monotone B-spline,0.009953504920903666,3.3273384048016694e-13,0.01,10,True
dose_response,0.05,17,202017,pyGAM,0.009053063299820783,9.555006785787734e-10,0.1,2,True
dose_response,0.05,18,202018,MonotoneLSPIA,0.011444355939669696,4.4364512064022255e-13,,83,True
dose_response,0.05,18,202018,Penalized monotone B-spline,0.011056049554539068,4.4364512064022255e-13,0.01,13,True
dose_response,0.05,18,202018,pyGAM,0.009314843519268807,3.7909475558702813e-10,0.1,3,True
dose_response,0.05,19,202019,MonotoneLSPIA,0.016932655497480922,0.0,,117,True
dose_response,0.05,19,202019,Penalized monotone B-spline,0.01679992364998842,0.0,0.01,14,True
dose_response,0.05,19,202019,pyGAM,0.01518729102772878,0.0,0.1,2,True
dose_response,0.05,20,202020,MonotoneLSPIA,0.018510128824832595,0.0,,104,True
dose_response,0.05,20,202020,Penalized monotone B-spline,0.018470713252136898,0.0,0.01,13,True
dose_response,0.05,20,202020,pyGAM,0.01854463947442311,0.0,0.1,2,True
dose_response,0.05,21,202021,MonotoneLSPIA,0.013819648581083943,4.4364512064022255e-13,,72,True
dose_response,0.05,21,202021,Penalized monotone B-spline,0.01331491515292026,4.436451206401733e-13,0.01,9,True
dose_response,0.05,21,202021,pyGAM,0.013086642716136201,5.770713906727695e-10,0.01,2,True
dose_response,0.05,22,202022,MonotoneLSPIA,0.009281963048049435,0.0,,104,True
dose_response,0.05,22,202022,Penalized monotone B-spline,0.00930173731380823,0.0,0.01,13,True
dose_response,0.05,22,202022,pyGAM,0.018294981655634226,3.214208899038056e-10,1.0,3,True
dose_response,0.05,23,202023,MonotoneLSPIA,0.01252978099465164,0.0,,90,True
dose_response,0.05,23,202023,Penalized monotone B-spline,0.012155280537143901,0.0,0.01,12,True
dose_response,0.05,23,202023,pyGAM,0.009880623347582865,0.0,0.1,2,True
dose_response,0.05,24,202024,MonotoneLSPIA,0.013229105931855377,3.3273384048016694e-13,,69,True
dose_response,0.05,24,202024,Penalized monotone B-spline,0.013089606759216844,3.3273384048016694e-13,0.01,13,True
dose_response,0.05,24,202024,pyGAM,0.013097594688389013,6.67685906563535e-10,0.01,2,True
dose_response,0.05,25,202025,MonotoneLSPIA,0.015730741512905027,2.2182256032011127e-13,,101,True
dose_response,0.05,25,202025,Penalized monotone B-spline,0.015722078881685,2.2182256032011127e-13,0.0001,9,True
dose_response,0.05,25,202025,pyGAM,0.014937158399104098,7.053957418179539e-11,0.01,2,True
dose_response,0.05,26,202026,MonotoneLSPIA,0.011963812284013126,0.0,,111,True
dose_response,0.05,26,202026,Penalized monotone B-spline,0.012035692970201467,0.0,0.01,13,True
dose_response,0.05,26,202026,pyGAM,0.012492293090932922,0.0,0.1,2,True
dose_response,0.05,27,202027,MonotoneLSPIA,0.017173969246835903,0.0,,104,True
dose_response,0.05,27,202027,Penalized monotone B-spline,0.017024972932408736,0.0,0.01,9,True
dose_response,0.05,27,202027,pyGAM,0.01640389102172911,0.0,0.1,3,True
dose_response,0.05,28,202028,MonotoneLSPIA,0.018048634113167632,0.0,,98,True
dose_response,0.05,28,202028,Penalized monotone B-spline,0.01746560229353153,0.0,0.01,12,True
dose_response,0.05,28,202028,pyGAM,0.017808434912541776,0.0,0.001,4,True
dose_response,0.05,29,202029,MonotoneLSPIA,0.013152395982160593,0.0,,108,True
dose_response,0.05,29,202029,Penalized monotone B-spline,0.012972392053438172,0.0,0.01,12,True
dose_response,0.05,29,202029,pyGAM,0.012271330593450286,0.0,0.1,2,True
dose_response,0.05,30,202030,MonotoneLSPIA,0.012607019119586301,0.0,,96,True
dose_response,0.05,30,202030,Penalized monotone B-spline,0.012296780192637424,0.0,0.01,12,True
dose_response,0.05,30,202030,pyGAM,0.011410437281792028,0.0,0.1,3,True
dose_response,0.05,31,202031,MonotoneLSPIA,0.00838695210949258,4.4364512064022255e-13,,88,True
dose_response,0.05,31,202031,Penalized monotone B-spline,0.008076028138729686,2.2182256032011127e-13,0.01,10,True
dose_response,0.05,31,202031,pyGAM,0.005909618787192382,7.307944249746066e-10,0.1,2,True
dose_response,0.05,32,202032,MonotoneLSPIA,0.015188190724919243,3.3273384048016694e-13,,89,True
dose_response,0.05,32,202032,Penalized monotone B-spline,0.014979294632725694,4.4364512064022255e-13,0.01,10,True
dose_response,0.05,32,202032,pyGAM,0.014176550498948219,1.8629767728484548e-09,0.1,2,True
dose_response,0.05,33,202033,MonotoneLSPIA,0.010553248910501321,0.0,,93,True
dose_response,0.05,33,202033,Penalized monotone B-spline,0.010647074382244732,0.0,0.01,11,True
dose_response,0.05,33,202033,pyGAM,0.011457901509899044,0.0,0.1,3,True
dose_response,0.05,34,202034,MonotoneLSPIA,0.01144029905067434,0.0,,105,True
dose_response,0.05,34,202034,Penalized monotone B-spline,0.018912947547484373,0.0,1.0,7,True
dose_response,0.05,34,202034,pyGAM,0.01143351601968447,0.0,0.1,2,True
dose_response,0.05,35,202035,MonotoneLSPIA,0.006837573462812711,4.4364512064022255e-13,,65,True
dose_response,0.05,35,202035,Penalized monotone B-spline,0.0065980310417172415,4.4364512064022255e-13,0.01,10,True
dose_response,0.05,35,202035,pyGAM,0.006318744648448651,7.719425099139872e-10,0.1,2,True
dose_response,0.05,36,202036,MonotoneLSPIA,0.012627033222084142,3.3273384048016694e-13,,66,True
dose_response,0.05,36,202036,Penalized monotone B-spline,0.01247887704869851,3.3273384048016694e-13,0.01,10,True
dose_response,0.05,36,202036,pyGAM,0.0120398876786629,1.6580127271124877e-09,0.1,2,True
dose_response,0.05,37,202037,MonotoneLSPIA,0.010640622140379469,0.0,,89,True
dose_response,0.05,37,202037,Penalized monotone B-spline,0.01064059493070241,0.0,1e-08,13,True
dose_response,0.05,37,202037,pyGAM,0.010516109578933642,0.0,0.01,2,True
dose_response,0.05,38,202038,MonotoneLSPIA,0.011110463164445228,0.0,,81,True
dose_response,0.05,38,202038,Penalized monotone B-spline,0.011240970603042794,0.0,0.01,13,True
dose_response,0.05,38,202038,pyGAM,0.012394419491109705,0.0,0.1,2,True
dose_response,0.05,39,202039,MonotoneLSPIA,0.015135936823958243,0.0,,118,True
dose_response,0.05,39,202039,Penalized monotone B-spline,0.014846429540073097,0.0,0.01,10,True
dose_response,0.05,39,202039,pyGAM,0.013113537753050297,0.0,0.1,2,True
dose_response,0.05,40,202040,MonotoneLSPIA,0.008418933904275866,0.0,,73,True
dose_response,0.05,40,202040,Penalized monotone B-spline,0.008189098274222723,0.0,0.01,10,True
dose_response,0.05,40,202040,pyGAM,0.006838578413938873,0.0,0.1,2,True
dose_response,0.05,41,202041,MonotoneLSPIA,0.013327522084481081,3.3273384048016694e-13,,72,True
dose_response,0.05,41,202041,Penalized monotone B-spline,0.013211164223435561,4.4364512064022255e-13,0.01,13,True
dose_response,0.05,41,202041,pyGAM,0.012908225399562516,1.6769785560200412e-10,0.1,3,True
dose_response,0.05,42,202042,MonotoneLSPIA,0.00859320084270209,4.4364512064022255e-13,,68,True
dose_response,0.05,42,202042,Penalized monotone B-spline,0.008741379227073607,3.3273384048016694e-13,0.01,12,True
dose_response,0.05,42,202042,pyGAM,0.009495178516229691,1.6880696840358596e-10,0.1,2,True
dose_response,0.05,43,202043,MonotoneLSPIA,0.011248719344483895,3.4659775050016665e-15,,64,True
dose_response,0.05,43,202043,Penalized monotone B-spline,0.011131746143504062,1.7329887525008453e-15,0.01,7,True
dose_response,0.05,43,202043,pyGAM,0.010668435066206704,4.910042372685595e-10,0.1,3,True
dose_response,0.05,44,202044,MonotoneLSPIA,0.01228698730370495,4.4364512064022255e-13,,96,True
dose_response,0.05,44,202044,Penalized monotone B-spline,0.012296530455969075,4.4364512064022255e-13,0.01,8,True
dose_response,0.05,44,202044,pyGAM,0.012956051086016267,1.7546164521318856e-10,0.1,2,True
dose_response,0.05,45,202045,MonotoneLSPIA,0.01432934167668451,0.0,,93,True
dose_response,0.05,45,202045,Penalized monotone B-spline,0.02177940682300256,0.0,1.0,9,True
dose_response,0.05,45,202045,pyGAM,0.015173894103769542,0.0,0.1,2,True
dose_response,0.05,46,202046,MonotoneLSPIA,0.015488984963712303,0.0,,110,True
dose_response,0.05,46,202046,Penalized monotone B-spline,0.015165165363830762,0.0,0.01,13,True
dose_response,0.05,46,202046,pyGAM,0.013827723303815218,0.0,0.1,4,True
dose_response,0.05,47,202047,MonotoneLSPIA,0.010003097041375981,0.0,,91,True
dose_response,0.05,47,202047,Penalized monotone B-spline,0.009564040556649623,0.0,0.01,9,True
dose_response,0.05,47,202047,pyGAM,0.00678450893680725,0.0,0.1,4,True
dose_response,0.05,48,202048,MonotoneLSPIA,0.01556794558667742,0.0,,83,True
dose_response,0.05,48,202048,Penalized monotone B-spline,0.015567991466719017,0.0,1e-08,15,True
dose_response,0.05,48,202048,pyGAM,0.015127531569642404,0.0,0.001,4,True
dose_response,0.05,49,202049,MonotoneLSPIA,0.013727062476432777,6.931955010003333e-15,,96,True
dose_response,0.05,49,202049,Penalized monotone B-spline,0.013728937226717124,6.931955010003333e-15,0.01,9,True
dose_response,0.05,49,202049,pyGAM,0.013862911118945418,9.691427660385528e-10,0.1,2,True
dose_response,0.05,50,202050,MonotoneLSPIA,0.012956787245449528,0.0,,99,True
dose_response,0.05,50,202050,Penalized monotone B-spline,0.012795409023261331,0.0,0.01,13,True
dose_response,0.05,50,202050,pyGAM,0.011431850937603972,0.0,0.1,4,True
dose_response,0.05,51,202051,MonotoneLSPIA,0.010828991645209216,0.0,,70,True
dose_response,0.05,51,202051,Penalized monotone B-spline,0.010776246747802901,0.0,0.01,12,True
dose_response,0.05,51,202051,pyGAM,0.010478595835400641,0.0,0.1,3,True
dose_response,0.05,52,202052,MonotoneLSPIA,0.008201386479643873,0.0,,112,True
dose_response,0.05,52,202052,Penalized monotone B-spline,0.008010541154991427,0.0,0.01,11,True
dose_response,0.05,52,202052,pyGAM,0.007492836066075682,0.0,0.1,2,True
dose_response,0.05,53,202053,MonotoneLSPIA,0.008339686840685454,3.3273384048016694e-13,,81,True
dose_response,0.05,53,202053,Penalized monotone B-spline,0.0078093598796890725,3.3273384048016694e-13,0.01,11,True
dose_response,0.05,53,202053,pyGAM,0.005748197310589854,2.0429857805482248e-10,0.1,2,True
dose_response,0.05,54,202054,MonotoneLSPIA,0.019005849618226725,0.0,,118,True
dose_response,0.05,54,202054,Penalized monotone B-spline,0.0188047490016495,0.0,0.01,9,True
dose_response,0.05,54,202054,pyGAM,0.018011146100785407,0.0,0.1,2,True
dose_response,0.05,55,202055,MonotoneLSPIA,0.009591549105366588,0.0,,107,True
dose_response,0.05,55,202055,Penalized monotone B-spline,0.009366363958634577,0.0,0.01,13,True
dose_response,0.05,55,202055,pyGAM,0.0066417845123058475,0.0,0.1,2,True
dose_response,0.05,56,202056,MonotoneLSPIA,0.011262969268982606,6.498707821878124e-16,,64,True
dose_response,0.05,56,202056,Penalized monotone B-spline,0.011262968061834267,0.0,1e-08,10,True
dose_response,0.05,56,202056,pyGAM,0.011177753275196057,5.573291828042641e-10,0.1,3,True
dose_response,0.05,57,202057,MonotoneLSPIA,0.014739714872653038,0.0,,123,True
dose_response,0.05,57,202057,Penalized monotone B-spline,0.014602425477466381,0.0,0.01,14,True
dose_response,0.05,57,202057,pyGAM,0.013817001415328638,0.0,0.1,2,True
dose_response,0.05,58,202058,MonotoneLSPIA,0.010670519616048134,0.0,,118,True
dose_response,0.05,58,202058,Penalized monotone B-spline,0.010261204366989808,0.0,0.01,14,True
dose_response,0.05,58,202058,pyGAM,0.006996986815924222,0.0,0.1,3,True
dose_response,0.05,59,202059,MonotoneLSPIA,0.012527885087843492,0.0,,96,True
dose_response,0.05,59,202059,Penalized monotone B-spline,0.01252787470758271,0.0,1e-08,14,True
dose_response,0.05,59,202059,pyGAM,0.010549275594023173,0.0,0.1,4,True
dose_response,0.05,60,202060,MonotoneLSPIA,0.00848743342894665,4.4364512064022255e-13,,64,True
dose_response,0.05,60,202060,Penalized monotone B-spline,0.008374494347359741,4.4364512064022255e-13,0.01,11,True
dose_response,0.05,60,202060,pyGAM,0.008650001024261118,1.215365807993755e-09,0.1,2,True
dose_response,0.05,61,202061,MonotoneLSPIA,0.012304531253613589,0.0,,72,True
dose_response,0.05,61,202061,Penalized monotone B-spline,0.011992442728940293,0.0,0.01,12,True
dose_response,0.05,61,202061,pyGAM,0.011057234846813183,0.0,0.1,2,True
dose_response,0.05,62,202062,MonotoneLSPIA,0.014161438813481446,0.0,,98,True
dose_response,0.05,62,202062,Penalized monotone B-spline,0.014030683353453156,0.0,0.01,15,True
dose_response,0.05,62,202062,pyGAM,0.014065995378368074,0.0,0.001,5,True
dose_response,0.05,63,202063,MonotoneLSPIA,0.010640572336869674,4.4364512064022255e-13,,96,True
dose_response,0.05,63,202063,Penalized monotone B-spline,0.010446796854271334,2.2182256032011127e-13,0.01,10,True
dose_response,0.05,63,202063,pyGAM,0.009578211758913222,6.341906999551981e-10,0.1,3,True
dose_response,0.05,64,202064,MonotoneLSPIA,0.013903447966511905,0.0,,101,True
dose_response,0.05,64,202064,Penalized monotone B-spline,0.013890593210227465,0.0,0.01,13,True
dose_response,0.05,64,202064,pyGAM,0.01352105558660609,0.0,0.1,3,True
dose_response,0.05,65,202065,MonotoneLSPIA,0.009923913542019554,0.0,,91,True
dose_response,0.05,65,202065,Penalized monotone B-spline,0.009872103951472507,0.0,0.01,10,True
dose_response,0.05,65,202065,pyGAM,0.009643650580631368,0.0,0.1,2,True
dose_response,0.05,66,202066,MonotoneLSPIA,0.013022981246464473,3.4659775050016665e-15,,46,True
dose_response,0.05,66,202066,Penalized monotone B-spline,0.013067812113670602,2.5994831287512498e-15,0.01,11,True
dose_response,0.05,66,202066,pyGAM,0.01335535218275066,2.0795865030010144e-10,0.1,2,True
dose_response,0.05,67,202067,MonotoneLSPIA,0.00990616778884829,0.0,,95,True
dose_response,0.05,67,202067,Penalized monotone B-spline,0.009805694443056992,0.0,0.01,9,True
dose_response,0.05,67,202067,pyGAM,0.00973956466988906,0.0,0.1,3,True
dose_response,0.05,68,202068,MonotoneLSPIA,0.005720894252976634,0.0,,91,True
dose_response,0.05,68,202068,Penalized monotone B-spline,0.005681114197592974,0.0,0.01,10,True
dose_response,0.05,68,202068,pyGAM,0.005889874626815354,0.0,0.1,2,True
dose_response,0.05,69,202069,MonotoneLSPIA,0.009640304753309766,0.0,,89,True
dose_response,0.05,69,202069,Penalized monotone B-spline,0.009440805122634876,0.0,0.01,13,True
dose_response,0.05,69,202069,pyGAM,0.008359990482381745,0.0,0.1,2,True
dose_response,0.05,70,202070,MonotoneLSPIA,0.016223191042852064,0.0,,89,True
dose_response,0.05,70,202070,Penalized monotone B-spline,0.01624541651167395,0.0,0.01,13,True
dose_response,0.05,70,202070,pyGAM,0.02296934594763813,0.0,1.0,2,True
dose_response,0.05,71,202071,MonotoneLSPIA,0.009139886669091286,4.4364512064022255e-13,,70,True
dose_response,0.05,71,202071,Penalized monotone B-spline,0.009103069236040961,3.3273384048016694e-13,0.01,12,True
dose_response,0.05,71,202071,pyGAM,0.008956872731036567,1.359661383482122e-09,0.1,2,True
dose_response,0.05,72,202072,MonotoneLSPIA,0.012958784823358589,0.0,,112,True
dose_response,0.05,72,202072,Penalized monotone B-spline,0.01258927837426711,0.0,0.01,14,True
dose_response,0.05,72,202072,pyGAM,0.01045667893198971,0.0,0.1,3,True
dose_response,0.05,73,202073,MonotoneLSPIA,0.017209896667307333,0.0,,115,True
dose_response,0.05,73,202073,Penalized monotone B-spline,0.01714789476347621,0.0,0.01,12,True
dose_response,0.05,73,202073,pyGAM,0.01694214289831713,0.0,0.1,2,True
dose_response,0.05,74,202074,MonotoneLSPIA,0.016892586506928462,0.0,,130,True
dose_response,0.05,74,202074,Penalized monotone B-spline,0.016642243909174567,0.0,0.01,9,True
dose_response,0.05,74,202074,pyGAM,0.015413980071330049,0.0,0.1,3,True
dose_response,0.05,75,202075,MonotoneLSPIA,0.017737222641333865,0.0,,103,True
dose_response,0.05,75,202075,Penalized monotone B-spline,0.0173650105415451,0.0,0.01,10,True
dose_response,0.05,75,202075,pyGAM,0.014962188695957489,0.0,0.1,3,True
dose_response,0.05,76,202076,MonotoneLSPIA,0.011733510983847648,0.0,,85,True
dose_response,0.05,76,202076,Penalized monotone B-spline,0.011623640288867176,0.0,0.01,13,True
dose_response,0.05,76,202076,pyGAM,0.010159068190493328,4.88675100385195e-10,0.1,3,True
dose_response,0.05,77,202077,MonotoneLSPIA,0.01027552743499634,0.0,,94,True
dose_response,0.05,77,202077,Penalized monotone B-spline,0.010069724470773355,0.0,0.01,11,True
dose_response,0.05,77,202077,pyGAM,0.00934753169810792,0.0,0.1,2,True
dose_response,0.05,78,202078,MonotoneLSPIA,0.006606421106490884,0.0,,115,True
dose_response,0.05,78,202078,Penalized monotone B-spline,0.006619432721312593,4.332471881252076e-15,0.01,12,True
dose_response,0.05,78,202078,pyGAM,0.006743434219596911,4.778057949295097e-10,0.1,3,True
dose_response,0.05,79,202079,MonotoneLSPIA,0.010982762486082672,1.7329887525008453e-15,,77,True
dose_response,0.05,79,202079,Penalized monotone B-spline,0.010770922284063221,2.599483128751268e-15,0.01,9,True
dose_response,0.05,79,202079,pyGAM,0.008642434879141991,5.256085566784964e-10,0.1,2,True
dose_response,0.05,80,202080,MonotoneLSPIA,0.01109768528755672,1.2997415643756249e-15,,69,True
dose_response,0.05,80,202080,Penalized monotone B-spline,0.010977856077695044,1.7329887525008303e-15,0.01,9,True
dose_response,0.05,80,202080,pyGAM,0.010970415887634297,1.609322675122385e-10,0.01,2,True
dose_response,0.05,81,202081,MonotoneLSPIA,0.014597266734240052,3.3273384048016694e-13,,79,True
dose_response,0.05,81,202081,Penalized monotone B-spline,0.014648531155196,4.4364512064022255e-13,0.01,9,True
dose_response,0.05,81,202081,pyGAM,0.014143979502939887,7.19592385678441e-10,0.01,2,True
dose_response,0.05,82,202082,MonotoneLSPIA,0.015089887837868557,0.0,,66,True
dose_response,0.05,82,202082,Penalized monotone B-spline,0.014931794385010863,0.0,0.01,8,True
dose_response,0.05,82,202082,pyGAM,0.013668405799645063,0.0,0.1,2,True
dose_response,0.05,83,202083,MonotoneLSPIA,0.01026451238049193,0.0,,79,True
dose_response,0.05,83,202083,Penalized monotone B-spline,0.01026471204903621,0.0,0.01,13,True
dose_response,0.05,83,202083,pyGAM,0.010049126019811132,0.0,0.1,2,True
dose_response,0.05,84,202084,MonotoneLSPIA,0.012667228967429847,2.5994831287512498e-15,,85,True
dose_response,0.05,84,202084,Penalized monotone B-spline,0.012560957914609407,1.7329887525008453e-15,0.01,11,True
dose_response,0.05,84,202084,pyGAM,0.012328870099181651,3.2918467951504056e-10,0.1,2,True
dose_response,0.05,85,202085,MonotoneLSPIA,0.013131855415703072,0.0,,107,True
dose_response,0.05,85,202085,Penalized monotone B-spline,0.01293086447259544,0.0,0.01,10,True
dose_response,0.05,85,202085,pyGAM,0.012421194247132195,0.0,0.1,2,True
dose_response,0.05,86,202086,MonotoneLSPIA,0.01226212578930254,3.3273384048016694e-13,,92,True
dose_response,0.05,86,202086,Penalized monotone B-spline,0.012149177303976178,3.3273384048016694e-13,0.01,14,True
dose_response,0.05,86,202086,pyGAM,0.01212602219101398,1.437410190874321e-10,0.01,2,True
dose_response,0.05,87,202087,MonotoneLSPIA,0.012805166259593272,4.4364512064022255e-13,,86,True
dose_response,0.05,87,202087,Penalized monotone B-spline,0.012551878293244823,4.4364512064022255e-13,0.01,11,True
dose_response,0.05,87,202087,pyGAM,0.011887916751379029,9.18789044845799e-10,0.1,2,True
dose_response,0.05,88,202088,MonotoneLSPIA,0.013191182294957639,2.2182256032011127e-13,,106,True
dose_response,0.05,88,202088,Penalized monotone B-spline,0.013051624619576914,2.2182256032011127e-13,0.01,10,True
dose_response,0.05,88,202088,pyGAM,0.012778389929816355,1.3548921984352397e-09,0.1,2,True
dose_response,0.05,89,202089,MonotoneLSPIA,0.011973604873160834,4.4364512064022255e-13,,54,True
dose_response,0.05,89,202089,Penalized monotone B-spline,0.012011056433209884,3.3273384048016694e-13,0.01,7,True
dose_response,0.05,89,202089,pyGAM,0.01166552694157981,8.946103857710088e-10,0.1,2,True
dose_response,0.05,90,202090,MonotoneLSPIA,0.016048552965184468,0.0,,72,True
dose_response,0.05,90,202090,Penalized monotone B-spline,0.015646588645940165,0.0,0.01,14,True
dose_response,0.05,90,202090,pyGAM,0.01584550347408316,0.0,0.001,5,True
dose_response,0.05,91,202091,MonotoneLSPIA,0.014214287470567966,3.3273384048016694e-13,,95,True
dose_response,0.05,91,202091,Penalized monotone B-spline,0.01415577837033314,3.3273384048016694e-13,0.01,11,True
dose_response,0.05,91,202091,pyGAM,0.014417282121378014,6.60254850792738e-10,0.1,3,True
dose_response,0.05,92,202092,MonotoneLSPIA,0.01748715897367019,0.0,,109,True
dose_response,0.05,92,202092,Penalized monotone B-spline,0.017487158981119907,0.0,1e-08,12,True
dose_response,0.05,92,202092,pyGAM,0.015045226632965019,0.0,0.1,4,True
dose_response,0.05,93,202093,MonotoneLSPIA,0.013408080018677812,4.4364512064022255e-13,,59,True
dose_response,0.05,93,202093,Penalized monotone B-spline,0.013400087695562342,3.3273384048016694e-13,0.01,10,True
dose_response,0.05,93,202093,pyGAM,0.013509490614477678,7.01181113171794e-10,0.1,2,True
dose_response,0.05,94,202094,MonotoneLSPIA,0.015179872731493679,0.0,,85,True
dose_response,0.05,94,202094,Penalized monotone B-spline,0.01518497025653935,0.0,0.01,11,True
dose_response,0.05,94,202094,pyGAM,0.015019050785758622,0.0,0.1,2,True
dose_response,0.05,95,202095,MonotoneLSPIA,0.014230086172213881,0.0,,87,True
dose_response,0.05,95,202095,Penalized monotone B-spline,0.01395918537164232,0.0,0.01,11,True
dose_response,0.05,95,202095,pyGAM,0.012439106887823112,2.74727240956454e-10,0.1,3,True
dose_response,0.05,96,202096,MonotoneLSPIA,0.01282182217102253,0.0,,107,True
dose_response,0.05,96,202096,Penalized monotone B-spline,0.012437984946372611,0.0,0.01,9,True
dose_response,0.05,96,202096,pyGAM,0.010104920920579337,0.0,0.1,3,True
dose_response,0.05,97,202097,MonotoneLSPIA,0.007022162638857358,3.3273384048016694e-13,,78,True
dose_response,0.05,97,202097,Penalized monotone B-spline,0.007118610009376437,3.3273384048016694e-13,0.01,9,True
dose_response,0.05,97,202097,pyGAM,0.008300138636849794,1.0973562059034688e-09,0.1,3,True
dose_response,0.05,98,202098,MonotoneLSPIA,0.011488606633630922,1.0397932515004982e-14,,66,True
dose_response,0.05,98,202098,Penalized monotone B-spline,0.011376423321290866,1.0397932515005072e-14,0.01,11,True
dose_response,0.05,98,202098,pyGAM,0.01076020233862346,4.985462043194363e-10,0.1,2,True
dose_response,0.05,99,202099,MonotoneLSPIA,0.012486039303875077,4.4364512064022255e-13,,67,True
dose_response,0.05,99,202099,Penalized monotone B-spline,0.012464769980865887,4.4364512064022255e-13,0.01,10,True
dose_response,0.05,99,202099,pyGAM,0.01304637865967521,1.5665109209806259e-09,0.1,2,True
dose_response,0.05,100,202100,MonotoneLSPIA,0.008707132617589399,5.198966257502491e-15,,71,True
dose_response,0.05,100,202100,Penalized monotone B-spline,0.008518123564650924,6.931955010003321e-15,0.01,11,True
dose_response,0.05,100,202100,pyGAM,0.00847672277736705,3.873021903189089e-10,0.1,2,True
dose_response,0.1,1,203001,MonotoneLSPIA,0.01361364353236956,0.0,,108,True
dose_response,0.1,1,203001,Penalized monotone B-spline,0.01897499045339372,0.0,1.0,13,True
dose_response,0.1,1,203001,pyGAM,0.018904879030633783,0.0,1.0,3,True
dose_response,0.1,2,203002,MonotoneLSPIA,0.02171496030888323,0.0,,59,True
dose_response,0.1,2,203002,Penalized monotone B-spline,0.02146824406484869,0.0,0.01,12,True
dose_response,0.1,2,203002,pyGAM,0.02032253299177586,0.0,0.01,2,True
dose_response,0.1,3,203003,MonotoneLSPIA,0.01999849813223289,0.0,,120,True
dose_response,0.1,3,203003,Penalized monotone B-spline,0.025802311115415,0.0,1.0,10,True
dose_response,0.1,3,203003,pyGAM,0.025768228740259698,0.0,1.0,4,True
dose_response,0.1,4,203004,MonotoneLSPIA,0.031417092746327674,0.0,,102,True
dose_response,0.1,4,203004,Penalized monotone B-spline,0.03339713334999034,0.0,1.0,13,True
dose_response,0.1,4,203004,pyGAM,0.031902632320847106,0.0,1.0,4,True
dose_response,0.1,5,203005,MonotoneLSPIA,0.019184986445197887,4.436451206401733e-13,,87,True
dose_response,0.1,5,203005,Penalized monotone B-spline,0.019183917641354877,4.4364512064022255e-13,0.0001,9,True
dose_response,0.1,5,203005,pyGAM,0.018903039336896264,5.74076786108448e-10,0.001,4,True
dose_response,0.1,6,203006,MonotoneLSPIA,0.031880373234101034,4.4364512064022255e-13,,43,True
dose_response,0.1,6,203006,Penalized monotone B-spline,0.03193267864854268,4.436451206401733e-13,0.01,6,True
dose_response,0.1,6,203006,pyGAM,0.031093430700599736,2.543417476630396e-09,0.01,2,True
dose_response,0.1,7,203007,MonotoneLSPIA,0.028557472809651985,4.4364512064022255e-13,,54,True
dose_response,0.1,7,203007,Penalized monotone B-spline,0.02737281740415466,4.4364512064022255e-13,1.0,9,True
dose_response,0.1,7,203007,pyGAM,0.026945013866212834,1.6472543329371464e-09,1.0,2,True
dose_response,0.1,8,203008,MonotoneLSPIA,0.020353055971374347,0.0,,97,True
dose_response,0.1,8,203008,Penalized monotone B-spline,0.02554705562294895,3.3273384048016694e-13,1.0,9,True
dose_response,0.1,8,203008,pyGAM,0.025484423588172638,4.944424869534732e-10,1.0,4,True
dose_response,0.1,9,203009,MonotoneLSPIA,0.020134030918988292,6.654676809603339e-13,,65,True
dose_response,0.1,9,203009,Penalized monotone B-spline,0.02522254838173671,4.4364512064022255e-13,1.0,10,True
dose_response,0.1,9,203009,pyGAM,0.02520935597479393,2.1981506614920816e-09,1.0,2,True
dose_response,0.1,10,203010,MonotoneLSPIA,0.02084190920551681,0.0,,92,True
dose_response,0.1,10,203010,Penalized monotone B-spline,0.02593639537293301,0.0,1.0,8,True
dose_response,0.1,10,203010,pyGAM,0.02585042463814755,0.0,1.0,4,True
dose_response,0.1,11,203011,MonotoneLSPIA,0.021076952771011192,4.4364512064022255e-13,,124,True
dose_response,0.1,11,203011,Penalized monotone B-spline,0.023589396125093087,4.4364512064022255e-13,1.0,12,True
dose_response,0.1,11,203011,pyGAM,0.023581270546447573,2.128942022672268e-09,1.0,2,True
dose_response,0.1,12,203012,MonotoneLSPIA,0.023370444044743338,4.4364512064022255e-13,,92,True
dose_response,0.1,12,203012,Penalized monotone B-spline,0.022920933680742318,4.4364512064022255e-13,0.01,13,True
dose_response,0.1,12,203012,pyGAM,0.027692072210615908,0.0,1.0,2,True
dose_response,0.1,13,203013,MonotoneLSPIA,0.02125280743724686,0.0,,118,True
dose_response,0.1,13,203013,Penalized monotone B-spline,0.027918639628413476,0.0,1.0,11,True
dose_response,0.1,13,203013,pyGAM,0.027921176832101796,0.0,1.0,3,True
dose_response,0.1,14,203014,MonotoneLSPIA,0.025770622956475166,0.0,,95,True
dose_response,0.1,14,203014,Penalized monotone B-spline,0.02629090161172861,0.0,1.0,11,True
dose_response,0.1,14,203014,pyGAM,0.026394424829851194,0.0,1.0,3,True
dose_response,0.1,15,203015,MonotoneLSPIA,0.018816827924504922,2.2182256032011127e-13,,59,True
dose_response,0.1,15,203015,Penalized monotone B-spline,0.019583185835984163,0.0,1.0,8,True
dose_response,0.1,15,203015,pyGAM,0.01761798585780797,1.662449178319051e-09,0.1,2,True
dose_response,0.1,16,203016,MonotoneLSPIA,0.015177218609953337,4.436451206401733e-13,,68,True
dose_response,0.1,16,203016,Penalized monotone B-spline,0.01509953922624707,3.3273384048016694e-13,0.01,12,True
dose_response,0.1,16,203016,pyGAM,0.015968465178837505,0.0,1.0,3,True
dose_response,0.1,17,203017,MonotoneLSPIA,0.01953153258285105,4.4364512064022255e-13,,45,True
dose_response,0.1,17,203017,Penalized monotone B-spline,0.015984307833409327,3.3273384048016694e-13,1.0,8,True
dose_response,0.1,17,203017,pyGAM,0.015989768629012076,6.138384800458279e-09,1.0,2,True
dose_response,0.1,18,203018,MonotoneLSPIA,0.02010011190037517,0.0,,108,True
dose_response,0.1,18,203018,Penalized monotone B-spline,0.019684916580098088,0.0,0.01,12,True
dose_response,0.1,18,203018,pyGAM,0.019659596258601576,0.0,0.01,2,True
dose_response,0.1,19,203019,MonotoneLSPIA,0.021992376678912524,0.0,,86,True
dose_response,0.1,19,203019,Penalized monotone B-spline,0.02680411814619198,0.0,1.0,10,True
dose_response,0.1,19,203019,pyGAM,0.026604562620632953,0.0,1.0,3,True
dose_response,0.1,20,203020,MonotoneLSPIA,0.013345101165557892,6.49870782187817e-16,,55,True
dose_response,0.1,20,203020,Penalized monotone B-spline,0.01782309814031581,6.363318075588986e-16,1.0,9,True
dose_response,0.1,20,203020,pyGAM,0.017787335422431466,2.25759910765787e-09,1.0,3,True
dose_response,0.1,21,203021,MonotoneLSPIA,0.015351083752194043,4.4364512064022255e-13,,68,True
dose_response,0.1,21,203021,Penalized monotone B-spline,0.014904375401103084,4.4364512064022255e-13,0.01,7,True
dose_response,0.1,21,203021,pyGAM,0.017394830387000047,2.335126092489779e-09,1.0,2,True
dose_response,0.1,22,203022,MonotoneLSPIA,0.015258544171863501,3.3273384048016694e-13,,60,True
dose_response,0.1,22,203022,Penalized monotone B-spline,0.01525854466450999,3.3273384048016694e-13,1e-08,8,True
dose_response,0.1,22,203022,pyGAM,0.015243673869354287,3.487716115912723e-09,0.01,2,True
dose_response,0.1,23,203023,MonotoneLSPIA,0.020010433724885004,0.0,,87,True
dose_response,0.1,23,203023,Penalized monotone B-spline,0.02259703667766189,1.0397932515004999e-14,1.0,8,True
dose_response,0.1,23,203023,pyGAM,0.022613249614290138,8.034413134794264e-10,1.0,4,True
dose_response,0.1,24,203024,MonotoneLSPIA,0.01445673013454633,4.4364512064022255e-13,,76,True
dose_response,0.1,24,203024,Penalized monotone B-spline,0.014061953964775283,4.4364512064022255e-13,0.01,10,True
dose_response,0.1,24,203024,pyGAM,0.011566944641307758,2.143027755252595e-09,0.1,2,True
dose_response,0.1,25,203025,MonotoneLSPIA,0.02387380801104824,0.0,,110,True
dose_response,0.1,25,203025,Penalized monotone B-spline,0.02386602480226836,0.0,0.01,14,True
dose_response,0.1,25,203025,pyGAM,0.023875226504355387,0.0,0.01,2,True
dose_response,0.1,26,203026,MonotoneLSPIA,0.022757475863045894,0.0,,122,True
dose_response,0.1,26,203026,Penalized monotone B-spline,0.01779408739308144,0.0,1.0,1,True
dose_response,0.1,26,203026,pyGAM,0.01734452094399879,0.0,1.0,2,True
dose_response,0.1,27,203027,MonotoneLSPIA,0.013374937672620173,0.0,,97,True
dose_response,0.1,27,203027,Penalized monotone B-spline,0.02050002859451617,0.0,1.0,13,True
dose_response,0.1,27,203027,pyGAM,0.020496234351643952,0.0,1.0,2,True
dose_response,0.1,28,203028,MonotoneLSPIA,0.019181965771212096,0.0,,119,True
dose_response,0.1,28,203028,Penalized monotone B-spline,0.018699614968575952,0.0,0.01,12,True
dose_response,0.1,28,203028,pyGAM,0.015573415650892422,4.0138792289924136e-10,0.1,3,True
dose_response,0.1,29,203029,MonotoneLSPIA,0.0184887806703619,0.0,,95,True
dose_response,0.1,29,203029,Penalized monotone B-spline,0.01591389142178779,4.4364512064022255e-13,1.0,10,True
dose_response,0.1,29,203029,pyGAM,0.015403597461702877,6.829916632255468e-10,1.0,3,True
dose_response,0.1,30,203030,MonotoneLSPIA,0.02377974927116395,0.0,,82,True
dose_response,0.1,30,203030,Penalized monotone B-spline,0.02582212131944522,0.0,1.0,10,True
dose_response,0.1,30,203030,pyGAM,0.02579885474036181,0.0,1.0,3,True
dose_response,0.1,31,203031,MonotoneLSPIA,0.015532827947107367,0.0,,89,True
dose_response,0.1,31,203031,Penalized monotone B-spline,0.015503256409296218,0.0,0.01,13,True
dose_response,0.1,31,203031,pyGAM,0.013454689498067654,0.0,1.0,3,True
dose_response,0.1,32,203032,MonotoneLSPIA,0.020655122756429667,4.4364512064022255e-13,,64,True
dose_response,0.1,32,203032,Penalized monotone B-spline,0.02022306959112835,4.4364512064022255e-13,0.01,11,True
dose_response,0.1,32,203032,pyGAM,0.016632330601595025,2.6195026148201214e-09,1.0,2,True
dose_response,0.1,33,203033,MonotoneLSPIA,0.036677930357657665,0.0,,88,True
dose_response,0.1,33,203033,Penalized monotone B-spline,0.03975310568622155,0.0,1.0,10,True
dose_response,0.1,33,203033,pyGAM,0.039657631817569955,0.0,1.0,3,True
dose_response,0.1,34,203034,MonotoneLSPIA,0.012292957853259628,4.4364512064022255e-13,,85,True
dose_response,0.1,34,203034,Penalized monotone B-spline,0.01096670793295373,3.3273384048016694e-13,1.0,11,True
dose_response,0.1,34,203034,pyGAM,0.010387592896521155,2.501825746570375e-09,1.0,2,True
dose_response,0.1,35,203035,MonotoneLSPIA,0.020821533635960416,0.0,,87,True
dose_response,0.1,35,203035,Penalized monotone B-spline,0.02076061298875976,0.0,0.01,10,True
dose_response,0.1,35,203035,pyGAM,0.018454815411556545,0.0,0.01,2,True
dose_response,0.1,36,203036,MonotoneLSPIA,0.02216263446804515,0.0,,107,True
dose_response,0.1,36,203036,Penalized monotone B-spline,0.024808865973362022,0.0,1.0,12,True
dose_response,0.1,36,203036,pyGAM,0.021684114341872115,0.0,0.01,2,True
dose_response,0.1,37,203037,MonotoneLSPIA,0.03059784415555704,2.2182256032011127e-13,,66,True
dose_response,0.1,37,203037,Penalized monotone B-spline,0.0304724390660179,4.4364512064022255e-13,0.01,11,True
dose_response,0.1,37,203037,pyGAM,0.03376955715308801,1.8080756891690264e-09,1.0,2,True
dose_response,0.1,38,203038,MonotoneLSPIA,0.013590009558854485,0.0,,104,True
dose_response,0.1,38,203038,Penalized monotone B-spline,0.01358844114723367,0.0,0.0001,11,True
dose_response,0.1,38,203038,pyGAM,0.012707054255992922,0.0,1.0,2,True
dose_response,0.1,39,203039,MonotoneLSPIA,0.02300218817412021,0.0,,103,True
dose_response,0.1,39,203039,Penalized monotone B-spline,0.026874891007652228,0.0,1.0,10,True
dose_response,0.1,39,203039,pyGAM,0.026882564964312967,0.0,1.0,3,True
dose_response,0.1,40,203040,MonotoneLSPIA,0.025153506300376334,3.4659775050016606e-15,,95,True
dose_response,0.1,40,203040,Penalized monotone B-spline,0.024805436702387943,5.1989662575024995e-15,0.01,12,True
dose_response,0.1,40,203040,pyGAM,0.02308684824231885,1.4955277016781592e-09,1.0,3,True
dose_response,0.1,41,203041,MonotoneLSPIA,0.01317161149753455,3.3273384048016694e-13,,74,True
dose_response,0.1,41,203041,Penalized monotone B-spline,0.013171578920767127,3.3273384048016694e-13,1e-08,10,True
dose_response,0.1,41,203041,pyGAM,0.0130853185872024,2.4230787376567355e-09,0.01,2,True
dose_response,0.1,42,203042,MonotoneLSPIA,0.025235570787299304,0.0,,110,True
dose_response,0.1,42,203042,Penalized monotone B-spline,0.02482330212464205,0.0,0.01,13,True
dose_response,0.1,42,203042,pyGAM,0.023676116337408317,0.0,0.1,2,True
dose_response,0.1,43,203043,MonotoneLSPIA,0.024867209978544268,0.0,,90,True
dose_response,0.1,43,203043,Penalized monotone B-spline,0.027276500299392624,0.0,1.0,8,True
dose_response,0.1,43,203043,pyGAM,0.02664217253944542,0.0,1.0,3,True
dose_response,0.1,44,203044,MonotoneLSPIA,0.021364673924229742,0.0,,69,True
dose_response,0.1,44,203044,Penalized monotone B-spline,0.021388331623245653,0.0,0.01,10,True
dose_response,0.1,44,203044,pyGAM,0.02140315424425102,1.3637651008478928e-09,0.01,2,True
dose_response,0.1,45,203045,MonotoneLSPIA,0.03198274216004917,0.0,,105,True
dose_response,0.1,45,203045,Penalized monotone B-spline,0.03199863609101906,0.0,0.01,11,True
dose_response,0.1,45,203045,pyGAM,0.031715611850238426,0.0,0.1,3,True
dose_response,0.1,46,203046,MonotoneLSPIA,0.02658324336357805,4.4364512064022255e-13,,86,True
dose_response,0.1,46,203046,Penalized monotone B-spline,0.026290486051237315,4.4364512064022255e-13,0.01,10,True
dose_response,0.1,46,203046,pyGAM,0.02422663211094958,1.4518286572951283e-09,0.1,3,True
dose_response,0.1,47,203047,MonotoneLSPIA,0.023421965365383126,4.4364512064022255e-13,,65,True
dose_response,0.1,47,203047,Penalized monotone B-spline,0.02315558617982868,5.545564008002782e-13,0.01,11,True
dose_response,0.1,47,203047,pyGAM,0.023227589561575036,6.773351879374598e-10,0.001,4,True
dose_response,0.1,48,203048,MonotoneLSPIA,0.015438914514754098,0.0,,105,True
dose_response,0.1,48,203048,Penalized monotone B-spline,0.019450714938642946,0.0,1.0,10,True
dose_response,0.1,48,203048,pyGAM,0.019403468477823767,0.0,1.0,3,True
dose_response,0.1,49,203049,MonotoneLSPIA,0.029430498338021478,0.0,,119,True
dose_response,0.1,49,203049,Penalized monotone B-spline,0.030701054798776956,0.0,1.0,9,True
dose_response,0.1,49,203049,pyGAM,0.030651408022773042,0.0,1.0,3,True
dose_response,0.1,50,203050,MonotoneLSPIA,0.016876108553770648,0.0,,120,True
dose_response,0.1,50,203050,Penalized monotone B-spline,0.02070504431071995,0.0,1.0,8,True
dose_response,0.1,50,203050,pyGAM,0.02033786588656724,0.0,1.0,3,True
dose_response,0.1,51,203051,MonotoneLSPIA,0.021659522544003797,3.3273384048016694e-13,,71,True
dose_response,0.1,51,203051,Penalized monotone B-spline,0.02165952252999935,3.3273384048016694e-13,1e-08,11,True
dose_response,0.1,51,203051,pyGAM,0.024766320521022647,7.686151715091856e-10,1.0,2,True
dose_response,0.1,52,203052,MonotoneLSPIA,0.021616871466942276,0.0,,94,True
dose_response,0.1,52,203052,Penalized monotone B-spline,0.021085315587426826,0.0,0.01,12,True
dose_response,0.1,52,203052,pyGAM,0.017139011464908198,0.0,0.1,2,True
dose_response,0.1,53,203053,MonotoneLSPIA,0.018964333786735545,0.0,,108,True
dose_response,0.1,53,203053,Penalized monotone B-spline,0.018772219972075257,0.0,0.01,12,True
dose_response,0.1,53,203053,pyGAM,0.018535937586392187,7.304616911340454e-10,1.0,3,True
dose_response,0.1,54,203054,MonotoneLSPIA,0.037929649385419414,3.3273384048016694e-13,,84,True
dose_response,0.1,54,203054,Penalized monotone B-spline,0.03695596041877601,0.0,1.0,13,True
dose_response,0.1,54,203054,pyGAM,0.03710158671909184,2.3646284930123863e-09,0.001,4,True
dose_response,0.1,55,203055,MonotoneLSPIA,0.019841236889445227,6.931955010003321e-15,,68,True
dose_response,0.1,55,203055,Penalized monotone B-spline,0.021981949784137735,0.0,1.0,10,True
dose_response,0.1,55,203055,pyGAM,0.019731322048066303,3.554706529129734e-10,0.1,3,True
dose_response,0.1,56,203056,MonotoneLSPIA,0.02201371493029242,0.0,,102,True
dose_response,0.1,56,203056,Penalized monotone B-spline,0.023103600730464222,0.0,1.0,10,True
dose_response,0.1,56,203056,pyGAM,0.020374177295248763,0.0,0.1,2,True
dose_response,0.1,57,203057,MonotoneLSPIA,0.022979382991283163,4.4364512064022255e-13,,68,True
dose_response,0.1,57,203057,Penalized monotone B-spline,0.026753039175141807,4.4364512064022255e-13,1.0,8,True
dose_response,0.1,57,203057,pyGAM,0.026738515076533142,9.119125454758764e-10,1.0,3,True
dose_response,0.1,58,203058,MonotoneLSPIA,0.02918046200733301,0.0,,114,True
dose_response,0.1,58,203058,Penalized monotone B-spline,0.030621845410096334,0.0,1.0,11,True
dose_response,0.1,58,203058,pyGAM,0.030667113023844724,0.0,1.0,3,True
dose_response,0.1,59,203059,MonotoneLSPIA,0.024042598475568704,4.4364512064022255e-13,,59,True
dose_response,0.1,59,203059,Penalized monotone B-spline,0.02731711695770368,2.2182256032011127e-13,1.0,10,True
dose_response,0.1,59,203059,pyGAM,0.02397201182826355,1.7253358741698255e-09,0.1,2,True
dose_response,0.1,60,203060,MonotoneLSPIA,0.03210298274825272,3.3273384048016694e-13,,60,True
dose_response,0.1,60,203060,Penalized monotone B-spline,0.03522436312500629,4.436451206401733e-13,1.0,9,True
dose_response,0.1,60,203060,pyGAM,0.035241233188854845,2.967985857083089e-09,1.0,2,True
dose_response,0.1,61,203061,MonotoneLSPIA,0.02631264923671044,0.0,,105,True
dose_response,0.1,61,203061,Penalized monotone B-spline,0.02631264550312116,0.0,1e-08,9,True
dose_response,0.1,61,203061,pyGAM,0.024076814678982095,0.0,1.0,2,True
dose_response,0.1,62,203062,MonotoneLSPIA,0.027331990583913664,4.4364512064022255e-13,,71,True
dose_response,0.1,62,203062,Penalized monotone B-spline,0.027331969144169493,4.4364512064022255e-13,1e-08,11,True
dose_response,0.1,62,203062,pyGAM,0.025549745429507966,1.1001289879074699e-09,0.1,2,True
dose_response,0.1,63,203063,MonotoneLSPIA,0.01680898130035147,4.4364512064022255e-13,,62,True
dose_response,0.1,63,203063,Penalized monotone B-spline,0.0165098813928626,3.3273384048016694e-13,0.01,8,True
dose_response,0.1,63,203063,pyGAM,0.014777050444200416,0.0,1.0,2,True
dose_response,0.1,64,203064,MonotoneLSPIA,0.017586522054085087,4.4364512064022255e-13,,65,True
dose_response,0.1,64,203064,Penalized monotone B-spline,0.022328421163718144,3.3273384048016694e-13,1.0,10,True
dose_response,0.1,64,203064,pyGAM,0.022332717685178506,1.8115139388541886e-09,1.0,3,True
dose_response,0.1,65,203065,MonotoneLSPIA,0.03622827467321611,6.654676809603339e-13,,47,True
dose_response,0.1,65,203065,Penalized monotone B-spline,0.03617617777277179,4.4364512064022255e-13,0.01,11,True
dose_response,0.1,65,203065,pyGAM,0.03515502215221406,6.856535339494639e-10,0.1,3,True
dose_response,0.1,66,203066,MonotoneLSPIA,0.023206355148558146,3.3273384048016694e-13,,92,True
dose_response,0.1,66,203066,Penalized monotone B-spline,0.0279768663631135,3.3273384048016694e-13,1.0,11,True
dose_response,0.1,66,203066,pyGAM,0.02798089485050266,9.773502007704104e-10,1.0,2,True
dose_response,0.1,67,203067,MonotoneLSPIA,0.025069496134312644,0.0,,123,True
dose_response,0.1,67,203067,Penalized monotone B-spline,0.02488393768024093,0.0,0.01,10,True
dose_response,0.1,67,203067,pyGAM,0.02510663949246117,0.0,1.0,2,True
dose_response,0.1,68,203068,MonotoneLSPIA,0.021003193359258297,4.4364512064022255e-13,,70,True
dose_response,0.1,68,203068,Penalized monotone B-spline,0.02020680961191425,3.3273384048016694e-13,0.01,11,True
dose_response,0.1,68,203068,pyGAM,0.01593262841491379,3.859047081888548e-09,0.1,2,True
dose_response,0.1,69,203069,MonotoneLSPIA,0.042404170729940724,0.0,,100,True
dose_response,0.1,69,203069,Penalized monotone B-spline,0.04428517070189715,0.0,1.0,8,True
dose_response,0.1,69,203069,pyGAM,0.04437146532895863,0.0,1.0,2,True
dose_response,0.1,70,203070,MonotoneLSPIA,0.01988138818401269,0.0,,96,True
dose_response,0.1,70,203070,Penalized monotone B-spline,0.015783111631774895,0.0,1.0,11,True
dose_response,0.1,70,203070,pyGAM,0.015967122781782184,0.0,0.1,2,True
dose_response,0.1,71,203071,MonotoneLSPIA,0.02199647658451883,4.436451206401733e-13,,98,True
dose_response,0.1,71,203071,Penalized monotone B-spline,0.021996460816426373,2.2182256032011127e-13,1e-08,12,True
dose_response,0.1,71,203071,pyGAM,0.019573735837367157,5.088609533743353e-10,0.1,2,True
dose_response,0.1,72,203072,MonotoneLSPIA,0.025945878223871538,0.0,,103,True
dose_response,0.1,72,203072,Penalized monotone B-spline,0.030439608685667086,0.0,1.0,12,True
dose_response,0.1,72,203072,pyGAM,0.03059527424383355,0.0,1.0,2,True
dose_response,0.1,73,203073,MonotoneLSPIA,0.02337731825503103,5.545564008002782e-13,,56,True
dose_response,0.1,73,203073,Penalized monotone B-spline,0.0231004479368271,4.4364512064022255e-13,0.01,11,True
dose_response,0.1,73,203073,pyGAM,0.023505043283428072,2.2154528211971115e-09,0.001,6,True
dose_response,0.1,74,203074,MonotoneLSPIA,0.021020803026189045,3.3273384048016694e-13,,53,True
dose_response,0.1,74,203074,Penalized monotone B-spline,0.020482538590172003,4.4364512064022255e-13,0.01,7,True
dose_response,0.1,74,203074,pyGAM,0.020217105094507058,1.0889269486114263e-09,0.01,2,True
dose_response,0.1,75,203075,MonotoneLSPIA,0.021191179577285755,0.0,,116,True
dose_response,0.1,75,203075,Penalized monotone B-spline,0.02100898633978583,0.0,0.01,12,True
dose_response,0.1,75,203075,pyGAM,0.021382436086264587,0.0,1.0,2,True
dose_response,0.1,76,203076,MonotoneLSPIA,0.014680926254410908,4.4364512064022255e-13,,73,True
dose_response,0.1,76,203076,Penalized monotone B-spline,0.018110731524030782,0.0,1.0,9,True
dose_response,0.1,76,203076,pyGAM,0.018160673327247388,0.0,1.0,3,True
dose_response,0.1,77,203077,MonotoneLSPIA,0.0258468852977326,0.0,,90,True
dose_response,0.1,77,203077,Penalized monotone B-spline,0.02700691315793908,0.0,1.0,11,True
dose_response,0.1,77,203077,pyGAM,0.02692032134902203,0.0,1.0,3,True
dose_response,0.1,78,203078,MonotoneLSPIA,0.014322350930010701,0.0,,105,True
dose_response,0.1,78,203078,Penalized monotone B-spline,0.018832260729532643,0.0,1.0,9,True
dose_response,0.1,78,203078,pyGAM,0.018790186067672444,0.0,1.0,3,True
dose_response,0.1,79,203079,MonotoneLSPIA,0.025291936399044562,0.0,,116,True
dose_response,0.1,79,203079,Penalized monotone B-spline,0.028962976472980958,0.0,1.0,10,True
dose_response,0.1,79,203079,pyGAM,0.02901996017839059,0.0,1.0,2,True
dose_response,0.1,80,203080,MonotoneLSPIA,0.015519834753887997,3.3273384048016694e-13,,62,True
dose_response,0.1,80,203080,Penalized monotone B-spline,0.01886952444127948,4.4364512064022255e-13,1.0,10,True
dose_response,0.1,80,203080,pyGAM,0.01893650936908445,2.4469246628911473e-09,1.0,2,True
dose_response,0.1,81,203081,MonotoneLSPIA,0.02630353650140174,0.0,,110,True
dose_response,0.1,81,203081,Penalized monotone B-spline,0.025966860329121502,0.0,0.01,12,True
dose_response,0.1,81,203081,pyGAM,0.023630228934250617,0.0,0.1,2,True
dose_response,0.1,82,203082,MonotoneLSPIA,0.021577470643183067,4.436451206401733e-13,,48,True
dose_response,0.1,82,203082,Penalized monotone B-spline,0.017998837616433148,4.436451206401733e-13,1.0,8,True
dose_response,0.1,82,203082,pyGAM,0.01953165180349879,1.466025301155595e-09,0.1,2,True
dose_response,0.1,83,203083,MonotoneLSPIA,0.016441641232967708,4.4364512064022255e-13,,91,True
dose_response,0.1,83,203083,Penalized monotone B-spline,0.017528721651930566,4.4364512064022255e-13,1.0,10,True
dose_response,0.1,83,203083,pyGAM,0.017527874229440132,1.8460073469837613e-09,1.0,3,True
dose_response,0.1,84,203084,MonotoneLSPIA,0.019119447337270865,3.3273384048016694e-13,,88,True
dose_response,0.1,84,203084,Penalized monotone B-spline,0.019135556410044365,3.3273384048016694e-13,0.01,12,True
dose_response,0.1,84,203084,pyGAM,0.019407573657938278,1.7189030199203515e-09,0.1,2,True
dose_response,0.1,85,203085,MonotoneLSPIA,0.03538858912502883,4.4364512064022255e-13,,74,True
dose_response,0.1,85,203085,Penalized monotone B-spline,0.0369295967856497,3.3273384048016694e-13,1.0,11,True
dose_response,0.1,85,203085,pyGAM,0.036128241375649565,2.3256986336762068e-09,1.0,3,True
dose_response,0.1,86,203086,MonotoneLSPIA,0.02309415539278883,3.3273384048016694e-13,,61,True
dose_response,0.1,86,203086,Penalized monotone B-spline,0.023526790263449927,0.0,1.0,9,True
dose_response,0.1,86,203086,pyGAM,0.02232705627800499,1.692617046522609e-09,0.1,2,True
dose_response,0.1,87,203087,MonotoneLSPIA,0.03454006156290817,0.0,,105,True
dose_response,0.1,87,203087,Penalized monotone B-spline,0.035729753694019074,0.0,1.0,8,True
dose_response,0.1,87,203087,pyGAM,0.03555335788879943,0.0,1.0,2,True
dose_response,0.1,88,203088,MonotoneLSPIA,0.02562858666877644,3.3273384048016694e-13,,66,True
dose_response,0.1,88,203088,Penalized monotone B-spline,0.025610931174088032,4.4364512064022255e-13,0.01,10,True
dose_response,0.1,88,203088,pyGAM,0.025008241309381417,9.631535569099232e-10,0.1,3,True
dose_response,0.1,89,203089,MonotoneLSPIA,0.021342089062159588,0.0,,79,True
dose_response,0.1,89,203089,Penalized monotone B-spline,0.021060870572091366,0.0,0.01,13,True
dose_response,0.1,89,203089,pyGAM,0.014683912007211624,0.0,1.0,2,True
dose_response,0.1,90,203090,MonotoneLSPIA,0.027662723920405325,0.0,,109,True
dose_response,0.1,90,203090,Penalized monotone B-spline,0.02862881226633656,0.0,1.0,9,True
dose_response,0.1,90,203090,pyGAM,0.02821817893277241,0.0,1.0,3,True
dose_response,0.1,91,203091,MonotoneLSPIA,0.02106403229363321,0.0,,100,True
dose_response,0.1,91,203091,Penalized monotone B-spline,0.02106403270278509,0.0,1e-08,12,True
dose_response,0.1,91,203091,pyGAM,0.02340406432880966,0.0,1.0,3,True
dose_response,0.1,92,203092,MonotoneLSPIA,0.021833883094899077,0.0,,89,True
dose_response,0.1,92,203092,Penalized monotone B-spline,0.02183388249200623,0.0,1e-08,9,True
dose_response,0.1,92,203092,pyGAM,0.02179820579780691,0.0,0.01,2,True
dose_response,0.1,93,203093,MonotoneLSPIA,0.02347264500783463,4.4364512064022255e-13,,45,True
dose_response,0.1,93,203093,Penalized monotone B-spline,0.02347219034209522,4.4364512064022255e-13,0.0001,12,True
dose_response,0.1,93,203093,pyGAM,0.023413628179438685,1.0155036811454414e-09,0.01,2,True
dose_response,0.1,94,203094,MonotoneLSPIA,0.031123828391503437,0.0,,82,True
dose_response,0.1,94,203094,Penalized monotone B-spline,0.031123792370195556,0.0,1e-08,13,True
dose_response,0.1,94,203094,pyGAM,0.02804575357033461,0.0,0.1,2,True
dose_response,0.1,95,203095,MonotoneLSPIA,0.017063193373054987,0.0,,79,True
dose_response,0.1,95,203095,Penalized monotone B-spline,0.020957200251019326,0.0,1.0,12,True
dose_response,0.1,95,203095,pyGAM,0.020918553336085974,0.0,1.0,2,True
dose_response,0.1,96,203096,MonotoneLSPIA,0.03090317813327039,0.0,,90,True
dose_response,0.1,96,203096,Penalized monotone B-spline,0.03209975895461274,0.0,1.0,10,True
dose_response,0.1,96,203096,pyGAM,0.03206215743926734,0.0,1.0,4,True
dose_response,0.1,97,203097,MonotoneLSPIA,0.028053247051120753,0.0,,106,True
dose_response,0.1,97,203097,Penalized monotone B-spline,0.028070857481759394,0.0,0.01,12,True
dose_response,0.1,97,203097,pyGAM,0.027905746466144146,0.0,0.1,3,True
dose_response,0.1,98,203098,MonotoneLSPIA,0.020668458979354636,0.0,,94,True
dose_response,0.1,98,203098,Penalized monotone B-spline,0.02400599923598069,0.0,1.0,9,True
dose_response,0.1,98,203098,pyGAM,0.023639006971160968,0.0,1.0,3,True
dose_response,0.1,99,203099,MonotoneLSPIA,0.02312976502674267,3.3273384048016694e-13,,65,True
dose_response,0.1,99,203099,Penalized monotone B-spline,0.02291498970569069,3.3273384048016694e-13,0.01,8,True
dose_response,0.1,99,203099,pyGAM,0.021450551446533336,1.3928238562499787e-09,0.01,2,True
dose_response,0.1,100,203100,MonotoneLSPIA,0.013211233444243782,5.545564008002782e-13,,84,True
dose_response,0.1,100,203100,Penalized monotone B-spline,0.01648764605544858,4.4364512064022255e-13,1.0,10,True
dose_response,0.1,100,203100,pyGAM,0.016497886840639936,1.7000481022931442e-09,1.0,3,True
cdf_plateau,0.02,1,301001,MonotoneLSPIA,0.010984603773277257,4.159173006001971e-14,,51,True
cdf_plateau,0.02,1,301001,Penalized monotone B-spline,0.011003943422502096,4.159173006001971e-14,0.01,10,True
cdf_plateau,0.02,1,301001,pyGAM,0.010970751501162654,4.944424869535281e-10,0.01,2,True
cdf_plateau,0.02,2,301002,MonotoneLSPIA,0.011123010649764346,4.4364512064022255e-13,,45,True
cdf_plateau,0.02,2,301002,Penalized monotone B-spline,0.011112040226739369,4.436451206401733e-13,0.01,9,True
cdf_plateau,0.02,2,301002,pyGAM,0.011094316968999375,6.585357259503304e-10,0.01,2,True
cdf_plateau,0.02,3,301003,MonotoneLSPIA,0.011675207605046001,5.545564008002782e-13,,53,True
cdf_plateau,0.02,3,301003,Penalized monotone B-spline,0.011675197741220307,3.3273384048016694e-13,1e-08,9,True
cdf_plateau,0.02,3,301003,pyGAM,0.011733063409391196,7.470983831581348e-10,0.01,2,True
cdf_plateau,0.02,4,301004,MonotoneLSPIA,0.010344050777349623,4.4364512064022255e-13,,41,True
cdf_plateau,0.02,4,301004,Penalized monotone B-spline,0.010344079528823867,3.3273384048016694e-13,1e-08,10,True
cdf_plateau,0.02,4,301004,pyGAM,0.010314353556760386,5.703058025830061e-10,0.001,5,True
cdf_plateau,0.02,5,301005,MonotoneLSPIA,0.010831460960614398,0.0,,84,True
cdf_plateau,0.02,5,301005,Penalized monotone B-spline,0.010831456196594891,0.0,1e-08,12,True
cdf_plateau,0.02,5,301005,pyGAM,0.011057245666056965,0.0,0.01,3,True
cdf_plateau,0.02,6,301006,MonotoneLSPIA,0.010852151873063825,3.3273384048016694e-13,,52,True
cdf_plateau,0.02,6,301006,Penalized monotone B-spline,0.010853137124467064,3.3273384048016694e-13,0.01,9,True
cdf_plateau,0.02,6,301006,pyGAM,0.010851269164236095,3.604616605201808e-10,0.01,2,True
cdf_plateau,0.02,7,301007,MonotoneLSPIA,0.010277285018561368,3.3273384048016694e-13,,63,True
cdf_plateau,0.02,7,301007,Penalized monotone B-spline,0.010277281617281574,3.3273384048016694e-13,1e-08,10,True
cdf_plateau,0.02,7,301007,pyGAM,0.01029420474523109,3.552488303526582e-10,0.01,2,True
cdf_plateau,0.02,8,301008,MonotoneLSPIA,0.010443977941391425,3.3273384048016694e-13,,52,True
cdf_plateau,0.02,8,301008,Penalized monotone B-spline,0.010443977486324692,3.3273384048016694e-13,1e-08,10,True
cdf_plateau,0.02,8,301008,pyGAM,0.01046421639092382,6.247077855015047e-10,0.01,2,True
cdf_plateau,0.02,9,301009,MonotoneLSPIA,0.01073695944983132,3.3273384048016694e-13,,35,True
cdf_plateau,0.02,9,301009,Penalized monotone B-spline,0.010736947802952439,3.3273384048016694e-13,1e-08,10,True
cdf_plateau,0.02,9,301009,pyGAM,0.010671068803516122,6.442836264497632e-10,0.001,5,True
cdf_plateau,0.02,10,301010,MonotoneLSPIA,0.01054038132543437,3.3273384048016694e-13,,34,True
cdf_plateau,0.02,10,301010,Penalized monotone B-spline,0.010540375311011959,4.4364512064022255e-13,1e-08,8,True
cdf_plateau,0.02,10,301010,pyGAM,0.010553971172063921,8.156415542970492e-10,0.01,2,True
cdf_plateau,0.02,11,301011,MonotoneLSPIA,0.01086748372997586,3.3273384048016694e-13,,73,True
cdf_plateau,0.02,11,301011,Penalized monotone B-spline,0.010867483621852707,4.436451206401733e-13,1e-08,10,True
cdf_plateau,0.02,11,301011,pyGAM,0.010790443872780088,1.0898142388527067e-09,0.01,4,True
cdf_plateau,0.02,12,301012,MonotoneLSPIA,0.011166541150973682,0.0,,76,True
cdf_plateau,0.02,12,301012,Penalized monotone B-spline,0.011166545401732243,0.0,1e-08,12,True
cdf_plateau,0.02,12,301012,pyGAM,0.011105036593222024,0.0,0.01,2,True
cdf_plateau,0.02,13,301013,MonotoneLSPIA,0.011005191062498296,2.7727820040013524e-14,,73,True
cdf_plateau,0.02,13,301013,Penalized monotone B-spline,0.01100518614528714,2.7727820040013524e-14,1e-08,8,True
cdf_plateau,0.02,13,301013,pyGAM,0.011066882288470485,4.409277942762951e-10,0.01,2,True
cdf_plateau,0.02,14,301014,MonotoneLSPIA,0.010992198533604518,3.3273384048016694e-13,,28,True
cdf_plateau,0.02,14,301014,Penalized monotone B-spline,0.010992062242820722,4.4364512064022255e-13,0.0001,7,True
cdf_plateau,0.02,14,301014,pyGAM,0.010977657692605107,7.000720003702712e-10,0.01,2,True
cdf_plateau,0.02,15,301015,MonotoneLSPIA,0.011127149239246095,3.3273384048016694e-13,,50,True
cdf_plateau,0.02,15,301015,Penalized monotone B-spline,0.01112990364297439,3.3273384048016694e-13,0.01,8,True
cdf_plateau,0.02,15,301015,pyGAM,0.011124910305908928,5.963699534206192e-10,0.01,2,True
cdf_plateau,0.02,16,301016,MonotoneLSPIA,0.01076862479749733,4.436451206401733e-13,,35,True
cdf_plateau,0.02,16,301016,Penalized monotone B-spline,0.010768614924399395,3.3273384048016694e-13,1e-08,9,True
cdf_plateau,0.02,16,301016,pyGAM,0.010765845597863139,4.2667569477573404e-10,0.001,6,True
cdf_plateau,0.02,17,301017,MonotoneLSPIA,0.010363844723534198,4.4364512064022255e-13,,48,True
cdf_plateau,0.02,17,301017,Penalized monotone B-spline,0.0103638324288332,4.4364512064022255e-13,1e-08,9,True
cdf_plateau,0.02,17,301017,pyGAM,0.010333859907048121,4.493015959283854e-10,0.01,2,True
cdf_plateau,0.02,18,301018,MonotoneLSPIA,0.010537112510301056,4.4364512064022255e-13,,26,True
cdf_plateau,0.02,18,301018,Penalized monotone B-spline,0.010537112575334094,3.3273384048016694e-13,1e-08,7,True
cdf_plateau,0.02,18,301018,pyGAM,0.010504767452843,4.692101707171153e-10,0.01,2,True
cdf_plateau,0.02,19,301019,MonotoneLSPIA,0.010215254018160666,3.3273384048016694e-13,,32,True
cdf_plateau,0.02,19,301019,Penalized monotone B-spline,0.010226431623863844,3.3273384048013003e-13,0.01,6,True
cdf_plateau,0.02,19,301019,pyGAM,0.010229302804865247,1.0040798192889559e-09,0.01,2,True
cdf_plateau,0.02,20,301020,MonotoneLSPIA,0.010371319674666132,3.3273384048016694e-13,,54,True
cdf_plateau,0.02,20,301020,Penalized monotone B-spline,0.010371324156949968,3.3273384048016694e-13,1e-08,8,True
cdf_plateau,0.02,20,301020,pyGAM,0.010402927000570121,3.002368353932373e-10,0.01,2,True
cdf_plateau,0.02,21,301021,MonotoneLSPIA,0.010412653022059995,4.159173006001993e-14,,72,True
cdf_plateau,0.02,21,301021,Penalized monotone B-spline,0.01041267517325801,2.7727820040013524e-14,1e-08,8,True
cdf_plateau,0.02,21,301021,pyGAM,0.010421944745540566,4.671583120341414e-10,0.01,2,True
cdf_plateau,0.02,22,301022,MonotoneLSPIA,0.010640880337420777,4.4364512064022255e-13,,31,True
cdf_plateau,0.02,22,301022,Penalized monotone B-spline,0.010640880563743288,3.3273384048016694e-13,1e-08,7,True
cdf_plateau,0.02,22,301022,pyGAM,0.010637601913413937,4.509098094907062e-10,0.01,2,True
cdf_plateau,0.02,23,301023,MonotoneLSPIA,0.011047198389144057,3.3273384048016694e-13,,71,True
cdf_plateau,0.02,23,301023,Penalized monotone B-spline,0.011047198706462036,3.3273384048016694e-13,1e-08,12,True
cdf_plateau,0.02,23,301023,pyGAM,0.010857813961503798,1.8633095066889346e-10,0.01,2,True
cdf_plateau,0.02,24,301024,MonotoneLSPIA,0.011405189163392374,3.3273384048016694e-13,,51,True
cdf_plateau,0.02,24,301024,Penalized monotone B-spline,0.011405190648732725,3.3273384048016694e-13,1e-08,8,True
cdf_plateau,0.02,24,301024,pyGAM,0.011374194607184869,6.671313501627346e-10,0.01,2,True
cdf_plateau,0.02,25,301025,MonotoneLSPIA,0.010844975741358289,0.0,,74,True
cdf_plateau,0.02,25,301025,Penalized monotone B-spline,0.010844975478693739,0.0,1e-08,9,True
cdf_plateau,0.02,25,301025,pyGAM,0.010864284345933681,0.0,0.01,2,True
cdf_plateau,0.02,26,301026,MonotoneLSPIA,0.01083263529260991,3.3273384048013003e-13,,64,True
cdf_plateau,0.02,26,301026,Penalized monotone B-spline,0.010832635802047045,2.2182256032011127e-13,1e-08,11,True
cdf_plateau,0.02,26,301026,pyGAM,0.010817790673742328,5.432434502239525e-10,0.01,2,True
cdf_plateau,0.02,27,301027,MonotoneLSPIA,0.0106492168539663,2.7727820040013332e-14,,65,True
cdf_plateau,0.02,27,301027,Penalized monotone B-spline,0.0106661890865195,2.7727820040013524e-14,0.01,10,True
cdf_plateau,0.02,27,301027,pyGAM,0.010661313655133713,2.435057155913988e-10,0.01,2,True
cdf_plateau,0.02,28,301028,MonotoneLSPIA,0.011405795862020894,0.0,,97,True
cdf_plateau,0.02,28,301028,Penalized monotone B-spline,0.011405838450549483,0.0,1e-08,10,True
cdf_plateau,0.02,28,301028,pyGAM,0.01139006237547963,0.0,0.01,2,True
cdf_plateau,0.02,29,301029,MonotoneLSPIA,0.010424499765426587,3.3273384048016694e-13,,48,True
cdf_plateau,0.02,29,301029,Penalized monotone B-spline,0.010424509282397682,3.3273384048016694e-13,1e-08,11,True
cdf_plateau,0.02,29,301029,pyGAM,0.010426449488279676,2.4489210659340286e-10,0.01,2,True
cdf_plateau,0.02,30,301030,MonotoneLSPIA,0.010798727503122002,2.772782004001391e-14,,72,True
cdf_plateau,0.02,30,301030,Penalized monotone B-spline,0.010798902444832469,2.772782004001391e-14,0.0001,11,True
cdf_plateau,0.02,30,301030,pyGAM,0.010755516947708607,4.948861320741683e-10,0.01,2,True
cdf_plateau,0.02,31,301031,MonotoneLSPIA,0.011115391451351946,4.159173006001993e-14,,48,True
cdf_plateau,0.02,31,301031,Penalized monotone B-spline,0.011137145068881771,4.159173006001993e-14,0.01,9,True
cdf_plateau,0.02,31,301031,pyGAM,0.011105329559922604,3.8702491211851416e-10,0.01,2,True
cdf_plateau,0.02,32,301032,MonotoneLSPIA,0.011092296416120058,4.159173006001993e-14,,61,True
cdf_plateau,0.02,32,301032,Penalized monotone B-spline,0.011104112532369585,2.7727820040013524e-14,0.01,9,True
cdf_plateau,0.02,32,301032,pyGAM,0.01109219868669293,3.479286858620897e-10,0.01,2,True
cdf_plateau,0.02,33,301033,MonotoneLSPIA,0.011661022776805866,4.159173006002087e-14,,73,True
cdf_plateau,0.02,33,301033,Penalized monotone B-spline,0.01166645662080344,2.772782004001391e-14,0.01,7,True
cdf_plateau,0.02,33,301033,pyGAM,0.01167323509764354,3.352847999238482e-10,0.01,2,True
cdf_plateau,0.02,34,301034,MonotoneLSPIA,0.011336592105721834,3.3273384048016694e-13,,54,True
cdf_plateau,0.02,34,301034,Penalized monotone B-spline,0.011355847393349576,4.4364512064022255e-13,0.01,10,True
cdf_plateau,0.02,34,301034,pyGAM,0.011274834438139016,6.277578457059149e-10,0.01,2,True
cdf_plateau,0.02,35,301035,MonotoneLSPIA,0.010346986189350609,4.4364512064022255e-13,,48,True
cdf_plateau,0.02,35,301035,Penalized monotone B-spline,0.010346982832064129,3.3273384048016694e-13,0.0001,10,True
cdf_plateau,0.02,35,301035,pyGAM,0.010340752217781333,5.088609533743353e-10,0.01,2,True
cdf_plateau,0.02,36,301036,MonotoneLSPIA,0.011477249545391621,3.3273384048016694e-13,,55,True
cdf_plateau,0.02,36,301036,Penalized monotone B-spline,0.01147708343894211,3.3273384048016694e-13,0.0001,9,True
cdf_plateau,0.02,36,301036,pyGAM,0.011455634584024078,7.377818356246901e-10,0.01,2,True
cdf_plateau,0.02,37,301037,MonotoneLSPIA,0.010290258532744347,3.3273384048016694e-13,,33,True
cdf_plateau,0.02,37,301037,Penalized monotone B-spline,0.01027977061360129,4.4364512064022255e-13,0.01,6,True
cdf_plateau,0.02,37,301037,pyGAM,0.010260090071924842,7.704452076318265e-10,0.01,2,True
cdf_plateau,0.02,38,301038,MonotoneLSPIA,0.010246280838134019,2.772782004001391e-14,,60,True
cdf_plateau,0.02,38,301038,Penalized monotone B-spline,0.010249248109703858,4.159173006001971e-14,0.01,8,True
cdf_plateau,0.02,38,301038,pyGAM,0.010297720897829325,4.1009445839180573e-10,0.1,2,True
cdf_plateau,0.02,39,301039,MonotoneLSPIA,0.011277000913304936,4.4364512064022255e-13,,55,True
cdf_plateau,0.02,39,301039,Penalized monotone B-spline,0.01125654552316882,4.4364512064022255e-13,0.01,11,True
cdf_plateau,0.02,39,301039,pyGAM,0.011169397749686274,2.522122510839665e-10,0.01,2,True
cdf_plateau,0.02,40,301040,MonotoneLSPIA,0.010973436083407206,2.7727820040013332e-14,,63,True
cdf_plateau,0.02,40,301040,Penalized monotone B-spline,0.011125942723367362,4.159173006001993e-14,0.01,9,True
cdf_plateau,0.02,40,301040,pyGAM,0.01112292215805974,5.74021330468352e-10,0.01,2,True
cdf_plateau,0.02,41,301041,MonotoneLSPIA,0.010665513406231888,0.0,,74,True
cdf_plateau,0.02,41,301041,Penalized monotone B-spline,0.010665516162380151,0.0,1e-08,10,True
cdf_plateau,0.02,41,301041,pyGAM,0.010655685027218264,0.0,0.01,2,True
cdf_plateau,0.02,42,301042,MonotoneLSPIA,0.011012994230700918,0.0,,81,True
cdf_plateau,0.02,42,301042,Penalized monotone B-spline,0.011012251829871037,0.0,0.01,10,True
cdf_plateau,0.02,42,301042,pyGAM,0.01099753717632731,0.0,0.01,2,True
cdf_plateau,0.02,43,301043,MonotoneLSPIA,0.010501654051859663,4.4364512064022255e-13,,57,True
cdf_plateau,0.02,43,301043,Penalized monotone B-spline,0.010501654511001452,3.3273384048016694e-13,1e-08,8,True
cdf_plateau,0.02,43,301043,pyGAM,0.010464044254761532,6.076829039969448e-10,0.01,2,True
cdf_plateau,0.02,44,301044,MonotoneLSPIA,0.011013715018713293,0.0,,84,True
cdf_plateau,0.02,44,301044,Penalized monotone B-spline,0.010995202085713085,0.0,0.01,13,True
cdf_plateau,0.02,44,301044,pyGAM,0.010989041433961701,0.0,0.001,5,True
cdf_plateau,0.02,45,301045,MonotoneLSPIA,0.010748200491779727,4.1591730060019996e-14,,40,True
cdf_plateau,0.02,45,301045,Penalized monotone B-spline,0.01074759019245135,4.159173006002087e-14,0.01,9,True
cdf_plateau,0.02,45,301045,pyGAM,0.010696789408626688,1.0599791044896518e-09,0.01,2,True
cdf_plateau,0.02,46,301046,MonotoneLSPIA,0.011112241700172857,2.7727820040013524e-14,,60,True
cdf_plateau,0.02,46,301046,Penalized monotone B-spline,0.011112241955414045,2.7727820040013524e-14,1e-08,10,True
cdf_plateau,0.02,46,301046,pyGAM,0.011023172742855485,3.534187942300124e-10,0.01,2,True
cdf_plateau,0.02,47,301047,MonotoneLSPIA,0.010324011090190748,4.4364512064022255e-13,,48,True
cdf_plateau,0.02,47,301047,Penalized monotone B-spline,0.010324010872336422,4.4364512064022255e-13,1e-08,11,True
cdf_plateau,0.02,47,301047,pyGAM,0.010336548002005414,5.206175490713011e-10,0.01,2,True
cdf_plateau,0.02,48,301048,MonotoneLSPIA,0.011088625970589561,3.3273384048016694e-13,,27,True
cdf_plateau,0.02,48,301048,Penalized monotone B-spline,0.011088625882044031,4.4364512064022255e-13,1e-08,7,True
cdf_plateau,0.02,48,301048,pyGAM,0.011119162434046606,7.437155891132531e-10,0.01,2,True
cdf_plateau,0.02,49,301049,MonotoneLSPIA,0.011177848466389877,0.0,,100,True
cdf_plateau,0.02,49,301049,Penalized monotone B-spline,0.011205562046670425,0.0,0.01,9,True
cdf_plateau,0.02,49,301049,pyGAM,0.011160414147305538,0.0,0.01,2,True
cdf_plateau,0.02,50,301050,MonotoneLSPIA,0.010298956676910297,3.3273384048016694e-13,,65,True
cdf_plateau,0.02,50,301050,Penalized monotone B-spline,0.010298958608777728,3.3273384048016694e-13,1e-08,7,True
cdf_plateau,0.02,50,301050,pyGAM,0.010302331574570403,6.04022831751663e-10,0.01,2,True
cdf_plateau,0.02,51,301051,MonotoneLSPIA,0.011709314694585051,4.159173006001971e-14,,45,True
cdf_plateau,0.02,51,301051,Penalized monotone B-spline,0.011709579121341329,4.159173006002087e-14,0.0001,10,True
cdf_plateau,0.02,51,301051,pyGAM,0.011947498938008448,3.2519187342928314e-10,0.1,2,True
cdf_plateau,0.02,52,301052,MonotoneLSPIA,0.010595004259435537,3.3273384048016694e-13,,37,True
cdf_plateau,0.02,52,301052,Penalized monotone B-spline,0.010595008093538088,3.3273384048016694e-13,1e-08,8,True
cdf_plateau,0.02,52,301052,pyGAM,0.010518418510287335,4.1913372772485027e-10,0.01,2,True
cdf_plateau,0.02,53,301053,MonotoneLSPIA,0.01076067736351762,4.159173006001993e-14,,51,True
cdf_plateau,0.02,53,301053,Penalized monotone B-spline,0.010771678237013225,4.159173006001971e-14,0.01,8,True
cdf_plateau,0.02,53,301053,pyGAM,0.010776870242604066,6.294769705483609e-10,0.01,2,True
cdf_plateau,0.02,54,301054,MonotoneLSPIA,0.010669379352826504,4.159173006001971e-14,,41,True
cdf_plateau,0.02,54,301054,Penalized monotone B-spline,0.01064218411186765,2.772782004001391e-14,0.01,6,True
cdf_plateau,0.02,54,301054,pyGAM,0.010431592109072898,1.0096253832969585e-09,0.1,2,True
cdf_plateau,0.02,55,301055,MonotoneLSPIA,0.01037319287722518,3.3273384048016694e-13,,27,True
cdf_plateau,0.02,55,301055,Penalized monotone B-spline,0.010352250572652256,4.4364512064022255e-13,0.01,6,True
cdf_plateau,0.02,55,301055,pyGAM,0.01035273820229271,4.66492844353194e-10,0.01,2,True
cdf_plateau,0.02,56,301056,MonotoneLSPIA,0.01096104414332842,2.7727820040013524e-14,,63,True
cdf_plateau,0.02,56,301056,Penalized monotone B-spline,0.010961208796770452,2.7727820040013524e-14,0.0001,9,True
cdf_plateau,0.02,56,301056,pyGAM,0.01099100795144167,3.5147784682721145e-10,0.01,2,True
cdf_plateau,0.02,57,301057,MonotoneLSPIA,0.010580015039607232,4.1591730060020287e-14,,47,True
cdf_plateau,0.02,57,301057,Penalized monotone B-spline,0.01058001638860706,4.1591730060019996e-14,1e-08,9,True
cdf_plateau,0.02,57,301057,pyGAM,0.010590451110477158,1.9431656284041478e-10,0.001,6,True
cdf_plateau,0.02,58,301058,MonotoneLSPIA,0.010661850633826067,3.3273384048016694e-13,,72,True
cdf_plateau,0.02,58,301058,Penalized monotone B-spline,0.010661850220344576,3.3273384048016694e-13,1e-08,10,True
cdf_plateau,0.02,58,301058,pyGAM,0.010649226375250958,2.897002637780653e-10,0.01,2,True
cdf_plateau,0.02,59,301059,MonotoneLSPIA,0.01067418857779539,4.4364512064022255e-13,,57,True
cdf_plateau,0.02,59,301059,Penalized monotone B-spline,0.010674577774698801,3.3273384048016694e-13,0.01,11,True
cdf_plateau,0.02,59,301059,pyGAM,0.010640512097329547,4.6560555411191357e-10,0.01,2,True
cdf_plateau,0.02,60,301060,MonotoneLSPIA,0.011017020914902104,4.4364512064022255e-13,,70,True
cdf_plateau,0.02,60,301060,Penalized monotone B-spline,0.011017027513418985,3.3273384048016694e-13,1e-08,12,True
cdf_plateau,0.02,60,301060,pyGAM,0.011023472971956851,7.322362716166874e-10,0.01,2,True
cdf_plateau,0.02,61,301061,MonotoneLSPIA,0.01047708784344739,3.3273384048016694e-13,,34,True
cdf_plateau,0.02,61,301061,Penalized monotone B-spline,0.010477088057185661,3.3273384048016694e-13,1e-08,8,True
cdf_plateau,0.02,61,301061,pyGAM,0.010445721151391474,7.368945453834097e-10,0.001,6,True
cdf_plateau,0.02,62,301062,MonotoneLSPIA,0.011829370450653978,3.3273384048016694e-13,,66,True
cdf_plateau,0.02,62,301062,Penalized monotone B-spline,0.011863685355586701,0.0,0.01,13,True
cdf_plateau,0.02,62,301062,pyGAM,0.011854480482138245,0.0,0.01,2,True
cdf_plateau,0.02,63,301063,MonotoneLSPIA,0.011075718220727181,2.772782004001391e-14,,51,True
cdf_plateau,0.02,63,301063,Penalized monotone B-spline,0.011089474410474798,4.159173006001971e-14,0.01,9,True
cdf_plateau,0.02,63,301063,pyGAM,0.01109559451003223,6.79387046620402e-10,0.01,2,True
cdf_plateau,0.02,64,301064,MonotoneLSPIA,0.0109673961668474,0.0,,90,True
cdf_plateau,0.02,64,301064,Penalized monotone B-spline,0.010967411609990369,0.0,1e-08,12,True
cdf_plateau,0.02,64,301064,pyGAM,0.01093743030788515,0.0,0.01,2,True
cdf_plateau,0.02,65,301065,MonotoneLSPIA,0.01093489651174376,3.3273384048016694e-13,,51,True
cdf_plateau,0.02,65,301065,Penalized monotone B-spline,0.010914017619243866,4.4364512064022255e-13,0.01,8,True
cdf_plateau,0.02,65,301065,pyGAM,0.010903164231623342,5.878297848482949e-10,0.01,2,True
cdf_plateau,0.02,66,301066,MonotoneLSPIA,0.011741629598330371,0.0,,97,True
cdf_plateau,0.02,66,301066,Penalized monotone B-spline,0.011741624370258342,0.0,1e-08,11,True
cdf_plateau,0.02,66,301066,pyGAM,0.011693888285200542,0.0,0.01,2,True
cdf_plateau,0.02,67,301067,MonotoneLSPIA,0.01039097784011143,3.3273384048016694e-13,,46,True
cdf_plateau,0.02,67,301067,Penalized monotone B-spline,0.010391009039487592,3.3273384048016694e-13,1e-08,6,True
cdf_plateau,0.02,67,301067,pyGAM,0.010394392554287438,6.818825504240221e-10,0.01,2,True
cdf_plateau,0.02,68,301068,MonotoneLSPIA,0.010887235301634456,4.436451206401733e-13,,25,True
cdf_plateau,0.02,68,301068,Penalized monotone B-spline,0.010887231121763529,3.3273384048016694e-13,1e-08,8,True
cdf_plateau,0.02,68,301068,pyGAM,0.010859046330512306,4.659382879523938e-10,0.01,2,True
cdf_plateau,0.02,69,301069,MonotoneLSPIA,0.01107930368969383,0.0,,83,True
cdf_plateau,0.02,69,301069,Penalized monotone B-spline,0.011093481931937401,0.0,0.01,13,True
cdf_plateau,0.02,69,301069,pyGAM,0.011059985771479559,0.0,0.01,2,True
cdf_plateau,0.02,70,301070,MonotoneLSPIA,0.011655266614328958,0.0,,65,True
cdf_plateau,0.02,70,301070,Penalized monotone B-spline,0.011661324754205428,0.0,0.01,13,True
cdf_plateau,0.02,70,301070,pyGAM,0.011643107448971188,0.0,0.01,2,True
cdf_plateau,0.02,71,301071,MonotoneLSPIA,0.010668958898192187,4.159173006001993e-14,,45,True
cdf_plateau,0.02,71,301071,Penalized monotone B-spline,0.010668963456398535,4.1591730060019996e-14,1e-08,9,True
cdf_plateau,0.02,71,301071,pyGAM,0.010700051648981485,5.065872721310541e-10,0.01,2,True
cdf_plateau,0.02,72,301072,MonotoneLSPIA,0.011362095390555263,3.3273384048016694e-13,,46,True
cdf_plateau,0.02,72,301072,Penalized monotone B-spline,0.01140131780508145,3.3273384048016694e-13,0.01,8,True
cdf_plateau,0.02,72,301072,pyGAM,0.01132939464968699,4.976589140781696e-10,0.001,5,True
cdf_plateau,0.02,73,301073,MonotoneLSPIA,0.010655190301962611,3.3273384048016694e-13,,45,True
cdf_plateau,0.02,73,301073,Penalized monotone B-spline,0.010655180630329029,3.3273384048016694e-13,1e-08,9,True
cdf_plateau,0.02,73,301073,pyGAM,0.01062664659195336,8.359383185663393e-10,0.01,2,True
cdf_plateau,0.02,74,301074,MonotoneLSPIA,0.011069454011064992,4.1591730060019996e-14,,62,True
cdf_plateau,0.02,74,301074,Penalized monotone B-spline,0.011069453008215725,4.1591730060019996e-14,1e-08,9,True
cdf_plateau,0.02,74,301074,pyGAM,0.011083831161649897,8.983813692964382e-11,0.01,2,True
cdf_plateau,0.02,75,301075,MonotoneLSPIA,0.010565076383978972,4.436451206401733e-13,,49,True
cdf_plateau,0.02,75,301075,Penalized monotone B-spline,0.010565183793125878,4.4364512064022255e-13,0.0001,10,True
cdf_plateau,0.02,75,301075,pyGAM,0.010577368368728109,7.681715263885453e-10,0.01,2,True
cdf_plateau,0.02,76,301076,MonotoneLSPIA,0.010739950086151013,0.0,,95,True
cdf_plateau,0.02,76,301076,Penalized monotone B-spline,0.010739950164908802,0.0,1e-08,12,True
cdf_plateau,0.02,76,301076,pyGAM,0.010711206958793877,0.0,0.01,2,True
cdf_plateau,0.02,77,301077,MonotoneLSPIA,0.011002515752144856,4.4364512064022255e-13,,27,True
cdf_plateau,0.02,77,301077,Penalized monotone B-spline,0.011002512565972544,3.3273384048016694e-13,1e-08,7,True
cdf_plateau,0.02,77,301077,pyGAM,0.011009257990066001,5.990318241444605e-10,0.01,2,True
cdf_plateau,0.02,78,301078,MonotoneLSPIA,0.011448595133266615,0.0,,96,True
cdf_plateau,0.02,78,301078,Penalized monotone B-spline,0.011489889756001669,0.0,0.01,11,True
cdf_plateau,0.02,78,301078,pyGAM,0.011487995288072672,0.0,0.01,2,True
cdf_plateau,0.02,79,301079,MonotoneLSPIA,0.011282955803518376,0.0,,80,True
cdf_plateau,0.02,79,301079,Penalized monotone B-spline,0.011289208202095244,0.0,0.01,11,True
cdf_plateau,0.02,79,301079,pyGAM,0.011271101760035276,0.0,0.01,2,True
cdf_plateau,0.02,80,301080,MonotoneLSPIA,0.01032327327765275,3.3273384048016694e-13,,51,True
cdf_plateau,0.02,80,301080,Penalized monotone B-spline,0.010323273984540561,3.3273384048016694e-13,1e-08,10,True
cdf_plateau,0.02,80,301080,pyGAM,0.010302162493504432,5.397497448989108e-10,0.01,2,True
cdf_plateau,0.02,81,301081,MonotoneLSPIA,0.010691646410988341,0.0,,73,True
cdf_plateau,0.02,81,301081,Penalized monotone B-spline,0.010691649107486937,0.0,1e-08,10,True
cdf_plateau,0.02,81,301081,pyGAM,0.010684752828341618,0.0,0.01,2,True
cdf_plateau,0.02,82,301082,MonotoneLSPIA,0.010652572875758885,2.7727820040013524e-14,,75,True
cdf_plateau,0.02,82,301082,Penalized monotone B-spline,0.010670770380674923,2.7727820040013524e-14,0.01,10,True
cdf_plateau,0.02,82,301082,pyGAM,0.010643892758775577,2.8814750585581655e-10,0.001,4,True
cdf_plateau,0.02,83,301083,MonotoneLSPIA,0.010982347273439688,3.3273384048013003e-13,,65,True
cdf_plateau,0.02,83,301083,Penalized monotone B-spline,0.011005618417840379,3.3273384048016694e-13,0.01,11,True
cdf_plateau,0.02,83,301083,pyGAM,0.010971467032731856,8.65107985248434e-10,0.01,2,True
cdf_plateau,0.02,84,301084,MonotoneLSPIA,0.011571806241985704,4.4364512064022255e-13,,66,True
cdf_plateau,0.02,84,301084,Penalized monotone B-spline,0.011571823903246771,3.3273384048016694e-13,1e-08,9,True
cdf_plateau,0.02,84,301084,pyGAM,0.011481328283437514,8.09430522608086e-10,0.01,2,True
cdf_plateau,0.02,85,301085,MonotoneLSPIA,0.011791157300382608,2.772782004001391e-14,,49,True
cdf_plateau,0.02,85,301085,Penalized monotone B-spline,0.011791149943259924,2.772782004001391e-14,1e-08,10,True
cdf_plateau,0.02,85,301085,pyGAM,0.011746858159406388,3.414958316128113e-10,0.001,5,True
cdf_plateau,0.02,86,301086,MonotoneLSPIA,0.010673358049940417,3.3273384048016694e-13,,55,True
cdf_plateau,0.02,86,301086,Penalized monotone B-spline,0.01067336161663673,4.4364512064022255e-13,1e-08,8,True
cdf_plateau,0.02,86,301086,pyGAM,0.01068607426484488,7.113849509465969e-10,0.001,6,True
cdf_plateau,0.02,87,301087,MonotoneLSPIA,0.010965630588616024,4.159173006001993e-14,,42,True
cdf_plateau,0.02,87,301087,Penalized monotone B-spline,0.010985879649044164,2.772782004001391e-14,0.01,8,True
cdf_plateau,0.02,87,301087,pyGAM,0.011193244926523712,5.047017803683192e-10,0.1,2,True
cdf_plateau,0.02,88,301088,MonotoneLSPIA,0.010737786227545627,2.772782004001391e-14,,50,True
cdf_plateau,0.02,88,301088,Penalized monotone B-spline,0.01073540542522777,4.159173006001993e-14,0.01,8,True
cdf_plateau,0.02,88,301088,pyGAM,0.010683192704197068,6.949146258428093e-10,0.01,2,True
cdf_plateau,0.02,89,301089,MonotoneLSPIA,0.010491701322908624,0.0,,97,True
cdf_plateau,0.02,89,301089,Penalized monotone B-spline,0.010491699537772762,0.0,1e-08,11,True
cdf_plateau,0.02,89,301089,pyGAM,0.010478185642825327,0.0,0.001,5,True
cdf_plateau,0.02,90,301090,MonotoneLSPIA,0.012865143937994374,0.0,,65,True
cdf_plateau,0.02,90,301090,Penalized monotone B-spline,0.012855701351841532,0.0,0.01,13,True
cdf_plateau,0.02,90,301090,pyGAM,0.012786182821130403,0.0,0.01,2,True
cdf_plateau,0.02,91,301091,MonotoneLSPIA,0.012315872821942154,2.2182256032011127e-13,,55,True
cdf_plateau,0.02,91,301091,Penalized monotone B-spline,0.012315927659167681,3.3273384048016694e-13,1e-08,10,True
cdf_plateau,0.02,91,301091,pyGAM,0.012340794221990439,5.609892550495614e-10,0.01,2,True
cdf_plateau,0.02,92,301092,MonotoneLSPIA,0.010584373143822151,3.3273384048016694e-13,,41,True
cdf_plateau,0.02,92,301092,Penalized monotone B-spline,0.010606102245701243,3.3273384048016694e-13,0.01,10,True
cdf_plateau,0.02,92,301092,pyGAM,0.010533421118972238,8.310582222392969e-10,0.01,2,True
cdf_plateau,0.02,93,301093,MonotoneLSPIA,0.010892391566964034,0.0,,97,True
cdf_plateau,0.02,93,301093,Penalized monotone B-spline,0.010908717415630967,0.0,0.01,7,True
cdf_plateau,0.02,93,301093,pyGAM,0.010903137210296808,0.0,0.01,2,True
cdf_plateau,0.02,94,301094,MonotoneLSPIA,0.01055241359837,3.3273384048016694e-13,,53,True
cdf_plateau,0.02,94,301094,Penalized monotone B-spline,0.010552426781294625,4.436451206401733e-13,1e-08,12,True
cdf_plateau,0.02,94,301094,pyGAM,0.010494714679426621,8.927248940082879e-10,0.01,2,True
cdf_plateau,0.02,95,301095,MonotoneLSPIA,0.011500144191935128,0.0,,80,True
cdf_plateau,0.02,95,301095,Penalized monotone B-spline,0.01150010744500563,0.0,0.0001,11,True
cdf_plateau,0.02,95,301095,pyGAM,0.011446436601651674,0.0,0.01,2,True
cdf_plateau,0.02,96,301096,MonotoneLSPIA,0.011626205994955882,4.159173006001971e-14,,63,True
cdf_plateau,0.02,96,301096,Penalized monotone B-spline,0.011626147894823148,4.159173006001971e-14,1e-08,11,True
cdf_plateau,0.02,96,301096,pyGAM,0.011610771789401862,3.3672664656591957e-10,0.001,5,True
cdf_plateau,0.02,97,301097,MonotoneLSPIA,0.0107458723318459,4.159173006001993e-14,,50,True
cdf_plateau,0.02,97,301097,Penalized monotone B-spline,0.01074584054080426,2.772782004001391e-14,1e-08,10,True
cdf_plateau,0.02,97,301097,pyGAM,0.010707340024057505,2.655216047031732e-10,0.001,6,True
cdf_plateau,0.02,98,301098,MonotoneLSPIA,0.010398732721854277,4.4364512064022255e-13,,67,True
cdf_plateau,0.02,98,301098,Penalized monotone B-spline,0.010398732549197036,3.3273384048016694e-13,1e-08,10,True
cdf_plateau,0.02,98,301098,pyGAM,0.010577856960183991,5.796223501164507e-10,0.1,3,True
cdf_plateau,0.02,99,301099,MonotoneLSPIA,0.010775968982138262,0.0,,92,True
cdf_plateau,0.02,99,301099,Penalized monotone B-spline,0.010794363624582269,0.0,0.01,12,True
cdf_plateau,0.02,99,301099,pyGAM,0.010796829514316167,0.0,0.01,2,True
cdf_plateau,0.02,100,301100,MonotoneLSPIA,0.0113709514284292,4.159173006002087e-14,,58,True
cdf_plateau,0.02,100,301100,Penalized monotone B-spline,0.011370950970159398,4.159173006001971e-14,1e-08,7,True
cdf_plateau,0.02,100,301100,pyGAM,0.01136846684481534,0.0,0.01,2,True
cdf_plateau,0.05,1,302001,MonotoneLSPIA,0.01247726709791231,3.3273384048016694e-13,,48,True
cdf_plateau,0.05,1,302001,Penalized monotone B-spline,0.012428205554612291,3.3273384048016694e-13,0.01,10,True
cdf_plateau,0.05,1,302001,pyGAM,0.012000396992866065,1.078445832636301e-09,0.1,2,True
cdf_plateau,0.05,2,302002,MonotoneLSPIA,0.014103085239516932,0.0,,88,True
cdf_plateau,0.05,2,302002,Penalized monotone B-spline,0.014103085376805885,0.0,1e-08,10,True
cdf_plateau,0.05,2,302002,pyGAM,0.014061979799845163,0.0,0.01,2,True
cdf_plateau,0.05,3,302003,MonotoneLSPIA,0.014745320866889214,2.772782004001391e-14,,53,True
cdf_plateau,0.05,3,302003,Penalized monotone B-spline,0.014745261933061898,2.772782004001391e-14,1e-08,9,True
cdf_plateau,0.05,3,302003,pyGAM,0.014784397591143354,1.5133289621438372e-09,0.01,2,True
cdf_plateau,0.05,4,302004,MonotoneLSPIA,0.012454605059439964,3.3273384048016694e-13,,41,True
cdf_plateau,0.05,4,302004,Penalized monotone B-spline,0.012454581272891152,4.4364512064022255e-13,1e-08,8,True
cdf_plateau,0.05,4,302004,pyGAM,0.012455456098376868,7.750480257584581e-10,0.01,2,True
cdf_plateau,0.05,5,302005,MonotoneLSPIA,0.020512049203447975,2.772782004001391e-14,,78,True
cdf_plateau,0.05,5,302005,Penalized monotone B-spline,0.02051205805109572,2.772782004001391e-14,1e-08,11,True
cdf_plateau,0.05,5,302005,pyGAM,0.020195944205105645,0.0,0.01,2,True
cdf_plateau,0.05,6,302006,MonotoneLSPIA,0.015532947659874227,2.772782004001391e-14,,40,True
cdf_plateau,0.05,6,302006,Penalized monotone B-spline,0.015514714202061061,4.159173006001993e-14,0.01,8,True
cdf_plateau,0.05,6,302006,pyGAM,0.015468464654344882,1.3301589829595473e-09,0.01,2,True
cdf_plateau,0.05,7,302007,MonotoneLSPIA,0.013837942812960887,3.3273384048016694e-13,,30,True
cdf_plateau,0.05,7,302007,Penalized monotone B-spline,0.013872958530332926,4.4364512064022255e-13,0.01,8,True
cdf_plateau,0.05,7,302007,pyGAM,0.013885844935464575,1.2728733067568432e-09,0.01,2,True
cdf_plateau,0.05,8,302008,MonotoneLSPIA,0.016131533633206498,0.0,,96,True
cdf_plateau,0.05,8,302008,Penalized monotone B-spline,0.016131519879965025,0.0,1e-08,11,True
cdf_plateau,0.05,8,302008,pyGAM,0.016018670139393273,0.0,0.01,2,True
cdf_plateau,0.05,9,302009,MonotoneLSPIA,0.019133434941027955,3.3273384048016694e-13,,27,True
cdf_plateau,0.05,9,302009,Penalized monotone B-spline,0.018896588364246937,3.3273384048016694e-13,0.01,7,True
cdf_plateau,0.05,9,302009,pyGAM,0.01889492869269509,3.2902940372282104e-09,0.01,2,True
cdf_plateau,0.05,10,302010,MonotoneLSPIA,0.01622946898795233,0.0,,94,True
cdf_plateau,0.05,10,302010,Penalized monotone B-spline,0.016229471068215498,0.0,1e-08,14,True
cdf_plateau,0.05,10,302010,pyGAM,0.015866000825509895,0.0,0.01,2,True
cdf_plateau,0.05,11,302011,MonotoneLSPIA,0.012698632923246174,3.3273384048016694e-13,,37,True
cdf_plateau,0.05,11,302011,Penalized monotone B-spline,0.012698605390749537,3.3273384048016694e-13,1e-08,11,True
cdf_plateau,0.05,11,302011,pyGAM,0.012020743190938191,1.8929782741317495e-09,0.01,2,True
cdf_plateau,0.05,12,302012,MonotoneLSPIA,0.01556910743291681,4.159173006001993e-14,,54,True
cdf_plateau,0.05,12,302012,Penalized monotone B-spline,0.015515068858492057,4.159173006001971e-14,0.01,7,True
cdf_plateau,0.05,12,302012,pyGAM,0.015190041314211375,2.4045565538699396e-09,0.1,2,True
cdf_plateau,0.05,13,302013,MonotoneLSPIA,0.012409298432590792,3.3273384048016694e-13,,26,True
cdf_plateau,0.05,13,302013,Penalized monotone B-spline,0.012449306415346667,4.4364512064022255e-13,0.01,7,True
cdf_plateau,0.05,13,302013,pyGAM,0.012858438768886166,5.621538234912264e-10,0.1,2,True
cdf_plateau,0.05,14,302014,MonotoneLSPIA,0.015557439537294796,4.4364512064022255e-13,,35,True
cdf_plateau,0.05,14,302014,Penalized monotone B-spline,0.015557265564346825,4.4364512064022255e-13,0.0001,9,True
cdf_plateau,0.05,14,302014,pyGAM,0.015440796496472316,9.896613528681765e-10,0.01,2,True
cdf_plateau,0.05,15,302015,MonotoneLSPIA,0.012596938234414766,4.159173006001971e-14,,56,True
cdf_plateau,0.05,15,302015,Penalized monotone B-spline,0.01262070125400752,3.3273384048016694e-13,0.01,8,True
cdf_plateau,0.05,15,302015,pyGAM,0.012549231994938112,9.100825093533365e-10,0.01,4,True
cdf_plateau,0.05,16,302016,MonotoneLSPIA,0.01903085093501066,4.159173006002087e-14,,48,True
cdf_plateau,0.05,16,302016,Penalized monotone B-spline,0.01898992945685843,2.772782004001391e-14,0.01,7,True
cdf_plateau,0.05,16,302016,pyGAM,0.018815487406784813,1.3004902155167324e-09,0.01,2,True
cdf_plateau,0.05,17,302017,MonotoneLSPIA,0.015379314669615455,4.4364512064022255e-13,,52,True
cdf_plateau,0.05,17,302017,Penalized monotone B-spline,0.015366488552832624,3.3273384048016694e-13,0.01,5,True
cdf_plateau,0.05,17,302017,pyGAM,0.015360477581358797,1.1271913402666455e-09,0.01,2,True
cdf_plateau,0.05,18,302018,MonotoneLSPIA,0.017792072891019736,3.3273384048016694e-13,,70,True
cdf_plateau,0.05,18,302018,Penalized monotone B-spline,0.017792070802673105,3.3273384048016694e-13,1e-08,13,True
cdf_plateau,0.05,18,302018,pyGAM,0.017770524969943274,5.097482436156157e-10,0.01,2,True
cdf_plateau,0.05,19,302019,MonotoneLSPIA,0.016852792532375302,2.7727820040013524e-14,,72,True
cdf_plateau,0.05,19,302019,Penalized monotone B-spline,0.016869003283332382,2.7727820040013524e-14,0.01,11,True
cdf_plateau,0.05,19,302019,pyGAM,0.016841267735259492,3.9423414532890955e-10,0.01,2,True
cdf_plateau,0.05,20,302020,MonotoneLSPIA,0.010944121077311051,3.3273384048016694e-13,,57,True
cdf_plateau,0.05,20,302020,Penalized monotone B-spline,0.010932780774790929,3.3273384048016694e-13,0.01,8,True
cdf_plateau,0.05,20,302020,pyGAM,0.01093008657695408,1.204163768697724e-09,0.01,2,True
cdf_plateau,0.05,21,302021,MonotoneLSPIA,0.01300314940005874,3.3273384048016694e-13,,26,True
cdf_plateau,0.05,21,302021,Penalized monotone B-spline,0.01299103267124406,3.3273384048016694e-13,0.01,4,True
cdf_plateau,0.05,21,302021,pyGAM,0.013008382042539242,1.852273834312958e-09,0.1,2,True
cdf_plateau,0.05,22,302022,MonotoneLSPIA,0.011535567653133894,4.4364512064022255e-13,,34,True
cdf_plateau,0.05,22,302022,Penalized monotone B-spline,0.011675810332220453,3.3273384048016694e-13,0.01,10,True
cdf_plateau,0.05,22,302022,pyGAM,0.013139319106898039,2.057570613889215e-09,0.1,2,True
cdf_plateau,0.05,23,302023,MonotoneLSPIA,0.014887886904693774,4.1591730060019996e-14,,58,True
cdf_plateau,0.05,23,302023,Penalized monotone B-spline,0.014887859655831734,4.159173006001993e-14,1e-08,10,True
cdf_plateau,0.05,23,302023,pyGAM,0.016357447105893808,9.650390486726174e-10,0.1,2,True
cdf_plateau,0.05,24,302024,MonotoneLSPIA,0.014316895239368554,3.3273384048016694e-13,,65,True
cdf_plateau,0.05,24,302024,Penalized monotone B-spline,0.014354283165236131,4.4364512064022255e-13,0.01,6,True
cdf_plateau,0.05,24,302024,pyGAM,0.014697019682897395,1.1809833111442725e-09,0.1,2,True
cdf_plateau,0.05,25,302025,MonotoneLSPIA,0.01402658664845,3.3273384048016694e-13,,37,True
cdf_plateau,0.05,25,302025,Penalized monotone B-spline,0.013970070881451673,3.3273384048016694e-13,0.01,8,True
cdf_plateau,0.05,25,302025,pyGAM,0.013843096620372693,2.050860481439589e-09,0.01,2,True
cdf_plateau,0.05,26,302026,MonotoneLSPIA,0.017496893883200467,3.3273384048016694e-13,,72,True
cdf_plateau,0.05,26,302026,Penalized monotone B-spline,0.017556151354881942,3.3273384048016694e-13,0.01,12,True
cdf_plateau,0.05,26,302026,pyGAM,0.017546934653384718,7.906865162610366e-10,0.01,2,True
cdf_plateau,0.05,27,302027,MonotoneLSPIA,0.01232428585415793,0.0,,94,True
cdf_plateau,0.05,27,302027,Penalized monotone B-spline,0.0123242868759215,0.0,1e-08,12,True
cdf_plateau,0.05,27,302027,pyGAM,0.012440548690839062,0.0,0.1,4,True
cdf_plateau,0.05,28,302028,MonotoneLSPIA,0.014415871082159812,3.3273384048016694e-13,,27,True
cdf_plateau,0.05,28,302028,Penalized monotone B-spline,0.014415870020934547,3.3273384048016694e-13,1e-08,4,True
cdf_plateau,0.05,28,302028,pyGAM,0.01443444688060696,1.9341263590710767e-09,0.01,2,True
cdf_plateau,0.05,29,302029,MonotoneLSPIA,0.013882962514243044,0.0,,87,True
cdf_plateau,0.05,29,302029,Penalized monotone B-spline,0.01388241637147258,0.0,0.0001,8,True
cdf_plateau,0.05,29,302029,pyGAM,0.013600497817631965,0.0,0.01,2,True
cdf_plateau,0.05,30,302030,MonotoneLSPIA,0.010386373171379963,4.159173006001993e-14,,71,True
cdf_plateau,0.05,30,302030,Penalized monotone B-spline,0.010376221189584476,2.7727820040013524e-14,0.01,9,True
cdf_plateau,0.05,30,302030,pyGAM,0.010429069876531359,4.675465015147048e-10,0.1,2,True
cdf_plateau,0.05,31,302031,MonotoneLSPIA,0.012260208800362882,4.4364512064022255e-13,,35,True
cdf_plateau,0.05,31,302031,Penalized monotone B-spline,0.012397424692428872,3.3273384048016694e-13,0.01,6,True
cdf_plateau,0.05,31,302031,pyGAM,0.013635744262398875,3.107844981364833e-09,0.1,2,True
cdf_plateau,0.05,32,302032,MonotoneLSPIA,0.013979298326578453,4.436451206401733e-13,,62,True
cdf_plateau,0.05,32,302032,Penalized monotone B-spline,0.014030584038078182,3.3273384048016694e-13,0.01,8,True
cdf_plateau,0.05,32,302032,pyGAM,0.014377426024529795,1.5713910173076682e-09,0.1,4,True
cdf_plateau,0.05,33,302033,MonotoneLSPIA,0.014836801465023738,3.3273384048016694e-13,,48,True
cdf_plateau,0.05,33,302033,Penalized monotone B-spline,0.015141374401091874,3.3273384048016694e-13,0.01,9,True
cdf_plateau,0.05,33,302033,pyGAM,0.017153044367196717,9.614898877075224e-10,0.1,4,True
cdf_plateau,0.05,34,302034,MonotoneLSPIA,0.015310451120281138,4.4364512064022255e-13,,55,True
cdf_plateau,0.05,34,302034,Penalized monotone B-spline,0.015290761818228141,4.4364512064022255e-13,0.01,10,True
cdf_plateau,0.05,34,302034,pyGAM,0.015241176483569402,1.6671074520857964e-09,0.01,2,True
cdf_plateau,0.05,35,302035,MonotoneLSPIA,0.013419385995058543,4.4364512064022255e-13,,62,True
cdf_plateau,0.05,35,302035,Penalized monotone B-spline,0.013419817862847521,3.3273384048016694e-13,0.0001,9,True
cdf_plateau,0.05,35,302035,pyGAM,0.013917929908774546,5.445743855858732e-10,0.1,2,True
cdf_plateau,0.05,36,302036,MonotoneLSPIA,0.016487145040970323,3.3273384048016694e-13,,86,True
cdf_plateau,0.05,36,302036,Penalized monotone B-spline,0.016608959102085916,3.3273384048016694e-13,0.01,11,True
cdf_plateau,0.05,36,302036,pyGAM,0.01768050045535732,6.904227189962698e-10,0.1,2,True
cdf_plateau,0.05,37,302037,MonotoneLSPIA,0.018709175109821327,3.3273384048016694e-13,,57,True
cdf_plateau,0.05,37,302037,Penalized monotone B-spline,0.018709183267645837,4.4364512064022255e-13,1e-08,12,True
cdf_plateau,0.05,37,302037,pyGAM,0.018551886996584516,4.48469761327185e-10,0.001,5,True
cdf_plateau,0.05,38,302038,MonotoneLSPIA,0.01156929802876281,4.1591730060020287e-14,,45,True
cdf_plateau,0.05,38,302038,Penalized monotone B-spline,0.011569306562804308,2.772782004001391e-14,1e-08,7,True
cdf_plateau,0.05,38,302038,pyGAM,0.011585268995361438,2.7617463316253887e-09,0.01,2,True
cdf_plateau,0.05,39,302039,MonotoneLSPIA,0.015389561459294432,3.3273384048016694e-13,,25,True
cdf_plateau,0.05,39,302039,Penalized monotone B-spline,0.015276458426237965,3.3273384048016694e-13,0.01,7,True
cdf_plateau,0.05,39,302039,pyGAM,0.014423564323273817,2.549628508319359e-09,0.1,2,True
cdf_plateau,0.05,40,302040,MonotoneLSPIA,0.01611710778801655,0.0,,87,True
cdf_plateau,0.05,40,302040,Penalized monotone B-spline,0.01614520588222127,0.0,0.01,10,True
cdf_plateau,0.05,40,302040,pyGAM,0.01637134644449434,0.0,0.1,2,True
cdf_plateau,0.05,41,302041,MonotoneLSPIA,0.015751568928571824,0.0,,94,True
cdf_plateau,0.05,41,302041,Penalized monotone B-spline,0.0158745291163572,0.0,0.01,7,True
cdf_plateau,0.05,41,302041,pyGAM,0.01551584031442483,0.0,0.01,2,True
cdf_plateau,0.05,42,302042,MonotoneLSPIA,0.011554426640351168,3.3273384048016694e-13,,34,True
cdf_plateau,0.05,42,302042,Penalized monotone B-spline,0.011539961111713268,3.3273384048016694e-13,0.01,10,True
cdf_plateau,0.05,42,302042,pyGAM,0.011445255435318463,2.334183346608451e-09,0.01,2,True
cdf_plateau,0.05,43,302043,MonotoneLSPIA,0.015280790758315298,4.159173006001993e-14,,45,True
cdf_plateau,0.05,43,302043,Penalized monotone B-spline,0.01528079733458938,5.545564008002657e-14,1e-08,11,True
cdf_plateau,0.05,43,302043,pyGAM,0.015301859392471152,6.572047905883915e-10,0.01,2,True
cdf_plateau,0.05,44,302044,MonotoneLSPIA,0.013378434482952777,4.4364512064022255e-13,,60,True
cdf_plateau,0.05,44,302044,Penalized monotone B-spline,0.013378442620150973,3.3273384048016694e-13,1e-08,8,True
cdf_plateau,0.05,44,302044,pyGAM,0.013436250128961522,3.6190350716226156e-10,0.01,2,True
cdf_plateau,0.05,45,302045,MonotoneLSPIA,0.013344325489965786,2.772782004001391e-14,,45,True
cdf_plateau,0.05,45,302045,Penalized monotone B-spline,0.013344339339457136,4.159173006001971e-14,1e-08,12,True
cdf_plateau,0.05,45,302045,pyGAM,0.012727797673468821,1.5284683518857268e-09,0.01,2,True
cdf_plateau,0.05,46,302046,MonotoneLSPIA,0.017422902336420895,3.3273384048016694e-13,,56,True
cdf_plateau,0.05,46,302046,Penalized monotone B-spline,0.017300516856377634,4.436451206401733e-13,0.01,10,True
cdf_plateau,0.05,46,302046,pyGAM,0.01721536711885855,1.5664000097004658e-09,0.001,5,True
cdf_plateau,0.05,47,302047,MonotoneLSPIA,0.01576913536186849,2.772782004001314e-14,,60,True
cdf_plateau,0.05,47,302047,Penalized monotone B-spline,0.01576961398960269,2.772782004001391e-14,0.0001,11,True
cdf_plateau,0.05,47,302047,pyGAM,0.01481812049147267,1.0019170493258349e-09,0.01,2,True
cdf_plateau,0.05,48,302048,MonotoneLSPIA,0.011686380109787876,3.3273384048016694e-13,,51,True
cdf_plateau,0.05,48,302048,Penalized monotone B-spline,0.011686432363231346,3.3273384048016694e-13,1e-08,10,True
cdf_plateau,0.05,48,302048,pyGAM,0.011682488150994798,1.4183334506867916e-09,0.01,2,True
cdf_plateau,0.05,49,302049,MonotoneLSPIA,0.013703684506466573,3.3273384048016694e-13,,33,True
cdf_plateau,0.05,49,302049,Penalized monotone B-spline,0.013726387694413245,4.4364512064022255e-13,0.01,10,True
cdf_plateau,0.05,49,302049,pyGAM,0.013953329871604954,2.383816144480076e-09,0.1,2,True
cdf_plateau,0.05,50,302050,MonotoneLSPIA,0.011911218648391574,2.772782004001391e-14,,50,True
cdf_plateau,0.05,50,302050,Penalized monotone B-spline,0.011911219131683711,2.772782004001314e-14,1e-08,10,True
cdf_plateau,0.05,50,302050,pyGAM,0.011870738711252937,1.0076289802540776e-09,0.01,2,True
cdf_plateau,0.05,51,302051,MonotoneLSPIA,0.014831190966036776,2.772782004001391e-14,,86,True
cdf_plateau,0.05,51,302051,Penalized monotone B-spline,0.014889261475436767,4.159173006002087e-14,0.01,12,True
cdf_plateau,0.05,51,302051,pyGAM,0.01482532555037306,3.899640610427556e-10,0.01,2,True
cdf_plateau,0.05,52,302052,MonotoneLSPIA,0.011397660148917544,5.545564008002628e-14,,44,True
cdf_plateau,0.05,52,302052,Penalized monotone B-spline,0.011397678987314036,4.159173006001993e-14,1e-08,9,True
cdf_plateau,0.05,52,302052,pyGAM,0.011416052827204233,9.98201521440487e-10,0.001,5,True
cdf_plateau,0.05,53,302053,MonotoneLSPIA,0.016259876901964787,0.0,,89,True
cdf_plateau,0.05,53,302053,Penalized monotone B-spline,0.01625987589849205,0.0,1e-08,11,True
cdf_plateau,0.05,53,302053,pyGAM,0.016060079787504428,0.0,0.01,2,True
cdf_plateau,0.05,54,302054,MonotoneLSPIA,0.016857079495806854,4.4364512064022255e-13,,47,True
cdf_plateau,0.05,54,302054,Penalized monotone B-spline,0.01685709747054887,3.3273384048016694e-13,1e-08,9,True
cdf_plateau,0.05,54,302054,pyGAM,0.01865414467254016,1.6874042163550865e-09,0.1,2,True
cdf_plateau,0.05,55,302055,MonotoneLSPIA,0.015769173617135247,3.3273384048016694e-13,,51,True
cdf_plateau,0.05,55,302055,Penalized monotone B-spline,0.015735068701926466,3.3273384048016694e-13,0.01,8,True
cdf_plateau,0.05,55,302055,pyGAM,0.015351266839428853,2.802838960924766e-09,0.01,2,True
cdf_plateau,0.05,56,302056,MonotoneLSPIA,0.014684441552688395,4.159173006001993e-14,,44,True
cdf_plateau,0.05,56,302056,Penalized monotone B-spline,0.014684439204892005,4.1591730060019996e-14,1e-08,12,True
cdf_plateau,0.05,56,302056,pyGAM,0.014723848886955807,1.3090858397291004e-09,0.01,2,True
cdf_plateau,0.05,57,302057,MonotoneLSPIA,0.01477001828282999,3.3273384048016694e-13,,36,True
cdf_plateau,0.05,57,302057,Penalized monotone B-spline,0.014770018296421439,3.3273384048016694e-13,1e-08,8,True
cdf_plateau,0.05,57,302057,pyGAM,0.014686701518689326,1.7126919882315317e-09,0.01,2,True
cdf_plateau,0.05,58,302058,MonotoneLSPIA,0.010753319708803782,0.0,,75,True
cdf_plateau,0.05,58,302058,Penalized monotone B-spline,0.010785844064572832,0.0,0.01,11,True
cdf_plateau,0.05,58,302058,pyGAM,0.011152789200109604,1.8915918831296965e-10,0.1,2,True
cdf_plateau,0.05,59,302059,MonotoneLSPIA,0.011438896245126982,2.2182256032011127e-13,,28,True
cdf_plateau,0.05,59,302059,Penalized monotone B-spline,0.011438607745605268,4.4364512064022255e-13,0.01,7,True
cdf_plateau,0.05,59,302059,pyGAM,0.011434578830724768,1.2922273251447725e-09,0.01,2,True
cdf_plateau,0.05,60,302060,MonotoneLSPIA,0.011894726271665993,3.3273384048016694e-13,,43,True
cdf_plateau,0.05,60,302060,Penalized monotone B-spline,0.011894246175659182,3.3273384048016694e-13,0.01,5,True
cdf_plateau,0.05,60,302060,pyGAM,0.011877171927645916,1.0650810233770143e-09,0.01,2,True
cdf_plateau,0.05,61,302061,MonotoneLSPIA,0.01184356784010458,4.4364512064022255e-13,,42,True
cdf_plateau,0.05,61,302061,Penalized monotone B-spline,0.011843587524406415,4.4364512064022255e-13,1e-08,8,True
cdf_plateau,0.05,61,302061,pyGAM,0.011767396401377063,2.2974162572351376e-09,0.1,2,True
cdf_plateau,0.05,62,302062,MonotoneLSPIA,0.013894210504949885,0.0,,87,True
cdf_plateau,0.05,62,302062,Penalized monotone B-spline,0.013961747686199951,0.0,0.01,9,True
cdf_plateau,0.05,62,302062,pyGAM,0.014544215987316159,0.0,0.1,3,True
cdf_plateau,0.05,63,302063,MonotoneLSPIA,0.01479460961179694,0.0,,95,True
cdf_plateau,0.05,63,302063,Penalized monotone B-spline,0.01484860474735923,0.0,0.01,9,True
cdf_plateau,0.05,63,302063,pyGAM,0.015329902801419512,0.0,0.1,2,True
cdf_plateau,0.05,64,302064,MonotoneLSPIA,0.01848490689837941,0.0,,87,True
cdf_plateau,0.05,64,302064,Penalized monotone B-spline,0.0187316407083027,0.0,0.01,12,True
cdf_plateau,0.05,64,302064,pyGAM,0.01868525927462575,0.0,0.01,2,True
cdf_plateau,0.05,65,302065,MonotoneLSPIA,0.013453131382800462,4.159173006001971e-14,,60,True
cdf_plateau,0.05,65,302065,Penalized monotone B-spline,0.013648954515432282,2.7727820040013332e-14,0.01,6,True
cdf_plateau,0.05,65,302065,pyGAM,0.01363708295963439,1.7205666891228954e-09,0.01,2,True
cdf_plateau,0.05,66,302066,MonotoneLSPIA,0.01526243407601994,0.0,,94,True
cdf_plateau,0.05,66,302066,Penalized monotone B-spline,0.015328052124220918,0.0,0.01,10,True
cdf_plateau,0.05,66,302066,pyGAM,0.015902988378192283,0.0,0.1,3,True
cdf_plateau,0.05,67,302067,MonotoneLSPIA,0.014090659417085538,3.3273384048016694e-13,,35,True
cdf_plateau,0.05,67,302067,Penalized monotone B-spline,0.014090660188822168,3.3273384048016694e-13,1e-08,8,True
cdf_plateau,0.05,67,302067,pyGAM,0.01508720937833804,2.3487681799494983e-09,0.1,2,True
cdf_plateau,0.05,68,302068,MonotoneLSPIA,0.014094155216517941,3.3273384048016694e-13,,65,True
cdf_plateau,0.05,68,302068,Penalized monotone B-spline,0.014120595105636246,2.2182256032011127e-13,0.01,9,True
cdf_plateau,0.05,68,302068,pyGAM,0.013601361056115426,1.994961196238921e-09,0.01,2,True
cdf_plateau,0.05,69,302069,MonotoneLSPIA,0.014470819224769959,3.3273384048016694e-13,,30,True
cdf_plateau,0.05,69,302069,Penalized monotone B-spline,0.014470816672915313,3.3273384048016694e-13,1e-08,8,True
cdf_plateau,0.05,69,302069,pyGAM,0.012565184821011455,1.5095025229783573e-09,0.1,2,True
cdf_plateau,0.05,70,302070,MonotoneLSPIA,0.014730151317445532,4.159173006002087e-14,,41,True
cdf_plateau,0.05,70,302070,Penalized monotone B-spline,0.014777302586799624,4.159173006002087e-14,0.01,5,True
cdf_plateau,0.05,70,302070,pyGAM,0.015244238233405333,1.1473771932557437e-09,0.1,2,True
cdf_plateau,0.05,71,302071,MonotoneLSPIA,0.021264811947813107,0.0,,90,True
cdf_plateau,0.05,71,302071,Penalized monotone B-spline,0.021264818033794642,0.0,1e-08,12,True
cdf_plateau,0.05,71,302071,pyGAM,0.02129712596745182,0.0,0.01,2,True
cdf_plateau,0.05,72,302072,MonotoneLSPIA,0.01594541647120506,0.0,,72,True
cdf_plateau,0.05,72,302072,Penalized monotone B-spline,0.016094539905708225,0.0,0.01,11,True
cdf_plateau,0.05,72,302072,pyGAM,0.015731030804193046,0.0,0.01,2,True
cdf_plateau,0.05,73,302073,MonotoneLSPIA,0.011376972125627962,3.3273384048016694e-13,,39,True
cdf_plateau,0.05,73,302073,Penalized monotone B-spline,0.011376972083199939,3.3273384048016694e-13,1e-08,11,True
cdf_plateau,0.05,73,302073,pyGAM,0.011216910207507317,1.0265948091614465e-09,0.01,2,True
cdf_plateau,0.05,74,302074,MonotoneLSPIA,0.016965280553241504,3.3273384048016694e-13,,53,True
cdf_plateau,0.05,74,302074,Penalized monotone B-spline,0.016965527703650066,3.3273384048016694e-13,0.0001,9,True
cdf_plateau,0.05,74,302074,pyGAM,0.016877004659283604,1.2963864981507923e-09,0.01,2,True
cdf_plateau,0.05,75,302075,MonotoneLSPIA,0.017993523728503304,0.0,,71,True
cdf_plateau,0.05,75,302075,Penalized monotone B-spline,0.017910313309601095,0.0,0.01,14,True
cdf_plateau,0.05,75,302075,pyGAM,0.017593537565827013,0.0,0.01,2,True
cdf_plateau,0.05,76,302076,MonotoneLSPIA,0.011906872436993102,4.159173006002087e-14,,63,True
cdf_plateau,0.05,76,302076,Penalized monotone B-spline,0.011946956572319398,2.772782004001391e-14,0.01,12,True
cdf_plateau,0.05,76,302076,pyGAM,0.011909151832561258,8.440348420180234e-10,0.01,2,True
cdf_plateau,0.05,77,302077,MonotoneLSPIA,0.014917854816433335,3.3273384048016694e-13,,33,True
cdf_plateau,0.05,77,302077,Penalized monotone B-spline,0.014917817461013031,2.2182256032011127e-13,1e-08,9,True
cdf_plateau,0.05,77,302077,pyGAM,0.015000888128631592,9.01154151300452e-10,0.01,2,True
cdf_plateau,0.05,78,302078,MonotoneLSPIA,0.013151755150188217,4.4364512064022255e-13,,57,True
cdf_plateau,0.05,78,302078,Penalized monotone B-spline,0.013100658765653144,4.4364512064022255e-13,0.01,9,True
cdf_plateau,0.05,78,302078,pyGAM,0.01307687689445052,6.813279940232218e-10,0.01,2,True
cdf_plateau,0.05,79,302079,MonotoneLSPIA,0.013773316785199628,3.3273384048016694e-13,,45,True
cdf_plateau,0.05,79,302079,Penalized monotone B-spline,0.013792598247388837,3.3273384048016694e-13,0.01,8,True
cdf_plateau,0.05,79,302079,pyGAM,0.013791977982200998,1.6316158424345785e-09,0.01,2,True
cdf_plateau,0.05,80,302080,MonotoneLSPIA,0.013962811283509144,3.3273384048016694e-13,,43,True
cdf_plateau,0.05,80,302080,Penalized monotone B-spline,0.013962606316905992,4.436451206401733e-13,0.0001,9,True
cdf_plateau,0.05,80,302080,pyGAM,0.01391517497214108,1.8775061505494217e-09,0.01,2,True
cdf_plateau,0.05,81,302081,MonotoneLSPIA,0.015286037923160226,3.3273384048016694e-13,,70,True
cdf_plateau,0.05,81,302081,Penalized monotone B-spline,0.015311356273218672,3.3273384048016694e-13,0.01,11,True
cdf_plateau,0.05,81,302081,pyGAM,0.015215294810808178,6.720114464897771e-10,0.01,2,True
cdf_plateau,0.05,82,302082,MonotoneLSPIA,0.012111047727051736,2.772782004001391e-14,,50,True
cdf_plateau,0.05,82,302082,Penalized monotone B-spline,0.012146949479974562,4.159173006002087e-14,0.01,6,True
cdf_plateau,0.05,82,302082,pyGAM,0.012467801284463731,1.0766712521537103e-09,0.1,2,True
cdf_plateau,0.05,83,302083,MonotoneLSPIA,0.01708839127074258,4.436451206401733e-13,,61,True
cdf_plateau,0.05,83,302083,Penalized monotone B-spline,0.017043284201341154,3.3273384048016694e-13,0.01,10,True
cdf_plateau,0.05,83,302083,pyGAM,0.016638218763027648,6.731760149314577e-10,0.1,2,True
cdf_plateau,0.05,84,302084,MonotoneLSPIA,0.011478497980799258,2.772782004001391e-14,,61,True
cdf_plateau,0.05,84,302084,Penalized monotone B-spline,0.011478480652829547,4.159173006002087e-14,1e-08,11,True
cdf_plateau,0.05,84,302084,pyGAM,0.011349732646255719,1.3761317085858903e-09,0.01,2,True
cdf_plateau,0.05,85,302085,MonotoneLSPIA,0.012440640109241455,4.4364512064022255e-13,,46,True
cdf_plateau,0.05,85,302085,Penalized monotone B-spline,0.012480672609205355,4.436451206401733e-13,0.01,5,True
cdf_plateau,0.05,85,302085,pyGAM,0.012487379807604488,1.3591068270813218e-09,0.01,2,True
cdf_plateau,0.05,86,302086,MonotoneLSPIA,0.012512191072811391,4.159173006001993e-14,,63,True
cdf_plateau,0.05,86,302086,Penalized monotone B-spline,0.012512191088191084,2.7727820040013524e-14,1e-08,8,True
cdf_plateau,0.05,86,302086,pyGAM,0.012508096261934068,7.447692462747736e-10,0.01,2,True
cdf_plateau,0.05,87,302087,MonotoneLSPIA,0.011654113552707755,3.3273384048016694e-13,,36,True
cdf_plateau,0.05,87,302087,Penalized monotone B-spline,0.011610523432668322,4.436451206401733e-13,0.01,11,True
cdf_plateau,0.05,87,302087,pyGAM,0.011019335980331458,2.1495160651418987e-09,0.1,2,True
cdf_plateau,0.05,88,302088,MonotoneLSPIA,0.013600353840397615,0.0,,76,True
cdf_plateau,0.05,88,302088,Penalized monotone B-spline,0.01360039005928192,0.0,1e-08,10,True
cdf_plateau,0.05,88,302088,pyGAM,0.013962978515896986,0.0,0.1,2,True
cdf_plateau,0.05,89,302089,MonotoneLSPIA,0.013345336544428791,4.159173006001993e-14,,55,True
cdf_plateau,0.05,89,302089,Penalized monotone B-spline,0.013384389434911373,4.159173006001971e-14,0.01,10,True
cdf_plateau,0.05,89,302089,pyGAM,0.013794124088687569,9.198981576475015e-10,0.1,2,True
cdf_plateau,0.05,90,302090,MonotoneLSPIA,0.017191177677621544,2.772782004001391e-14,,49,True
cdf_plateau,0.05,90,302090,Penalized monotone B-spline,0.01719117795140485,2.772782004001391e-14,1e-08,6,True
cdf_plateau,0.05,90,302090,pyGAM,0.016611949349598983,1.0392386950997213e-09,0.01,2,True
cdf_plateau,0.05,91,302091,MonotoneLSPIA,0.0138886135557096,3.3273384048013003e-13,,65,True
cdf_plateau,0.05,91,302091,Penalized monotone B-spline,0.013888613794383315,3.3273384048016694e-13,1e-08,9,True
cdf_plateau,0.05,91,302091,pyGAM,0.01369337120467091,5.911571232530966e-10,0.001,5,True
cdf_plateau,0.05,92,302092,MonotoneLSPIA,0.014689928313586459,2.2182256032011127e-13,,37,True
cdf_plateau,0.05,92,302092,Penalized monotone B-spline,0.014794938114156738,3.3273384048013003e-13,0.01,8,True
cdf_plateau,0.05,92,302092,pyGAM,0.016022260397894977,1.3135222909355389e-09,0.1,2,True
cdf_plateau,0.05,93,302093,MonotoneLSPIA,0.01319204481016561,4.4364512064022255e-13,,33,True
cdf_plateau,0.05,93,302093,Penalized monotone B-spline,0.013399383316063409,4.4364512064022255e-13,0.01,8,True
cdf_plateau,0.05,93,302093,pyGAM,0.015037505644101893,1.6666638069649713e-09,0.1,2,True
cdf_plateau,0.05,94,302094,MonotoneLSPIA,0.015145631375779098,2.7727820040013332e-14,,55,True
cdf_plateau,0.05,94,302094,Penalized monotone B-spline,0.01510268551296975,4.159173006001993e-14,0.01,8,True
cdf_plateau,0.05,94,302094,pyGAM,0.014779530591838808,1.0493316215942718e-09,0.1,3,True
cdf_plateau,0.05,95,302095,MonotoneLSPIA,0.011524119941321513,4.4364512064022255e-13,,46,True
cdf_plateau,0.05,95,302095,Penalized monotone B-spline,0.01152411905893631,4.4364512064022255e-13,1e-08,10,True
cdf_plateau,0.05,95,302095,pyGAM,0.013725564953914731,2.2847723712971463e-09,0.1,2,True
cdf_plateau,0.05,96,302096,MonotoneLSPIA,0.014506525802109519,4.159173006001971e-14,,60,True
cdf_plateau,0.05,96,302096,Penalized monotone B-spline,0.014552336155561615,4.159173006002087e-14,0.01,9,True
cdf_plateau,0.05,96,302096,pyGAM,0.014023045741555301,6.028028076698857e-10,0.01,2,True
cdf_plateau,0.05,97,302097,MonotoneLSPIA,0.011214030688627322,0.0,,78,True
cdf_plateau,0.05,97,302097,Penalized monotone B-spline,0.011214139628057103,0.0,0.0001,11,True
cdf_plateau,0.05,97,302097,pyGAM,0.013108137271258237,5.339269026905078e-10,0.1,4,True
cdf_plateau,0.05,98,302098,MonotoneLSPIA,0.011664509037433485,4.4364512064022255e-13,,66,True
cdf_plateau,0.05,98,302098,Penalized monotone B-spline,0.01166451330286479,4.4364512064022255e-13,1e-08,11,True
cdf_plateau,0.05,98,302098,pyGAM,0.011457090509612383,1.880057109993103e-09,0.01,4,True
cdf_plateau,0.05,99,302099,MonotoneLSPIA,0.011959716159915831,3.3273384048016694e-13,,27,True
cdf_plateau,0.05,99,302099,Penalized monotone B-spline,0.011973981308626199,3.3273384048016694e-13,0.01,7,True
cdf_plateau,0.05,99,302099,pyGAM,0.012119333558182444,2.1754138490593315e-09,0.1,2,True
cdf_plateau,0.05,100,302100,MonotoneLSPIA,0.013519704251718292,4.4364512064022255e-13,,49,True
cdf_plateau,0.05,100,302100,Penalized monotone B-spline,0.013563243031509036,3.3273384048016694e-13,0.01,12,True
cdf_plateau,0.05,100,302100,pyGAM,0.013392176483950581,1.1397243149247317e-09,0.01,2,True
cdf_plateau,0.1,1,303001,MonotoneLSPIA,0.019825642449803303,2.772782004001391e-14,,56,True
cdf_plateau,0.1,1,303001,Penalized monotone B-spline,0.019858834732428984,4.159173006002087e-14,0.01,12,True
cdf_plateau,0.1,1,303001,pyGAM,0.020031854865827044,3.4571046025887426e-09,0.1,2,True
cdf_plateau,0.1,2,303002,MonotoneLSPIA,0.025438262216173135,4.1591730060019996e-14,,50,True
cdf_plateau,0.1,2,303002,Penalized monotone B-spline,0.025438257918131427,4.1591730060019996e-14,1e-08,9,True
cdf_plateau,0.1,2,303002,pyGAM,0.025322725605528874,2.1558934637511017e-09,0.01,2,True
cdf_plateau,0.1,3,303003,MonotoneLSPIA,0.032293968168957646,4.4364512064022255e-13,,53,True
cdf_plateau,0.1,3,303003,Penalized monotone B-spline,0.03208421192512414,4.4364512064022255e-13,0.01,6,True
cdf_plateau,0.1,3,303003,pyGAM,0.03028354958853531,5.039808570472928e-09,0.1,2,True
cdf_plateau,0.1,4,303004,MonotoneLSPIA,0.018204166713885212,5.5455640080026664e-14,,59,True
cdf_plateau,0.1,4,303004,Penalized monotone B-spline,0.018204164723283248,2.772782004001391e-14,1e-08,12,True
cdf_plateau,0.1,4,303004,pyGAM,0.017938759488073816,2.0922858445793117e-09,0.01,2,True
cdf_plateau,0.1,5,303005,MonotoneLSPIA,0.023386859459069882,3.3273384048016694e-13,,92,True
cdf_plateau,0.1,5,303005,Penalized monotone B-spline,0.023386889520882366,3.3273384048016694e-13,1e-08,10,True
cdf_plateau,0.1,5,303005,pyGAM,0.03558370349153443,1.3975930412967061e-09,1.0,5,True
cdf_plateau,0.1,6,303006,MonotoneLSPIA,0.025044794298266043,0.0,,84,True
cdf_plateau,0.1,6,303006,Penalized monotone B-spline,0.024965541958032283,0.0,0.01,11,True
cdf_plateau,0.1,6,303006,pyGAM,0.02482377109068256,0.0,0.1,4,True
cdf_plateau,0.1,7,303007,MonotoneLSPIA,0.024508741634461886,2.0795865030010143e-14,,65,True
cdf_plateau,0.1,7,303007,Penalized monotone B-spline,0.02450871849638118,2.0795865030009998e-14,1e-08,10,True
cdf_plateau,0.1,7,303007,pyGAM,0.0251258864838963,5.434652727842726e-10,0.1,4,True
cdf_plateau,0.1,8,303008,MonotoneLSPIA,0.029383690800480984,4.159173006002087e-14,,37,True
cdf_plateau,0.1,8,303008,Penalized monotone B-spline,0.02938368972446342,4.1591730060019996e-14,1e-08,10,True
cdf_plateau,0.1,8,303008,pyGAM,0.02923870716777263,4.617181137423036e-09,0.01,2,True
cdf_plateau,0.1,9,303009,MonotoneLSPIA,0.015300886137721017,3.3273384048016694e-13,,35,True
cdf_plateau,0.1,9,303009,Penalized monotone B-spline,0.015282591415496979,2.2182256032011127e-13,0.01,8,True
cdf_plateau,0.1,9,303009,pyGAM,0.014727569005185867,2.487462735789579e-09,0.01,2,True
cdf_plateau,0.1,10,303010,MonotoneLSPIA,0.019541969773603663,4.159173006001993e-14,,69,True
cdf_plateau,0.1,10,303010,Penalized monotone B-spline,0.019705397648959674,2.7727820040013332e-14,0.01,9,True
cdf_plateau,0.1,10,303010,pyGAM,0.02100080785080457,2.7608590413841083e-09,0.1,2,True
cdf_plateau,0.1,11,303011,MonotoneLSPIA,0.02649837649341977,2.2182256032011127e-13,,46,True
cdf_plateau,0.1,11,303011,Penalized monotone B-spline,0.026210671689570832,3.3273384048016694e-13,0.01,11,True
cdf_plateau,0.1,11,303011,pyGAM,0.0257901675184403,1.389551973485257e-09,0.01,2,True
cdf_plateau,0.1,12,303012,MonotoneLSPIA,0.025435636001544155,0.0,,84,True
cdf_plateau,0.1,12,303012,Penalized monotone B-spline,0.02543565506183178,0.0,1e-08,12,True
cdf_plateau,0.1,12,303012,pyGAM,0.025312970624256893,0.0,0.001,4,True
cdf_plateau,0.1,13,303013,MonotoneLSPIA,0.016292309996364544,3.3273384048016694e-13,,38,True
cdf_plateau,0.1,13,303013,Penalized monotone B-spline,0.01629230669504619,3.3273384048016694e-13,1e-08,8,True
cdf_plateau,0.1,13,303013,pyGAM,0.01597810734591837,4.403177822353721e-09,0.01,2,True
cdf_plateau,0.1,14,303014,MonotoneLSPIA,0.015614058084930865,3.3273384048013003e-13,,65,True
cdf_plateau,0.1,14,303014,Penalized monotone B-spline,0.015633253770838382,3.3273384048016694e-13,0.01,8,True
cdf_plateau,0.1,14,303014,pyGAM,0.01581781014667537,4.838171863141947e-09,0.1,2,True
cdf_plateau,0.1,15,303015,MonotoneLSPIA,0.022913370682560854,0.0,,100,True
cdf_plateau,0.1,15,303015,Penalized monotone B-spline,0.02279412850681229,0.0,0.01,10,True
cdf_plateau,0.1,15,303015,pyGAM,0.022391200160966632,8.583978527987327e-10,0.1,3,True
cdf_plateau,0.1,16,303016,MonotoneLSPIA,0.01839123804828987,2.2182256032011127e-13,,63,True
cdf_plateau,0.1,16,303016,Penalized monotone B-spline,0.01833933026238015,3.3273384048016694e-13,0.01,8,True
cdf_plateau,0.1,16,303016,pyGAM,0.018318355159233017,1.8787261746311562e-09,0.01,2,True
cdf_plateau,0.1,17,303017,MonotoneLSPIA,0.025125251718716882,4.4364512064022255e-13,,59,True
cdf_plateau,0.1,17,303017,Penalized monotone B-spline,0.025180225613017828,4.4364512064022255e-13,0.01,8,True
cdf_plateau,0.1,17,303017,pyGAM,0.025704337495458526,3.157865968717104e-09,0.1,2,True
cdf_plateau,0.1,18,303018,MonotoneLSPIA,0.02148200556147564,4.1591730060019996e-14,,41,True
cdf_plateau,0.1,18,303018,Penalized monotone B-spline,0.021339972837894305,4.1591730060020287e-14,0.01,6,True
cdf_plateau,0.1,18,303018,pyGAM,0.020222683764464237,2.778993035690277e-09,0.1,2,True
cdf_plateau,0.1,19,303019,MonotoneLSPIA,0.025592200897238352,3.3273384048016694e-13,,51,True
cdf_plateau,0.1,19,303019,Penalized monotone B-spline,0.025708565709757342,3.3273384048016694e-13,0.01,10,True
cdf_plateau,0.1,19,303019,pyGAM,0.025939997157652054,2.7141099367967216e-09,0.1,2,True
cdf_plateau,0.1,20,303020,MonotoneLSPIA,0.019394429372866548,3.3273384048016694e-13,,67,True
cdf_plateau,0.1,20,303020,Penalized monotone B-spline,0.01939442291039415,4.4364512064022255e-13,1e-08,12,True
cdf_plateau,0.1,20,303020,pyGAM,0.019453281354784135,1.7495145332447177e-09,0.01,2,True
cdf_plateau,0.1,21,303021,MonotoneLSPIA,0.022860719691040435,4.4364512064022255e-13,,75,True
cdf_plateau,0.1,21,303021,Penalized monotone B-spline,0.022860746622541398,4.4364512064022255e-13,1e-08,11,True
cdf_plateau,0.1,21,303021,pyGAM,0.02286758293098243,1.6296194393916976e-09,0.1,3,True
cdf_plateau,0.1,22,303022,MonotoneLSPIA,0.020029572197762826,3.3273384048016694e-13,,58,True
cdf_plateau,0.1,22,303022,Penalized monotone B-spline,0.020040922399193858,4.4364512064022255e-13,0.01,9,True
cdf_plateau,0.1,22,303022,pyGAM,0.019963636510902414,1.403360427865184e-09,0.01,2,True
cdf_plateau,0.1,23,303023,MonotoneLSPIA,0.027697731941092464,0.0,,87,True
cdf_plateau,0.1,23,303023,Penalized monotone B-spline,0.02769772827625881,0.0,1e-08,11,True
cdf_plateau,0.1,23,303023,pyGAM,0.027668910677612284,0.0,0.01,2,True
cdf_plateau,0.1,24,303024,MonotoneLSPIA,0.0201456948648863,2.7727820040013285e-14,,41,True
cdf_plateau,0.1,24,303024,Penalized monotone B-spline,0.020091918509218366,2.0795865030010434e-14,0.01,5,True
cdf_plateau,0.1,24,303024,pyGAM,0.019629666953655662,2.8520281136756715e-09,0.1,2,True
cdf_plateau,0.1,25,303025,MonotoneLSPIA,0.01798230620966378,4.4364512064022255e-13,,39,True
cdf_plateau,0.1,25,303025,Penalized monotone B-spline,0.0179820044667923,3.3273384048016694e-13,0.0001,11,True
cdf_plateau,0.1,25,303025,pyGAM,0.017492204612602848,1.309363117929537e-09,0.001,5,True
cdf_plateau,0.1,26,303026,MonotoneLSPIA,0.039118858985483895,2.772782004001391e-14,,75,True
cdf_plateau,0.1,26,303026,Penalized monotone B-spline,0.039209616986434305,2.772782004001391e-14,0.01,12,True
cdf_plateau,0.1,26,303026,pyGAM,0.04011671604962762,1.2519110748065586e-09,0.1,2,True
cdf_plateau,0.1,27,303027,MonotoneLSPIA,0.015221368424818499,3.3273384048016694e-13,,40,True
cdf_plateau,0.1,27,303027,Penalized monotone B-spline,0.01522102690584425,3.3273384048016694e-13,0.01,8,True
cdf_plateau,0.1,27,303027,pyGAM,0.014659785425457872,1.4226035349728748e-09,0.1,2,True
cdf_plateau,0.1,28,303028,MonotoneLSPIA,0.02453841827394157,2.7727820040013524e-14,,77,True
cdf_plateau,0.1,28,303028,Penalized monotone B-spline,0.024513951812950484,2.7727820040013332e-14,0.01,10,True
cdf_plateau,0.1,28,303028,pyGAM,0.024323892185418087,1.1498726970593608e-09,0.1,2,True
cdf_plateau,0.1,29,303029,MonotoneLSPIA,0.031211294659648347,0.0,,81,True
cdf_plateau,0.1,29,303029,Penalized monotone B-spline,0.03113122256794607,0.0,0.01,13,True
cdf_plateau,0.1,29,303029,pyGAM,0.031113608569920986,0.0,0.01,2,True
cdf_plateau,0.1,30,303030,MonotoneLSPIA,0.03077353912714291,0.0,,72,True
cdf_plateau,0.1,30,303030,Penalized monotone B-spline,0.030767407981290348,0.0,0.01,12,True
cdf_plateau,0.1,30,303030,pyGAM,0.029517256870206603,0.0,0.01,2,True
cdf_plateau,0.1,31,303031,MonotoneLSPIA,0.02705271297430981,4.436451206401733e-13,,47,True
cdf_plateau,0.1,31,303031,Penalized monotone B-spline,0.026854242859656555,4.4364512064022255e-13,0.01,5,True
cdf_plateau,0.1,31,303031,pyGAM,0.025380410998527662,3.402868986590667e-09,0.1,2,True
cdf_plateau,0.1,32,303032,MonotoneLSPIA,0.019366884270108728,3.3273384048016694e-13,,57,True
cdf_plateau,0.1,32,303032,Penalized monotone B-spline,0.01930916643323761,4.436451206401733e-13,0.01,11,True
cdf_plateau,0.1,32,303032,pyGAM,0.018412283648067802,2.3016863415215545e-09,0.01,2,True
cdf_plateau,0.1,33,303033,MonotoneLSPIA,0.020220974304427736,0.0,,78,True
cdf_plateau,0.1,33,303033,Penalized monotone B-spline,0.02017626511656833,0.0,0.01,11,True
cdf_plateau,0.1,33,303033,pyGAM,0.020137427383383637,0.0,0.01,2,True
cdf_plateau,0.1,34,303034,MonotoneLSPIA,0.02962328862493853,3.3273384048016694e-13,,80,True
cdf_plateau,0.1,34,303034,Penalized monotone B-spline,0.02962277618794614,3.3273384048016694e-13,0.01,10,True
cdf_plateau,0.1,34,303034,pyGAM,0.02938628395026549,1.199838228771482e-09,0.1,2,True
cdf_plateau,0.1,35,303035,MonotoneLSPIA,0.03128367050732916,0.0,,71,True
cdf_plateau,0.1,35,303035,Penalized monotone B-spline,0.0312836922287354,0.0,1e-08,13,True
cdf_plateau,0.1,35,303035,pyGAM,0.030490706971009574,0.0,0.01,2,True
cdf_plateau,0.1,36,303036,MonotoneLSPIA,0.01880582013014063,3.3273384048016694e-13,,39,True
cdf_plateau,0.1,36,303036,Penalized monotone B-spline,0.018805818804120782,3.3273384048016694e-13,1e-08,8,True
cdf_plateau,0.1,36,303036,pyGAM,0.018779389663696733,1.7585538025777134e-09,0.001,6,True
cdf_plateau,0.1,37,303037,MonotoneLSPIA,0.01788159412455277,0.0,,98,True
cdf_plateau,0.1,37,303037,Penalized monotone B-spline,0.017903583291522467,0.0,0.01,11,True
cdf_plateau,0.1,37,303037,pyGAM,0.018173163409244165,0.0,0.1,2,True
cdf_plateau,0.1,38,303038,MonotoneLSPIA,0.02060556264539921,3.3273384048016694e-13,,42,True
cdf_plateau,0.1,38,303038,Penalized monotone B-spline,0.02044672310400019,3.3273384048016694e-13,0.01,11,True
cdf_plateau,0.1,38,303038,pyGAM,0.01829241598864618,5.979781669829399e-10,0.1,2,True
cdf_plateau,0.1,39,303039,MonotoneLSPIA,0.015134134913479013,3.3273384048016694e-13,,40,True
cdf_plateau,0.1,39,303039,Penalized monotone B-spline,0.01513413479065521,4.4364512064022255e-13,1e-08,7,True
cdf_plateau,0.1,39,303039,pyGAM,0.014018202037254946,1.8108484711730275e-09,0.1,2,True
cdf_plateau,0.1,40,303040,MonotoneLSPIA,0.017837363654663468,4.4364512064022255e-13,,39,True
cdf_plateau,0.1,40,303040,Penalized monotone B-spline,0.018002172893418055,3.3273384048016694e-13,0.01,11,True
cdf_plateau,0.1,40,303040,pyGAM,0.019475502238625854,2.3200976140280596e-09,0.1,2,True
cdf_plateau,0.1,41,303041,MonotoneLSPIA,0.028138149685129173,4.4364512064022255e-13,,29,True
cdf_plateau,0.1,41,303041,Penalized monotone B-spline,0.028164900854568006,4.4364512064022255e-13,0.01,7,True
cdf_plateau,0.1,41,303041,pyGAM,0.02844883961181401,5.26329479999544e-09,0.1,2,True
cdf_plateau,0.1,42,303042,MonotoneLSPIA,0.016283759169964964,3.3273384048016694e-13,,71,True
cdf_plateau,0.1,42,303042,Penalized monotone B-spline,0.01613801422525624,3.3273384048016694e-13,0.01,11,True
cdf_plateau,0.1,42,303042,pyGAM,0.015401701718532241,1.3030966306004937e-09,0.1,2,True
cdf_plateau,0.1,43,303043,MonotoneLSPIA,0.026841701944442627,0.0,,87,True
cdf_plateau,0.1,43,303043,Penalized monotone B-spline,0.026872559941845408,0.0,0.01,11,True
cdf_plateau,0.1,43,303043,pyGAM,0.026113895266807182,0.0,0.01,2,True
cdf_plateau,0.1,44,303044,MonotoneLSPIA,0.0260243374129916,0.0,,79,True
cdf_plateau,0.1,44,303044,Penalized monotone B-spline,0.02606095275215677,0.0,0.01,11,True
cdf_plateau,0.1,44,303044,pyGAM,0.025567772719326462,0.0,0.1,3,True
cdf_plateau,0.1,45,303045,MonotoneLSPIA,0.0164670511801558,3.3273384048016694e-13,,60,True
cdf_plateau,0.1,45,303045,Penalized monotone B-spline,0.016498663847467763,3.3273384048016694e-13,0.01,9,True
cdf_plateau,0.1,45,303045,pyGAM,0.01592285531580892,1.4538250603380092e-09,0.1,2,True
cdf_plateau,0.1,46,303046,MonotoneLSPIA,0.023349156088672877,0.0,,86,True
cdf_plateau,0.1,46,303046,Penalized monotone B-spline,0.02334915766091064,0.0,1e-08,12,True
cdf_plateau,0.1,46,303046,pyGAM,0.024738805872255347,0.0,0.1,2,True
cdf_plateau,0.1,47,303047,MonotoneLSPIA,0.029074225255926078,2.7727820040013524e-14,,45,True
cdf_plateau,0.1,47,303047,Penalized monotone B-spline,0.02907422616245345,2.772782004001391e-14,1e-08,12,True
cdf_plateau,0.1,47,303047,pyGAM,0.028562659707095827,1.5733874203505058e-09,0.01,2,True
cdf_plateau,0.1,48,303048,MonotoneLSPIA,0.014768857484463157,5.545564008002657e-14,,54,True
cdf_plateau,0.1,48,303048,Penalized monotone B-spline,0.014768853541809802,4.159173006002087e-14,1e-08,9,True
cdf_plateau,0.1,48,303048,pyGAM,0.01597653825684753,3.4595446507523597e-09,0.1,4,True
cdf_plateau,0.1,49,303049,MonotoneLSPIA,0.02169173474082896,4.4364512064022255e-13,,38,True
cdf_plateau,0.1,49,303049,Penalized monotone B-spline,0.02169173329442375,3.3273384048016694e-13,1e-08,9,True
cdf_plateau,0.1,49,303049,pyGAM,0.021214710533666456,3.756010502620076e-09,0.001,6,True
cdf_plateau,0.1,50,303050,MonotoneLSPIA,0.03224610649112712,5.545564008002628e-14,,73,True
cdf_plateau,0.1,50,303050,Penalized monotone B-spline,0.03220930098969804,4.159173006001971e-14,0.01,10,True
cdf_plateau,0.1,50,303050,pyGAM,0.03195632946166039,2.9199058171337047e-09,0.01,2,True
cdf_plateau,0.1,51,303051,MonotoneLSPIA,0.022314120555330514,4.159173006001993e-14,,74,True
cdf_plateau,0.1,51,303051,Penalized monotone B-spline,0.022057308608851797,2.7727820040013524e-14,0.01,11,True
cdf_plateau,0.1,51,303051,pyGAM,0.020291691274293745,9.79235692533104e-10,0.1,2,True
cdf_plateau,0.1,52,303052,MonotoneLSPIA,0.039036139398452914,0.0,,114,True
cdf_plateau,0.1,52,303052,Penalized monotone B-spline,0.049196901134119994,0.0,1.0,9,True
cdf_plateau,0.1,52,303052,pyGAM,0.04034262177660536,0.0,0.1,4,True
cdf_plateau,0.1,53,303053,MonotoneLSPIA,0.015210724121910803,4.4364512064022255e-13,,42,True
cdf_plateau,0.1,53,303053,Penalized monotone B-spline,0.015210632924429302,3.3273384048016694e-13,1e-08,10,True
cdf_plateau,0.1,53,303053,pyGAM,0.014951246211727293,3.0785089477625844e-09,0.01,2,True
cdf_plateau,0.1,54,303054,MonotoneLSPIA,0.016258609891649595,3.3273384048013003e-13,,34,True
cdf_plateau,0.1,54,303054,Penalized monotone B-spline,0.016268275317917153,3.3273384048013003e-13,0.01,11,True
cdf_plateau,0.1,54,303054,pyGAM,0.015945844116676874,3.3583935632464847e-09,0.001,5,True
cdf_plateau,0.1,55,303055,MonotoneLSPIA,0.017472469569366465,3.3273384048016694e-13,,36,True
cdf_plateau,0.1,55,303055,Penalized monotone B-spline,0.017472452244524823,3.3273384048016694e-13,1e-08,8,True
cdf_plateau,0.1,55,303055,pyGAM,0.016801247300975552,2.1370940017639727e-09,0.1,2,True
cdf_plateau,0.1,56,303056,MonotoneLSPIA,0.01911709040052966,3.3273384048016694e-13,,26,True
cdf_plateau,0.1,56,303056,Penalized monotone B-spline,0.019029094311908204,3.3273384048016694e-13,0.01,4,True
cdf_plateau,0.1,56,303056,pyGAM,0.018353530133749296,3.359280853487765e-09,0.1,2,True
cdf_plateau,0.1,57,303057,MonotoneLSPIA,0.023307169995912876,3.3273384048016694e-13,,39,True
cdf_plateau,0.1,57,303057,Penalized monotone B-spline,0.023307169006238842,4.436451206401733e-13,1e-08,11,True
cdf_plateau,0.1,57,303057,pyGAM,0.023322053835256082,3.000205583969585e-09,0.1,2,True
cdf_plateau,0.1,58,303058,MonotoneLSPIA,0.02501458817625689,3.3273384048016694e-13,,36,True
cdf_plateau,0.1,58,303058,Penalized monotone B-spline,0.025014590569737805,3.3273384048016694e-13,1e-08,8,True
cdf_plateau,0.1,58,303058,pyGAM,0.02487664328682131,1.0834922958835535e-09,0.01,2,True
cdf_plateau,0.1,59,303059,MonotoneLSPIA,0.020934672907048143,4.4364512064022255e-13,,54,True
cdf_plateau,0.1,59,303059,Penalized monotone B-spline,0.020863465545975023,4.4364512064022255e-13,0.01,8,True
cdf_plateau,0.1,59,303059,pyGAM,0.020587908617927878,1.4516068347348081e-09,0.01,2,True
cdf_plateau,0.1,60,303060,MonotoneLSPIA,0.018787164573838194,4.4364512064022255e-13,,49,True
cdf_plateau,0.1,60,303060,Penalized monotone B-spline,0.018787164824973373,3.3273384048016694e-13,1e-08,6,True
cdf_plateau,0.1,60,303060,pyGAM,0.01883748117746435,2.804391718847007e-09,0.01,2,True
cdf_plateau,0.1,61,303061,MonotoneLSPIA,0.025038208809235175,4.159173006001971e-14,,57,True
cdf_plateau,0.1,61,303061,Penalized monotone B-spline,0.025002501397452487,4.159173006002087e-14,0.01,9,True
cdf_plateau,0.1,61,303061,pyGAM,0.024797770674913285,2.6361393068442026e-09,0.01,2,True
cdf_plateau,0.1,62,303062,MonotoneLSPIA,0.020379795593735442,4.4364512064022255e-13,,33,True
cdf_plateau,0.1,62,303062,Penalized monotone B-spline,0.020309368739137544,4.436451206401733e-13,0.01,6,True
cdf_plateau,0.1,62,303062,pyGAM,0.017813720223639758,6.8314693901782774e-09,0.1,2,True
cdf_plateau,0.1,63,303063,MonotoneLSPIA,0.018202252347118326,3.3273384048016694e-13,,27,True
cdf_plateau,0.1,63,303063,Penalized monotone B-spline,0.018250336835082478,3.3273384048016694e-13,0.01,4,True
cdf_plateau,0.1,63,303063,pyGAM,0.01875698944132676,4.013768317712142e-09,0.1,2,True
cdf_plateau,0.1,64,303064,MonotoneLSPIA,0.020156883040422815,4.1591730060019996e-14,,65,True
cdf_plateau,0.1,64,303064,Penalized monotone B-spline,0.020184277927492757,2.7727820040013524e-14,0.01,11,True
cdf_plateau,0.1,64,303064,pyGAM,0.02012463535839771,1.4262636072182157e-09,0.1,2,True
cdf_plateau,0.1,65,303065,MonotoneLSPIA,0.018794621559892623,2.0795865030009998e-14,,64,True
cdf_plateau,0.1,65,303065,Penalized monotone B-spline,0.018794589138532217,2.0795865030009998e-14,1e-08,9,True
cdf_plateau,0.1,65,303065,pyGAM,0.01880319398606248,6.10899331121578e-10,0.01,2,True
cdf_plateau,0.1,66,303066,MonotoneLSPIA,0.020953624844024958,3.3273384048016694e-13,,67,True
cdf_plateau,0.1,66,303066,Penalized monotone B-spline,0.02105780822531993,3.3273384048016694e-13,0.01,12,True
cdf_plateau,0.1,66,303066,pyGAM,0.022679350652442108,3.044126450912925e-09,0.1,3,True
cdf_plateau,0.1,67,303067,MonotoneLSPIA,0.018608486737820444,0.0,,73,True
cdf_plateau,0.1,67,303067,Penalized monotone B-spline,0.018616454820711836,0.0,0.01,12,True
cdf_plateau,0.1,67,303067,pyGAM,0.019494760633010266,0.0,0.1,2,True
cdf_plateau,0.1,68,303068,MonotoneLSPIA,0.025402988529904094,4.159173006002087e-14,,54,True
cdf_plateau,0.1,68,303068,Penalized monotone B-spline,0.025488025658104936,4.1591730060019996e-14,0.01,6,True
cdf_plateau,0.1,68,303068,pyGAM,0.026259441531478918,1.5405022257830715e-09,0.1,2,True
cdf_plateau,0.1,69,303069,MonotoneLSPIA,0.022155466609357317,4.4364512064022255e-13,,67,True
cdf_plateau,0.1,69,303069,Penalized monotone B-spline,0.02215546409961852,4.4364512064022255e-13,1e-08,10,True
cdf_plateau,0.1,69,303069,pyGAM,0.022083683378434034,1.5561961719257407e-09,0.01,2,True
cdf_plateau,0.1,70,303070,MonotoneLSPIA,0.02143450706235169,3.3273384048013003e-13,,55,True
cdf_plateau,0.1,70,303070,Penalized monotone B-spline,0.021321769533802198,3.3273384048016694e-13,0.01,6,True
cdf_plateau,0.1,70,303070,pyGAM,0.020267391444757768,2.166762769206847e-09,0.01,2,True
cdf_plateau,0.1,71,303071,MonotoneLSPIA,0.022842778518814374,3.3273384048016694e-13,,21,True
cdf_plateau,0.1,71,303071,Penalized monotone B-spline,0.02285429597574638,4.4364512064022255e-13,0.01,8,True
cdf_plateau,0.1,71,303071,pyGAM,0.023093364086817506,6.190790380333734e-09,0.1,2,True
cdf_plateau,0.1,72,303072,MonotoneLSPIA,0.021325134184623645,0.0,,82,True
cdf_plateau,0.1,72,303072,Penalized monotone B-spline,0.02132513129195871,0.0,1e-08,11,True
cdf_plateau,0.1,72,303072,pyGAM,0.021240251764731714,0.0,0.01,2,True
cdf_plateau,0.1,73,303073,MonotoneLSPIA,0.014958957470019107,2.2182256032011127e-13,,59,True
cdf_plateau,0.1,73,303073,Penalized monotone B-spline,0.014921098080051785,3.3273384048016694e-13,0.01,9,True
cdf_plateau,0.1,73,303073,pyGAM,0.01462032110473422,0.0,0.1,2,True
cdf_plateau,0.1,74,303074,MonotoneLSPIA,0.019890556343505252,3.3273384048016694e-13,,34,True
cdf_plateau,0.1,74,303074,Penalized monotone B-spline,0.01989055472812772,3.3273384048016694e-13,1e-08,8,True
cdf_plateau,0.1,74,303074,pyGAM,0.019063832897017623,4.926623609069455e-09,0.01,2,True
cdf_plateau,0.1,75,303075,MonotoneLSPIA,0.02064942238302058,3.3273384048016694e-13,,57,True
cdf_plateau,0.1,75,303075,Penalized monotone B-spline,0.020500151473615457,3.3273384048016694e-13,0.01,10,True
cdf_plateau,0.1,75,303075,pyGAM,0.019366760676692837,2.5241743695224862e-09,0.1,2,True
cdf_plateau,0.1,76,303076,MonotoneLSPIA,0.030812495718249434,3.3273384048016694e-13,,24,True
cdf_plateau,0.1,76,303076,Penalized monotone B-spline,0.030812493084402693,4.4364512064022255e-13,1e-08,7,True
cdf_plateau,0.1,76,303076,pyGAM,0.0274849045319484,3.470635778768461e-09,0.1,2,True
cdf_plateau,0.1,77,303077,MonotoneLSPIA,0.014651811435832456,4.159173006002087e-14,,60,True
cdf_plateau,0.1,77,303077,Penalized monotone B-spline,0.01461582603563639,2.772782004001391e-14,0.01,9,True
cdf_plateau,0.1,77,303077,pyGAM,0.014054439807530445,3.3194082482702252e-09,0.1,2,True
cdf_plateau,0.1,78,303078,MonotoneLSPIA,0.01978273838116429,3.3273384048016694e-13,,34,True
cdf_plateau,0.1,78,303078,Penalized monotone B-spline,0.01978273871778128,4.4364512064022255e-13,1e-08,8,True
cdf_plateau,0.1,78,303078,pyGAM,0.019612899554673827,1.903237567546555e-09,0.1,2,True
cdf_plateau,0.1,79,303079,MonotoneLSPIA,0.023296464922866245,2.7727820040013332e-14,,58,True
cdf_plateau,0.1,79,303079,Penalized monotone B-spline,0.023379889174630877,2.7727820040013285e-14,0.01,12,True
cdf_plateau,0.1,79,303079,pyGAM,0.02405206600044697,2.9598338779912428e-09,0.1,2,True
cdf_plateau,0.1,80,303080,MonotoneLSPIA,0.017097436028804865,4.4364512064022255e-13,,71,True
cdf_plateau,0.1,80,303080,Penalized monotone B-spline,0.017309360597574833,4.4364512064022255e-13,0.01,12,True
cdf_plateau,0.1,80,303080,pyGAM,0.018598064126081768,2.8701621079819196e-09,0.1,3,True
cdf_plateau,0.1,81,303081,MonotoneLSPIA,0.01862176040640734,4.4364512064022255e-13,,39,True
cdf_plateau,0.1,81,303081,Penalized monotone B-spline,0.018459535988648374,4.4364512064022255e-13,0.01,10,True
cdf_plateau,0.1,81,303081,pyGAM,0.018208623382540905,3.942119630728857e-09,0.01,2,True
cdf_plateau,0.1,82,303082,MonotoneLSPIA,0.01685773502054641,2.7727820040013332e-14,,55,True
cdf_plateau,0.1,82,303082,Penalized monotone B-spline,0.01705086803567233,2.772782004001391e-14,0.01,9,True
cdf_plateau,0.1,82,303082,pyGAM,0.01883792171968343,1.8750106467458205e-09,0.1,2,True
cdf_plateau,0.1,83,303083,MonotoneLSPIA,0.023101561205161835,3.3273384048016694e-13,,31,True
cdf_plateau,0.1,83,303083,Penalized monotone B-spline,0.022928321488164215,3.3273384048016694e-13,0.01,9,True
cdf_plateau,0.1,83,303083,pyGAM,0.02289841420541549,3.2902385815880394e-09,0.01,2,True
cdf_plateau,0.1,84,303084,MonotoneLSPIA,0.03298346535817071,3.3273384048016694e-13,,76,True
cdf_plateau,0.1,84,303084,Penalized monotone B-spline,0.032864762448593876,3.3273384048016694e-13,0.01,7,True
cdf_plateau,0.1,84,303084,pyGAM,0.03245401577818986,9.324311323055878e-10,0.001,5,True
cdf_plateau,0.1,85,303085,MonotoneLSPIA,0.015831095609148246,3.3273384048016694e-13,,28,True
cdf_plateau,0.1,85,303085,Penalized monotone B-spline,0.01588437630547832,3.3273384048016694e-13,0.01,8,True
cdf_plateau,0.1,85,303085,pyGAM,0.01579211516792451,1.3667597054123656e-09,0.01,2,True
cdf_plateau,0.1,86,303086,MonotoneLSPIA,0.027303054004725824,3.3273384048016694e-13,,61,True
cdf_plateau,0.1,86,303086,Penalized monotone B-spline,0.02751286951156944,3.3273384048016694e-13,0.01,11,True
cdf_plateau,0.1,86,303086,pyGAM,0.029142314528061514,3.380076718517682e-09,0.1,3,True
cdf_plateau,0.1,87,303087,MonotoneLSPIA,0.025669293838447318,4.159173006001971e-14,,51,True
cdf_plateau,0.1,87,303087,Penalized monotone B-spline,0.025575385196948408,2.772782004001391e-14,0.01,7,True
cdf_plateau,0.1,87,303087,pyGAM,0.024441009781040583,3.850174179475958e-09,0.01,2,True
cdf_plateau,0.1,88,303088,MonotoneLSPIA,0.03569043699877705,4.4364512064022255e-13,,41,True
cdf_plateau,0.1,88,303088,Penalized monotone B-spline,0.03538028757284039,3.3273384048016694e-13,0.01,11,True
cdf_plateau,0.1,88,303088,pyGAM,0.032442432541317026,3.6228615107881372e-09,0.1,2,True
cdf_plateau,0.1,89,303089,MonotoneLSPIA,0.02241246172215091,4.436451206401733e-13,,42,True
cdf_plateau,0.1,89,303089,Penalized monotone B-spline,0.022412464678661335,4.4364512064022255e-13,1e-08,10,True
cdf_plateau,0.1,89,303089,pyGAM,0.02063280684454646,2.533324550135831e-09,0.01,2,True
cdf_plateau,0.1,90,303090,MonotoneLSPIA,0.03146678311312836,3.3273384048016694e-13,,37,True
cdf_plateau,0.1,90,303090,Penalized monotone B-spline,0.03146680561507866,3.3273384048016694e-13,1e-08,9,True
cdf_plateau,0.1,90,303090,pyGAM,0.032598369736110085,4.373509054911273e-09,0.1,2,True
cdf_plateau,0.1,91,303091,MonotoneLSPIA,0.02564025288644351,0.0,,83,True
cdf_plateau,0.1,91,303091,Penalized monotone B-spline,0.02560327152260467,0.0,0.01,9,True
cdf_plateau,0.1,91,303091,pyGAM,0.02560026062482515,0.0,0.01,2,True
cdf_plateau,0.1,92,303092,MonotoneLSPIA,0.02808688975136741,4.159173006002087e-14,,54,True
cdf_plateau,0.1,92,303092,Penalized monotone B-spline,0.028086865464226722,2.772782004001391e-14,1e-08,11,True
cdf_plateau,0.1,92,303092,pyGAM,0.027486744281973133,5.141736036940019e-09,0.01,2,True
cdf_plateau,0.1,93,303093,MonotoneLSPIA,0.024507112011262037,3.3273384048016694e-13,,65,True
cdf_plateau,0.1,93,303093,Penalized monotone B-spline,0.024507185534470646,2.2182256032011127e-13,1e-08,9,True
cdf_plateau,0.1,93,303093,pyGAM,0.024677314156934096,8.626679370849127e-10,0.01,2,True
cdf_plateau,0.1,94,303094,MonotoneLSPIA,0.021790413750340094,4.4364512064022255e-13,,77,True
cdf_plateau,0.1,94,303094,Penalized monotone B-spline,0.021838995364079152,3.3273384048016694e-13,0.01,10,True
cdf_plateau,0.1,94,303094,pyGAM,0.022304622971963305,1.2374371527456035e-09,0.1,2,True
cdf_plateau,0.1,95,303095,MonotoneLSPIA,0.013009963339637888,4.4364512064022255e-13,,34,True
cdf_plateau,0.1,95,303095,Penalized monotone B-spline,0.013056398977215753,3.3273384048016694e-13,0.01,8,True
cdf_plateau,0.1,95,303095,pyGAM,0.012820739855280096,3.5295851241735305e-09,0.01,2,True
cdf_plateau,0.1,96,303096,MonotoneLSPIA,0.02466760151144829,3.3273384048016694e-13,,41,True
cdf_plateau,0.1,96,303096,Penalized monotone B-spline,0.02466760618525618,3.3273384048016694e-13,1e-08,11,True
cdf_plateau,0.1,96,303096,pyGAM,0.026600882678552727,2.740562277114819e-09,0.1,2,True
cdf_plateau,0.1,97,303097,MonotoneLSPIA,0.015994441165273893,3.3273384048016694e-13,,51,True
cdf_plateau,0.1,97,303097,Penalized monotone B-spline,0.01592594723145021,3.3273384048016694e-13,0.01,9,True
cdf_plateau,0.1,97,303097,pyGAM,0.015849861890934704,1.1657884657623448e-09,0.01,2,True
cdf_plateau,0.1,98,303098,MonotoneLSPIA,0.014434840750250083,3.3273384048016694e-13,,37,True
cdf_plateau,0.1,98,303098,Penalized monotone B-spline,0.014434838776015379,3.3273384048016694e-13,1e-08,6,True
cdf_plateau,0.1,98,303098,pyGAM,0.014612031719908021,3.082723576408624e-09,0.01,2,True
cdf_plateau,0.1,99,303099,MonotoneLSPIA,0.01849352904873255,3.3273384048016694e-13,,37,True
cdf_plateau,0.1,99,303099,Penalized monotone B-spline,0.018493531236327486,4.4364512064022255e-13,1e-08,8,True
cdf_plateau,0.1,99,303099,pyGAM,0.016956428075688236,2.7787157574899538e-09,0.01,2,True
cdf_plateau,0.1,100,303100,MonotoneLSPIA,0.025739179717529218,3.3273384048016694e-13,,35,True
cdf_plateau,0.1,100,303100,Penalized monotone B-spline,0.02549168764336309,3.3273384048016694e-13,0.01,8,True
cdf_plateau,0.1,100,303100,pyGAM,0.025182113730566516,2.3756087097482315e-09,0.001,5,True
sensor_log,0.02,1,101001,LSPIA,0.006920409402082299,0.6348649008379392,,136,True
sensor_log,0.02,1,101001,IsotonicRegression,0.012192839156541983,0.0,,1,True
sensor_log,0.02,2,101002,LSPIA,0.007250678467315801,0.0,,138,True
sensor_log,0.02,2,101002,IsotonicRegression,0.012263971736331715,0.0,,1,True
sensor_log,0.02,3,101003,LSPIA,0.005193425954168245,0.0,,141,True
sensor_log,0.02,3,101003,IsotonicRegression,0.009579184123852355,0.0,,1,True
sensor_log,0.02,4,101004,LSPIA,0.007458316138515405,0.0,,140,True
sensor_log,0.02,4,101004,IsotonicRegression,0.012160248281165163,0.0,,1,True
sensor_log,0.02,5,101005,LSPIA,0.005801789190416364,0.0,,140,True
sensor_log,0.02,5,101005,IsotonicRegression,0.010585521428543965,0.0,,1,True
sensor_log,0.02,6,101006,LSPIA,0.006739403397223879,0.24022679595026494,,138,True
sensor_log,0.02,6,101006,IsotonicRegression,0.010630436135291582,0.0,,1,True
sensor_log,0.02,7,101007,LSPIA,0.004382479069863352,0.11537940750961832,,138,True
sensor_log,0.02,7,101007,IsotonicRegression,0.012040479892994614,0.0,,1,True
sensor_log,0.02,8,101008,LSPIA,0.006095123522682499,0.13692163306420066,,132,True
sensor_log,0.02,8,101008,IsotonicRegression,0.010588527902008074,0.0,,1,True
sensor_log,0.02,9,101009,LSPIA,0.006301404940593832,0.3675362518196839,,131,True
sensor_log,0.02,9,101009,IsotonicRegression,0.010117485769905791,0.0,,1,True
sensor_log,0.02,10,101010,LSPIA,0.005145806336310163,0.0,,130,True
sensor_log,0.02,10,101010,IsotonicRegression,0.010397246655839645,0.0,,1,True
sensor_log,0.02,11,101011,LSPIA,0.0036588596222034094,0.0,,136,True
sensor_log,0.02,11,101011,IsotonicRegression,0.008760514325296573,0.0,,1,True
sensor_log,0.02,12,101012,LSPIA,0.007546781641219991,0.23751623509069533,,147,True
sensor_log,0.02,12,101012,IsotonicRegression,0.011942485039742438,0.0,,1,True
sensor_log,0.02,13,101013,LSPIA,0.0052476016712052235,0.8190109049728809,,146,True
sensor_log,0.02,13,101013,IsotonicRegression,0.010518074247247296,0.0,,1,True
sensor_log,0.02,14,101014,LSPIA,0.006124173800569892,0.0,,136,True
sensor_log,0.02,14,101014,IsotonicRegression,0.010390985705245492,0.0,,1,True
sensor_log,0.02,15,101015,LSPIA,0.008615024762942604,0.0,,154,True
sensor_log,0.02,15,101015,IsotonicRegression,0.01330139154263809,0.0,,1,True
sensor_log,0.02,16,101016,LSPIA,0.005073441334504008,0.0,,141,True
sensor_log,0.02,16,101016,IsotonicRegression,0.010901942899855618,0.0,,1,True
sensor_log,0.02,17,101017,LSPIA,0.01022792959628309,0.0,,158,True
sensor_log,0.02,17,101017,IsotonicRegression,0.013235421444447741,0.0,,1,True
sensor_log,0.02,18,101018,LSPIA,0.0074097005554553085,0.500761342528379,,148,True
sensor_log,0.02,18,101018,IsotonicRegression,0.011147700290587403,0.0,,1,True
sensor_log,0.02,19,101019,LSPIA,0.006181973187248289,0.0,,140,True
sensor_log,0.02,19,101019,IsotonicRegression,0.011168443186776072,0.0,,1,True
sensor_log,0.02,20,101020,LSPIA,0.004576163680125536,0.0,,132,True
sensor_log,0.02,20,101020,IsotonicRegression,0.009232884996610343,0.0,,1,True
sensor_log,0.02,21,101021,LSPIA,0.005588939647806412,0.007965638853606417,,145,True
sensor_log,0.02,21,101021,IsotonicRegression,0.011228378476586016,0.0,,1,True
sensor_log,0.02,22,101022,LSPIA,0.005092493591143602,0.0,,128,True
sensor_log,0.02,22,101022,IsotonicRegression,0.010778303040634972,0.0,,1,True
sensor_log,0.02,23,101023,LSPIA,0.005975735361927234,0.0,,148,True
sensor_log,0.02,23,101023,IsotonicRegression,0.011046751229603679,0.0,,1,True
sensor_log,0.02,24,101024,LSPIA,0.007075951413021968,0.5254092994651046,,147,True
sensor_log,0.02,24,101024,IsotonicRegression,0.01128799503057692,0.0,,1,True
sensor_log,0.02,25,101025,LSPIA,0.006834362621676297,0.0,,139,True
sensor_log,0.02,25,101025,IsotonicRegression,0.011892865392592353,0.0,,1,True
sensor_log,0.02,26,101026,LSPIA,0.005434864825733872,0.0,,126,True
sensor_log,0.02,26,101026,IsotonicRegression,0.010617281284940537,0.0,,1,True
sensor_log,0.02,27,101027,LSPIA,0.005806713789687513,0.0,,151,True
sensor_log,0.02,27,101027,IsotonicRegression,0.011245773626479574,0.0,,1,True
sensor_log,0.02,28,101028,LSPIA,0.005293415826136338,0.11258045526459069,,134,True
sensor_log,0.02,28,101028,IsotonicRegression,0.00864906587585944,0.0,,1,True
sensor_log,0.02,29,101029,LSPIA,0.00409125661438219,0.0,,145,True
sensor_log,0.02,29,101029,IsotonicRegression,0.010151538460998045,0.0,,1,True
sensor_log,0.02,30,101030,LSPIA,0.0038350543112910377,0.24304078219536143,,145,True
sensor_log,0.02,30,101030,IsotonicRegression,0.01102350779536724,0.0,,1,True
sensor_log,0.02,31,101031,LSPIA,0.005965444304768004,0.0,,148,True
sensor_log,0.02,31,101031,IsotonicRegression,0.009740163577524262,0.0,,1,True
sensor_log,0.02,32,101032,LSPIA,0.005978251912495956,0.0,,149,True
sensor_log,0.02,32,101032,IsotonicRegression,0.010650496812341315,0.0,,1,True
sensor_log,0.02,33,101033,LSPIA,0.006188435760350909,0.7610742356092354,,126,True
sensor_log,0.02,33,101033,IsotonicRegression,0.010283947094182505,0.0,,1,True
sensor_log,0.02,34,101034,LSPIA,0.005922323328975244,0.0,,149,True
sensor_log,0.02,34,101034,IsotonicRegression,0.010391000454354577,0.0,,1,True
sensor_log,0.02,35,101035,LSPIA,0.005602149555390239,0.0,,141,True
sensor_log,0.02,35,101035,IsotonicRegression,0.010850604403154315,0.0,,1,True
sensor_log,0.02,36,101036,LSPIA,0.004784505282700238,0.0,,130,True
sensor_log,0.02,36,101036,IsotonicRegression,0.010645864635326874,0.0,,1,True
sensor_log,0.02,37,101037,LSPIA,0.0042011305664664145,0.0,,148,True
sensor_log,0.02,37,101037,IsotonicRegression,0.008586802881183896,0.0,,1,True
sensor_log,0.02,38,101038,LSPIA,0.0047101098829569876,0.0,,142,True
sensor_log,0.02,38,101038,IsotonicRegression,0.009678563675638715,0.0,,1,True
sensor_log,0.02,39,101039,LSPIA,0.005529603430750393,0.09220471407273775,,142,True
sensor_log,0.02,39,101039,IsotonicRegression,0.009479963301834026,0.0,,1,True
sensor_log,0.02,40,101040,LSPIA,0.006538206370380092,1.4253601805957339,,150,True
sensor_log,0.02,40,101040,IsotonicRegression,0.010650032658202314,0.0,,1,True
sensor_log,0.02,41,101041,LSPIA,0.003975389410667846,0.3404139790411611,,135,True
sensor_log,0.02,41,101041,IsotonicRegression,0.008859824189278822,0.0,,1,True
sensor_log,0.02,42,101042,LSPIA,0.006260473077095995,0.0,,149,True
sensor_log,0.02,42,101042,IsotonicRegression,0.01091662422642728,0.0,,1,True
sensor_log,0.02,43,101043,LSPIA,0.007598356741150052,0.6249131196599657,,143,True
sensor_log,0.02,43,101043,IsotonicRegression,0.011322554093793253,0.0,,1,True
sensor_log,0.02,44,101044,LSPIA,0.004337547653493229,0.0,,141,True
sensor_log,0.02,44,101044,IsotonicRegression,0.012723433816994123,0.0,,1,True
sensor_log,0.02,45,101045,LSPIA,0.006567423635517626,0.0,,142,True
sensor_log,0.02,45,101045,IsotonicRegression,0.01099432026133644,0.0,,1,True
sensor_log,0.02,46,101046,LSPIA,0.006450810208096283,0.0,,138,True
sensor_log,0.02,46,101046,IsotonicRegression,0.009973458638595745,0.0,,1,True
sensor_log,0.02,47,101047,LSPIA,0.0073945999116625215,0.0,,141,True
sensor_log,0.02,47,101047,IsotonicRegression,0.010497223014837355,0.0,,1,True
sensor_log,0.02,48,101048,LSPIA,0.0070304958169119846,0.0,,130,True
sensor_log,0.02,48,101048,IsotonicRegression,0.010876983589350518,0.0,,1,True
sensor_log,0.02,49,101049,LSPIA,0.008054505061806865,0.0,,133,True
sensor_log,0.02,49,101049,IsotonicRegression,0.011265639852558375,0.0,,1,True
sensor_log,0.02,50,101050,LSPIA,0.005906638910431473,0.14005796968552792,,137,True
sensor_log,0.02,50,101050,IsotonicRegression,0.010137382265313761,0.0,,1,True
sensor_log,0.02,51,101051,LSPIA,0.00541543157344838,0.0,,149,True
sensor_log,0.02,51,101051,IsotonicRegression,0.0102421569351034,0.0,,1,True
sensor_log,0.02,52,101052,LSPIA,0.004780587507983059,0.0035148303573382072,,141,True
sensor_log,0.02,52,101052,IsotonicRegression,0.01110713223633249,0.0,,1,True
sensor_log,0.02,53,101053,LSPIA,0.006974942097265384,0.0,,134,True
sensor_log,0.02,53,101053,IsotonicRegression,0.01136980403924809,0.0,,1,True
sensor_log,0.02,54,101054,LSPIA,0.00591354063739483,0.15410228437580634,,144,True
sensor_log,0.02,54,101054,IsotonicRegression,0.010572655806454306,0.0,,1,True
sensor_log,0.02,55,101055,LSPIA,0.0050522149656328915,0.0,,136,True
sensor_log,0.02,55,101055,IsotonicRegression,0.01012650530384516,0.0,,1,True
sensor_log,0.02,56,101056,LSPIA,0.00801392902828901,0.0,,148,True
sensor_log,0.02,56,101056,IsotonicRegression,0.011360212474201034,0.0,,1,True
sensor_log,0.02,57,101057,LSPIA,0.0037265217140684936,0.0,,133,True
sensor_log,0.02,57,101057,IsotonicRegression,0.009471729371374488,0.0,,1,True
sensor_log,0.02,58,101058,LSPIA,0.005110119775846639,0.0,,146,True
sensor_log,0.02,58,101058,IsotonicRegression,0.01070646914547415,0.0,,1,True
sensor_log,0.02,59,101059,LSPIA,0.006503097706927577,0.0,,138,True
sensor_log,0.02,59,101059,IsotonicRegression,0.01108125332769486,0.0,,1,True
sensor_log,0.02,60,101060,LSPIA,0.005688396025425396,0.33016865602928347,,120,True
sensor_log,0.02,60,101060,IsotonicRegression,0.01031734131509173,0.0,,1,True
sensor_log,0.02,61,101061,LSPIA,0.004120087309254775,0.0,,135,True
sensor_log,0.02,61,101061,IsotonicRegression,0.009902101818967186,0.0,,1,True
sensor_log,0.02,62,101062,LSPIA,0.0033738473691008,0.0,,133,True
sensor_log,0.02,62,101062,IsotonicRegression,0.008552620727856411,0.0,,1,True
sensor_log,0.02,63,101063,LSPIA,0.004433582513285687,0.0,,126,True
sensor_log,0.02,63,101063,IsotonicRegression,0.01003022631555061,0.0,,1,True
sensor_log,0.02,64,101064,LSPIA,0.007052249479402726,0.0,,141,True
sensor_log,0.02,64,101064,IsotonicRegression,0.011788499418311605,0.0,,1,True
sensor_log,0.02,65,101065,LSPIA,0.006208103167231905,0.0,,139,True
sensor_log,0.02,65,101065,IsotonicRegression,0.011820027273969639,0.0,,1,True
sensor_log,0.02,66,101066,LSPIA,0.006471830222413095,0.06472495564797577,,139,True
sensor_log,0.02,66,101066,IsotonicRegression,0.01087802818388987,0.0,,1,True
sensor_log,0.02,67,101067,LSPIA,0.00385676970247243,0.0,,144,True
sensor_log,0.02,67,101067,IsotonicRegression,0.010380183445555144,0.0,,1,True
sensor_log,0.02,68,101068,LSPIA,0.005996700578675306,0.0,,145,True
sensor_log,0.02,68,101068,IsotonicRegression,0.010527934700579689,0.0,,1,True
sensor_log,0.02,69,101069,LSPIA,0.005712773683290781,0.0,,147,True
sensor_log,0.02,69,101069,IsotonicRegression,0.011014454848083447,0.0,,1,True
sensor_log,0.02,70,101070,LSPIA,0.008047921901852636,0.6406643216751806,,124,True
sensor_log,0.02,70,101070,IsotonicRegression,0.011317822538843964,0.0,,1,True
sensor_log,0.02,71,101071,LSPIA,0.005474228726696384,0.0,,138,True
sensor_log,0.02,71,101071,IsotonicRegression,0.00937429791066781,0.0,,1,True
sensor_log,0.02,72,101072,LSPIA,0.00513479157184662,0.0,,134,True
sensor_log,0.02,72,101072,IsotonicRegression,0.010993588420093561,0.0,,1,True
sensor_log,0.02,73,101073,LSPIA,0.006667422995740341,0.0,,141,True
sensor_log,0.02,73,101073,IsotonicRegression,0.0102983234359896,0.0,,1,True
sensor_log,0.02,74,101074,LSPIA,0.006909747357085024,0.0,,132,True
sensor_log,0.02,74,101074,IsotonicRegression,0.011323554534842739,0.0,,1,True
sensor_log,0.02,75,101075,LSPIA,0.004195352271384735,0.0,,136,True
sensor_log,0.02,75,101075,IsotonicRegression,0.011205800527687286,0.0,,1,True
sensor_log,0.02,76,101076,LSPIA,0.006125119905100923,0.0,,134,True
sensor_log,0.02,76,101076,IsotonicRegression,0.010783527700396157,0.0,,1,True
sensor_log,0.02,77,101077,LSPIA,0.0068863653658257475,0.0,,143,True
sensor_log,0.02,77,101077,IsotonicRegression,0.010171252195768843,0.0,,1,True
sensor_log,0.02,78,101078,LSPIA,0.004901706518387224,0.0,,143,True
sensor_log,0.02,78,101078,IsotonicRegression,0.010458420591996193,0.0,,1,True
sensor_log,0.02,79,101079,LSPIA,0.005982311958853713,0.0,,148,True
sensor_log,0.02,79,101079,IsotonicRegression,0.010447355582393037,0.0,,1,True
sensor_log,0.02,80,101080,LSPIA,0.006127017360720952,0.0,,135,True
sensor_log,0.02,80,101080,IsotonicRegression,0.010877279539484867,0.0,,1,True
sensor_log,0.02,81,101081,LSPIA,0.006442335862872656,0.0,,137,True
sensor_log,0.02,81,101081,IsotonicRegression,0.01186650819585482,0.0,,1,True
sensor_log,0.02,82,101082,LSPIA,0.006555216384136572,0.0,,121,True
sensor_log,0.02,82,101082,IsotonicRegression,0.011820895340586196,0.0,,1,True
sensor_log,0.02,83,101083,LSPIA,0.006280621659080208,0.0,,139,True
sensor_log,0.02,83,101083,IsotonicRegression,0.009994236404162074,0.0,,1,True
sensor_log,0.02,84,101084,LSPIA,0.008624198557735687,0.0,,157,True
sensor_log,0.02,84,101084,IsotonicRegression,0.012593726245571703,0.0,,1,True
sensor_log,0.02,85,101085,LSPIA,0.005163013723601807,0.7157651783364016,,143,True
sensor_log,0.02,85,101085,IsotonicRegression,0.009894153837782756,0.0,,1,True
sensor_log,0.02,86,101086,LSPIA,0.005503080384973301,0.01939937793133805,,137,True
sensor_log,0.02,86,101086,IsotonicRegression,0.00954124854210551,0.0,,1,True
sensor_log,0.02,87,101087,LSPIA,0.006002357441127256,0.0,,128,True
sensor_log,0.02,87,101087,IsotonicRegression,0.010924672573973249,0.0,,1,True
sensor_log,0.02,88,101088,LSPIA,0.007106799991784429,0.0,,145,True
sensor_log,0.02,88,101088,IsotonicRegression,0.011094054405383353,0.0,,1,True
sensor_log,0.02,89,101089,LSPIA,0.00677690783974383,0.0,,136,True
sensor_log,0.02,89,101089,IsotonicRegression,0.010965329144981693,0.0,,1,True
sensor_log,0.02,90,101090,LSPIA,0.006451596631915015,0.0,,151,True
sensor_log,0.02,90,101090,IsotonicRegression,0.010582924843782355,0.0,,1,True
sensor_log,0.02,91,101091,LSPIA,0.004945153177670941,0.0,,136,True
sensor_log,0.02,91,101091,IsotonicRegression,0.010057083790984139,0.0,,1,True
sensor_log,0.02,92,101092,LSPIA,0.006726248333786646,0.047560444451641384,,136,True
sensor_log,0.02,92,101092,IsotonicRegression,0.013410293022242937,0.0,,1,True
sensor_log,0.02,93,101093,LSPIA,0.0048948799408776835,0.0,,129,True
sensor_log,0.02,93,101093,IsotonicRegression,0.009194954932382952,0.0,,1,True
sensor_log,0.02,94,101094,LSPIA,0.0048028479533234435,0.0,,145,True
sensor_log,0.02,94,101094,IsotonicRegression,0.00992619171123549,0.0,,1,True
sensor_log,0.02,95,101095,LSPIA,0.005482535580191275,0.17934299194639353,,139,True
sensor_log,0.02,95,101095,IsotonicRegression,0.011624000493396815,0.0,,1,True
sensor_log,0.02,96,101096,LSPIA,0.008859688914452947,0.0,,130,True
sensor_log,0.02,96,101096,IsotonicRegression,0.013356102017621524,0.0,,1,True
sensor_log,0.02,97,101097,LSPIA,0.0062532192198536405,0.0,,130,True
sensor_log,0.02,97,101097,IsotonicRegression,0.011309209967226907,0.0,,1,True
sensor_log,0.02,98,101098,LSPIA,0.004279107078820915,0.0,,131,True
sensor_log,0.02,98,101098,IsotonicRegression,0.010076345071437055,0.0,,1,True
sensor_log,0.02,99,101099,LSPIA,0.004172775490096161,0.0,,150,True
sensor_log,0.02,99,101099,IsotonicRegression,0.010550673275389728,0.0,,1,True
sensor_log,0.02,100,101100,LSPIA,0.008410759628636284,0.0,,136,True
sensor_log,0.02,100,101100,IsotonicRegression,0.011297067790492584,0.0,,1,True
sensor_log,0.05,1,102001,LSPIA,0.01723493683621165,0.0,,163,True
sensor_log,0.05,1,102001,IsotonicRegression,0.021274698817768955,0.0,,1,True
sensor_log,0.05,2,102002,LSPIA,0.020866599456444746,3.9355655238848897,,150,True
sensor_log,0.05,2,102002,IsotonicRegression,0.0261571725785903,0.0,,1,True
sensor_log,0.05,3,102003,LSPIA,0.014826497721773645,1.281643931657995,,144,True
sensor_log,0.05,3,102003,IsotonicRegression,0.019570581603933584,0.0,,1,True
sensor_log,0.05,4,102004,LSPIA,0.012471635717490593,0.0,,136,True
sensor_log,0.05,4,102004,IsotonicRegression,0.019653106079462933,0.0,,1,True
sensor_log,0.05,5,102005,LSPIA,0.013798419632861601,0.0,,134,True
sensor_log,0.05,5,102005,IsotonicRegression,0.02089459120342651,0.0,,1,True
sensor_log,0.05,6,102006,LSPIA,0.010224308431989753,1.0073464376238392,,151,True
sensor_log,0.05,6,102006,IsotonicRegression,0.01940352093141013,0.0,,1,True
sensor_log,0.05,7,102007,LSPIA,0.008698726988088514,1.6002322291425175,,138,True
sensor_log,0.05,7,102007,IsotonicRegression,0.014800576547015621,0.0,,1,True
sensor_log,0.05,8,102008,LSPIA,0.009728095196547873,0.6856138155473047,,153,True
sensor_log,0.05,8,102008,IsotonicRegression,0.01606213744582172,0.0,,1,True
sensor_log,0.05,9,102009,LSPIA,0.01881412523725855,0.0,,158,True
sensor_log,0.05,9,102009,IsotonicRegression,0.025459112495700764,0.0,,1,True
sensor_log,0.05,10,102010,LSPIA,0.015123391549155225,0.7583373973588046,,141,True
sensor_log,0.05,10,102010,IsotonicRegression,0.02019090086060472,0.0,,1,True
sensor_log,0.05,11,102011,LSPIA,0.014992408846724847,0.0,,152,True
sensor_log,0.05,11,102011,IsotonicRegression,0.02418279766942113,0.0,,1,True
sensor_log,0.05,12,102012,LSPIA,0.013833236500653349,0.0,,154,True
sensor_log,0.05,12,102012,IsotonicRegression,0.020616909724573577,0.0,,1,True
sensor_log,0.05,13,102013,LSPIA,0.015610529672690764,0.0,,164,True
sensor_log,0.05,13,102013,IsotonicRegression,0.021319868351151006,0.0,,1,True
sensor_log,0.05,14,102014,LSPIA,0.015274654482812936,0.03170137557441393,,139,True
sensor_log,0.05,14,102014,IsotonicRegression,0.02225880695020629,0.0,,1,True
sensor_log,0.05,15,102015,LSPIA,0.015686790163687188,0.0,,138,True
sensor_log,0.05,15,102015,IsotonicRegression,0.022851916989404305,0.0,,1,True
sensor_log,0.05,16,102016,LSPIA,0.014505316209435593,0.0,,146,True
sensor_log,0.05,16,102016,IsotonicRegression,0.019886373278872223,0.0,,1,True
sensor_log,0.05,17,102017,LSPIA,0.017095950935350518,1.789309825625814,,160,True
sensor_log,0.05,17,102017,IsotonicRegression,0.021440921003272995,0.0,,1,True
sensor_log,0.05,18,102018,LSPIA,0.02022939472651115,0.42693698175814737,,147,True
sensor_log,0.05,18,102018,IsotonicRegression,0.023241212258510367,0.0,,1,True
sensor_log,0.05,19,102019,LSPIA,0.016023043951980537,0.0,,146,True
sensor_log,0.05,19,102019,IsotonicRegression,0.023203041616180645,0.0,,1,True
sensor_log,0.05,20,102020,LSPIA,0.016221420850784613,0.0,,151,True
sensor_log,0.05,20,102020,IsotonicRegression,0.02235842520898606,0.0,,1,True
sensor_log,0.05,21,102021,LSPIA,0.01565198110356175,0.5518342032792571,,147,True
sensor_log,0.05,21,102021,IsotonicRegression,0.01993222012836364,0.0,,1,True
sensor_log,0.05,22,102022,LSPIA,0.01836758487093203,0.8275157084480584,,134,True
sensor_log,0.05,22,102022,IsotonicRegression,0.021976224667104038,0.0,,1,True
sensor_log,0.05,23,102023,LSPIA,0.00942216928097858,0.0,,151,True
sensor_log,0.05,23,102023,IsotonicRegression,0.021059589512874382,0.0,,1,True
sensor_log,0.05,24,102024,LSPIA,0.01800237264632215,0.0,,163,True
sensor_log,0.05,24,102024,IsotonicRegression,0.023163293353376163,0.0,,1,True
sensor_log,0.05,25,102025,LSPIA,0.013761702047935332,0.31238367898510566,,147,True
sensor_log,0.05,25,102025,IsotonicRegression,0.020250925734562684,0.0,,1,True
sensor_log,0.05,26,102026,LSPIA,0.017699056345531986,0.8345044795567557,,157,True
sensor_log,0.05,26,102026,IsotonicRegression,0.022779321000881245,0.0,,1,True
sensor_log,0.05,27,102027,LSPIA,0.013058317508993458,0.0,,157,True
sensor_log,0.05,27,102027,IsotonicRegression,0.020659922041684244,0.0,,1,True
sensor_log,0.05,28,102028,LSPIA,0.0134859703923501,1.4448301400416887,,151,True
sensor_log,0.05,28,102028,IsotonicRegression,0.020352832586218516,0.0,,1,True
sensor_log,0.05,29,102029,LSPIA,0.015869508042060772,0.0,,148,True
sensor_log,0.05,29,102029,IsotonicRegression,0.018672631679510426,0.0,,1,True
sensor_log,0.05,30,102030,LSPIA,0.014116012412251407,0.5769925301585827,,148,True
sensor_log,0.05,30,102030,IsotonicRegression,0.020403295953715244,0.0,,1,True
sensor_log,0.05,31,102031,LSPIA,0.017947299272744324,0.0,,143,True
sensor_log,0.05,31,102031,IsotonicRegression,0.02276323187760231,0.0,,1,True
sensor_log,0.05,32,102032,LSPIA,0.013930535623213848,0.4412914663922119,,158,True
sensor_log,0.05,32,102032,IsotonicRegression,0.019234936248217923,0.0,,1,True
sensor_log,0.05,33,102033,LSPIA,0.014989441204947234,0.0,,134,True
sensor_log,0.05,33,102033,IsotonicRegression,0.02091005831568686,0.0,,1,True
sensor_log,0.05,34,102034,LSPIA,0.0192535660042443,0.0,,147,True
sensor_log,0.05,34,102034,IsotonicRegression,0.02307343335386934,0.0,,1,True
sensor_log,0.05,35,102035,LSPIA,0.01589206982800846,0.24845314933157608,,142,True
sensor_log,0.05,35,102035,IsotonicRegression,0.019521445603169974,0.0,,1,True
sensor_log,0.05,36,102036,LSPIA,0.013532448353590213,0.24408829679860095,,153,True
sensor_log,0.05,36,102036,IsotonicRegression,0.01900299190274043,0.0,,1,True
sensor_log,0.05,37,102037,LSPIA,0.018109740504242907,0.06103896775273714,,155,True
sensor_log,0.05,37,102037,IsotonicRegression,0.026328366434245316,0.0,,1,True
sensor_log,0.05,38,102038,LSPIA,0.011837829225160494,0.0,,165,True
sensor_log,0.05,38,102038,IsotonicRegression,0.02057038530460689,0.0,,1,True
sensor_log,0.05,39,102039,LSPIA,0.013832491177598903,0.0,,135,True
sensor_log,0.05,39,102039,IsotonicRegression,0.02081658776655119,0.0,,1,True
sensor_log,0.05,40,102040,LSPIA,0.009754089122182006,0.8136595983701926,,147,True
sensor_log,0.05,40,102040,IsotonicRegression,0.01776273078141617,0.0,,1,True
sensor_log,0.05,41,102041,LSPIA,0.015428651766674783,0.579803846592595,,164,True
sensor_log,0.05,41,102041,IsotonicRegression,0.020980897993435298,0.0,,1,True
sensor_log,0.05,42,102042,LSPIA,0.01699274106435334,1.8545580900874021,,155,True
sensor_log,0.05,42,102042,IsotonicRegression,0.021808998040137667,0.0,,1,True
sensor_log,0.05,43,102043,LSPIA,0.015661411673236737,0.0,,127,True
sensor_log,0.05,43,102043,IsotonicRegression,0.022483502523458623,0.0,,1,True
sensor_log,0.05,44,102044,LSPIA,0.013851840860148797,0.23720437541738895,,156,True
sensor_log,0.05,44,102044,IsotonicRegression,0.01883323318445205,0.0,,1,True
sensor_log,0.05,45,102045,LSPIA,0.012924662772814234,0.22189675358703242,,152,True
sensor_log,0.05,45,102045,IsotonicRegression,0.021847558233714152,0.0,,1,True
sensor_log,0.05,46,102046,LSPIA,0.015369158738972053,1.426639640980095,,146,True
sensor_log,0.05,46,102046,IsotonicRegression,0.02078504514109059,0.0,,1,True
sensor_log,0.05,47,102047,LSPIA,0.012822720757084117,0.054519235969794536,,151,True
sensor_log,0.05,47,102047,IsotonicRegression,0.018326326248006265,0.0,,1,True
sensor_log,0.05,48,102048,LSPIA,0.01128061266246745,0.0,,151,True
sensor_log,0.05,48,102048,IsotonicRegression,0.01979802871577896,0.0,,1,True
sensor_log,0.05,49,102049,LSPIA,0.017925181612696302,3.649371695157035,,161,True
sensor_log,0.05,49,102049,IsotonicRegression,0.02225852662441301,0.0,,1,True
sensor_log,0.05,50,102050,LSPIA,0.01637929772285005,0.3077117670728285,,153,True
sensor_log,0.05,50,102050,IsotonicRegression,0.020558296836777238,0.0,,1,True
sensor_log,0.05,51,102051,LSPIA,0.012483175759790443,0.0,,150,True
sensor_log,0.05,51,102051,IsotonicRegression,0.022114828481270776,0.0,,1,True
sensor_log,0.05,52,102052,LSPIA,0.020916592268770885,0.8838675517170735,,142,True
sensor_log,0.05,52,102052,IsotonicRegression,0.022411699093262124,0.0,,1,True
sensor_log,0.05,53,102053,LSPIA,0.01632348970000783,0.007519962365807711,,127,True
sensor_log,0.05,53,102053,IsotonicRegression,0.02075274290865606,0.0,,1,True
sensor_log,0.05,54,102054,LSPIA,0.010257686761750737,0.0,,155,True
sensor_log,0.05,54,102054,IsotonicRegression,0.01825670891943213,0.0,,1,True
sensor_log,0.05,55,102055,LSPIA,0.0115809022784617,0.8552907022266998,,148,True
sensor_log,0.05,55,102055,IsotonicRegression,0.020002403600586853,0.0,,1,True
sensor_log,0.05,56,102056,LSPIA,0.014868799204651983,0.0,,141,True
sensor_log,0.05,56,102056,IsotonicRegression,0.02027566176569192,0.0,,1,True
sensor_log,0.05,57,102057,LSPIA,0.022391636192959894,0.0,,150,True
sensor_log,0.05,57,102057,IsotonicRegression,0.02848040738184587,0.0,,1,True
sensor_log,0.05,58,102058,LSPIA,0.014762457718711567,0.7064596733004803,,156,True
sensor_log,0.05,58,102058,IsotonicRegression,0.02030194522048633,0.0,,1,True
sensor_log,0.05,59,102059,LSPIA,0.015004718765468184,0.0,,137,True
sensor_log,0.05,59,102059,IsotonicRegression,0.020382613939559983,0.0,,1,True
sensor_log,0.05,60,102060,LSPIA,0.01954808917924501,0.2721093991636365,,143,True
sensor_log,0.05,60,102060,IsotonicRegression,0.021663730919541043,0.0,,1,True
sensor_log,0.05,61,102061,LSPIA,0.013311188393909795,0.0,,143,True
sensor_log,0.05,61,102061,IsotonicRegression,0.020309817018042083,0.0,,1,True
sensor_log,0.05,62,102062,LSPIA,0.01970225830428794,0.25486635220666737,,161,True
sensor_log,0.05,62,102062,IsotonicRegression,0.025037952300100606,0.0,,1,True
sensor_log,0.05,63,102063,LSPIA,0.00794748071362273,1.9997525505987106,,144,True
sensor_log,0.05,63,102063,IsotonicRegression,0.014966570975328369,0.0,,1,True
sensor_log,0.05,64,102064,LSPIA,0.01778783585975083,0.0,,156,True
sensor_log,0.05,64,102064,IsotonicRegression,0.023836514184286124,0.0,,1,True
sensor_log,0.05,65,102065,LSPIA,0.021885076445070907,0.5045300368552571,,153,True
sensor_log,0.05,65,102065,IsotonicRegression,0.023784487280388355,0.0,,1,True
sensor_log,0.05,66,102066,LSPIA,0.018413925452912247,3.3828946747074813,,157,True
sensor_log,0.05,66,102066,IsotonicRegression,0.018972829311065913,0.0,,1,True
sensor_log,0.05,67,102067,LSPIA,0.012688192877183816,2.0961424631476464,,154,True
sensor_log,0.05,67,102067,IsotonicRegression,0.018318674819153995,0.0,,1,True
sensor_log,0.05,68,102068,LSPIA,0.01733040214266257,0.0,,160,True
sensor_log,0.05,68,102068,IsotonicRegression,0.023547386770716286,0.0,,1,True
sensor_log,0.05,69,102069,LSPIA,0.009733728485375051,0.5041868148421855,,165,True
sensor_log,0.05,69,102069,IsotonicRegression,0.017519448793691453,0.0,,1,True
sensor_log,0.05,70,102070,LSPIA,0.010834059979761598,1.6508026578778825,,151,True
sensor_log,0.05,70,102070,IsotonicRegression,0.018747516481530835,0.0,,1,True
sensor_log,0.05,71,102071,LSPIA,0.0159937451292529,0.0,,144,True
sensor_log,0.05,71,102071,IsotonicRegression,0.02379574671486285,0.0,,1,True
sensor_log,0.05,72,102072,LSPIA,0.020376883502154088,1.4156959996002945,,155,True
sensor_log,0.05,72,102072,IsotonicRegression,0.024880554371382847,0.0,,1,True
sensor_log,0.05,73,102073,LSPIA,0.008038308965553305,0.0,,130,True
sensor_log,0.05,73,102073,IsotonicRegression,0.017527086898650634,0.0,,1,True
sensor_log,0.05,74,102074,LSPIA,0.015068715020063411,0.0,,155,True
sensor_log,0.05,74,102074,IsotonicRegression,0.020867398894142714,0.0,,1,True
sensor_log,0.05,75,102075,LSPIA,0.012770778218200399,0.0,,126,True
sensor_log,0.05,75,102075,IsotonicRegression,0.01933480194218054,0.0,,1,True
sensor_log,0.05,76,102076,LSPIA,0.012121536516839991,0.0,,140,True
sensor_log,0.05,76,102076,IsotonicRegression,0.018094803310020818,0.0,,1,True
sensor_log,0.05,77,102077,LSPIA,0.013120899073112665,0.0,,157,True
sensor_log,0.05,77,102077,IsotonicRegression,0.019144908074972176,0.0,,1,True
sensor_log,0.05,78,102078,LSPIA,0.013724296053484056,2.9994425980488595,,141,True
sensor_log,0.05,78,102078,IsotonicRegression,0.019531648792230214,0.0,,1,True
sensor_log,0.05,79,102079,LSPIA,0.01785595771240708,0.0,,145,True
sensor_log,0.05,79,102079,IsotonicRegression,0.02348826033737966,0.0,,1,True
sensor_log,0.05,80,102080,LSPIA,0.015643256903002018,1.634746943996123,,150,True
sensor_log,0.05,80,102080,IsotonicRegression,0.021695266873253596,0.0,,1,True
sensor_log,0.05,81,102081,LSPIA,0.018830067903200177,0.0,,152,True
sensor_log,0.05,81,102081,IsotonicRegression,0.022890808138101314,0.0,,1,True
sensor_log,0.05,82,102082,LSPIA,0.010201904875944615,0.0,,139,True
sensor_log,0.05,82,102082,IsotonicRegression,0.02053854594083028,0.0,,1,True
sensor_log,0.05,83,102083,LSPIA,0.01132829486103399,0.11641776417156054,,158,True
sensor_log,0.05,83,102083,IsotonicRegression,0.01685474038746229,0.0,,1,True
sensor_log,0.05,84,102084,LSPIA,0.011567457286170061,0.0,,154,True
sensor_log,0.05,84,102084,IsotonicRegression,0.01906278444230102,0.0,,1,True
sensor_log,0.05,85,102085,LSPIA,0.017185214504405043,0.3949487697000065,,148,True
sensor_log,0.05,85,102085,IsotonicRegression,0.02462448163494982,0.0,,1,True
sensor_log,0.05,86,102086,LSPIA,0.016062418172277482,0.3065403274514157,,161,True
sensor_log,0.05,86,102086,IsotonicRegression,0.020988475954314547,0.0,,1,True
sensor_log,0.05,87,102087,LSPIA,0.01492523490772845,0.5749173969016396,,155,True
sensor_log,0.05,87,102087,IsotonicRegression,0.019482895052269685,0.0,,1,True
sensor_log,0.05,88,102088,LSPIA,0.011990269543444551,0.0,,155,True
sensor_log,0.05,88,102088,IsotonicRegression,0.02017740405300641,0.0,,1,True
sensor_log,0.05,89,102089,LSPIA,0.007760254418521182,0.3743069793424115,,149,True
sensor_log,0.05,89,102089,IsotonicRegression,0.015863690347867734,0.0,,1,True
sensor_log,0.05,90,102090,LSPIA,0.020333447707641165,0.0,,151,True
sensor_log,0.05,90,102090,IsotonicRegression,0.026281506715853727,0.0,,1,True
sensor_log,0.05,91,102091,LSPIA,0.014775795384543603,0.32273122515304126,,164,True
sensor_log,0.05,91,102091,IsotonicRegression,0.020449050931716034,0.0,,1,True
sensor_log,0.05,92,102092,LSPIA,0.018622766658738715,1.884770843024597,,134,True
sensor_log,0.05,92,102092,IsotonicRegression,0.02146951122418957,0.0,,1,True
sensor_log,0.05,93,102093,LSPIA,0.01946491900871146,0.0,,140,True
sensor_log,0.05,93,102093,IsotonicRegression,0.02422158985627734,0.0,,1,True
sensor_log,0.05,94,102094,LSPIA,0.01012487746362841,2.487140911401512,,138,True
sensor_log,0.05,94,102094,IsotonicRegression,0.016295830095160436,0.0,,1,True
sensor_log,0.05,95,102095,LSPIA,0.01497786833133086,1.1701709956892916,,153,True
sensor_log,0.05,95,102095,IsotonicRegression,0.02180065155653095,0.0,,1,True
sensor_log,0.05,96,102096,LSPIA,0.01551430963187396,0.5759844535351899,,137,True
sensor_log,0.05,96,102096,IsotonicRegression,0.01889289200100534,0.0,,1,True
sensor_log,0.05,97,102097,LSPIA,0.012514932905613882,0.0,,155,True
sensor_log,0.05,97,102097,IsotonicRegression,0.018588098481531527,0.0,,1,True
sensor_log,0.05,98,102098,LSPIA,0.01217751019536509,0.0,,134,True
sensor_log,0.05,98,102098,IsotonicRegression,0.018781367180078702,0.0,,1,True
sensor_log,0.05,99,102099,LSPIA,0.009985674183786389,0.0,,147,True
sensor_log,0.05,99,102099,IsotonicRegression,0.019033185528549573,0.0,,1,True
sensor_log,0.05,100,102100,LSPIA,0.018741928402841848,2.044596335282634,,167,True
sensor_log,0.05,100,102100,IsotonicRegression,0.02147258413807583,0.0,,1,True
sensor_log,0.1,1,103001,LSPIA,0.032572969232980704,2.60195878402948,,164,True
sensor_log,0.1,1,103001,IsotonicRegression,0.03717617856496095,0.0,,1,True
sensor_log,0.1,2,103002,LSPIA,0.02275788962458504,0.5824955804060984,,168,True
sensor_log,0.1,2,103002,IsotonicRegression,0.029420660344225663,0.0,,1,True
sensor_log,0.1,3,103003,LSPIA,0.029022125820842088,7.545178482862742,,170,True
sensor_log,0.1,3,103003,IsotonicRegression,0.03138621158301244,0.0,,1,True
sensor_log,0.1,4,103004,LSPIA,0.03437149816770191,2.1967832289368974,,153,True
sensor_log,0.1,4,103004,IsotonicRegression,0.03844084819249747,0.0,,1,True
sensor_log,0.1,5,103005,LSPIA,0.030833079624743572,1.068167900298263,,154,True
sensor_log,0.1,5,103005,IsotonicRegression,0.03676862112178873,0.0,,1,True
sensor_log,0.1,6,103006,LSPIA,0.03635197682665606,0.3055153922808298,,159,True
sensor_log,0.1,6,103006,IsotonicRegression,0.042684178103913575,0.0,,1,True
sensor_log,0.1,7,103007,LSPIA,0.03378961180224807,4.787663060519316,,143,True
sensor_log,0.1,7,103007,IsotonicRegression,0.03842733702036585,0.0,,1,True
sensor_log,0.1,8,103008,LSPIA,0.03501768657108502,7.845072498021577,,161,True
sensor_log,0.1,8,103008,IsotonicRegression,0.0385868453202816,0.0,,1,True
sensor_log,0.1,9,103009,LSPIA,0.024944554340183576,0.2534225512886369,,141,True
sensor_log,0.1,9,103009,IsotonicRegression,0.036359474086038145,0.0,,1,True
sensor_log,0.1,10,103010,LSPIA,0.028556480656614657,6.497245207082776,,146,True
sensor_log,0.1,10,103010,IsotonicRegression,0.03183515636073328,0.0,,1,True
sensor_log,0.1,11,103011,LSPIA,0.026473857483174348,0.07739384094085652,,161,True
sensor_log,0.1,11,103011,IsotonicRegression,0.03759756849537908,0.0,,1,True
sensor_log,0.1,12,103012,LSPIA,0.02545940385569141,6.0579467212031135,,160,True
sensor_log,0.1,12,103012,IsotonicRegression,0.031729531425902055,0.0,,1,True
sensor_log,0.1,13,103013,LSPIA,0.032471580738616265,3.162142624354649,,159,True
sensor_log,0.1,13,103013,IsotonicRegression,0.03818987551339117,0.0,,1,True
sensor_log,0.1,14,103014,LSPIA,0.029511162868808533,0.2226403067190699,,150,True
sensor_log,0.1,14,103014,IsotonicRegression,0.03554432638397153,0.0,,1,True
sensor_log,0.1,15,103015,LSPIA,0.022119119018230972,4.139973684969672,,145,True
sensor_log,0.1,15,103015,IsotonicRegression,0.029514364184287958,0.0,,1,True
sensor_log,0.1,16,103016,LSPIA,0.024656492009707782,0.027434470862882327,,139,True
sensor_log,0.1,16,103016,IsotonicRegression,0.029587795855852667,0.0,,1,True
sensor_log,0.1,17,103017,LSPIA,0.03178266829417966,0.5201715620259288,,141,True
sensor_log,0.1,17,103017,IsotonicRegression,0.03632534646980426,0.0,,1,True
sensor_log,0.1,18,103018,LSPIA,0.03752324903902888,1.898812956806405,,162,True
sensor_log,0.1,18,103018,IsotonicRegression,0.032876816863638816,0.0,,1,True
sensor_log,0.1,19,103019,LSPIA,0.0260666891336815,1.2720371262462298,,175,True
sensor_log,0.1,19,103019,IsotonicRegression,0.031612850789601264,0.0,,1,True
sensor_log,0.1,20,103020,LSPIA,0.037697166579644864,0.6382359980854032,,152,True
sensor_log,0.1,20,103020,IsotonicRegression,0.04013502927280678,0.0,,1,True
sensor_log,0.1,21,103021,LSPIA,0.028885281125700588,0.018926287844139838,,142,True
sensor_log,0.1,21,103021,IsotonicRegression,0.03544395810969159,0.0,,1,True
sensor_log,0.1,22,103022,LSPIA,0.038631217804429144,3.345794525064632,,163,True
sensor_log,0.1,22,103022,IsotonicRegression,0.04005907863092253,0.0,,1,True
sensor_log,0.1,23,103023,LSPIA,0.040571086510168226,1.1079626324283285,,162,True
sensor_log,0.1,23,103023,IsotonicRegression,0.04190820576019282,0.0,,1,True
sensor_log,0.1,24,103024,LSPIA,0.018182355429541174,2.0955976433373578,,164,True
sensor_log,0.1,24,103024,IsotonicRegression,0.028154555942282257,0.0,,1,True
sensor_log,0.1,25,103025,LSPIA,0.0378471720688992,1.4091972048062267,,156,True
sensor_log,0.1,25,103025,IsotonicRegression,0.040937651383462094,0.0,,1,True
sensor_log,0.1,26,103026,LSPIA,0.0354349540873541,0.4420817919859141,,162,True
sensor_log,0.1,26,103026,IsotonicRegression,0.03516331171965489,0.0,,1,True
sensor_log,0.1,27,103027,LSPIA,0.037235450290040606,0.22810086176097594,,158,True
sensor_log,0.1,27,103027,IsotonicRegression,0.03916372827482208,0.0,,1,True
sensor_log,0.1,28,103028,LSPIA,0.030156147272347344,1.090984970332658,,166,True
sensor_log,0.1,28,103028,IsotonicRegression,0.03712178974530545,0.0,,1,True
sensor_log,0.1,29,103029,LSPIA,0.02740255689960307,3.6000419571715705,,161,True
sensor_log,0.1,29,103029,IsotonicRegression,0.036108714535540036,0.0,,1,True
sensor_log,0.1,30,103030,LSPIA,0.038907328887882335,1.1673908274494331,,163,True
sensor_log,0.1,30,103030,IsotonicRegression,0.042295547237908494,0.0,,1,True
sensor_log,0.1,31,103031,LSPIA,0.02412621495278334,0.0,,147,True
sensor_log,0.1,31,103031,IsotonicRegression,0.039724268330453026,0.0,,1,True
sensor_log,0.1,32,103032,LSPIA,0.050166353565388566,2.0594794982913656,,173,True
sensor_log,0.1,32,103032,IsotonicRegression,0.04427823737369805,0.0,,1,True
sensor_log,0.1,33,103033,LSPIA,0.027746920566743584,0.6778505627459205,,161,True
sensor_log,0.1,33,103033,IsotonicRegression,0.031997913273024405,0.0,,1,True
sensor_log,0.1,34,103034,LSPIA,0.03092392376184538,1.9632922567835407,,155,True
sensor_log,0.1,34,103034,IsotonicRegression,0.0351285036606828,0.0,,1,True
sensor_log,0.1,35,103035,LSPIA,0.029088799754943835,1.7043126075012036,,169,True
sensor_log,0.1,35,103035,IsotonicRegression,0.02871613195344369,0.0,,1,True
sensor_log,0.1,36,103036,LSPIA,0.031192027216260246,0.13155943013640523,,152,True
sensor_log,0.1,36,103036,IsotonicRegression,0.040587021513358676,0.0,,1,True
sensor_log,0.1,37,103037,LSPIA,0.02992628268680818,1.4424279196239802,,163,True
sensor_log,0.1,37,103037,IsotonicRegression,0.03591407789727224,0.0,,1,True
sensor_log,0.1,38,103038,LSPIA,0.025533210463070267,1.877561097636549,,147,True
sensor_log,0.1,38,103038,IsotonicRegression,0.029994364064370165,0.0,,1,True
sensor_log,0.1,39,103039,LSPIA,0.027517813282921157,0.0,,150,True
sensor_log,0.1,39,103039,IsotonicRegression,0.032358150240855324,0.0,,1,True
sensor_log,0.1,40,103040,LSPIA,0.024880600578893637,0.0,,147,True
sensor_log,0.1,40,103040,IsotonicRegression,0.03567515616850937,0.0,,1,True
sensor_log,0.1,41,103041,LSPIA,0.03099000371485332,3.248159271187452,,165,True
sensor_log,0.1,41,103041,IsotonicRegression,0.03595337661405329,0.0,,1,True
sensor_log,0.1,42,103042,LSPIA,0.015504480139845697,0.0,,142,True
sensor_log,0.1,42,103042,IsotonicRegression,0.02777555791013057,0.0,,1,True
sensor_log,0.1,43,103043,LSPIA,0.0279588909395659,0.0432982859250439,,144,True
sensor_log,0.1,43,103043,IsotonicRegression,0.034953302115744815,0.0,,1,True
sensor_log,0.1,44,103044,LSPIA,0.03373743533056109,0.9683839612783424,,155,True
sensor_log,0.1,44,103044,IsotonicRegression,0.040648295961373856,0.0,,1,True
sensor_log,0.1,45,103045,LSPIA,0.029599429056891065,0.52383524094034,,163,True
sensor_log,0.1,45,103045,IsotonicRegression,0.02998806580618767,0.0,,1,True
sensor_log,0.1,46,103046,LSPIA,0.024407788051196807,0.0046111485701912855,,156,True
sensor_log,0.1,46,103046,IsotonicRegression,0.030069928068006842,0.0,,1,True
sensor_log,0.1,47,103047,LSPIA,0.03480880703018774,0.8499583697976784,,160,True
sensor_log,0.1,47,103047,IsotonicRegression,0.039360732563458053,0.0,,1,True
sensor_log,0.1,48,103048,LSPIA,0.037494863049887084,1.8275102971716575,,163,True
sensor_log,0.1,48,103048,IsotonicRegression,0.03495836344578796,0.0,,1,True
sensor_log,0.1,49,103049,LSPIA,0.02383309727427133,0.0,,157,True
sensor_log,0.1,49,103049,IsotonicRegression,0.029718300312896902,0.0,,1,True
sensor_log,0.1,50,103050,LSPIA,0.020478030176114336,3.1975135413115106,,156,True
sensor_log,0.1,50,103050,IsotonicRegression,0.02590339810137949,0.0,,1,True
sensor_log,0.1,51,103051,LSPIA,0.026583391566905094,3.1550864107433845,,159,True
sensor_log,0.1,51,103051,IsotonicRegression,0.03050667520776482,0.0,,1,True
sensor_log,0.1,52,103052,LSPIA,0.028453835790708613,0.6319101695784636,,163,True
sensor_log,0.1,52,103052,IsotonicRegression,0.03330328408267436,0.0,,1,True
sensor_log,0.1,53,103053,LSPIA,0.036666293369298206,1.5761379830112283,,164,True
sensor_log,0.1,53,103053,IsotonicRegression,0.03829262626934352,0.0,,1,True
sensor_log,0.1,54,103054,LSPIA,0.03568560600884284,0.7895696655520812,,168,True
sensor_log,0.1,54,103054,IsotonicRegression,0.03549041774267372,0.0,,1,True
sensor_log,0.1,55,103055,LSPIA,0.03145875572204942,2.1036272940317313,,153,True
sensor_log,0.1,55,103055,IsotonicRegression,0.03663121030710931,0.0,,1,True
sensor_log,0.1,56,103056,LSPIA,0.022465421683789597,1.9661855251772267,,146,True
sensor_log,0.1,56,103056,IsotonicRegression,0.030969726602193073,0.0,,1,True
sensor_log,0.1,57,103057,LSPIA,0.022705306722282784,0.688247059944407,,147,True
sensor_log,0.1,57,103057,IsotonicRegression,0.030413249645227434,0.0,,1,True
sensor_log,0.1,58,103058,LSPIA,0.03802519123500629,0.33097876704206175,,143,True
sensor_log,0.1,58,103058,IsotonicRegression,0.03866486862742292,0.0,,1,True
sensor_log,0.1,59,103059,LSPIA,0.023398268735731753,5.738942206957493,,160,True
sensor_log,0.1,59,103059,IsotonicRegression,0.02387893782265356,0.0,,1,True
sensor_log,0.1,60,103060,LSPIA,0.029078063490381334,0.23061926061670965,,162,True
sensor_log,0.1,60,103060,IsotonicRegression,0.03724671058729205,0.0,,1,True
sensor_log,0.1,61,103061,LSPIA,0.032687491310990656,3.9673037511474276,,149,True
sensor_log,0.1,61,103061,IsotonicRegression,0.038721450305866524,0.0,,1,True
sensor_log,0.1,62,103062,LSPIA,0.02605773092266357,0.6823384294257585,,150,True
sensor_log,0.1,62,103062,IsotonicRegression,0.030106395695993344,0.0,,1,True
sensor_log,0.1,63,103063,LSPIA,0.03110083062316728,4.972862184948506,,172,True
sensor_log,0.1,63,103063,IsotonicRegression,0.03554491804318522,0.0,,1,True
sensor_log,0.1,64,103064,LSPIA,0.016166481731552787,0.0,,160,True
sensor_log,0.1,64,103064,IsotonicRegression,0.027170329558805866,0.0,,1,True
sensor_log,0.1,65,103065,LSPIA,0.02923906370838294,0.5576993277259517,,149,True
sensor_log,0.1,65,103065,IsotonicRegression,0.03176185999582551,0.0,,1,True
sensor_log,0.1,66,103066,LSPIA,0.031101132297945287,0.9857275939247281,,170,True
sensor_log,0.1,66,103066,IsotonicRegression,0.03236493997819049,0.0,,1,True
sensor_log,0.1,67,103067,LSPIA,0.0251363411465465,3.7841331820381336,,150,True
sensor_log,0.1,67,103067,IsotonicRegression,0.030384713532564077,0.0,,1,True
sensor_log,0.1,68,103068,LSPIA,0.02827999925747254,2.181619877642263,,146,True
sensor_log,0.1,68,103068,IsotonicRegression,0.033346243258439226,0.0,,1,True
sensor_log,0.1,69,103069,LSPIA,0.03885886558699053,0.7918361945021177,,161,True
sensor_log,0.1,69,103069,IsotonicRegression,0.0408559467371225,0.0,,1,True
sensor_log,0.1,70,103070,LSPIA,0.025924892377646534,0.6726944201367216,,153,True
sensor_log,0.1,70,103070,IsotonicRegression,0.032620031697611164,0.0,,1,True
sensor_log,0.1,71,103071,LSPIA,0.031235588579286808,0.9361184593808896,,155,True
sensor_log,0.1,71,103071,IsotonicRegression,0.02790266788463457,0.0,,1,True
sensor_log,0.1,72,103072,LSPIA,0.03040641105553494,0.0,,145,True
sensor_log,0.1,72,103072,IsotonicRegression,0.036418474474633755,0.0,,1,True
sensor_log,0.1,73,103073,LSPIA,0.03080057037956515,0.48778045990562763,,171,True
sensor_log,0.1,73,103073,IsotonicRegression,0.0344978688816838,0.0,,1,True
sensor_log,0.1,74,103074,LSPIA,0.030487140509205594,5.465184308539904,,164,True
sensor_log,0.1,74,103074,IsotonicRegression,0.028010875942177882,0.0,,1,True
sensor_log,0.1,75,103075,LSPIA,0.04524872506254426,4.880394099944047,,154,True
sensor_log,0.1,75,103075,IsotonicRegression,0.046650328083908406,0.0,,1,True
sensor_log,0.1,76,103076,LSPIA,0.025382399702226457,2.425084027083961,,144,True
sensor_log,0.1,76,103076,IsotonicRegression,0.033630285559614344,0.0,,1,True
sensor_log,0.1,77,103077,LSPIA,0.027614904369032092,6.051317904468201,,153,True
sensor_log,0.1,77,103077,IsotonicRegression,0.02990488430343673,0.0,,1,True
sensor_log,0.1,78,103078,LSPIA,0.02960859729652439,2.234184913548055,,169,True
sensor_log,0.1,78,103078,IsotonicRegression,0.033619520205590586,0.0,,1,True
sensor_log,0.1,79,103079,LSPIA,0.03721589564269293,0.9011284939230564,,174,True
sensor_log,0.1,79,103079,IsotonicRegression,0.04030051319835088,0.0,,1,True
sensor_log,0.1,80,103080,LSPIA,0.030583736311450588,0.5992816747044258,,165,True
sensor_log,0.1,80,103080,IsotonicRegression,0.03207053622279017,0.0,,1,True
sensor_log,0.1,81,103081,LSPIA,0.02741567376310177,0.6354918252241937,,145,True
sensor_log,0.1,81,103081,IsotonicRegression,0.02861685769095175,0.0,,1,True
sensor_log,0.1,82,103082,LSPIA,0.02743746907680119,2.7561642661266665,,158,True
sensor_log,0.1,82,103082,IsotonicRegression,0.03545737888414021,0.0,,1,True
sensor_log,0.1,83,103083,LSPIA,0.0324804588162125,1.0612550470250768,,164,True
sensor_log,0.1,83,103083,IsotonicRegression,0.04208612176404899,0.0,,1,True
sensor_log,0.1,84,103084,LSPIA,0.02132253477607633,0.0,,154,True
sensor_log,0.1,84,103084,IsotonicRegression,0.032551955642521356,0.0,,1,True
sensor_log,0.1,85,103085,LSPIA,0.01903049243820022,2.001905900087989,,140,True
sensor_log,0.1,85,103085,IsotonicRegression,0.026704067820540904,0.0,,1,True
sensor_log,0.1,86,103086,LSPIA,0.02483198456062328,1.187715022820034,,166,True
sensor_log,0.1,86,103086,IsotonicRegression,0.0271475978132532,0.0,,1,True
sensor_log,0.1,87,103087,LSPIA,0.02933840340824588,2.4708268989990825,,152,True
sensor_log,0.1,87,103087,IsotonicRegression,0.03241247584457476,0.0,,1,True
sensor_log,0.1,88,103088,LSPIA,0.02978989577857924,0.7691694406447411,,143,True
sensor_log,0.1,88,103088,IsotonicRegression,0.03670824592387757,0.0,,1,True
sensor_log,0.1,89,103089,LSPIA,0.01989786442608749,0.28403487285858625,,153,True
sensor_log,0.1,89,103089,IsotonicRegression,0.02392910356412464,0.0,,1,True
sensor_log,0.1,90,103090,LSPIA,0.033964940321504114,1.4891730323622463,,148,True
sensor_log,0.1,90,103090,IsotonicRegression,0.029665973027571135,0.0,,1,True
sensor_log,0.1,91,103091,LSPIA,0.025604620302010123,0.8315631647348065,,165,True
sensor_log,0.1,91,103091,IsotonicRegression,0.030188154154579476,0.0,,1,True
sensor_log,0.1,92,103092,LSPIA,0.03679749815032,2.1490660085271744,,167,True
sensor_log,0.1,92,103092,IsotonicRegression,0.03652483076380276,0.0,,1,True
sensor_log,0.1,93,103093,LSPIA,0.027871858410170366,2.479125283564891,,149,True
sensor_log,0.1,93,103093,IsotonicRegression,0.03280003492419275,0.0,,1,True
sensor_log,0.1,94,103094,LSPIA,0.031383877989200976,1.1996762212790006,,140,True
sensor_log,0.1,94,103094,IsotonicRegression,0.03565350179886095,0.0,,1,True
sensor_log,0.1,95,103095,LSPIA,0.029312904837687913,0.03366431596813786,,171,True
sensor_log,0.1,95,103095,IsotonicRegression,0.034085900032274595,0.0,,1,True
sensor_log,0.1,96,103096,LSPIA,0.03479211647011496,0.6606121186235507,,148,True
sensor_log,0.1,96,103096,IsotonicRegression,0.042941694389126955,0.0,,1,True
sensor_log,0.1,97,103097,LSPIA,0.03397453235715183,2.1739992826062746,,170,True
sensor_log,0.1,97,103097,IsotonicRegression,0.03785907157851578,0.0,,1,True
sensor_log,0.1,98,103098,LSPIA,0.020588649529572334,3.867987203140601,,158,True
sensor_log,0.1,98,103098,IsotonicRegression,0.02763925338630264,0.0,,1,True
sensor_log,0.1,99,103099,LSPIA,0.034856750573253575,6.506628756289595,,166,True
sensor_log,0.1,99,103099,IsotonicRegression,0.03628446013301693,0.0,,1,True
sensor_log,0.1,100,103100,LSPIA,0.03458321271297894,4.879366785368147,,172,True
sensor_log,0.1,100,103100,IsotonicRegression,0.03887758682920876,0.0,,1,True
dose_response,0.02,1,201001,LSPIA,0.00706914621775572,1.5120678686078566,,134,True
dose_response,0.02,1,201001,IsotonicRegression,0.009339474665317378,0.0,,1,True
dose_response,0.02,2,201002,LSPIA,0.0043632061914275645,0.0680968994699018,,148,True
dose_response,0.02,2,201002,IsotonicRegression,0.010206194297214215,0.0,,1,True
dose_response,0.02,3,201003,LSPIA,0.006011140015813775,0.050901992233911064,,137,True
dose_response,0.02,3,201003,IsotonicRegression,0.00969310555594616,0.0,,1,True
dose_response,0.02,4,201004,LSPIA,0.006611144149899775,0.1397027999282508,,148,True
dose_response,0.02,4,201004,IsotonicRegression,0.009827849448173125,0.0,,1,True
dose_response,0.02,5,201005,LSPIA,0.005503141530304942,0.2596367053209852,,135,True
dose_response,0.02,5,201005,IsotonicRegression,0.00965945775039248,0.0,,1,True
dose_response,0.02,6,201006,LSPIA,0.006988087374906361,0.507325921710027,,141,True
dose_response,0.02,6,201006,IsotonicRegression,0.010017639207944101,0.0,,1,True
dose_response,0.02,7,201007,LSPIA,0.007463801170461177,0.34011446747658924,,145,True
dose_response,0.02,7,201007,IsotonicRegression,0.011167903960926833,0.0,,1,True
dose_response,0.02,8,201008,LSPIA,0.008785591714056518,0.7323910256948318,,140,True
dose_response,0.02,8,201008,IsotonicRegression,0.013838653443215039,0.0,,1,True
dose_response,0.02,9,201009,LSPIA,0.009260795160275484,2.11251138024669,,145,True
dose_response,0.02,9,201009,IsotonicRegression,0.010139558489519127,0.0,,1,True
dose_response,0.02,10,201010,LSPIA,0.0050795065053986154,0.021066821716081877,,136,True
dose_response,0.02,10,201010,IsotonicRegression,0.01005564412256307,0.0,,1,True
dose_response,0.02,11,201011,LSPIA,0.007508179856372759,0.21901342459746156,,146,True
dose_response,0.02,11,201011,IsotonicRegression,0.01132638728153992,0.0,,1,True
dose_response,0.02,12,201012,LSPIA,0.007207740955387907,0.30406420663523054,,139,True
dose_response,0.02,12,201012,IsotonicRegression,0.011080587093860518,0.0,,1,True
dose_response,0.02,13,201013,LSPIA,0.006070503723825397,0.1168835356669152,,141,True
dose_response,0.02,13,201013,IsotonicRegression,0.010121005922410829,0.0,,1,True
dose_response,0.02,14,201014,LSPIA,0.005622420986885533,0.2574967772789561,,145,True
dose_response,0.02,14,201014,IsotonicRegression,0.00972976946037574,0.0,,1,True
dose_response,0.02,15,201015,LSPIA,0.006752788021021864,0.2038850348768318,,134,True
dose_response,0.02,15,201015,IsotonicRegression,0.011470080404206023,0.0,,1,True
dose_response,0.02,16,201016,LSPIA,0.005036344389647484,0.43958234168413923,,139,True
dose_response,0.02,16,201016,IsotonicRegression,0.008822430112714637,0.0,,1,True
dose_response,0.02,17,201017,LSPIA,0.006147676107471241,0.41394094763866934,,130,True
dose_response,0.02,17,201017,IsotonicRegression,0.010015781937015897,0.0,,1,True
dose_response,0.02,18,201018,LSPIA,0.006068637954978831,0.4541860204930627,,140,True
dose_response,0.02,18,201018,IsotonicRegression,0.012068318605150835,0.0,,1,True
dose_response,0.02,19,201019,LSPIA,0.007456022874662162,0.5880375014477026,,137,True
dose_response,0.02,19,201019,IsotonicRegression,0.011182393639133169,0.0,,1,True
dose_response,0.02,20,201020,LSPIA,0.006225511269296243,0.4128541747259161,,140,True
dose_response,0.02,20,201020,IsotonicRegression,0.010347228156279718,0.0,,1,True
dose_response,0.02,21,201021,LSPIA,0.005097043313417185,1.2837847089912782,,150,True
dose_response,0.02,21,201021,IsotonicRegression,0.008992459899630517,0.0,,1,True
dose_response,0.02,22,201022,LSPIA,0.00551484522490079,1.3813074280430928,,137,True
dose_response,0.02,22,201022,IsotonicRegression,0.007753230009261741,0.0,,1,True
dose_response,0.02,23,201023,LSPIA,0.0049716251847839584,0.33778104707388484,,145,True
dose_response,0.02,23,201023,IsotonicRegression,0.010187883771753758,0.0,,1,True
dose_response,0.02,24,201024,LSPIA,0.006639776129403318,0.5369927399975382,,142,True
dose_response,0.02,24,201024,IsotonicRegression,0.010725107799239613,0.0,,1,True
dose_response,0.02,25,201025,LSPIA,0.006251415672277852,0.5580436590992203,,139,True
dose_response,0.02,25,201025,IsotonicRegression,0.00915452021878051,0.0,,1,True
dose_response,0.02,26,201026,LSPIA,0.004624807523735404,0.543683359445078,,133,True
dose_response,0.02,26,201026,IsotonicRegression,0.010105202977888158,0.0,,1,True
dose_response,0.02,27,201027,LSPIA,0.0065536483102291015,0.6003775251674912,,142,True
dose_response,0.02,27,201027,IsotonicRegression,0.01073748682257331,0.0,,1,True
dose_response,0.02,28,201028,LSPIA,0.006437661881707323,0.2056648724521448,,133,True
dose_response,0.02,28,201028,IsotonicRegression,0.010305623059013289,0.0,,1,True
dose_response,0.02,29,201029,LSPIA,0.006407691495972123,0.12307408475896908,,146,True
dose_response,0.02,29,201029,IsotonicRegression,0.009881708123349797,0.0,,1,True
dose_response,0.02,30,201030,LSPIA,0.004482957934940921,0.11218626882907987,,131,True
dose_response,0.02,30,201030,IsotonicRegression,0.009717403682459994,0.0,,1,True
dose_response,0.02,31,201031,LSPIA,0.006930326057836809,1.2661304912578633,,147,True
dose_response,0.02,31,201031,IsotonicRegression,0.011345159231292397,0.0,,1,True
dose_response,0.02,32,201032,LSPIA,0.004175296620719232,0.11529118169831631,,138,True
dose_response,0.02,32,201032,IsotonicRegression,0.008393689610182997,0.0,,1,True
dose_response,0.02,33,201033,LSPIA,0.005455511463503149,0.42633450646616405,,147,True
dose_response,0.02,33,201033,IsotonicRegression,0.009387317878005516,0.0,,1,True
dose_response,0.02,34,201034,LSPIA,0.004804565199685785,0.33562839496950025,,124,True
dose_response,0.02,34,201034,IsotonicRegression,0.008241540888258564,0.0,,1,True
dose_response,0.02,35,201035,LSPIA,0.005550922147508164,0.3358491448340615,,130,True
dose_response,0.02,35,201035,IsotonicRegression,0.008941295128022986,0.0,,1,True
dose_response,0.02,36,201036,LSPIA,0.0038923928299703374,0.13616052635189188,,129,True
dose_response,0.02,36,201036,IsotonicRegression,0.009440511314419444,0.0,,1,True
dose_response,0.02,37,201037,LSPIA,0.006287908857673691,0.11833949450745201,,131,True
dose_response,0.02,37,201037,IsotonicRegression,0.010985071990247909,0.0,,1,True
dose_response,0.02,38,201038,LSPIA,0.005587084220246697,0.1817259228436181,,144,True
dose_response,0.02,38,201038,IsotonicRegression,0.01059916797329126,0.0,,1,True
dose_response,0.02,39,201039,LSPIA,0.006184556802060333,0.1435696690473762,,137,True
dose_response,0.02,39,201039,IsotonicRegression,0.010640538631169006,0.0,,1,True
dose_response,0.02,40,201040,LSPIA,0.006927999268886089,1.00317072222824,,135,True
dose_response,0.02,40,201040,IsotonicRegression,0.01054731647522219,0.0,,1,True
dose_response,0.02,41,201041,LSPIA,0.00798927318699615,0.17082040886479677,,146,True
dose_response,0.02,41,201041,IsotonicRegression,0.010308676055925711,0.0,,1,True
dose_response,0.02,42,201042,LSPIA,0.006804990925639865,0.1817443939300235,,134,True
dose_response,0.02,42,201042,IsotonicRegression,0.010180575709864784,0.0,,1,True
dose_response,0.02,43,201043,LSPIA,0.00597145972379985,0.05841280419418314,,143,True
dose_response,0.02,43,201043,IsotonicRegression,0.009772910893886828,0.0,,1,True
dose_response,0.02,44,201044,LSPIA,0.005580536198168669,0.8265963601356702,,125,True
dose_response,0.02,44,201044,IsotonicRegression,0.008977137504411647,0.0,,1,True
dose_response,0.02,45,201045,LSPIA,0.0064119928020035435,1.062577296873021,,131,True
dose_response,0.02,45,201045,IsotonicRegression,0.009892147723246387,0.0,,1,True
dose_response,0.02,46,201046,LSPIA,0.005580959811444606,1.1501484978608567,,140,True
dose_response,0.02,46,201046,IsotonicRegression,0.00935479708385301,0.0,,1,True
dose_response,0.02,47,201047,LSPIA,0.004519207291529041,0.26851137854354584,,134,True
dose_response,0.02,47,201047,IsotonicRegression,0.008919226018161908,0.0,,1,True
dose_response,0.02,48,201048,LSPIA,0.006221268971366584,0.4355959034419087,,148,True
dose_response,0.02,48,201048,IsotonicRegression,0.01157453313551366,0.0,,1,True
dose_response,0.02,49,201049,LSPIA,0.007511032267380371,1.0421465145449886,,145,True
dose_response,0.02,49,201049,IsotonicRegression,0.009448468393394364,0.0,,1,True
dose_response,0.02,50,201050,LSPIA,0.00538510292851367,0.6959271689850053,,144,True
dose_response,0.02,50,201050,IsotonicRegression,0.009926109127592437,0.0,,1,True
dose_response,0.02,51,201051,LSPIA,0.005828264914094978,0.40068733138843843,,144,True
dose_response,0.02,51,201051,IsotonicRegression,0.009958437524987129,0.0,,1,True
dose_response,0.02,52,201052,LSPIA,0.006708989362659103,0.26890888782841355,,141,True
dose_response,0.02,52,201052,IsotonicRegression,0.010025875381697292,0.0,,1,True
dose_response,0.02,53,201053,LSPIA,0.004050789065599031,0.28760321355920937,,138,True
dose_response,0.02,53,201053,IsotonicRegression,0.008056794680719851,0.0,,1,True
dose_response,0.02,54,201054,LSPIA,0.0076633653153413235,0.1812448422756868,,137,True
dose_response,0.02,54,201054,IsotonicRegression,0.011776114499760907,0.0,,1,True
dose_response,0.02,55,201055,LSPIA,0.005841211697803023,0.02861052639949422,,135,True
dose_response,0.02,55,201055,IsotonicRegression,0.010068923294457341,0.0,,1,True
dose_response,0.02,56,201056,LSPIA,0.0073413062320323,0.5892005936415182,,144,True
dose_response,0.02,56,201056,IsotonicRegression,0.0099043142794276,0.0,,1,True
dose_response,0.02,57,201057,LSPIA,0.007184838984821355,0.6177644841347887,,147,True
dose_response,0.02,57,201057,IsotonicRegression,0.008697835025450164,0.0,,1,True
dose_response,0.02,58,201058,LSPIA,0.007335810302194882,0.220422394195368,,140,True
dose_response,0.02,58,201058,IsotonicRegression,0.010596392941488442,0.0,,1,True
dose_response,0.02,59,201059,LSPIA,0.006580644418670155,1.3350192691222371,,137,True
dose_response,0.02,59,201059,IsotonicRegression,0.008812286394235338,0.0,,1,True
dose_response,0.02,60,201060,LSPIA,0.004824167455023341,0.32720062239701353,,146,True
dose_response,0.02,60,201060,IsotonicRegression,0.008908862106831643,0.0,,1,True
dose_response,0.02,61,201061,LSPIA,0.006981520678307289,0.32260141197645215,,146,True
dose_response,0.02,61,201061,IsotonicRegression,0.011301866002726096,0.0,,1,True
dose_response,0.02,62,201062,LSPIA,0.004730487352617791,0.2405078805789956,,136,True
dose_response,0.02,62,201062,IsotonicRegression,0.010231901856218693,0.0,,1,True
dose_response,0.02,63,201063,LSPIA,0.005709144386362622,0.17391008666362895,,134,True
dose_response,0.02,63,201063,IsotonicRegression,0.010496561687735158,0.0,,1,True
dose_response,0.02,64,201064,LSPIA,0.006615156381679793,0.18266921509454087,,145,True
dose_response,0.02,64,201064,IsotonicRegression,0.011256191993586193,0.0,,1,True
dose_response,0.02,65,201065,LSPIA,0.005890727965880597,0.8667821785756534,,137,True
dose_response,0.02,65,201065,IsotonicRegression,0.00875065667792542,0.0,,1,True
dose_response,0.02,66,201066,LSPIA,0.004091617932428098,0.44153467450405065,,144,True
dose_response,0.02,66,201066,IsotonicRegression,0.00832403005306647,0.0,,1,True
dose_response,0.02,67,201067,LSPIA,0.00600859653733424,0.05451375515435609,,138,True
dose_response,0.02,67,201067,IsotonicRegression,0.01000638594453128,0.0,,1,True
dose_response,0.02,68,201068,LSPIA,0.004839742563585596,0.1309873620532897,,137,True
dose_response,0.02,68,201068,IsotonicRegression,0.008607583603040824,0.0,,1,True
dose_response,0.02,69,201069,LSPIA,0.005475346785964003,0.039372346480944564,,145,True
dose_response,0.02,69,201069,IsotonicRegression,0.00991630151504215,0.0,,1,True
dose_response,0.02,70,201070,LSPIA,0.0053539411818651315,0.5551711882471061,,139,True
dose_response,0.02,70,201070,IsotonicRegression,0.010103663777444845,0.0,,1,True
dose_response,0.02,71,201071,LSPIA,0.004905736325226121,0.1291956889936758,,141,True
dose_response,0.02,71,201071,IsotonicRegression,0.010105979978287853,0.0,,1,True
dose_response,0.02,72,201072,LSPIA,0.006282998342421777,0.4798322514539191,,127,True
dose_response,0.02,72,201072,IsotonicRegression,0.0095744385890829,0.0,,1,True
dose_response,0.02,73,201073,LSPIA,0.005837414819771885,0.6713522537145706,,133,True
dose_response,0.02,73,201073,IsotonicRegression,0.009083996707783122,0.0,,1,True
dose_response,0.02,74,201074,LSPIA,0.006388949693542821,0.5011872150311698,,147,True
dose_response,0.02,74,201074,IsotonicRegression,0.01024351709645135,0.0,,1,True
dose_response,0.02,75,201075,LSPIA,0.003439749258973277,0.21956743462284084,,134,True
dose_response,0.02,75,201075,IsotonicRegression,0.008860263507565512,0.0,,1,True
dose_response,0.02,76,201076,LSPIA,0.00592024680936536,0.4815001750508893,,143,True
dose_response,0.02,76,201076,IsotonicRegression,0.008651929299504065,0.0,,1,True
dose_response,0.02,77,201077,LSPIA,0.006269896287658167,0.44330858197685263,,144,True
dose_response,0.02,77,201077,IsotonicRegression,0.010609235612373267,0.0,,1,True
dose_response,0.02,78,201078,LSPIA,0.00761697291116108,0.37981520259556345,,153,True
dose_response,0.02,78,201078,IsotonicRegression,0.010068584600062906,0.0,,1,True
dose_response,0.02,79,201079,LSPIA,0.0072911448376516376,0.2876898413258859,,140,True
dose_response,0.02,79,201079,IsotonicRegression,0.011358679324547847,0.0,,1,True
dose_response,0.02,80,201080,LSPIA,0.008174194744730499,1.1961168419109376,,148,True
dose_response,0.02,80,201080,IsotonicRegression,0.008440954108618814,0.0,,1,True
dose_response,0.02,81,201081,LSPIA,0.007315091932079379,0.7660022645017353,,141,True
dose_response,0.02,81,201081,IsotonicRegression,0.009585275121570954,0.0,,1,True
dose_response,0.02,82,201082,LSPIA,0.0044747020636922066,0.02856493470918035,,135,True
dose_response,0.02,82,201082,IsotonicRegression,0.008929342076296252,0.0,,1,True
dose_response,0.02,83,201083,LSPIA,0.006848124521857172,0.9219935943059759,,137,True
dose_response,0.02,83,201083,IsotonicRegression,0.012431488034870378,0.0,,1,True
dose_response,0.02,84,201084,LSPIA,0.005171770670725351,0.2241533693487367,,132,True
dose_response,0.02,84,201084,IsotonicRegression,0.008336044019130823,0.0,,1,True
dose_response,0.02,85,201085,LSPIA,0.007472963201007253,0.6050447720434602,,143,True
dose_response,0.02,85,201085,IsotonicRegression,0.010465725333382294,0.0,,1,True
dose_response,0.02,86,201086,LSPIA,0.008743240055794809,1.0837315231177957,,136,True
dose_response,0.02,86,201086,IsotonicRegression,0.011631966633768106,0.0,,1,True
dose_response,0.02,87,201087,LSPIA,0.0053906183596108,0.4956749946177154,,143,True
dose_response,0.02,87,201087,IsotonicRegression,0.009084535557679024,0.0,,1,True
dose_response,0.02,88,201088,LSPIA,0.004739430828785362,0.019808680645452718,,131,True
dose_response,0.02,88,201088,IsotonicRegression,0.009072776431274653,0.0,,1,True
dose_response,0.02,89,201089,LSPIA,0.007876225808884458,0.6877193831077433,,130,True
dose_response,0.02,89,201089,IsotonicRegression,0.010691412774739102,0.0,,1,True
dose_response,0.02,90,201090,LSPIA,0.005099925021241785,0.07186831979414039,,139,True
dose_response,0.02,90,201090,IsotonicRegression,0.009076155174553482,0.0,,1,True
dose_response,0.02,91,201091,LSPIA,0.006893548913245342,0.6198991120682702,,148,True
dose_response,0.02,91,201091,IsotonicRegression,0.01021521594564498,0.0,,1,True
dose_response,0.02,92,201092,LSPIA,0.005180120634208743,0.19781440362286076,,134,True
dose_response,0.02,92,201092,IsotonicRegression,0.009544682172543676,0.0,,1,True
dose_response,0.02,93,201093,LSPIA,0.006249661132023179,1.1147808213318646,,150,True
dose_response,0.02,93,201093,IsotonicRegression,0.00884824774172247,0.0,,1,True
dose_response,0.02,94,201094,LSPIA,0.005546532661444372,0.6094353301212099,,140,True
dose_response,0.02,94,201094,IsotonicRegression,0.00917605313530915,0.0,,1,True
dose_response,0.02,95,201095,LSPIA,0.004921062774985135,0.5878064730268666,,128,True
dose_response,0.02,95,201095,IsotonicRegression,0.009122569230192907,0.0,,1,True
dose_response,0.02,96,201096,LSPIA,0.008936233354159863,1.4658398520021958,,142,True
dose_response,0.02,96,201096,IsotonicRegression,0.012537508932300313,0.0,,1,True
dose_response,0.02,97,201097,LSPIA,0.004834009590668628,0.08678336745745517,,131,True
dose_response,0.02,97,201097,IsotonicRegression,0.009456715710113167,0.0,,1,True
dose_response,0.02,98,201098,LSPIA,0.0054550052281827095,0.12711553381290017,,134,True
dose_response,0.02,98,201098,IsotonicRegression,0.010067266119265856,0.0,,1,True
dose_response,0.02,99,201099,LSPIA,0.006173559294969102,0.5498176122696399,,135,True
dose_response,0.02,99,201099,IsotonicRegression,0.010088210427490361,0.0,,1,True
dose_response,0.02,100,201100,LSPIA,0.007962771812948126,1.8924568702130509,,121,True
dose_response,0.02,100,201100,IsotonicRegression,0.010272347920653799,0.0,,1,True
dose_response,0.05,1,202001,LSPIA,0.014604237053238036,0.9518840186125401,,155,True
dose_response,0.05,1,202001,IsotonicRegression,0.021736351877440496,0.0,,1,True
dose_response,0.05,2,202002,LSPIA,0.0161258413576134,0.5967828802698388,,163,True
dose_response,0.05,2,202002,IsotonicRegression,0.01842550190793574,0.0,,1,True
dose_response,0.05,3,202003,LSPIA,0.015053972064252493,2.3392933759138415,,155,True
dose_response,0.05,3,202003,IsotonicRegression,0.021669631417981616,0.0,,1,True
dose_response,0.05,4,202004,LSPIA,0.014575485974720423,1.9374611163758264,,155,True
dose_response,0.05,4,202004,IsotonicRegression,0.019599057280257237,0.0,,1,True
dose_response,0.05,5,202005,LSPIA,0.015253925381328382,0.43850283265402457,,160,True
dose_response,0.05,5,202005,IsotonicRegression,0.021411378175277843,0.0,,1,True
dose_response,0.05,6,202006,LSPIA,0.01599572873683414,2.197110546521512,,151,True
dose_response,0.05,6,202006,IsotonicRegression,0.019923630754473617,0.0,,1,True
dose_response,0.05,7,202007,LSPIA,0.0169061580217458,0.6759030952011383,,165,True
dose_response,0.05,7,202007,IsotonicRegression,0.017776122174257405,0.0,,1,True
dose_response,0.05,8,202008,LSPIA,0.016477883527912334,0.32710574933672293,,140,True
dose_response,0.05,8,202008,IsotonicRegression,0.021087073928870458,0.0,,1,True
dose_response,0.05,9,202009,LSPIA,0.01590294619869405,1.2998715767847127,,160,True
dose_response,0.05,9,202009,IsotonicRegression,0.02198672548964827,0.0,,1,True
dose_response,0.05,10,202010,LSPIA,0.015005593490819365,1.1119476022002588,,143,True
dose_response,0.05,10,202010,IsotonicRegression,0.021687511271496606,0.0,,1,True
dose_response,0.05,11,202011,LSPIA,0.015415349588443952,1.7676280015286758,,163,True
dose_response,0.05,11,202011,IsotonicRegression,0.021464498842260257,0.0,,1,True
dose_response,0.05,12,202012,LSPIA,0.011053853756734844,0.4692786962570182,,139,True
dose_response,0.05,12,202012,IsotonicRegression,0.018648372059524677,0.0,,1,True
dose_response,0.05,13,202013,LSPIA,0.014791675824520775,2.0058253283516274,,156,True
dose_response,0.05,13,202013,IsotonicRegression,0.020868451413588156,0.0,,1,True
dose_response,0.05,14,202014,LSPIA,0.01801402352250875,1.076838019811178,,166,True
dose_response,0.05,14,202014,IsotonicRegression,0.020862080320484366,0.0,,1,True
dose_response,0.05,15,202015,LSPIA,0.014548875000507083,0.24039186756439365,,156,True
dose_response,0.05,15,202015,IsotonicRegression,0.018521777350398283,0.0,,1,True
dose_response,0.05,16,202016,LSPIA,0.01483916718912951,1.9438825548964882,,156,True
dose_response,0.05,16,202016,IsotonicRegression,0.021115933606212247,0.0,,1,True
dose_response,0.05,17,202017,LSPIA,0.01506661962618002,0.7615547367983778,,163,True
dose_response,0.05,17,202017,IsotonicRegression,0.018228444979027574,0.0,,1,True
dose_response,0.05,18,202018,LSPIA,0.015839965166657158,3.6638424213543033,,146,True
dose_response,0.05,18,202018,IsotonicRegression,0.02101476796923715,0.0,,1,True
dose_response,0.05,19,202019,LSPIA,0.017691026773900824,1.9872175594051877,,158,True
dose_response,0.05,19,202019,IsotonicRegression,0.025404493141178187,0.0,,1,True
dose_response,0.05,20,202020,LSPIA,0.020929700217285113,0.34719647765256845,,157,True
dose_response,0.05,20,202020,IsotonicRegression,0.026019159988199776,0.0,,1,True
dose_response,0.05,21,202021,LSPIA,0.015357642156833402,0.9881724929768518,,144,True
dose_response,0.05,21,202021,IsotonicRegression,0.01980870692528291,0.0,,1,True
dose_response,0.05,22,202022,LSPIA,0.009390420872930414,0.42615123914935477,,153,True
dose_response,0.05,22,202022,IsotonicRegression,0.016979115716837502,0.0,,1,True
dose_response,0.05,23,202023,LSPIA,0.014325394869540028,0.6157143585727864,,152,True
dose_response,0.05,23,202023,IsotonicRegression,0.021766158517562785,0.0,,1,True
dose_response,0.05,24,202024,LSPIA,0.016081611422348874,0.19896888888847925,,146,True
dose_response,0.05,24,202024,IsotonicRegression,0.020958086929678033,0.0,,1,True
dose_response,0.05,25,202025,LSPIA,0.016108516463214602,1.049808321682497,,152,True
dose_response,0.05,25,202025,IsotonicRegression,0.022729056326398916,0.0,,1,True
dose_response,0.05,26,202026,LSPIA,0.015094516974936247,0.3027617069230062,,159,True
dose_response,0.05,26,202026,IsotonicRegression,0.02289414665695434,0.0,,1,True
dose_response,0.05,27,202027,LSPIA,0.019717394214130077,1.9552289567891667,,149,True
dose_response,0.05,27,202027,IsotonicRegression,0.022679673890558527,0.0,,1,True
dose_response,0.05,28,202028,LSPIA,0.01926520351423658,1.0978998276354686,,151,True
dose_response,0.05,28,202028,IsotonicRegression,0.024420966586441842,0.0,,1,True
dose_response,0.05,29,202029,LSPIA,0.016949555745880186,3.6020293925036344,,161,True
dose_response,0.05,29,202029,IsotonicRegression,0.018760524956754673,0.0,,1,True
dose_response,0.05,30,202030,LSPIA,0.013531618685510644,0.2366758432343968,,148,True
dose_response,0.05,30,202030,IsotonicRegression,0.01923026518009372,0.0,,1,True
dose_response,0.05,31,202031,LSPIA,0.011428846824284213,0.5948097806445275,,141,True
dose_response,0.05,31,202031,IsotonicRegression,0.014862822540930307,0.0,,1,True
dose_response,0.05,32,202032,LSPIA,0.02222420056511636,1.0485458450893428,,154,True
dose_response,0.05,32,202032,IsotonicRegression,0.02098539345011245,0.0,,1,True
dose_response,0.05,33,202033,LSPIA,0.014563059657600892,4.396356047625087,,160,True
dose_response,0.05,33,202033,IsotonicRegression,0.018307605652743388,0.0,,1,True
dose_response,0.05,34,202034,LSPIA,0.01338677504109261,2.2490498729853856,,158,True
dose_response,0.05,34,202034,IsotonicRegression,0.018726542845822744,0.0,,1,True
dose_response,0.05,35,202035,LSPIA,0.012716506905501449,0.6510326082680267,,149,True
dose_response,0.05,35,202035,IsotonicRegression,0.01416671728284841,0.0,,1,True
dose_response,0.05,36,202036,LSPIA,0.017760633663535735,1.1605377669163228,,151,True
dose_response,0.05,36,202036,IsotonicRegression,0.020247727306084894,0.0,,1,True
dose_response,0.05,37,202037,LSPIA,0.01365555273088561,0.510303492134067,,150,True
dose_response,0.05,37,202037,IsotonicRegression,0.019010938562344846,0.0,,1,True
dose_response,0.05,38,202038,LSPIA,0.0148096005275471,1.6085432007156322,,126,True
dose_response,0.05,38,202038,IsotonicRegression,0.019610055194475555,0.0,,1,True
dose_response,0.05,39,202039,LSPIA,0.016144817148701016,0.1287692714908947,,151,True
dose_response,0.05,39,202039,IsotonicRegression,0.02357346860865619,0.0,,1,True
dose_response,0.05,40,202040,LSPIA,0.014321929941497157,3.0029540813873625,,145,True
dose_response,0.05,40,202040,IsotonicRegression,0.017674521685739738,0.0,,1,True
dose_response,0.05,41,202041,LSPIA,0.015038535795146944,0.6147613711944776,,152,True
dose_response,0.05,41,202041,IsotonicRegression,0.018043141332288657,0.0,,1,True
dose_response,0.05,42,202042,LSPIA,0.009063004399117081,0.5915047428079259,,150,True
dose_response,0.05,42,202042,IsotonicRegression,0.018286474462459824,0.0,,1,True
dose_response,0.05,43,202043,LSPIA,0.01391584562890648,1.0563028335982214,,148,True
dose_response,0.05,43,202043,IsotonicRegression,0.02090059724801381,0.0,,1,True
dose_response,0.05,44,202044,LSPIA,0.012455079017599655,0.10022185221889844,,147,True
dose_response,0.05,44,202044,IsotonicRegression,0.019042824197975997,0.0,,1,True
dose_response,0.05,45,202045,LSPIA,0.016817379381049786,2.469391344181148,,156,True
dose_response,0.05,45,202045,IsotonicRegression,0.02112469573873109,0.0,,1,True
dose_response,0.05,46,202046,LSPIA,0.016506362627638105,2.20628237028286,,137,True
dose_response,0.05,46,202046,IsotonicRegression,0.020985632335396433,0.0,,1,True
dose_response,0.05,47,202047,LSPIA,0.0161415784030146,3.2051474848701336,,151,True
dose_response,0.05,47,202047,IsotonicRegression,0.020113473968208763,0.0,,1,True
dose_response,0.05,48,202048,LSPIA,0.01988736450203237,1.818582973358364,,148,True
dose_response,0.05,48,202048,IsotonicRegression,0.022882255389162276,0.0,,1,True
dose_response,0.05,49,202049,LSPIA,0.01867653623652511,3.150193276416831,,138,True
dose_response,0.05,49,202049,IsotonicRegression,0.019650140454006055,0.0,,1,True
dose_response,0.05,50,202050,LSPIA,0.014968931632810444,0.5206195866478898,,157,True
dose_response,0.05,50,202050,IsotonicRegression,0.019582361097306395,0.0,,1,True
dose_response,0.05,51,202051,LSPIA,0.012325990941239786,0.8351685952177024,,164,True
dose_response,0.05,51,202051,IsotonicRegression,0.019252564239030073,0.0,,1,True
dose_response,0.05,52,202052,LSPIA,0.010666625173317427,1.1565010548606054,,151,True
dose_response,0.05,52,202052,IsotonicRegression,0.01816273410029705,0.0,,1,True
dose_response,0.05,53,202053,LSPIA,0.015431338139619624,1.2000514769058923,,154,True
dose_response,0.05,53,202053,IsotonicRegression,0.020191823272077,0.0,,1,True
dose_response,0.05,54,202054,LSPIA,0.02305272576259153,0.9748907885162041,,143,True
dose_response,0.05,54,202054,IsotonicRegression,0.027477350135272603,0.0,,1,True
dose_response,0.05,55,202055,LSPIA,0.012503106696644426,0.19372573968788745,,148,True
dose_response,0.05,55,202055,IsotonicRegression,0.02014879618231441,0.0,,1,True
dose_response,0.05,56,202056,LSPIA,0.013306908950423718,0.39768395605655876,,129,True
dose_response,0.05,56,202056,IsotonicRegression,0.021229491637460927,0.0,,1,True
dose_response,0.05,57,202057,LSPIA,0.015910423812253785,0.7035156496513452,,139,True
dose_response,0.05,57,202057,IsotonicRegression,0.02148552104470844,0.0,,1,True
dose_response,0.05,58,202058,LSPIA,0.013444757395338972,0.634988843005601,,167,True
dose_response,0.05,58,202058,IsotonicRegression,0.018320768147321267,0.0,,1,True
dose_response,0.05,59,202059,LSPIA,0.012690639273679149,0.15218405916045497,,157,True
dose_response,0.05,59,202059,IsotonicRegression,0.01805392614938252,0.0,,1,True
dose_response,0.05,60,202060,LSPIA,0.015894392989300992,1.5618805996091,,133,True
dose_response,0.05,60,202060,IsotonicRegression,0.018691755731213695,0.0,,1,True
dose_response,0.05,61,202061,LSPIA,0.016895384838390738,0.9839146282855431,,134,True
dose_response,0.05,61,202061,IsotonicRegression,0.022151079020687952,0.0,,1,True
dose_response,0.05,62,202062,LSPIA,0.016497156569349216,1.6752619426410535,,160,True
dose_response,0.05,62,202062,IsotonicRegression,0.018484081073974475,0.0,,1,True
dose_response,0.05,63,202063,LSPIA,0.012845681839204147,2.126797857874979,,148,True
dose_response,0.05,63,202063,IsotonicRegression,0.019299147934934188,0.0,,1,True
dose_response,0.05,64,202064,LSPIA,0.017024533394837255,0.3647662028755778,,148,True
dose_response,0.05,64,202064,IsotonicRegression,0.023931483302050895,0.0,,1,True
dose_response,0.05,65,202065,LSPIA,0.013186576996844005,1.5714800174375623,,151,True
dose_response,0.05,65,202065,IsotonicRegression,0.015108388651751197,0.0,,1,True
dose_response,0.05,66,202066,LSPIA,0.017542863416274163,3.171771766915277,,155,True
dose_response,0.05,66,202066,IsotonicRegression,0.01973483701914761,0.0,,1,True
dose_response,0.05,67,202067,LSPIA,0.013015516304156177,0.307964636576284,,139,True
dose_response,0.05,67,202067,IsotonicRegression,0.02078087656068293,0.0,,1,True
dose_response,0.05,68,202068,LSPIA,0.010044100928622663,1.5384550142624738,,148,True
dose_response,0.05,68,202068,IsotonicRegression,0.013588551178941987,0.0,,1,True
dose_response,0.05,69,202069,LSPIA,0.012887332413866848,1.6128069920580264,,147,True
dose_response,0.05,69,202069,IsotonicRegression,0.016252428952409435,0.0,,1,True
dose_response,0.05,70,202070,LSPIA,0.01677751498651719,0.36248972906676175,,144,True
dose_response,0.05,70,202070,IsotonicRegression,0.02292394668389706,0.0,,1,True
dose_response,0.05,71,202071,LSPIA,0.013833235112288348,0.539484626610545,,152,True
dose_response,0.05,71,202071,IsotonicRegression,0.01980825495637665,0.0,,1,True
dose_response,0.05,72,202072,LSPIA,0.013424739014690167,0.795259538393622,,148,True
dose_response,0.05,72,202072,IsotonicRegression,0.02123259750498334,0.0,,1,True
dose_response,0.05,73,202073,LSPIA,0.01822923379226538,0.4032963053563541,,141,True
dose_response,0.05,73,202073,IsotonicRegression,0.024594379311700654,0.0,,1,True
dose_response,0.05,74,202074,LSPIA,0.016860756192737344,0.0,,151,True
dose_response,0.05,74,202074,IsotonicRegression,0.024097721946809154,0.0,,1,True
dose_response,0.05,75,202075,LSPIA,0.018162058249946468,0.7778147488201598,,154,True
dose_response,0.05,75,202075,IsotonicRegression,0.02626010159898105,0.0,,1,True
dose_response,0.05,76,202076,LSPIA,0.016889930123695093,0.9780732303692009,,143,True
dose_response,0.05,76,202076,IsotonicRegression,0.019786830277901516,0.0,,1,True
dose_response,0.05,77,202077,LSPIA,0.012411441891885677,2.7603603789761975,,148,True
dose_response,0.05,77,202077,IsotonicRegression,0.01747288821193563,0.0,,1,True
dose_response,0.05,78,202078,LSPIA,0.01028076182895648,0.6285004322463327,,147,True
dose_response,0.05,78,202078,IsotonicRegression,0.023352500028944522,0.0,,1,True
dose_response,0.05,79,202079,LSPIA,0.015567843059305126,2.8167617756123415,,169,True
dose_response,0.05,79,202079,IsotonicRegression,0.017076809344192256,0.0,,1,True
dose_response,0.05,80,202080,LSPIA,0.01724185663728725,0.7034392288379477,,144,True
dose_response,0.05,80,202080,IsotonicRegression,0.019840131189987644,0.0,,1,True
dose_response,0.05,81,202081,LSPIA,0.019323166887194532,1.325376250954264,,148,True
dose_response,0.05,81,202081,IsotonicRegression,0.0229150693494576,0.0,,1,True
dose_response,0.05,82,202082,LSPIA,0.015121243610992601,0.045189133974251346,,139,True
dose_response,0.05,82,202082,IsotonicRegression,0.022794386091463077,0.0,,1,True
dose_response,0.05,83,202083,LSPIA,0.016582723141145877,1.0400362782189525,,161,True
dose_response,0.05,83,202083,IsotonicRegression,0.01977549033503598,0.0,,1,True
dose_response,0.05,84,202084,LSPIA,0.015979159806079824,1.117070152471066,,141,True
dose_response,0.05,84,202084,IsotonicRegression,0.01990913403132083,0.0,,1,True
dose_response,0.05,85,202085,LSPIA,0.013686241540957975,0.24843637523361942,,138,True
dose_response,0.05,85,202085,IsotonicRegression,0.02440607395870408,0.0,,1,True
dose_response,0.05,86,202086,LSPIA,0.013577360947467011,0.3761254994190219,,146,True
dose_response,0.05,86,202086,IsotonicRegression,0.021436926963915973,0.0,,1,True
dose_response,0.05,87,202087,LSPIA,0.01624115508278878,1.793980603267998,,155,True
dose_response,0.05,87,202087,IsotonicRegression,0.02140961389070471,0.0,,1,True
dose_response,0.05,88,202088,LSPIA,0.0169059069837496,0.607964776975291,,139,True
dose_response,0.05,88,202088,IsotonicRegression,0.021994092310722767,0.0,,1,True
dose_response,0.05,89,202089,LSPIA,0.014298785915152516,0.15938050196246814,,158,True
dose_response,0.05,89,202089,IsotonicRegression,0.02058753759056077,0.0,,1,True
dose_response,0.05,90,202090,LSPIA,0.017538568481863817,0.6013421409664376,,155,True
dose_response,0.05,90,202090,IsotonicRegression,0.022920759483735974,0.0,,1,True
dose_response,0.05,91,202091,LSPIA,0.0168354919397946,0.8812992106895651,,142,True
dose_response,0.05,91,202091,IsotonicRegression,0.019916230163332257,0.0,,1,True
dose_response,0.05,92,202092,LSPIA,0.018621209674994865,0.38798385674384683,,146,True
dose_response,0.05,92,202092,IsotonicRegression,0.023245064509110278,0.0,,1,True
dose_response,0.05,93,202093,LSPIA,0.01707294240228619,0.5781896708156201,,163,True
dose_response,0.05,93,202093,IsotonicRegression,0.01904329306256875,0.0,,1,True
dose_response,0.05,94,202094,LSPIA,0.0202241248435498,0.8414747667433484,,160,True
dose_response,0.05,94,202094,IsotonicRegression,0.023175503191839548,0.0,,1,True
dose_response,0.05,95,202095,LSPIA,0.018447212912326018,0.7647302010955204,,158,True
dose_response,0.05,95,202095,IsotonicRegression,0.023967818953360587,0.0,,1,True
dose_response,0.05,96,202096,LSPIA,0.01306750637186667,0.5108702882681508,,142,True
dose_response,0.05,96,202096,IsotonicRegression,0.02052158266559005,0.0,,1,True
dose_response,0.05,97,202097,LSPIA,0.01164713233300579,1.997182099959352,,123,True
dose_response,0.05,97,202097,IsotonicRegression,0.02239703675851846,0.0,,1,True
dose_response,0.05,98,202098,LSPIA,0.014752095605556473,0.5773691179014065,,153,True
dose_response,0.05,98,202098,IsotonicRegression,0.020427393621980997,0.0,,1,True
dose_response,0.05,99,202099,LSPIA,0.01968117995688213,2.52916312126127,,150,True
dose_response,0.05,99,202099,IsotonicRegression,0.0216751299989353,0.0,,1,True
dose_response,0.05,100,202100,LSPIA,0.015573337671192242,0.979238756774341,,160,True
dose_response,0.05,100,202100,IsotonicRegression,0.024862711279616267,0.0,,1,True
dose_response,0.1,1,203001,LSPIA,0.023885078502727274,6.840875788634873,,165,True
dose_response,0.1,1,203001,IsotonicRegression,0.02578451748924199,0.0,,1,True
dose_response,0.1,2,203002,LSPIA,0.026619225914005517,4.391648398871879,,162,True
dose_response,0.1,2,203002,IsotonicRegression,0.03873441835931794,0.0,,1,True
dose_response,0.1,3,203003,LSPIA,0.023441713618954613,3.02748163262742,,156,True
dose_response,0.1,3,203003,IsotonicRegression,0.03530760961586426,0.0,,1,True
dose_response,0.1,4,203004,LSPIA,0.03546001811480925,1.2896300049222913,,153,True
dose_response,0.1,4,203004,IsotonicRegression,0.04158570704652696,0.0,,1,True
dose_response,0.1,5,203005,LSPIA,0.022824127498120003,1.3025936749799252,,160,True
dose_response,0.1,5,203005,IsotonicRegression,0.033490989723316086,0.0,,1,True
dose_response,0.1,6,203006,LSPIA,0.04047657615810912,0.9351140300717639,,161,True
dose_response,0.1,6,203006,IsotonicRegression,0.03798657705599545,0.0,,1,True
dose_response,0.1,7,203007,LSPIA,0.03405339043634319,1.1403222805418816,,153,True
dose_response,0.1,7,203007,IsotonicRegression,0.038326188646406245,0.0,,1,True
dose_response,0.1,8,203008,LSPIA,0.024973836582955204,5.633171323486828,,158,True
dose_response,0.1,8,203008,IsotonicRegression,0.03213486296557488,0.0,,1,True
dose_response,0.1,9,203009,LSPIA,0.03507166791608426,1.105981199015493,,145,True
dose_response,0.1,9,203009,IsotonicRegression,0.03921529818007841,0.0,,1,True
dose_response,0.1,10,203010,LSPIA,0.028593318308106616,7.092188191763842,,170,True
dose_response,0.1,10,203010,IsotonicRegression,0.043520728304929084,0.0,,1,True
dose_response,0.1,11,203011,LSPIA,0.02888289339064062,1.6654967374858645,,150,True
dose_response,0.1,11,203011,IsotonicRegression,0.03408380769862283,0.0,,1,True
dose_response,0.1,12,203012,LSPIA,0.02948585030104845,2.0748509557961086,,152,True
dose_response,0.1,12,203012,IsotonicRegression,0.03285495514387804,0.0,,1,True
dose_response,0.1,13,203013,LSPIA,0.02411238368479569,3.811046591051117,,162,True
dose_response,0.1,13,203013,IsotonicRegression,0.03002869325554473,0.0,,1,True
dose_response,0.1,14,203014,LSPIA,0.027593476027243317,0.9739947182428069,,160,True
dose_response,0.1,14,203014,IsotonicRegression,0.04037474441237434,0.0,,1,True
dose_response,0.1,15,203015,LSPIA,0.029852254990284235,1.3998401115019308,,148,True
dose_response,0.1,15,203015,IsotonicRegression,0.03095678620101715,0.0,,1,True
dose_response,0.1,16,203016,LSPIA,0.028283166197743525,5.143452220421841,,166,True
dose_response,0.1,16,203016,IsotonicRegression,0.03650430047389882,0.0,,1,True
dose_response,0.1,17,203017,LSPIA,0.04342213514686942,4.194703272057219,,160,True
dose_response,0.1,17,203017,IsotonicRegression,0.028553508673020464,0.0,,1,True
dose_response,0.1,18,203018,LSPIA,0.02529208594749562,0.8100266215330677,,153,True
dose_response,0.1,18,203018,IsotonicRegression,0.03367567032155102,0.0,,1,True
dose_response,0.1,19,203019,LSPIA,0.03318143860355267,5.903307336526775,,169,True
dose_response,0.1,19,203019,IsotonicRegression,0.03542189239074576,0.0,,1,True
dose_response,0.1,20,203020,LSPIA,0.029991996790891217,2.077261163324849,,156,True
dose_response,0.1,20,203020,IsotonicRegression,0.037620147857252186,0.0,,1,True
dose_response,0.1,21,203021,LSPIA,0.027305661478876787,1.9039921044106876,,154,True
dose_response,0.1,21,203021,IsotonicRegression,0.029466733167897535,0.0,,1,True
dose_response,0.1,22,203022,LSPIA,0.03000713110131925,4.103399332129839,,164,True
dose_response,0.1,22,203022,IsotonicRegression,0.030096565047996255,0.0,,1,True
dose_response,0.1,23,203023,LSPIA,0.022041297084882762,0.7076886811539616,,155,True
dose_response,0.1,23,203023,IsotonicRegression,0.027843352538867012,0.0,,1,True
dose_response,0.1,24,203024,LSPIA,0.02528145138223648,0.623357822062173,,164,True
dose_response,0.1,24,203024,IsotonicRegression,0.022798491571227125,0.0,,1,True
dose_response,0.1,25,203025,LSPIA,0.028847285881533003,2.0575551463848902,,146,True
dose_response,0.1,25,203025,IsotonicRegression,0.038662419236588905,0.0,,1,True
dose_response,0.1,26,203026,LSPIA,0.024451866155926025,0.7873337610290981,,154,True
dose_response,0.1,26,203026,IsotonicRegression,0.03356626188498382,0.0,,1,True
dose_response,0.1,27,203027,LSPIA,0.017895745961882197,0.9611156998171434,,155,True
dose_response,0.1,27,203027,IsotonicRegression,0.028010966439191386,0.0,,1,True
dose_response,0.1,28,203028,LSPIA,0.022003026765396515,4.673606297738897,,157,True
dose_response,0.1,28,203028,IsotonicRegression,0.032699563498280314,0.0,,1,True
dose_response,0.1,29,203029,LSPIA,0.024556477204249732,6.6876061705028125,,157,True
dose_response,0.1,29,203029,IsotonicRegression,0.02926521609079693,0.0,,1,True
dose_response,0.1,30,203030,LSPIA,0.029758970094937387,3.7395392066768203,,161,True
dose_response,0.1,30,203030,IsotonicRegression,0.0322212005986964,0.0,,1,True
dose_response,0.1,31,203031,LSPIA,0.0251782934036692,1.43949659907048,,157,True
dose_response,0.1,31,203031,IsotonicRegression,0.029208956335035192,0.0,,1,True
dose_response,0.1,32,203032,LSPIA,0.0450403266312038,3.469196421122333,,151,True
dose_response,0.1,32,203032,IsotonicRegression,0.03358570529665363,0.0,,1,True
dose_response,0.1,33,203033,LSPIA,0.041377665554005655,4.872569943714029,,164,True
dose_response,0.1,33,203033,IsotonicRegression,0.04744059659486571,0.0,,1,True
dose_response,0.1,34,203034,LSPIA,0.030457149540296487,3.28536042378343,,160,True
dose_response,0.1,34,203034,IsotonicRegression,0.021397533542724563,0.0,,1,True
dose_response,0.1,35,203035,LSPIA,0.03149045617578034,1.3621264482633242,,149,True
dose_response,0.1,35,203035,IsotonicRegression,0.030859824633195723,0.0,,1,True
dose_response,0.1,36,203036,LSPIA,0.026872360516042162,2.0642193593306053,,161,True
dose_response,0.1,36,203036,IsotonicRegression,0.03651633666923541,0.0,,1,True
dose_response,0.1,37,203037,LSPIA,0.03591549405303538,1.4468379529564102,,157,True
dose_response,0.1,37,203037,IsotonicRegression,0.04375454641844902,0.0,,1,True
dose_response,0.1,38,203038,LSPIA,0.03125144823196143,2.2854983345406925,,171,True
dose_response,0.1,38,203038,IsotonicRegression,0.033029202964067014,0.0,,1,True
dose_response,0.1,39,203039,LSPIA,0.027342012887072453,1.2816501346496214,,160,True
dose_response,0.1,39,203039,IsotonicRegression,0.03362494765639928,0.0,,1,True
dose_response,0.1,40,203040,LSPIA,0.03594630508374036,1.355659180445025,,170,True
dose_response,0.1,40,203040,IsotonicRegression,0.03665056817242355,0.0,,1,True
dose_response,0.1,41,203041,LSPIA,0.025954562527265055,5.693136642000942,,165,True
dose_response,0.1,41,203041,IsotonicRegression,0.021930703872771615,0.0,,1,True
dose_response,0.1,42,203042,LSPIA,0.03468807687819996,1.4181464290794916,,167,True
dose_response,0.1,42,203042,IsotonicRegression,0.038641103566486194,0.0,,1,True
dose_response,0.1,43,203043,LSPIA,0.027370324361474303,3.926314073068717,,142,True
dose_response,0.1,43,203043,IsotonicRegression,0.037532442834104535,0.0,,1,True
dose_response,0.1,44,203044,LSPIA,0.04013000582844881,1.1715237833220071,,146,True
dose_response,0.1,44,203044,IsotonicRegression,0.041436654623879174,0.0,,1,True
dose_response,0.1,45,203045,LSPIA,0.04257306786444402,4.476239853087728,,146,True
dose_response,0.1,45,203045,IsotonicRegression,0.041464387589078576,0.0,,1,True
dose_response,0.1,46,203046,LSPIA,0.029498511357281685,1.6533942060180304,,150,True
dose_response,0.1,46,203046,IsotonicRegression,0.03203125069701992,0.0,,1,True
dose_response,0.1,47,203047,LSPIA,0.02888913981389343,1.5970337689291618,,164,True
dose_response,0.1,47,203047,IsotonicRegression,0.03638699656667467,0.0,,1,True
dose_response,0.1,48,203048,LSPIA,0.023753401454833765,4.212315061904505,,166,True
dose_response,0.1,48,203048,IsotonicRegression,0.030701370047636886,0.0,,1,True
dose_response,0.1,49,203049,LSPIA,0.0340730004287655,7.148734250673317,,148,True
dose_response,0.1,49,203049,IsotonicRegression,0.04172359233806421,0.0,,1,True
dose_response,0.1,50,203050,LSPIA,0.018873442650989173,0.6451571942051061,,144,True
dose_response,0.1,50,203050,IsotonicRegression,0.03083212119549052,0.0,,1,True
dose_response,0.1,51,203051,LSPIA,0.023482271925967583,3.3280303745445856,,171,True
dose_response,0.1,51,203051,IsotonicRegression,0.030872582448040097,0.0,,1,True
dose_response,0.1,52,203052,LSPIA,0.02812978271676199,1.2004603733613557,,165,True
dose_response,0.1,52,203052,IsotonicRegression,0.03072775979234074,0.0,,1,True
dose_response,0.1,53,203053,LSPIA,0.02626647433925051,4.056261352020587,,166,True
dose_response,0.1,53,203053,IsotonicRegression,0.030862756903337143,0.0,,1,True
dose_response,0.1,54,203054,LSPIA,0.04184475681621342,0.837124781160356,,163,True
dose_response,0.1,54,203054,IsotonicRegression,0.049169425765960055,0.0,,1,True
dose_response,0.1,55,203055,LSPIA,0.03181138120617627,5.725493554480893,,148,True
dose_response,0.1,55,203055,IsotonicRegression,0.03861696591655384,0.0,,1,True
dose_response,0.1,56,203056,LSPIA,0.034546908882923326,2.061206337751214,,157,True
dose_response,0.1,56,203056,IsotonicRegression,0.039375928319544645,0.0,,1,True
dose_response,0.1,57,203057,LSPIA,0.0319319985875134,1.4553185060238414,,172,True
dose_response,0.1,57,203057,IsotonicRegression,0.03393441120251282,0.0,,1,True
dose_response,0.1,58,203058,LSPIA,0.03208552358107214,2.7477187844126836,,151,True
dose_response,0.1,58,203058,IsotonicRegression,0.03702265951688052,0.0,,1,True
dose_response,0.1,59,203059,LSPIA,0.031567259293641695,4.074902004764666,,170,True
dose_response,0.1,59,203059,IsotonicRegression,0.0388801074024297,0.0,,1,True
dose_response,0.1,60,203060,LSPIA,0.04364623466228768,3.7392834123157748,,162,True
dose_response,0.1,60,203060,IsotonicRegression,0.043910593989453434,0.0,,1,True
dose_response,0.1,61,203061,LSPIA,0.03571449780732731,7.377938767862349,,163,True
dose_response,0.1,61,203061,IsotonicRegression,0.0354006013537046,0.0,,1,True
dose_response,0.1,62,203062,LSPIA,0.03506391863673953,6.841172176718856,,152,True
dose_response,0.1,62,203062,IsotonicRegression,0.03603569305967792,0.0,,1,True
dose_response,0.1,63,203063,LSPIA,0.02899118369270022,1.0696112367457369,,168,True
dose_response,0.1,63,203063,IsotonicRegression,0.02935977593914757,0.0,,1,True
dose_response,0.1,64,203064,LSPIA,0.027179764253901884,3.0519861447112424,,147,True
dose_response,0.1,64,203064,IsotonicRegression,0.03151208666084048,0.0,,1,True
dose_response,0.1,65,203065,LSPIA,0.04903899658428373,1.437409782575837,,146,True
dose_response,0.1,65,203065,IsotonicRegression,0.043524178457472876,0.0,,1,True
dose_response,0.1,66,203066,LSPIA,0.029909665471572228,6.798839100055199,,146,True
dose_response,0.1,66,203066,IsotonicRegression,0.03764288355806929,0.0,,1,True
dose_response,0.1,67,203067,LSPIA,0.02866968637313763,1.1725383546969224,,160,True
dose_response,0.1,67,203067,IsotonicRegression,0.03593684989272222,0.0,,1,True
dose_response,0.1,68,203068,LSPIA,0.02907228411328692,3.2576283992187736,,164,True
dose_response,0.1,68,203068,IsotonicRegression,0.028645447139528123,0.0,,1,True
dose_response,0.1,69,203069,LSPIA,0.043339763465758845,0.5691837443540222,,161,True
dose_response,0.1,69,203069,IsotonicRegression,0.05030560540025231,0.0,,1,True
dose_response,0.1,70,203070,LSPIA,0.02746107777162463,5.9210436286511285,,165,True
dose_response,0.1,70,203070,IsotonicRegression,0.029331062881777184,0.0,,1,True
dose_response,0.1,71,203071,LSPIA,0.023553696702051815,0.7489868976154763,,161,True
dose_response,0.1,71,203071,IsotonicRegression,0.0275894305427278,0.0,,1,True
dose_response,0.1,72,203072,LSPIA,0.02662489242231252,0.5836822699205311,,151,True
dose_response,0.1,72,203072,IsotonicRegression,0.03868402070373888,0.0,,1,True
dose_response,0.1,73,203073,LSPIA,0.04078346068667659,1.847469742712719,,172,True
dose_response,0.1,73,203073,IsotonicRegression,0.03151352995406607,0.0,,1,True
dose_response,0.1,74,203074,LSPIA,0.026122066045106317,2.909114938814167,,152,True
dose_response,0.1,74,203074,IsotonicRegression,0.03148439920541048,0.0,,1,True
dose_response,0.1,75,203075,LSPIA,0.029887301451793837,1.8178056904721958,,166,True
dose_response,0.1,75,203075,IsotonicRegression,0.03073911619883115,0.0,,1,True
dose_response,0.1,76,203076,LSPIA,0.027957249993564564,1.1131109919109616,,143,True
dose_response,0.1,76,203076,IsotonicRegression,0.030226545517960477,0.0,,1,True
dose_response,0.1,77,203077,LSPIA,0.03542405183429816,5.0546602621141075,,148,True
dose_response,0.1,77,203077,IsotonicRegression,0.034554355922683515,0.0,,1,True
dose_response,0.1,78,203078,LSPIA,0.018352984809652185,4.061457745328937,,160,True
dose_response,0.1,78,203078,IsotonicRegression,0.026107172981311995,0.0,,1,True
dose_response,0.1,79,203079,LSPIA,0.03213813853395544,8.380043787120119,,160,True
dose_response,0.1,79,203079,IsotonicRegression,0.0367822941135287,0.0,,1,True
dose_response,0.1,80,203080,LSPIA,0.02795869887606947,0.8309115186671384,,156,True
dose_response,0.1,80,203080,IsotonicRegression,0.02558822903478341,0.0,,1,True
dose_response,0.1,81,203081,LSPIA,0.03155610634282474,6.311074075035649,,158,True
dose_response,0.1,81,203081,IsotonicRegression,0.0325257937882441,0.0,,1,True
dose_response,0.1,82,203082,LSPIA,0.028018087044520038,3.3540601995372166,,136,True
dose_response,0.1,82,203082,IsotonicRegression,0.032287981467664026,0.0,,1,True
dose_response,0.1,83,203083,LSPIA,0.02054257450936689,1.5788976454197605,,148,True
dose_response,0.1,83,203083,IsotonicRegression,0.0368818295003629,0.0,,1,True
dose_response,0.1,84,203084,LSPIA,0.028053839146606082,0.6044461429017359,,155,True
dose_response,0.1,84,203084,IsotonicRegression,0.03036168382695414,0.0,,1,True
dose_response,0.1,85,203085,LSPIA,0.042134219682220475,1.6924982418447228,,154,True
dose_response,0.1,85,203085,IsotonicRegression,0.05114518553754893,0.0,,1,True
dose_response,0.1,86,203086,LSPIA,0.03019023952499904,0.8928751974152114,,150,True
dose_response,0.1,86,203086,IsotonicRegression,0.03853327164922034,0.0,,1,True
dose_response,0.1,87,203087,LSPIA,0.035140173669962374,0.01137292083422229,,167,True
dose_response,0.1,87,203087,IsotonicRegression,0.04278620147382328,0.0,,1,True
dose_response,0.1,88,203088,LSPIA,0.0361842498477902,1.791355633819855,,166,True
dose_response,0.1,88,203088,IsotonicRegression,0.03815475430972799,0.0,,1,True
dose_response,0.1,89,203089,LSPIA,0.027022714842328106,0.8593416866841669,,161,True
dose_response,0.1,89,203089,IsotonicRegression,0.04137386676102235,0.0,,1,True
dose_response,0.1,90,203090,LSPIA,0.03170351108834642,6.009528239159087,,161,True
dose_response,0.1,90,203090,IsotonicRegression,0.03981875565158692,0.0,,1,True
dose_response,0.1,91,203091,LSPIA,0.0261983197585851,4.343981824896709,,151,True
dose_response,0.1,91,203091,IsotonicRegression,0.038207997240619906,0.0,,1,True
dose_response,0.1,92,203092,LSPIA,0.03135015034551019,1.5147566235732992,,152,True
dose_response,0.1,92,203092,IsotonicRegression,0.03700177127852566,0.0,,1,True
dose_response,0.1,93,203093,LSPIA,0.02808998247806884,2.489869149968571,,135,True
dose_response,0.1,93,203093,IsotonicRegression,0.02657073759854981,0.0,,1,True
dose_response,0.1,94,203094,LSPIA,0.03313113871013141,2.8458744628097845,,160,True
dose_response,0.1,94,203094,IsotonicRegression,0.03512139538946528,0.0,,1,True
dose_response,0.1,95,203095,LSPIA,0.02477521147644506,1.3691292968394546,,170,True
dose_response,0.1,95,203095,IsotonicRegression,0.03535660374658457,0.0,,1,True
dose_response,0.1,96,203096,LSPIA,0.03278546929846901,0.5520788878133933,,162,True
dose_response,0.1,96,203096,IsotonicRegression,0.04296869473321498,0.0,,1,True
dose_response,0.1,97,203097,LSPIA,0.03415245706883509,4.427221932158439,,153,True
dose_response,0.1,97,203097,IsotonicRegression,0.0422342801450202,0.0,,1,True
dose_response,0.1,98,203098,LSPIA,0.025047277818365587,1.9165767640752271,,154,True
dose_response,0.1,98,203098,IsotonicRegression,0.03267762799335052,0.0,,1,True
dose_response,0.1,99,203099,LSPIA,0.03378708487861203,5.808715143645366,,145,True
dose_response,0.1,99,203099,IsotonicRegression,0.04123011950993993,0.0,,1,True
dose_response,0.1,100,203100,LSPIA,0.020792579172931945,3.558373160249262,,169,True
dose_response,0.1,100,203100,IsotonicRegression,0.025875555011147588,0.0,,1,True
cdf_plateau,0.02,1,301001,LSPIA,0.009272194540615288,0.22079856208618967,,149,True
cdf_plateau,0.02,1,301001,IsotonicRegression,0.009726965276028914,0.0,,1,True
cdf_plateau,0.02,2,301002,LSPIA,0.00983949969340587,0.5084097371510713,,142,True
cdf_plateau,0.02,2,301002,IsotonicRegression,0.010014037799112268,0.0,,1,True
cdf_plateau,0.02,3,301003,LSPIA,0.011101998440648906,0.44400065791524396,,146,True
cdf_plateau,0.02,3,301003,IsotonicRegression,0.01027110418741012,0.0,,1,True
cdf_plateau,0.02,4,301004,LSPIA,0.00899710639489203,0.468243334152062,,158,True
cdf_plateau,0.02,4,301004,IsotonicRegression,0.007371016597255563,0.0,,1,True
cdf_plateau,0.02,5,301005,LSPIA,0.010717037809744787,0.3018477036723159,,149,True
cdf_plateau,0.02,5,301005,IsotonicRegression,0.010051734475902676,0.0,,1,True
cdf_plateau,0.02,6,301006,LSPIA,0.009228831794847845,0.3773560065365627,,144,True
cdf_plateau,0.02,6,301006,IsotonicRegression,0.0083600023667162,0.0,,1,True
cdf_plateau,0.02,7,301007,LSPIA,0.008158369158666847,0.5080918799220747,,135,True
cdf_plateau,0.02,7,301007,IsotonicRegression,0.007836387152165942,0.0,,1,True
cdf_plateau,0.02,8,301008,LSPIA,0.009469873377069704,0.20892459970024618,,154,True
cdf_plateau,0.02,8,301008,IsotonicRegression,0.008118206562268797,0.0,,1,True
cdf_plateau,0.02,9,301009,LSPIA,0.008648136244782648,0.17728116931620053,,142,True
cdf_plateau,0.02,9,301009,IsotonicRegression,0.008091709673653063,0.0,,1,True
cdf_plateau,0.02,10,301010,LSPIA,0.010280840593227506,0.28548470271668946,,152,True
cdf_plateau,0.02,10,301010,IsotonicRegression,0.008272749615683275,0.0,,1,True
cdf_plateau,0.02,11,301011,LSPIA,0.010156947538818989,0.19241751993438105,,148,True
cdf_plateau,0.02,11,301011,IsotonicRegression,0.010208927835568773,0.0,,1,True
cdf_plateau,0.02,12,301012,LSPIA,0.009312404005632787,0.9203723201452465,,146,True
cdf_plateau,0.02,12,301012,IsotonicRegression,0.009108840351960705,0.0,,1,True
cdf_plateau,0.02,13,301013,LSPIA,0.009929789602693641,0.7597383993509187,,143,True
cdf_plateau,0.02,13,301013,IsotonicRegression,0.008252825220162664,0.0,,1,True
cdf_plateau,0.02,14,301014,LSPIA,0.009821545371974874,1.1590687891402873,,152,True
cdf_plateau,0.02,14,301014,IsotonicRegression,0.008686631919570685,0.0,,1,True
cdf_plateau,0.02,15,301015,LSPIA,0.009574411109826717,0.6105650658573848,,138,True
cdf_plateau,0.02,15,301015,IsotonicRegression,0.008016514504422343,0.0,,1,True
cdf_plateau,0.02,16,301016,LSPIA,0.008790666350404912,0.18250390428513036,,141,True
cdf_plateau,0.02,16,301016,IsotonicRegression,0.008113771025121928,0.0,,1,True
cdf_plateau,0.02,17,301017,LSPIA,0.008130956197103101,0.17635909451505025,,150,True
cdf_plateau,0.02,17,301017,IsotonicRegression,0.007845005709837895,0.0,,1,True
cdf_plateau,0.02,18,301018,LSPIA,0.009792817293200818,0.9021040104058933,,155,True
cdf_plateau,0.02,18,301018,IsotonicRegression,0.008874894963742075,0.0,,1,True
cdf_plateau,0.02,19,301019,LSPIA,0.009333503500197732,0.21566743617646641,,142,True
cdf_plateau,0.02,19,301019,IsotonicRegression,0.007415470577362493,0.0,,1,True
cdf_plateau,0.02,20,301020,LSPIA,0.009589234075233957,0.703519797447183,,147,True
cdf_plateau,0.02,20,301020,IsotonicRegression,0.007227065511756601,0.0,,1,True
cdf_plateau,0.02,21,301021,LSPIA,0.009498984486254329,0.5652303495275715,,150,True
cdf_plateau,0.02,21,301021,IsotonicRegression,0.007810066926665312,0.0,,1,True
cdf_plateau,0.02,22,301022,LSPIA,0.009428678587927715,0.22397556534807506,,134,True
cdf_plateau,0.02,22,301022,IsotonicRegression,0.008612155907513571,0.0,,1,True
cdf_plateau,0.02,23,301023,LSPIA,0.009265110742500358,0.3102864258532654,,139,True
cdf_plateau,0.02,23,301023,IsotonicRegression,0.008297473890210223,0.0,,1,True
cdf_plateau,0.02,24,301024,LSPIA,0.01002088886167817,0.7458507885656263,,127,True
cdf_plateau,0.02,24,301024,IsotonicRegression,0.008977280953431565,0.0,,1,True
cdf_plateau,0.02,25,301025,LSPIA,0.009158883190577609,0.4730445541569718,,135,True
cdf_plateau,0.02,25,301025,IsotonicRegression,0.008717424242254782,0.0,,1,True
cdf_plateau,0.02,26,301026,LSPIA,0.00956300283729625,0.9686623855856331,,146,True
cdf_plateau,0.02,26,301026,IsotonicRegression,0.008188773012757665,0.0,,1,True
cdf_plateau,0.02,27,301027,LSPIA,0.008572905125928527,0.20238898391648247,,142,True
cdf_plateau,0.02,27,301027,IsotonicRegression,0.008565208680984291,0.0,,1,True
cdf_plateau,0.02,28,301028,LSPIA,0.00960465534543561,0.20252458429126996,,140,True
cdf_plateau,0.02,28,301028,IsotonicRegression,0.009758720886169175,0.0,,1,True
cdf_plateau,0.02,29,301029,LSPIA,0.008560569628960134,0.25030883835598206,,138,True
cdf_plateau,0.02,29,301029,IsotonicRegression,0.008334073390719045,0.0,,1,True
cdf_plateau,0.02,30,301030,LSPIA,0.009914819250323201,0.5215780178764506,,143,True
cdf_plateau,0.02,30,301030,IsotonicRegression,0.009467215144530753,0.0,,1,True
cdf_plateau,0.02,31,301031,LSPIA,0.009452590664460482,0.34090243056974107,,141,True
cdf_plateau,0.02,31,301031,IsotonicRegression,0.009212512720078427,0.0,,1,True
cdf_plateau,0.02,32,301032,LSPIA,0.009882764313773185,0.18172903119413308,,143,True
cdf_plateau,0.02,32,301032,IsotonicRegression,0.010515065305192419,0.0,,1,True
cdf_plateau,0.02,33,301033,LSPIA,0.010161790628589783,0.5375209004710986,,138,True
cdf_plateau,0.02,33,301033,IsotonicRegression,0.011288825553648713,0.0,,1,True
cdf_plateau,0.02,34,301034,LSPIA,0.009628023611540307,0.17196168037319168,,134,True
cdf_plateau,0.02,34,301034,IsotonicRegression,0.009308526786657488,0.0,,1,True
cdf_plateau,0.02,35,301035,LSPIA,0.00896945510552444,0.2286021246772991,,148,True
cdf_plateau,0.02,35,301035,IsotonicRegression,0.0081457029692099,0.0,,1,True
cdf_plateau,0.02,36,301036,LSPIA,0.010826992815054854,0.5657567622894915,,140,True
cdf_plateau,0.02,36,301036,IsotonicRegression,0.01039851707859976,0.0,,1,True
cdf_plateau,0.02,37,301037,LSPIA,0.009544214984167415,0.2902811316128352,,133,True
cdf_plateau,0.02,37,301037,IsotonicRegression,0.006626348853214059,0.0,,1,True
cdf_plateau,0.02,38,301038,LSPIA,0.009125039532219315,1.2685339139123115,,141,True
cdf_plateau,0.02,38,301038,IsotonicRegression,0.009135028437801519,0.0,,1,True
cdf_plateau,0.02,39,301039,LSPIA,0.00948351194006679,0.35981146986227913,,139,True
cdf_plateau,0.02,39,301039,IsotonicRegression,0.00989446444900174,0.0,,1,True
cdf_plateau,0.02,40,301040,LSPIA,0.010456232279873435,0.45869691727438516,,138,True
cdf_plateau,0.02,40,301040,IsotonicRegression,0.010632035434324378,0.0,,1,True
cdf_plateau,0.02,41,301041,LSPIA,0.009777042524770099,0.6865583516005009,,143,True
cdf_plateau,0.02,41,301041,IsotonicRegression,0.00917740248550054,0.0,,1,True
cdf_plateau,0.02,42,301042,LSPIA,0.00972084096949142,1.1973812883089971,,144,True
cdf_plateau,0.02,42,301042,IsotonicRegression,0.009870967961211924,0.0,,1,True
cdf_plateau,0.02,43,301043,LSPIA,0.00954103585742008,0.6533478093348122,,129,True
cdf_plateau,0.02,43,301043,IsotonicRegression,0.007086638152093531,0.0,,1,True
cdf_plateau,0.02,44,301044,LSPIA,0.009547654133583187,0.329161213199851,,154,True
cdf_plateau,0.02,44,301044,IsotonicRegression,0.00852755381700714,0.0,,1,True
cdf_plateau,0.02,45,301045,LSPIA,0.009993996625156126,1.0207650582854706,,148,True
cdf_plateau,0.02,45,301045,IsotonicRegression,0.008549860858958914,0.0,,1,True
cdf_plateau,0.02,46,301046,LSPIA,0.009848375988505083,0.7876352530401011,,148,True
cdf_plateau,0.02,46,301046,IsotonicRegression,0.008592654549893955,0.0,,1,True
cdf_plateau,0.02,47,301047,LSPIA,0.009059903556322791,0.504051865920818,,145,True
cdf_plateau,0.02,47,301047,IsotonicRegression,0.00856511088872946,0.0,,1,True
cdf_plateau,0.02,48,301048,LSPIA,0.009750461547311188,0.7680977651209461,,131,True
cdf_plateau,0.02,48,301048,IsotonicRegression,0.010755252983355902,0.0,,1,True
cdf_plateau,0.02,49,301049,LSPIA,0.009563691529657517,0.3912648307518822,,154,True
cdf_plateau,0.02,49,301049,IsotonicRegression,0.010375161678981388,0.0,,1,True
cdf_plateau,0.02,50,301050,LSPIA,0.009008570139885234,0.7284678734570319,,143,True
cdf_plateau,0.02,50,301050,IsotonicRegression,0.008280528631917692,0.0,,1,True
cdf_plateau,0.02,51,301051,LSPIA,0.010510142150734831,0.237165338235758,,151,True
cdf_plateau,0.02,51,301051,IsotonicRegression,0.010699576381040103,0.0,,1,True
cdf_plateau,0.02,52,301052,LSPIA,0.00944432437471436,0.08876091538284014,,131,True
cdf_plateau,0.02,52,301052,IsotonicRegression,0.008818686785599454,0.0,,1,True
cdf_plateau,0.02,53,301053,LSPIA,0.009318240114169063,0.3515935218612088,,146,True
cdf_plateau,0.02,53,301053,IsotonicRegression,0.007448402661588209,0.0,,1,True
cdf_plateau,0.02,54,301054,LSPIA,0.01075475718273847,1.2198773765961923,,147,True
cdf_plateau,0.02,54,301054,IsotonicRegression,0.008787307670100782,0.0,,1,True
cdf_plateau,0.02,55,301055,LSPIA,0.009100089603472038,0.26718279445773097,,143,True
cdf_plateau,0.02,55,301055,IsotonicRegression,0.007024989667064303,0.0,,1,True
cdf_plateau,0.02,56,301056,LSPIA,0.009859376042769936,1.4725465304382022,,142,True
cdf_plateau,0.02,56,301056,IsotonicRegression,0.010386129145237108,0.0,,1,True
cdf_plateau,0.02,57,301057,LSPIA,0.009154144139336219,0.43721112878894347,,137,True
cdf_plateau,0.02,57,301057,IsotonicRegression,0.007504553798650185,0.0,,1,True
cdf_plateau,0.02,58,301058,LSPIA,0.008946071892388954,0.6439671705877325,,140,True
cdf_plateau,0.02,58,301058,IsotonicRegression,0.010085694106515471,0.0,,1,True
cdf_plateau,0.02,59,301059,LSPIA,0.008553142938341324,0.2231723372999548,,128,True
cdf_plateau,0.02,59,301059,IsotonicRegression,0.008798884073459044,0.0,,1,True
cdf_plateau,0.02,60,301060,LSPIA,0.009241644802020256,0.7835859412282051,,139,True
cdf_plateau,0.02,60,301060,IsotonicRegression,0.009373114893879443,0.0,,1,True
cdf_plateau,0.02,61,301061,LSPIA,0.008742786709195094,0.2828098793565464,,140,True
cdf_plateau,0.02,61,301061,IsotonicRegression,0.007657497206767575,0.0,,1,True
cdf_plateau,0.02,62,301062,LSPIA,0.01003916071005398,0.23704626531379724,,145,True
cdf_plateau,0.02,62,301062,IsotonicRegression,0.008840620530752442,0.0,,1,True
cdf_plateau,0.02,63,301063,LSPIA,0.009602885519807734,1.183087380927383,,140,True
cdf_plateau,0.02,63,301063,IsotonicRegression,0.008611315024957841,0.0,,1,True
cdf_plateau,0.02,64,301064,LSPIA,0.009147826216863372,0.2882430405503808,,151,True
cdf_plateau,0.02,64,301064,IsotonicRegression,0.009936517372278256,0.0,,1,True
cdf_plateau,0.02,65,301065,LSPIA,0.009377440860540511,0.21360173306305533,,147,True
cdf_plateau,0.02,65,301065,IsotonicRegression,0.009621754644185618,0.0,,1,True
cdf_plateau,0.02,66,301066,LSPIA,0.010129321841806687,1.157315865474064,,144,True
cdf_plateau,0.02,66,301066,IsotonicRegression,0.01021025412498764,0.0,,1,True
cdf_plateau,0.02,67,301067,LSPIA,0.009036291271501812,0.31744780494448616,,142,True
cdf_plateau,0.02,67,301067,IsotonicRegression,0.00926387152618322,0.0,,1,True
cdf_plateau,0.02,68,301068,LSPIA,0.009686629412234115,0.5555869181386044,,148,True
cdf_plateau,0.02,68,301068,IsotonicRegression,0.008838576726922306,0.0,,1,True
cdf_plateau,0.02,69,301069,LSPIA,0.009053789814325653,0.3300048843435972,,143,True
cdf_plateau,0.02,69,301069,IsotonicRegression,0.010415730609809451,0.0,,1,True
cdf_plateau,0.02,70,301070,LSPIA,0.010507409753066332,0.25389533173164225,,148,True
cdf_plateau,0.02,70,301070,IsotonicRegression,0.00954187620979799,0.0,,1,True
cdf_plateau,0.02,71,301071,LSPIA,0.009268863313165988,1.0175270938591456,,150,True
cdf_plateau,0.02,71,301071,IsotonicRegression,0.0072567857493131774,0.0,,1,True
cdf_plateau,0.02,72,301072,LSPIA,0.009588471834037453,0.12695112992303595,,142,True
cdf_plateau,0.02,72,301072,IsotonicRegression,0.009820280321677288,0.0,,1,True
cdf_plateau,0.02,73,301073,LSPIA,0.009706538004691869,0.7509131341013365,,142,True
cdf_plateau,0.02,73,301073,IsotonicRegression,0.009242642269341315,0.0,,1,True
cdf_plateau,0.02,74,301074,LSPIA,0.010347002225791437,1.316717331027047,,139,True
cdf_plateau,0.02,74,301074,IsotonicRegression,0.009530088931228765,0.0,,1,True
cdf_plateau,0.02,75,301075,LSPIA,0.009363405272772757,1.1559083342096104,,141,True
cdf_plateau,0.02,75,301075,IsotonicRegression,0.008110589139494988,0.0,,1,True
cdf_plateau,0.02,76,301076,LSPIA,0.009786847960509657,2.366900896881361,,158,True
cdf_plateau,0.02,76,301076,IsotonicRegression,0.009003524132533717,0.0,,1,True
cdf_plateau,0.02,77,301077,LSPIA,0.009817039182204475,1.4100767040112188,,133,True
cdf_plateau,0.02,77,301077,IsotonicRegression,0.00804926306246053,0.0,,1,True
cdf_plateau,0.02,78,301078,LSPIA,0.009813154445326584,0.7870647206725023,,137,True
cdf_plateau,0.02,78,301078,IsotonicRegression,0.009319487316897057,0.0,,1,True
cdf_plateau,0.02,79,301079,LSPIA,0.010022503255798927,0.4293666501861455,,145,True
cdf_plateau,0.02,79,301079,IsotonicRegression,0.010060697011478572,0.0,,1,True
cdf_plateau,0.02,80,301080,LSPIA,0.009040624980075684,0.5461616220034334,,145,True
cdf_plateau,0.02,80,301080,IsotonicRegression,0.007831929662872359,0.0,,1,True
cdf_plateau,0.02,81,301081,LSPIA,0.009531766733687235,0.2684831927307319,,147,True
cdf_plateau,0.02,81,301081,IsotonicRegression,0.008959788371438017,0.0,,1,True
cdf_plateau,0.02,82,301082,LSPIA,0.008830820192322543,0.2119106943254193,,145,True
cdf_plateau,0.02,82,301082,IsotonicRegression,0.008332340076091432,0.0,,1,True
cdf_plateau,0.02,83,301083,LSPIA,0.0106266300444391,1.447664872661381,,145,True
cdf_plateau,0.02,83,301083,IsotonicRegression,0.009819357031424438,0.0,,1,True
cdf_plateau,0.02,84,301084,LSPIA,0.010643918863024208,1.2259841372842177,,142,True
cdf_plateau,0.02,84,301084,IsotonicRegression,0.010940328528363649,0.0,,1,True
cdf_plateau,0.02,85,301085,LSPIA,0.010668860243614247,0.33535028279224144,,144,True
cdf_plateau,0.02,85,301085,IsotonicRegression,0.00977103588926396,0.0,,1,True
cdf_plateau,0.02,86,301086,LSPIA,0.00949593027746507,0.1971750555617765,,142,True
cdf_plateau,0.02,86,301086,IsotonicRegression,0.00866239531693291,0.0,,1,True
cdf_plateau,0.02,87,301087,LSPIA,0.009356351248028777,0.3767455948595808,,139,True
cdf_plateau,0.02,87,301087,IsotonicRegression,0.009218498328085356,0.0,,1,True
cdf_plateau,0.02,88,301088,LSPIA,0.009787845366678519,0.7730832466502958,,138,True
cdf_plateau,0.02,88,301088,IsotonicRegression,0.008793870873034234,0.0,,1,True
cdf_plateau,0.02,89,301089,LSPIA,0.00940550396255801,1.6734256938914907,,145,True
cdf_plateau,0.02,89,301089,IsotonicRegression,0.008707084145535886,0.0,,1,True
cdf_plateau,0.02,90,301090,LSPIA,0.011866502736415365,0.6296936683613475,,155,True
cdf_plateau,0.02,90,301090,IsotonicRegression,0.011032330323165132,0.0,,1,True
cdf_plateau,0.02,91,301091,LSPIA,0.011029625703610085,0.9906305937907866,,146,True
cdf_plateau,0.02,91,301091,IsotonicRegression,0.010401338582545864,0.0,,1,True
cdf_plateau,0.02,92,301092,LSPIA,0.009209785187915117,0.21846639749583907,,152,True
cdf_plateau,0.02,92,301092,IsotonicRegression,0.007734115371726023,0.0,,1,True
cdf_plateau,0.02,93,301093,LSPIA,0.009712338612503304,0.5174861222126284,,137,True
cdf_plateau,0.02,93,301093,IsotonicRegression,0.007952563500158933,0.0,,1,True
cdf_plateau,0.02,94,301094,LSPIA,0.010734972531392818,1.3416377993275614,,151,True
cdf_plateau,0.02,94,301094,IsotonicRegression,0.009080710200323862,0.0,,1,True
cdf_plateau,0.02,95,301095,LSPIA,0.011088075693960706,1.0759803252406077,,148,True
cdf_plateau,0.02,95,301095,IsotonicRegression,0.010639967494206384,0.0,,1,True
cdf_plateau,0.02,96,301096,LSPIA,0.010302445425175746,0.2922511020558787,,144,True
cdf_plateau,0.02,96,301096,IsotonicRegression,0.00980431480701069,0.0,,1,True
cdf_plateau,0.02,97,301097,LSPIA,0.008513275510507366,0.6170401916710658,,147,True
cdf_plateau,0.02,97,301097,IsotonicRegression,0.009203895079723436,0.0,,1,True
cdf_plateau,0.02,98,301098,LSPIA,0.008770924653115306,1.0433899385625356,,139,True
cdf_plateau,0.02,98,301098,IsotonicRegression,0.008540367059793386,0.0,,1,True
cdf_plateau,0.02,99,301099,LSPIA,0.009789422984447287,1.1387940583573068,,139,True
cdf_plateau,0.02,99,301099,IsotonicRegression,0.008655180204257783,0.0,,1,True
cdf_plateau,0.02,100,301100,LSPIA,0.010359368127707295,0.7759484009150766,,137,True
cdf_plateau,0.02,100,301100,IsotonicRegression,0.010029452636473266,0.0,,1,True
cdf_plateau,0.05,1,302001,LSPIA,0.014551137723963414,1.626093194025959,,153,True
cdf_plateau,0.05,1,302001,IsotonicRegression,0.016820484171002625,0.0,,1,True
cdf_plateau,0.05,2,302002,LSPIA,0.017728695583925185,0.6997546625699523,,144,True
cdf_plateau,0.05,2,302002,IsotonicRegression,0.01904957049965428,0.0,,1,True
cdf_plateau,0.05,3,302003,LSPIA,0.01773907613031333,3.3839138005189064,,137,True
cdf_plateau,0.05,3,302003,IsotonicRegression,0.021186625675871318,0.0,,1,True
cdf_plateau,0.05,4,302004,LSPIA,0.014058956483116104,0.9363668545320503,,156,True
cdf_plateau,0.05,4,302004,IsotonicRegression,0.014098358459627662,0.0,,1,True
cdf_plateau,0.05,5,302005,LSPIA,0.021997171154660072,3.0392550845011694,,155,True
cdf_plateau,0.05,5,302005,IsotonicRegression,0.02277666862020413,0.0,,1,True
cdf_plateau,0.05,6,302006,LSPIA,0.018394146693605017,1.6154695978106584,,137,True
cdf_plateau,0.05,6,302006,IsotonicRegression,0.01692158129387673,0.0,,1,True
cdf_plateau,0.05,7,302007,LSPIA,0.016329338855559254,2.5155777041306893,,143,True
cdf_plateau,0.05,7,302007,IsotonicRegression,0.016722093672524373,0.0,,1,True
cdf_plateau,0.05,8,302008,LSPIA,0.017132455535316813,2.8740222380387914,,154,True
cdf_plateau,0.05,8,302008,IsotonicRegression,0.019459180151511796,0.0,,1,True
cdf_plateau,0.05,9,302009,LSPIA,0.02706532036383157,2.0698413899789867,,155,True
cdf_plateau,0.05,9,302009,IsotonicRegression,0.02296015628334407,0.0,,1,True
cdf_plateau,0.05,10,302010,LSPIA,0.018128839735605348,0.4874483337178136,,148,True
cdf_plateau,0.05,10,302010,IsotonicRegression,0.022336169612958208,0.0,,1,True
cdf_plateau,0.05,11,302011,LSPIA,0.017519892328983294,0.681207301086829,,160,True
cdf_plateau,0.05,11,302011,IsotonicRegression,0.0188137470441108,0.0,,1,True
cdf_plateau,0.05,12,302012,LSPIA,0.020004581832224675,0.6957992335204458,,148,True
cdf_plateau,0.05,12,302012,IsotonicRegression,0.01763840523260306,0.0,,1,True
cdf_plateau,0.05,13,302013,LSPIA,0.013566927383194758,0.7392305440291371,,146,True
cdf_plateau,0.05,13,302013,IsotonicRegression,0.016532319119161653,0.0,,1,True
cdf_plateau,0.05,14,302014,LSPIA,0.01885735878400318,2.3834678975178805,,164,True
cdf_plateau,0.05,14,302014,IsotonicRegression,0.018563980838647513,0.0,,1,True
cdf_plateau,0.05,15,302015,LSPIA,0.014723936111198828,1.833208246478824,,140,True
cdf_plateau,0.05,15,302015,IsotonicRegression,0.015506852986669229,0.0,,1,True
cdf_plateau,0.05,16,302016,LSPIA,0.020353342070260235,2.1059996133735597,,155,True
cdf_plateau,0.05,16,302016,IsotonicRegression,0.02231280013697262,0.0,,1,True
cdf_plateau,0.05,17,302017,LSPIA,0.01895870146484862,1.1677502057355575,,158,True
cdf_plateau,0.05,17,302017,IsotonicRegression,0.01999497550529201,0.0,,1,True
cdf_plateau,0.05,18,302018,LSPIA,0.017444753135075507,0.5475117191528781,,139,True
cdf_plateau,0.05,18,302018,IsotonicRegression,0.019859126451456093,0.0,,1,True
cdf_plateau,0.05,19,302019,LSPIA,0.01702017422309634,0.5543485595978762,,151,True
cdf_plateau,0.05,19,302019,IsotonicRegression,0.02149169914723813,0.0,,1,True
cdf_plateau,0.05,20,302020,LSPIA,0.011874478229352566,0.41499970517929735,,150,True
cdf_plateau,0.05,20,302020,IsotonicRegression,0.014544594687560792,0.0,,1,True
cdf_plateau,0.05,21,302021,LSPIA,0.016800360661793634,0.907038253424949,,158,True
cdf_plateau,0.05,21,302021,IsotonicRegression,0.014311818966494404,0.0,,1,True
cdf_plateau,0.05,22,302022,LSPIA,0.01567756311286032,0.6404299975743164,,139,True
cdf_plateau,0.05,22,302022,IsotonicRegression,0.015328783814115463,0.0,,1,True
cdf_plateau,0.05,23,302023,LSPIA,0.019260012265452986,5.048429191692973,,142,True
cdf_plateau,0.05,23,302023,IsotonicRegression,0.020679300948327192,0.0,,1,True
cdf_plateau,0.05,24,302024,LSPIA,0.017327295093527647,1.437844865663833,,143,True
cdf_plateau,0.05,24,302024,IsotonicRegression,0.02195177454362676,0.0,,1,True
cdf_plateau,0.05,25,302025,LSPIA,0.017812093380641707,1.4087035163213288,,145,True
cdf_plateau,0.05,25,302025,IsotonicRegression,0.02003444094371416,0.0,,1,True
cdf_plateau,0.05,26,302026,LSPIA,0.01792412063266279,1.8903235457836594,,140,True
cdf_plateau,0.05,26,302026,IsotonicRegression,0.021512817660093792,0.0,,1,True
cdf_plateau,0.05,27,302027,LSPIA,0.01319020771662566,3.048151200191506,,153,True
cdf_plateau,0.05,27,302027,IsotonicRegression,0.019572572640639534,0.0,,1,True
cdf_plateau,0.05,28,302028,LSPIA,0.016523923933240606,1.5194278426987726,,158,True
cdf_plateau,0.05,28,302028,IsotonicRegression,0.01876770092969068,0.0,,1,True
cdf_plateau,0.05,29,302029,LSPIA,0.014386149399718677,2.986576613666596,,150,True
cdf_plateau,0.05,29,302029,IsotonicRegression,0.017274392055176776,0.0,,1,True
cdf_plateau,0.05,30,302030,LSPIA,0.012726710759478798,0.4803225931594968,,152,True
cdf_plateau,0.05,30,302030,IsotonicRegression,0.015636890835567786,0.0,,1,True
cdf_plateau,0.05,31,302031,LSPIA,0.019922796637047765,4.03601882768839,,159,True
cdf_plateau,0.05,31,302031,IsotonicRegression,0.018511551504936455,0.0,,1,True
cdf_plateau,0.05,32,302032,LSPIA,0.015084434426115428,2.002106388975923,,139,True
cdf_plateau,0.05,32,302032,IsotonicRegression,0.01722212317330375,0.0,,1,True
cdf_plateau,0.05,33,302033,LSPIA,0.016993215547784407,1.5863258831172637,,139,True
cdf_plateau,0.05,33,302033,IsotonicRegression,0.01782587319817204,0.0,,1,True
cdf_plateau,0.05,34,302034,LSPIA,0.018466518636683846,3.7838951077881493,,153,True
cdf_plateau,0.05,34,302034,IsotonicRegression,0.018623922072915713,0.0,,1,True
cdf_plateau,0.05,35,302035,LSPIA,0.015838750745163815,3.2012192253965224,,150,True
cdf_plateau,0.05,35,302035,IsotonicRegression,0.01858128698795173,0.0,,1,True
cdf_plateau,0.05,36,302036,LSPIA,0.017451031378971128,1.1298379353605448,,166,True
cdf_plateau,0.05,36,302036,IsotonicRegression,0.019169907777563267,0.0,,1,True
cdf_plateau,0.05,37,302037,LSPIA,0.018570699857443158,0.23905028581837567,,143,True
cdf_plateau,0.05,37,302037,IsotonicRegression,0.021910929041180048,0.0,,1,True
cdf_plateau,0.05,38,302038,LSPIA,0.01746305085171616,1.038352262141857,,141,True
cdf_plateau,0.05,38,302038,IsotonicRegression,0.015580005780426365,0.0,,1,True
cdf_plateau,0.05,39,302039,LSPIA,0.022280191763096303,2.0337523233600003,,143,True
cdf_plateau,0.05,39,302039,IsotonicRegression,0.017092166328231004,0.0,,1,True
cdf_plateau,0.05,40,302040,LSPIA,0.016973586751035476,2.7064172476427015,,158,True
cdf_plateau,0.05,40,302040,IsotonicRegression,0.02028502781875281,0.0,,1,True
cdf_plateau,0.05,41,302041,LSPIA,0.015611468851550509,1.3753751193113835,,141,True
cdf_plateau,0.05,41,302041,IsotonicRegression,0.018322901298995126,0.0,,1,True
cdf_plateau,0.05,42,302042,LSPIA,0.01680842006701074,0.8211078722631444,,145,True
cdf_plateau,0.05,42,302042,IsotonicRegression,0.017453763218840464,0.0,,1,True
cdf_plateau,0.05,43,302043,LSPIA,0.014800780009324738,1.6501482315783773,,158,True
cdf_plateau,0.05,43,302043,IsotonicRegression,0.01814842672037134,0.0,,1,True
cdf_plateau,0.05,44,302044,LSPIA,0.012745490704274191,0.5496816701909305,,161,True
cdf_plateau,0.05,44,302044,IsotonicRegression,0.01598290868546535,0.0,,1,True
cdf_plateau,0.05,45,302045,LSPIA,0.016977415413882587,1.0125495679061618,,154,True
cdf_plateau,0.05,45,302045,IsotonicRegression,0.017756256506176012,0.0,,1,True
cdf_plateau,0.05,46,302046,LSPIA,0.020781716963742276,3.7521324130493148,,144,True
cdf_plateau,0.05,46,302046,IsotonicRegression,0.02051598743871827,0.0,,1,True
cdf_plateau,0.05,47,302047,LSPIA,0.01956465087288167,0.8967454040883921,,156,True
cdf_plateau,0.05,47,302047,IsotonicRegression,0.021003564742869896,0.0,,1,True
cdf_plateau,0.05,48,302048,LSPIA,0.012620840309290135,0.3023947248417073,,138,True
cdf_plateau,0.05,48,302048,IsotonicRegression,0.0152337247622069,0.0,,1,True
cdf_plateau,0.05,49,302049,LSPIA,0.02239514032537344,1.1103495407392021,,162,True
cdf_plateau,0.05,49,302049,IsotonicRegression,0.017104894577686974,0.0,,1,True
cdf_plateau,0.05,50,302050,LSPIA,0.018208722896714182,1.1123932132878316,,165,True
cdf_plateau,0.05,50,302050,IsotonicRegression,0.01974427594922758,0.0,,1,True
cdf_plateau,0.05,51,302051,LSPIA,0.013536270804673808,0.22062583094794294,,154,True
cdf_plateau,0.05,51,302051,IsotonicRegression,0.019466690785025498,0.0,,1,True
cdf_plateau,0.05,52,302052,LSPIA,0.015095316029640355,2.4335610574492534,,150,True
cdf_plateau,0.05,52,302052,IsotonicRegression,0.013573260927916221,0.0,,1,True
cdf_plateau,0.05,53,302053,LSPIA,0.01672417512022483,0.584446706069202,,143,True
cdf_plateau,0.05,53,302053,IsotonicRegression,0.019339979701332305,0.0,,1,True
cdf_plateau,0.05,54,302054,LSPIA,0.019306199750244977,0.7560778653586755,,153,True
cdf_plateau,0.05,54,302054,IsotonicRegression,0.02229928586467145,0.0,,1,True
cdf_plateau,0.05,55,302055,LSPIA,0.021030500012733485,2.6989537533331065,,164,True
cdf_plateau,0.05,55,302055,IsotonicRegression,0.020798938623963585,0.0,,1,True
cdf_plateau,0.05,56,302056,LSPIA,0.018492305125417715,4.540899074247412,,149,True
cdf_plateau,0.05,56,302056,IsotonicRegression,0.019583588026107386,0.0,,1,True
cdf_plateau,0.05,57,302057,LSPIA,0.018218512435820653,0.4696854730443963,,155,True
cdf_plateau,0.05,57,302057,IsotonicRegression,0.018085894279527708,0.0,,1,True
cdf_plateau,0.05,58,302058,LSPIA,0.01222581210065225,0.5583771228113942,,144,True
cdf_plateau,0.05,58,302058,IsotonicRegression,0.013039054917798654,0.0,,1,True
cdf_plateau,0.05,59,302059,LSPIA,0.013972270798382196,0.656483263882981,,164,True
cdf_plateau,0.05,59,302059,IsotonicRegression,0.01739453826317443,0.0,,1,True
cdf_plateau,0.05,60,302060,LSPIA,0.015015820634130704,1.167048259809806,,142,True
cdf_plateau,0.05,60,302060,IsotonicRegression,0.015728921835068927,0.0,,1,True
cdf_plateau,0.05,61,302061,LSPIA,0.018332145702373227,0.5476003821127021,,149,True
cdf_plateau,0.05,61,302061,IsotonicRegression,0.015945705519484016,0.0,,1,True
cdf_plateau,0.05,62,302062,LSPIA,0.019462275984270867,0.8505213825490688,,143,True
cdf_plateau,0.05,62,302062,IsotonicRegression,0.018709670519116903,0.0,,1,True
cdf_plateau,0.05,63,302063,LSPIA,0.0137665755908937,0.8060478499141293,,150,True
cdf_plateau,0.05,63,302063,IsotonicRegression,0.019604945894783815,0.0,,1,True
cdf_plateau,0.05,64,302064,LSPIA,0.018883696543288166,0.38082537699925034,,142,True
cdf_plateau,0.05,64,302064,IsotonicRegression,0.02405799063402864,0.0,,1,True
cdf_plateau,0.05,65,302065,LSPIA,0.01736939076710197,2.516318543292872,,149,True
cdf_plateau,0.05,65,302065,IsotonicRegression,0.016097795276765,0.0,,1,True
cdf_plateau,0.05,66,302066,LSPIA,0.016225776080431666,2.452827569007477,,150,True
cdf_plateau,0.05,66,302066,IsotonicRegression,0.018818212932169932,0.0,,1,True
cdf_plateau,0.05,67,302067,LSPIA,0.0203910246572,2.3324194926880844,,150,True
cdf_plateau,0.05,67,302067,IsotonicRegression,0.015928641808078882,0.0,,1,True
cdf_plateau,0.05,68,302068,LSPIA,0.020116963239459825,0.7321099528415025,,167,True
cdf_plateau,0.05,68,302068,IsotonicRegression,0.021833758770580147,0.0,,1,True
cdf_plateau,0.05,69,302069,LSPIA,0.02031318686305436,3.2627313071109314,,167,True
cdf_plateau,0.05,69,302069,IsotonicRegression,0.017253021631200044,0.0,,1,True
cdf_plateau,0.05,70,302070,LSPIA,0.0160308243427048,0.9851960688233805,,133,True
cdf_plateau,0.05,70,302070,IsotonicRegression,0.01675479810054056,0.0,,1,True
cdf_plateau,0.05,71,302071,LSPIA,0.022983080552137353,0.955171515757017,,154,True
cdf_plateau,0.05,71,302071,IsotonicRegression,0.02406815340061948,0.0,,1,True
cdf_plateau,0.05,72,302072,LSPIA,0.01627730732411284,0.6869195564661965,,153,True
cdf_plateau,0.05,72,302072,IsotonicRegression,0.02333341041250641,0.0,,1,True
cdf_plateau,0.05,73,302073,LSPIA,0.012836154412978494,0.7241887425993598,,149,True
cdf_plateau,0.05,73,302073,IsotonicRegression,0.019134888508659593,0.0,,1,True
cdf_plateau,0.05,74,302074,LSPIA,0.019463789840556016,3.422386803711134,,146,True
cdf_plateau,0.05,74,302074,IsotonicRegression,0.02291643446594097,0.0,,1,True
cdf_plateau,0.05,75,302075,LSPIA,0.017513443560504164,0.36003894371260314,,153,True
cdf_plateau,0.05,75,302075,IsotonicRegression,0.02372360968160892,0.0,,1,True
cdf_plateau,0.05,76,302076,LSPIA,0.012478539928818443,1.1790185570789977,,139,True
cdf_plateau,0.05,76,302076,IsotonicRegression,0.016595322048414362,0.0,,1,True
cdf_plateau,0.05,77,302077,LSPIA,0.019517321656768997,4.037178511795166,,140,True
cdf_plateau,0.05,77,302077,IsotonicRegression,0.01834663345043794,0.0,,1,True
cdf_plateau,0.05,78,302078,LSPIA,0.01753716888329575,5.430702962456156,,164,True
cdf_plateau,0.05,78,302078,IsotonicRegression,0.016917672498614787,0.0,,1,True
cdf_plateau,0.05,79,302079,LSPIA,0.017359411941261817,1.7965145250132244,,153,True
cdf_plateau,0.05,79,302079,IsotonicRegression,0.01883192056772399,0.0,,1,True
cdf_plateau,0.05,80,302080,LSPIA,0.02010609851327075,1.0835615211149434,,154,True
cdf_plateau,0.05,80,302080,IsotonicRegression,0.020072285486940133,0.0,,1,True
cdf_plateau,0.05,81,302081,LSPIA,0.016196657946559417,0.754028222637653,,163,True
cdf_plateau,0.05,81,302081,IsotonicRegression,0.018789399480386687,0.0,,1,True
cdf_plateau,0.05,82,302082,LSPIA,0.016532733119712793,1.8946594626863262,,139,True
cdf_plateau,0.05,82,302082,IsotonicRegression,0.019879048293806476,0.0,,1,True
cdf_plateau,0.05,83,302083,LSPIA,0.020656439779282946,0.914233334170491,,147,True
cdf_plateau,0.05,83,302083,IsotonicRegression,0.023043946052386993,0.0,,1,True
cdf_plateau,0.05,84,302084,LSPIA,0.014708133284247258,1.6535450636133813,,165,True
cdf_plateau,0.05,84,302084,IsotonicRegression,0.016289426135527772,0.0,,1,True
cdf_plateau,0.05,85,302085,LSPIA,0.01315862674919499,1.1824896592956529,,141,True
cdf_plateau,0.05,85,302085,IsotonicRegression,0.016699116359430784,0.0,,1,True
cdf_plateau,0.05,86,302086,LSPIA,0.015146065378252627,3.3906068936426585,,161,True
cdf_plateau,0.05,86,302086,IsotonicRegression,0.018291190811646568,0.0,,1,True
cdf_plateau,0.05,87,302087,LSPIA,0.019645710039987763,0.8134621186612718,,155,True
cdf_plateau,0.05,87,302087,IsotonicRegression,0.01759438097432519,0.0,,1,True
cdf_plateau,0.05,88,302088,LSPIA,0.014225386755789009,0.43682580835486545,,141,True
cdf_plateau,0.05,88,302088,IsotonicRegression,0.019616643101242278,0.0,,1,True
cdf_plateau,0.05,89,302089,LSPIA,0.014621123641617223,2.908650948518917,,150,True
cdf_plateau,0.05,89,302089,IsotonicRegression,0.01578817577938296,0.0,,1,True
cdf_plateau,0.05,90,302090,LSPIA,0.019162919366157716,2.4034564221757524,,146,True
cdf_plateau,0.05,90,302090,IsotonicRegression,0.019869956409430612,0.0,,1,True
cdf_plateau,0.05,91,302091,LSPIA,0.014085710674576321,0.3242235151118242,,152,True
cdf_plateau,0.05,91,302091,IsotonicRegression,0.01624599281452704,0.0,,1,True
cdf_plateau,0.05,92,302092,LSPIA,0.0169316871918349,0.43083223130814685,,138,True
cdf_plateau,0.05,92,302092,IsotonicRegression,0.01909185829123211,0.0,,1,True
cdf_plateau,0.05,93,302093,LSPIA,0.015955027948409167,0.501252876757917,,154,True
cdf_plateau,0.05,93,302093,IsotonicRegression,0.017496321523238885,0.0,,1,True
cdf_plateau,0.05,94,302094,LSPIA,0.019588074029549422,2.129445215678246,,152,True
cdf_plateau,0.05,94,302094,IsotonicRegression,0.019710709248707714,0.0,,1,True
cdf_plateau,0.05,95,302095,LSPIA,0.019267404253112814,0.6665700465441308,,161,True
cdf_plateau,0.05,95,302095,IsotonicRegression,0.01836507624101592,0.0,,1,True
cdf_plateau,0.05,96,302096,LSPIA,0.01462799684500161,0.5987250005497894,,154,True
cdf_plateau,0.05,96,302096,IsotonicRegression,0.01861211818729827,0.0,,1,True
cdf_plateau,0.05,97,302097,LSPIA,0.015531477524311776,1.2494214081913875,,166,True
cdf_plateau,0.05,97,302097,IsotonicRegression,0.017203789492954664,0.0,,1,True
cdf_plateau,0.05,98,302098,LSPIA,0.012724585426600652,0.3596447322435291,,145,True
cdf_plateau,0.05,98,302098,IsotonicRegression,0.016130457054176,0.0,,1,True
cdf_plateau,0.05,99,302099,LSPIA,0.01623723857444935,0.7012865348537152,,150,True
cdf_plateau,0.05,99,302099,IsotonicRegression,0.014140438127064702,0.0,,1,True
cdf_plateau,0.05,100,302100,LSPIA,0.01589415147388975,0.4798448869804742,,144,True
cdf_plateau,0.05,100,302100,IsotonicRegression,0.01725061756127875,0.0,,1,True
cdf_plateau,0.1,1,303001,LSPIA,0.028241282995227174,0.6467306909254373,,165,True
cdf_plateau,0.1,1,303001,IsotonicRegression,0.03402251282379431,0.0,,1,True
cdf_plateau,0.1,2,303002,LSPIA,0.03262883258223443,3.867599635769702,,149,True
cdf_plateau,0.1,2,303002,IsotonicRegression,0.03345694780934704,0.0,,1,True
cdf_plateau,0.1,3,303003,LSPIA,0.04706084127846996,5.029796183659608,,153,True
cdf_plateau,0.1,3,303003,IsotonicRegression,0.04453679807032896,0.0,,1,True
cdf_plateau,0.1,4,303004,LSPIA,0.029282733205615512,6.246306007729401,,157,True
cdf_plateau,0.1,4,303004,IsotonicRegression,0.030075298536327934,0.0,,1,True
cdf_plateau,0.1,5,303005,LSPIA,0.024229109868266648,1.1978434250055978,,163,True
cdf_plateau,0.1,5,303005,IsotonicRegression,0.03409648606935929,0.0,,1,True
cdf_plateau,0.1,6,303006,LSPIA,0.027053149299846195,4.389708564684333,,145,True
cdf_plateau,0.1,6,303006,IsotonicRegression,0.03702306780347637,0.0,,1,True
cdf_plateau,0.1,7,303007,LSPIA,0.024889346367540848,0.620275061416109,,154,True
cdf_plateau,0.1,7,303007,IsotonicRegression,0.03914901682673212,0.0,,1,True
cdf_plateau,0.1,8,303008,LSPIA,0.03997265471637351,1.172313395899255,,150,True
cdf_plateau,0.1,8,303008,IsotonicRegression,0.04033487094111611,0.0,,1,True
cdf_plateau,0.1,9,303009,LSPIA,0.02342332557196277,1.275633116853395,,153,True
cdf_plateau,0.1,9,303009,IsotonicRegression,0.02515056310932261,0.0,,1,True
cdf_plateau,0.1,10,303010,LSPIA,0.03412557564595779,1.358785503988881,,150,True
cdf_plateau,0.1,10,303010,IsotonicRegression,0.0360392973800987,0.0,,1,True
cdf_plateau,0.1,11,303011,LSPIA,0.03852607353306642,2.954252929101228,,168,True
cdf_plateau,0.1,11,303011,IsotonicRegression,0.037513763418758145,0.0,,1,True
cdf_plateau,0.1,12,303012,LSPIA,0.033067188769453144,2.839457956688104,,153,True
cdf_plateau,0.1,12,303012,IsotonicRegression,0.038915631030722576,0.0,,1,True
cdf_plateau,0.1,13,303013,LSPIA,0.03330010854697003,1.0504954594493898,,178,True
cdf_plateau,0.1,13,303013,IsotonicRegression,0.03156453535657169,0.0,,1,True
cdf_plateau,0.1,14,303014,LSPIA,0.03080539629018419,3.8936779483916255,,153,True
cdf_plateau,0.1,14,303014,IsotonicRegression,0.029958042012767847,0.0,,1,True
cdf_plateau,0.1,15,303015,LSPIA,0.03029382330981727,2.3716849731673033,,160,True
cdf_plateau,0.1,15,303015,IsotonicRegression,0.03418250724230778,0.0,,1,True
cdf_plateau,0.1,16,303016,LSPIA,0.024490623757581445,1.49557108342237,,169,True
cdf_plateau,0.1,16,303016,IsotonicRegression,0.03093073389036777,0.0,,1,True
cdf_plateau,0.1,17,303017,LSPIA,0.036056026746635446,2.5073329226643573,,161,True
cdf_plateau,0.1,17,303017,IsotonicRegression,0.034644185541046944,0.0,,1,True
cdf_plateau,0.1,18,303018,LSPIA,0.031104826397979752,2.775700929249124,,163,True
cdf_plateau,0.1,18,303018,IsotonicRegression,0.027408531706398634,0.0,,1,True
cdf_plateau,0.1,19,303019,LSPIA,0.03374913097494028,1.0277339107492678,,164,True
cdf_plateau,0.1,19,303019,IsotonicRegression,0.03559966373017603,0.0,,1,True
cdf_plateau,0.1,20,303020,LSPIA,0.03397593284258841,3.335584387180156,,176,True
cdf_plateau,0.1,20,303020,IsotonicRegression,0.029441394514489953,0.0,,1,True
cdf_plateau,0.1,21,303021,LSPIA,0.03264361857399101,2.212948272742343,,165,True
cdf_plateau,0.1,21,303021,IsotonicRegression,0.03504359241072553,0.0,,1,True
cdf_plateau,0.1,22,303022,LSPIA,0.024974501502818502,2.849897271955799,,147,True
cdf_plateau,0.1,22,303022,IsotonicRegression,0.03148717581310777,0.0,,1,True
cdf_plateau,0.1,23,303023,LSPIA,0.037835858128883695,3.2471455120375303,,155,True
cdf_plateau,0.1,23,303023,IsotonicRegression,0.043165197938617214,0.0,,1,True
cdf_plateau,0.1,24,303024,LSPIA,0.026753471109971283,2.898568350598924,,152,True
cdf_plateau,0.1,24,303024,IsotonicRegression,0.028284706747003906,0.0,,1,True
cdf_plateau,0.1,25,303025,LSPIA,0.021812970289376274,0.6481659302338343,,140,True
cdf_plateau,0.1,25,303025,IsotonicRegression,0.02951576479336216,0.0,,1,True
cdf_plateau,0.1,26,303026,LSPIA,0.04067225471207561,1.7106572917328529,,142,True
cdf_plateau,0.1,26,303026,IsotonicRegression,0.04486969292573087,0.0,,1,True
cdf_plateau,0.1,27,303027,LSPIA,0.020678194958948473,1.0743911504141237,,162,True
cdf_plateau,0.1,27,303027,IsotonicRegression,0.024998813485748797,0.0,,1,True
cdf_plateau,0.1,28,303028,LSPIA,0.036755973478647626,7.676312141839962,,167,True
cdf_plateau,0.1,28,303028,IsotonicRegression,0.034126115750946165,0.0,,1,True
cdf_plateau,0.1,29,303029,LSPIA,0.03767140899380158,1.0984248654425883,,173,True
cdf_plateau,0.1,29,303029,IsotonicRegression,0.042800289610028346,0.0,,1,True
cdf_plateau,0.1,30,303030,LSPIA,0.04220842111953747,6.050295551698632,,165,True
cdf_plateau,0.1,30,303030,IsotonicRegression,0.04357344568598578,0.0,,1,True
cdf_plateau,0.1,31,303031,LSPIA,0.04517467994109486,7.867671103302872,,143,True
cdf_plateau,0.1,31,303031,IsotonicRegression,0.03534247177874263,0.0,,1,True
cdf_plateau,0.1,32,303032,LSPIA,0.025342684099285116,4.231862482664882,,166,True
cdf_plateau,0.1,32,303032,IsotonicRegression,0.03139640882899688,0.0,,1,True
cdf_plateau,0.1,33,303033,LSPIA,0.028903752066533537,2.842892619753027,,154,True
cdf_plateau,0.1,33,303033,IsotonicRegression,0.031909498541656915,0.0,,1,True
cdf_plateau,0.1,34,303034,LSPIA,0.03609062641566471,1.2443032942643786,,156,True
cdf_plateau,0.1,34,303034,IsotonicRegression,0.036579338389549396,0.0,,1,True
cdf_plateau,0.1,35,303035,LSPIA,0.033978211419982106,0.8554396731023721,,171,True
cdf_plateau,0.1,35,303035,IsotonicRegression,0.040422684601188245,0.0,,1,True
cdf_plateau,0.1,36,303036,LSPIA,0.030714962994468794,5.3868715952292305,,154,True
cdf_plateau,0.1,36,303036,IsotonicRegression,0.0292226776027226,0.0,,1,True
cdf_plateau,0.1,37,303037,LSPIA,0.033971435886054314,1.8329239314501897,,151,True
cdf_plateau,0.1,37,303037,IsotonicRegression,0.03338777650666551,0.0,,1,True
cdf_plateau,0.1,38,303038,LSPIA,0.024247646610537583,0.6239603692269083,,164,True
cdf_plateau,0.1,38,303038,IsotonicRegression,0.03134852460322706,0.0,,1,True
cdf_plateau,0.1,39,303039,LSPIA,0.025167056324063714,1.8407995893451192,,156,True
cdf_plateau,0.1,39,303039,IsotonicRegression,0.02705052658143773,0.0,,1,True
cdf_plateau,0.1,40,303040,LSPIA,0.027817380347084017,1.5830123588781075,,169,True
cdf_plateau,0.1,40,303040,IsotonicRegression,0.02800169069882265,0.0,,1,True
cdf_plateau,0.1,41,303041,LSPIA,0.03723476418452972,3.3326783474401376,,143,True
cdf_plateau,0.1,41,303041,IsotonicRegression,0.03893130863698237,0.0,,1,True
cdf_plateau,0.1,42,303042,LSPIA,0.02864251914925757,1.4085497005593186,,172,True
cdf_plateau,0.1,42,303042,IsotonicRegression,0.025008483705581713,0.0,,1,True
cdf_plateau,0.1,43,303043,LSPIA,0.035040532876426916,7.293537337741534,,170,True
cdf_plateau,0.1,43,303043,IsotonicRegression,0.0384677160561067,0.0,,1,True
cdf_plateau,0.1,44,303044,LSPIA,0.03879757981004858,10.36022977572762,,165,True
cdf_plateau,0.1,44,303044,IsotonicRegression,0.036786886800547355,0.0,,1,True
cdf_plateau,0.1,45,303045,LSPIA,0.02861047290605423,1.4631531452301545,,165,True
cdf_plateau,0.1,45,303045,IsotonicRegression,0.03388818444342244,0.0,,1,True
cdf_plateau,0.1,46,303046,LSPIA,0.027826900591591056,1.4569270037276827,,170,True
cdf_plateau,0.1,46,303046,IsotonicRegression,0.03830511757071462,0.0,,1,True
cdf_plateau,0.1,47,303047,LSPIA,0.034214225143925074,1.8479779264951481,,159,True
cdf_plateau,0.1,47,303047,IsotonicRegression,0.03512423174319547,0.0,,1,True
cdf_plateau,0.1,48,303048,LSPIA,0.022408713503314567,3.960803295881744,,153,True
cdf_plateau,0.1,48,303048,IsotonicRegression,0.024836738172931392,0.0,,1,True
cdf_plateau,0.1,49,303049,LSPIA,0.028935688974412798,2.0595329670809694,,172,True
cdf_plateau,0.1,49,303049,IsotonicRegression,0.03276207742000451,0.0,,1,True
cdf_plateau,0.1,50,303050,LSPIA,0.04030909487451022,6.598332299512886,,154,True
cdf_plateau,0.1,50,303050,IsotonicRegression,0.03937789676387098,0.0,,1,True
cdf_plateau,0.1,51,303051,LSPIA,0.0289090645658242,2.5633434085941533,,174,True
cdf_plateau,0.1,51,303051,IsotonicRegression,0.03375511045054416,0.0,,1,True
cdf_plateau,0.1,52,303052,LSPIA,0.041943546496213305,6.956040516638586,,147,True
cdf_plateau,0.1,52,303052,IsotonicRegression,0.048929255599500475,0.0,,1,True
cdf_plateau,0.1,53,303053,LSPIA,0.0238655942837829,0.6842637237395018,,159,True
cdf_plateau,0.1,53,303053,IsotonicRegression,0.023428037497716506,0.0,,1,True
cdf_plateau,0.1,54,303054,LSPIA,0.03603158171676327,1.3216743209155057,,140,True
cdf_plateau,0.1,54,303054,IsotonicRegression,0.030866847403911442,0.0,,1,True
cdf_plateau,0.1,55,303055,LSPIA,0.022928830610021753,0.8129178109428724,,162,True
cdf_plateau,0.1,55,303055,IsotonicRegression,0.022900742257424053,0.0,,1,True
cdf_plateau,0.1,56,303056,LSPIA,0.026449480895357366,3.5564420968769936,,145,True
cdf_plateau,0.1,56,303056,IsotonicRegression,0.028386428183670254,0.0,,1,True
cdf_plateau,0.1,57,303057,LSPIA,0.03783798184138729,2.8992999597922484,,167,True
cdf_plateau,0.1,57,303057,IsotonicRegression,0.034780603550039625,0.0,,1,True
cdf_plateau,0.1,58,303058,LSPIA,0.029278525032960058,5.975991098418243,,171,True
cdf_plateau,0.1,58,303058,IsotonicRegression,0.03176287042676119,0.0,,1,True
cdf_plateau,0.1,59,303059,LSPIA,0.024070871428264806,2.2427250661626634,,167,True
cdf_plateau,0.1,59,303059,IsotonicRegression,0.031179213216289286,0.0,,1,True
cdf_plateau,0.1,60,303060,LSPIA,0.028873286740971605,2.0708325416232825,,149,True
cdf_plateau,0.1,60,303060,IsotonicRegression,0.03370862043790574,0.0,,1,True
cdf_plateau,0.1,61,303061,LSPIA,0.030339380431758635,3.0959055919587106,,153,True
cdf_plateau,0.1,61,303061,IsotonicRegression,0.033291665783911316,0.0,,1,True
cdf_plateau,0.1,62,303062,LSPIA,0.042871710832309354,1.6298281827782346,,169,True
cdf_plateau,0.1,62,303062,IsotonicRegression,0.043664958097264145,0.0,,1,True
cdf_plateau,0.1,63,303063,LSPIA,0.03641758750949461,11.032753444849304,,144,True
cdf_plateau,0.1,63,303063,IsotonicRegression,0.02878565222751325,0.0,,1,True
cdf_plateau,0.1,64,303064,LSPIA,0.031396752175504875,5.35779933057861,,161,True
cdf_plateau,0.1,64,303064,IsotonicRegression,0.03187926070995279,0.0,,1,True
cdf_plateau,0.1,65,303065,LSPIA,0.020259390623177213,0.5854947190969761,,161,True
cdf_plateau,0.1,65,303065,IsotonicRegression,0.029918193182428263,0.0,,1,True
cdf_plateau,0.1,66,303066,LSPIA,0.03716035216174996,2.076746232166776,,155,True
cdf_plateau,0.1,66,303066,IsotonicRegression,0.030108609283240103,0.0,,1,True
cdf_plateau,0.1,67,303067,LSPIA,0.028285335658005492,0.9781981835463346,,163,True
cdf_plateau,0.1,67,303067,IsotonicRegression,0.028684659456991977,0.0,,1,True
cdf_plateau,0.1,68,303068,LSPIA,0.030098730296146986,3.806814364316624,,159,True
cdf_plateau,0.1,68,303068,IsotonicRegression,0.03363663825315555,0.0,,1,True
cdf_plateau,0.1,69,303069,LSPIA,0.030809412606892846,6.920025561140202,,162,True
cdf_plateau,0.1,69,303069,IsotonicRegression,0.029998705705730596,0.0,,1,True
cdf_plateau,0.1,70,303070,LSPIA,0.02599277886095158,1.269181276486807,,162,True
cdf_plateau,0.1,70,303070,IsotonicRegression,0.03413861623790179,0.0,,1,True
cdf_plateau,0.1,71,303071,LSPIA,0.040380242156468536,1.9792341269686444,,170,True
cdf_plateau,0.1,71,303071,IsotonicRegression,0.027961927996231952,0.0,,1,True
cdf_plateau,0.1,72,303072,LSPIA,0.037730659341829786,2.2480697413898048,,182,True
cdf_plateau,0.1,72,303072,IsotonicRegression,0.028821723338200312,0.0,,1,True
cdf_plateau,0.1,73,303073,LSPIA,0.025180395866390193,3.454501440800183,,156,True
cdf_plateau,0.1,73,303073,IsotonicRegression,0.024185853217256786,0.0,,1,True
cdf_plateau,0.1,74,303074,LSPIA,0.03371757254360374,1.3884190674677357,,146,True
cdf_plateau,0.1,74,303074,IsotonicRegression,0.030486116896858397,0.0,,1,True
cdf_plateau,0.1,75,303075,LSPIA,0.026768486070780712,1.9749355482022728,,159,True
cdf_plateau,0.1,75,303075,IsotonicRegression,0.029604212915299948,0.0,,1,True
cdf_plateau,0.1,76,303076,LSPIA,0.04191574506670641,3.5213616614275516,,169,True
cdf_plateau,0.1,76,303076,IsotonicRegression,0.035558962771168386,0.0,,1,True
cdf_plateau,0.1,77,303077,LSPIA,0.030730764064551087,3.3896307437581443,,155,True
cdf_plateau,0.1,77,303077,IsotonicRegression,0.026443094220170913,0.0,,1,True
cdf_plateau,0.1,78,303078,LSPIA,0.027596011014109453,4.135648052241318,,156,True
cdf_plateau,0.1,78,303078,IsotonicRegression,0.025731710168475017,0.0,,1,True
cdf_plateau,0.1,79,303079,LSPIA,0.03469595274795743,2.2771743356316243,,154,True
cdf_plateau,0.1,79,303079,IsotonicRegression,0.0386811843024583,0.0,,1,True
cdf_plateau,0.1,80,303080,LSPIA,0.025889601707492403,1.4502614806223764,,161,True
cdf_plateau,0.1,80,303080,IsotonicRegression,0.03601036831249903,0.0,,1,True
cdf_plateau,0.1,81,303081,LSPIA,0.026404495868207548,0.5252868023358325,,162,True
cdf_plateau,0.1,81,303081,IsotonicRegression,0.0318510307387553,0.0,,1,True
cdf_plateau,0.1,82,303082,LSPIA,0.026543220769306843,4.117680750278984,,160,True
cdf_plateau,0.1,82,303082,IsotonicRegression,0.02676318991907652,0.0,,1,True
cdf_plateau,0.1,83,303083,LSPIA,0.033399430145619406,2.5724115920219157,,163,True
cdf_plateau,0.1,83,303083,IsotonicRegression,0.03349643989286709,0.0,,1,True
cdf_plateau,0.1,84,303084,LSPIA,0.03415702797395933,0.5518306172588135,,148,True
cdf_plateau,0.1,84,303084,IsotonicRegression,0.03950338418066396,0.0,,1,True
cdf_plateau,0.1,85,303085,LSPIA,0.021118744190739593,4.884966817283957,,162,True
cdf_plateau,0.1,85,303085,IsotonicRegression,0.024244932643722166,0.0,,1,True
cdf_plateau,0.1,86,303086,LSPIA,0.037130410048925186,1.320160622679195,,143,True
cdf_plateau,0.1,86,303086,IsotonicRegression,0.03759931679985456,0.0,,1,True
cdf_plateau,0.1,87,303087,LSPIA,0.03444905257546799,1.0943963151614968,,173,True
cdf_plateau,0.1,87,303087,IsotonicRegression,0.03379310068423901,0.0,,1,True
cdf_plateau,0.1,88,303088,LSPIA,0.05676693966500982,3.2448675948116326,,163,True
cdf_plateau,0.1,88,303088,IsotonicRegression,0.04799416063362961,0.0,,1,True
cdf_plateau,0.1,89,303089,LSPIA,0.026746396128408345,0.6425490443680335,,144,True
cdf_plateau,0.1,89,303089,IsotonicRegression,0.03609709164989215,0.0,,1,True
cdf_plateau,0.1,90,303090,LSPIA,0.04177890765840588,1.7629790048044067,,158,True
cdf_plateau,0.1,90,303090,IsotonicRegression,0.04090062032693802,0.0,,1,True
cdf_plateau,0.1,91,303091,LSPIA,0.03070213900516629,3.0864294782961483,,160,True
cdf_plateau,0.1,91,303091,IsotonicRegression,0.03456662648189399,0.0,,1,True
cdf_plateau,0.1,92,303092,LSPIA,0.04229101166854562,1.413159828171813,,151,True
cdf_plateau,0.1,92,303092,IsotonicRegression,0.0362508131499002,0.0,,1,True
cdf_plateau,0.1,93,303093,LSPIA,0.026546779404257075,0.8927964042790036,,165,True
cdf_plateau,0.1,93,303093,IsotonicRegression,0.032799939880092555,0.0,,1,True
cdf_plateau,0.1,94,303094,LSPIA,0.030356665055863864,1.322428034443953,,157,True
cdf_plateau,0.1,94,303094,IsotonicRegression,0.030129884042712458,0.0,,1,True
cdf_plateau,0.1,95,303095,LSPIA,0.027551140374246965,0.9239508236805658,,152,True
cdf_plateau,0.1,95,303095,IsotonicRegression,0.02118519459927217,0.0,,1,True
cdf_plateau,0.1,96,303096,LSPIA,0.03428295836795466,5.438850566338512,,166,True
cdf_plateau,0.1,96,303096,IsotonicRegression,0.031493372885517214,0.0,,1,True
cdf_plateau,0.1,97,303097,LSPIA,0.02333843970130027,2.2857620494040507,,166,True
cdf_plateau,0.1,97,303097,IsotonicRegression,0.02675135610237612,0.0,,1,True
cdf_plateau,0.1,98,303098,LSPIA,0.027936658698389787,3.6740047745875115,,147,True
cdf_plateau,0.1,98,303098,IsotonicRegression,0.02331243528280266,0.0,,1,True
cdf_plateau,0.1,99,303099,LSPIA,0.029786569183529833,3.9758809170042038,,163,True
cdf_plateau,0.1,99,303099,IsotonicRegression,0.028742197111910627,0.0,,1,True
cdf_plateau,0.1,100,303100,LSPIA,0.035344215536036276,1.88626141888125,,171,True
cdf_plateau,0.1,100,303100,IsotonicRegression,0.0367788037129621,0.0,,1,True
