dataset,sigma,trial,method,recovery_rmse,maximum_negative_slope,end_to_end_seconds,refit_seconds,selected_parameter,iterations,converged,message
sensor_log,0.02,1,MonotoneLSPIA,0.007845215542444934,0.0,0.04796514502959326,0.04796514502959326,,219,True,
sensor_log,0.02,1,Penalized monotone B-spline,0.006237172227127748,0.0,0.04136492504039779,0.0005841090460307896,1.0,1,True,Optimization terminated successfully
sensor_log,0.02,1,pyGAM,0.006461642310720879,0.0,0.09499283897457644,0.010677384969312698,1.0,2,True,
sensor_log,0.02,2,MonotoneLSPIA,0.008042788470745629,0.0,0.04505666100885719,0.04505666100885719,,240,True,
sensor_log,0.02,2,Penalized monotone B-spline,0.0060084752637368614,0.0,0.03051092696841806,0.0005261989426799119,1.0,1,True,Optimization terminated successfully
sensor_log,0.02,2,pyGAM,0.005948436807006524,0.0,0.07678798999404535,0.009446672978810966,1.0,2,True,
sensor_log,0.02,3,MonotoneLSPIA,0.005646361350377421,0.0,0.04808142100227997,0.04808142100227997,,237,True,
sensor_log,0.02,3,Penalized monotone B-spline,0.004522626128131065,0.0,0.03819411201402545,0.0005765429814346135,1.0,1,True,Optimization terminated successfully
sensor_log,0.02,3,pyGAM,0.007407917282990099,0.0,0.09194966300856322,0.010999890975654125,10.0,2,True,
sensor_log,0.02,4,MonotoneLSPIA,0.008249344910752495,0.0,0.041552012029569596,0.041552012029569596,,211,True,
sensor_log,0.02,4,Penalized monotone B-spline,0.005837404907304187,0.0,0.024197674996685237,0.0005629609804600477,1.0,1,True,Optimization terminated successfully
sensor_log,0.02,4,pyGAM,0.004886497966201835,0.0,0.07354984304402024,0.010331125988159329,1.0,2,True,
sensor_log,0.02,5,MonotoneLSPIA,0.005753310001215849,0.0,0.04213216697098687,0.04213216697098687,,230,True,
sensor_log,0.02,5,Penalized monotone B-spline,0.005424706605807253,0.0,0.03489498503040522,0.00045945600140839815,1.0,1,True,Optimization terminated successfully
sensor_log,0.02,5,pyGAM,0.005160363834527713,0.0,0.08820385398576036,0.012240550015121698,1.0,2,True,
sensor_log,0.02,6,MonotoneLSPIA,0.007615944452932594,0.0,0.04619944799924269,0.04619944799924269,,230,True,
sensor_log,0.02,6,Penalized monotone B-spline,0.003887890157070516,0.0,0.041962009971030056,0.00045870000030845404,1.0,1,True,Optimization terminated successfully
sensor_log,0.02,6,pyGAM,0.0041956808103575695,0.0,0.09070370002882555,0.009226339985616505,1.0,3,True,
sensor_log,0.02,7,MonotoneLSPIA,0.007288479492091728,0.0,0.04207021900219843,0.04207021900219843,,207,True,
sensor_log,0.02,7,Penalized monotone B-spline,0.00402746074294833,0.0,0.034093238005880266,0.00044690200593322515,1.0,1,True,Optimization terminated successfully
sensor_log,0.02,7,pyGAM,0.0029893770232267834,0.0,0.08323975204257295,0.010121220024302602,1.0,2,True,
sensor_log,0.02,8,MonotoneLSPIA,0.006188785120296197,0.0,0.0460385030019097,0.0460385030019097,,235,True,
sensor_log,0.02,8,Penalized monotone B-spline,0.004094797490925692,0.0,0.03312482300680131,0.00044917798368260264,1.0,1,True,Optimization terminated successfully
sensor_log,0.02,8,pyGAM,0.007350747123782398,0.0,0.08893855300266296,0.01121411198982969,10.0,2,True,
sensor_log,0.02,9,MonotoneLSPIA,0.006936845771609372,0.0,0.04713840602198616,0.04713840602198616,,237,True,
sensor_log,0.02,9,Penalized monotone B-spline,0.0060771687626240915,0.0,0.03593655797885731,0.0004413569695316255,1.0,1,True,Optimization terminated successfully
sensor_log,0.02,9,pyGAM,0.00547117404207664,0.0,0.0924470669706352,0.009638639050535858,1.0,2,True,
sensor_log,0.02,10,MonotoneLSPIA,0.006630289509005669,0.0,0.04291360697243363,0.04291360697243363,,234,True,
sensor_log,0.02,10,Penalized monotone B-spline,0.005309857406258523,0.0,0.03018333500949666,0.00044386700028553605,1.0,1,True,Optimization terminated successfully
sensor_log,0.02,10,pyGAM,0.00442887375366493,0.0,0.08725175098516047,0.009951400046702474,1.0,2,True,
sensor_log,0.02,11,MonotoneLSPIA,0.003788779420560434,0.0,0.04290553502505645,0.04290553502505645,,226,True,
sensor_log,0.02,11,Penalized monotone B-spline,0.004146050507774902,0.0,0.023955693992320448,0.0004671760252676904,1.0,1,True,Optimization terminated successfully
sensor_log,0.02,11,pyGAM,0.0038406245961478437,0.0,0.08274557901313528,0.00967420794768259,1.0,2,True,
sensor_log,0.02,12,MonotoneLSPIA,0.008274354925878602,0.0,0.042157608026172966,0.042157608026172966,,215,True,
sensor_log,0.02,12,Penalized monotone B-spline,0.005510766527350473,0.0,0.03963689401280135,0.0007473939913325012,1.0,1,True,Optimization terminated successfully
sensor_log,0.02,12,pyGAM,0.004679355343325932,0.0,0.08386853098636493,0.01037322700722143,1.0,2,True,
sensor_log,0.02,13,MonotoneLSPIA,0.005369164931896471,0.0,0.0462827580049634,0.0462827580049634,,228,True,
sensor_log,0.02,13,Penalized monotone B-spline,0.005087582753445404,0.0,0.037427441973704845,0.0004876779858022928,1.0,1,True,Optimization terminated successfully
sensor_log,0.02,13,pyGAM,0.003966981435347654,0.0,0.0883468869724311,0.010889039025641978,1.0,3,True,
sensor_log,0.02,14,MonotoneLSPIA,0.006926339582730238,0.0,0.04266364796785638,0.04266364796785638,,231,True,
sensor_log,0.02,14,Penalized monotone B-spline,0.005055689322083014,0.0,0.03329722199123353,0.00045066303573548794,1.0,1,True,Optimization terminated successfully
sensor_log,0.02,14,pyGAM,0.0065660051076030556,0.0,0.081287537002936,0.01031860098009929,10.0,2,True,
sensor_log,0.02,15,MonotoneLSPIA,0.00975507447892792,0.0,0.04624213097849861,0.04624213097849861,,238,True,
sensor_log,0.02,15,Penalized monotone B-spline,0.007085373510722625,0.0,0.04253663995768875,0.0005139940185472369,1.0,1,True,Optimization terminated successfully
sensor_log,0.02,15,pyGAM,0.006149285471576218,0.0,0.0813117100042291,0.010035704006440938,1.0,2,True,
sensor_log,0.02,16,MonotoneLSPIA,0.00642587374087222,0.0,0.04422128002624959,0.04422128002624959,,237,True,
sensor_log,0.02,16,Penalized monotone B-spline,0.003727296796990154,0.0,0.0325560659985058,0.00044301000889390707,1.0,1,True,Optimization terminated successfully
sensor_log,0.02,16,pyGAM,0.004369910108739255,0.0,0.07959582097828388,0.0108862150227651,1.0,2,True,
sensor_log,0.02,17,MonotoneLSPIA,0.010664995423243557,0.0,0.039684619987383485,0.039684619987383485,,211,True,
sensor_log,0.02,17,Penalized monotone B-spline,0.010664973041046409,0.0,0.033232645015232265,0.0019107050029560924,1e-08,11,True,Optimization terminated successfully
sensor_log,0.02,17,pyGAM,0.008073481440256238,0.0,0.08431360998656601,0.013250884017907083,0.1,2,True,
sensor_log,0.02,18,MonotoneLSPIA,0.007369640402996427,0.0,0.05045736697502434,0.05045736697502434,,234,True,
sensor_log,0.02,18,Penalized monotone B-spline,0.007177663634048127,0.0,0.04537597997114062,0.0004639530088752508,1.0,1,True,Optimization terminated successfully
sensor_log,0.02,18,pyGAM,0.007008494139376663,0.0,0.095808805024717,0.011454996012616903,1.0,2,True,
sensor_log,0.02,19,MonotoneLSPIA,0.007464822863545912,0.0,0.041743954992853105,0.041743954992853105,,207,True,
sensor_log,0.02,19,Penalized monotone B-spline,0.004657354406053256,0.0,0.027089582988992333,0.0005596959963440895,1.0,1,True,Optimization terminated successfully
sensor_log,0.02,19,pyGAM,0.00371329447913555,0.0,0.07705681800143793,0.009942207019776106,1.0,2,True,
sensor_log,0.02,20,MonotoneLSPIA,0.004934060498628538,0.0,0.04654781299177557,0.04654781299177557,,228,True,
sensor_log,0.02,20,Penalized monotone B-spline,0.004449605843219831,0.0,0.04329110000981018,0.00047061697114259005,1.0,1,True,Optimization terminated successfully
sensor_log,0.02,20,pyGAM,0.004078129549760332,0.0,0.08449326996924356,0.010681757994461805,1.0,2,True,
sensor_log,0.02,21,MonotoneLSPIA,0.006169035064918386,0.0,0.045951338950544596,0.045951338950544596,,238,True,
sensor_log,0.02,21,Penalized monotone B-spline,0.0052428790316312755,0.0,0.04160970501834527,0.0007315390394069254,1.0,1,True,Optimization terminated successfully
sensor_log,0.02,21,pyGAM,0.0046803164819483,0.0,0.08169458899646997,0.009618219046387821,1.0,2,True,
sensor_log,0.02,22,MonotoneLSPIA,0.005438992391171376,0.0,0.04400606802664697,0.04400606802664697,,238,True,
sensor_log,0.02,22,Penalized monotone B-spline,0.0044468458517212895,0.0,0.024499065009877086,0.0005805669934488833,1.0,1,True,Optimization terminated successfully
sensor_log,0.02,22,pyGAM,0.004593526707101162,0.0,0.08381202898453921,0.011530682968441397,1.0,2,True,
sensor_log,0.02,23,MonotoneLSPIA,0.006157874839775371,0.0,0.04142147995298728,0.04142147995298728,,187,True,
sensor_log,0.02,23,Penalized monotone B-spline,0.005998351601513364,0.0,0.031969121017027646,0.00045663100900128484,0.01,1,True,Optimization terminated successfully
sensor_log,0.02,23,pyGAM,0.004761058944547044,0.0,1.8257908029481769,0.009300392004661262,1.0,2,True,did not converge
sensor_log,0.02,24,MonotoneLSPIA,0.0075542153523533535,0.0,0.04356288397684693,0.04356288397684693,,218,True,
sensor_log,0.02,24,Penalized monotone B-spline,0.0067966333212264975,0.0,0.041240787017159164,0.000460974988527596,1.0,1,True,Optimization terminated successfully
sensor_log,0.02,24,pyGAM,0.00693137219950296,0.0,0.08173143398016691,0.009102085023187101,1.0,3,True,
sensor_log,0.02,25,MonotoneLSPIA,0.007480633546216174,0.0,0.03689213300822303,0.03689213300822303,,177,True,
sensor_log,0.02,25,Penalized monotone B-spline,0.006199436837996314,0.0,0.030846021021716297,0.0004554669721983373,1.0,1,True,Optimization terminated successfully
sensor_log,0.02,25,pyGAM,0.005754649460091438,0.0,0.07280777400592342,0.010918207990471274,1.0,2,True,
sensor_log,0.02,26,MonotoneLSPIA,0.006878455663901926,0.0,0.046253831998910755,0.046253831998910755,,240,True,
sensor_log,0.02,26,Penalized monotone B-spline,0.005401376150346473,0.0,0.026804655033629388,0.0005242710467427969,1.0,1,True,Optimization terminated successfully
sensor_log,0.02,26,pyGAM,0.00469138027223494,0.0,0.0778157800086774,0.011135026987176389,0.1,2,True,
sensor_log,0.02,27,MonotoneLSPIA,0.007971699979267227,0.0,0.038482415955513716,0.038482415955513716,,194,True,
sensor_log,0.02,27,Penalized monotone B-spline,0.0069648388070569275,0.0,0.02839450997998938,0.0013401409960351884,0.01,8,True,Optimization terminated successfully
sensor_log,0.02,27,pyGAM,0.004256243380339502,0.0,0.07956105499761179,0.009844749001786113,1.0,2,True,
sensor_log,0.02,28,MonotoneLSPIA,0.00579131324400669,0.0,0.04122575797373429,0.04122575797373429,,230,True,
sensor_log,0.02,28,Penalized monotone B-spline,0.004929329472023327,0.0,0.03060864598955959,0.0004498459747992456,1.0,1,True,Optimization terminated successfully
sensor_log,0.02,28,pyGAM,0.003778404460974676,0.0,0.07270256499759853,0.010027157026343048,1.0,2,True,
sensor_log,0.02,29,MonotoneLSPIA,0.004730861967362992,0.0,0.039529771951492876,0.039529771951492876,,209,True,
sensor_log,0.02,29,Penalized monotone B-spline,0.004337116872282086,0.0,0.023179450014140457,0.0004419690230861306,1.0,1,True,Optimization terminated successfully
sensor_log,0.02,29,pyGAM,0.002502521382719822,0.0,0.07779508194653317,0.010999049001839012,1.0,2,True,
sensor_log,0.02,30,MonotoneLSPIA,0.005787751246386355,0.0,0.04662028298480436,0.04662028298480436,,242,True,
sensor_log,0.02,30,Penalized monotone B-spline,0.0037836110253567077,0.0,0.04030536103527993,0.0005246700020506978,1.0,1,True,Optimization terminated successfully
sensor_log,0.02,30,pyGAM,0.0036871831040344825,0.0,0.09112754202215001,0.010324119008146226,1.0,2,True,
sensor_log,0.02,31,MonotoneLSPIA,0.006621617841048403,0.0,0.04295314796036109,0.04295314796036109,,232,True,
sensor_log,0.02,31,Penalized monotone B-spline,0.005770643772443109,0.0,0.02020569401793182,0.0004926120163872838,1.0,1,True,Optimization terminated successfully
sensor_log,0.02,31,pyGAM,0.005324198151227254,0.0,0.07821312703890726,0.009585376014001667,1.0,2,True,
sensor_log,0.02,32,MonotoneLSPIA,0.006408691186834489,0.0,0.04674131498904899,0.04674131498904899,,229,True,
sensor_log,0.02,32,Penalized monotone B-spline,0.005282448275793977,0.0,0.03378722205525264,0.0004653719952329993,1.0,1,True,Optimization terminated successfully
sensor_log,0.02,32,pyGAM,0.004076579722069794,0.0,0.09171091701136902,0.011598736047744751,1.0,2,True,
sensor_log,0.02,33,MonotoneLSPIA,0.006273639272758217,0.0,0.044190197018906474,0.044190197018906474,,239,True,
sensor_log,0.02,33,Penalized monotone B-spline,0.004756309723521392,0.0,0.04194400098640472,0.0004558590007945895,1.0,1,True,Optimization terminated successfully
sensor_log,0.02,33,pyGAM,0.004382358303149058,0.0,0.08121085399761796,0.00910950597608462,1.0,3,True,
sensor_log,0.02,34,MonotoneLSPIA,0.006596375956479012,0.0,0.044533342006616294,0.044533342006616294,,241,True,
sensor_log,0.02,34,Penalized monotone B-spline,0.004672806225867593,0.0,0.03473933500936255,0.0004532089806161821,1.0,1,True,Optimization terminated successfully
sensor_log,0.02,34,pyGAM,0.0039027756487821194,0.0,0.08609971299301833,0.011410112027078867,1.0,2,True,
sensor_log,0.02,35,MonotoneLSPIA,0.0060720636247006314,0.0,0.04438911995384842,0.04438911995384842,,229,True,
sensor_log,0.02,35,Penalized monotone B-spline,0.004745696702668088,0.0,0.024698959023226053,0.000544934009667486,1.0,1,True,Optimization terminated successfully
sensor_log,0.02,35,pyGAM,0.002972508761070388,0.0,0.07571835396811366,0.010457658965606242,1.0,2,True,
sensor_log,0.02,36,MonotoneLSPIA,0.005222352190116458,0.0,0.048565974982921034,0.048565974982921034,,226,True,
sensor_log,0.02,36,Penalized monotone B-spline,0.005218408464617564,0.0,0.0384256950346753,0.0005454010097309947,1.0,1,True,Optimization terminated successfully
sensor_log,0.02,36,pyGAM,0.007844494015651583,0.0,0.0976466319989413,0.010965605964884162,10.0,2,True,
sensor_log,0.02,37,MonotoneLSPIA,0.004660197399057999,0.0,0.048979179991874844,0.048979179991874844,,223,True,
sensor_log,0.02,37,Penalized monotone B-spline,0.004004423374057655,0.0,0.02784607995999977,0.0004431550041772425,1.0,1,True,Optimization terminated successfully
sensor_log,0.02,37,pyGAM,0.003999569184495615,0.0,0.07250478398054838,0.01001723698573187,1.0,2,True,
sensor_log,0.02,38,MonotoneLSPIA,0.005755334117476788,0.0,0.0408591820159927,0.0408591820159927,,220,True,
sensor_log,0.02,38,Penalized monotone B-spline,0.0035631690303351243,0.0,0.02658482501283288,0.0004470499698072672,1.0,1,True,Optimization terminated successfully
sensor_log,0.02,38,pyGAM,0.003966322977473419,0.0,0.08409889304311946,0.009879123012069613,1.0,2,True,
sensor_log,0.02,39,MonotoneLSPIA,0.00625965203018851,0.0,0.04367495496990159,0.04367495496990159,,236,True,
sensor_log,0.02,39,Penalized monotone B-spline,0.0044693706244858245,0.0,0.031118559010792524,0.0004440090269781649,1.0,1,True,Optimization terminated successfully
sensor_log,0.02,39,pyGAM,0.0047182367704306895,0.0,0.0744135919958353,0.00941911101108417,1.0,2,True,
sensor_log,0.02,40,MonotoneLSPIA,0.005606052845900701,0.0,0.04410690302029252,0.04410690302029252,,229,True,
sensor_log,0.02,40,Penalized monotone B-spline,0.00446403765927745,0.0,0.04236017499351874,0.0012510120286606252,1.0,7,True,Optimization terminated successfully
sensor_log,0.02,40,pyGAM,0.0033880067700501177,0.0,0.0837953889858909,0.010829299979377538,1.0,3,True,
sensor_log,0.02,41,MonotoneLSPIA,0.004556311103283797,0.0,0.04227700998308137,0.04227700998308137,,237,True,
sensor_log,0.02,41,Penalized monotone B-spline,0.002757151108285789,0.0,0.03775892499834299,0.00045720598427578807,1.0,1,True,Optimization terminated successfully
sensor_log,0.02,41,pyGAM,0.0036095595322875236,0.0,0.08580682898173109,0.011692186002619565,1.0,2,True,
sensor_log,0.02,42,MonotoneLSPIA,0.006688102665467447,0.0,0.04677645897027105,0.04677645897027105,,234,True,
sensor_log,0.02,42,Penalized monotone B-spline,0.005979621963850253,0.0,0.023456421040464193,0.0004992749891243875,1.0,1,True,Optimization terminated successfully
sensor_log,0.02,42,pyGAM,0.005220148862198062,0.0,0.09372008097125217,0.01113692601211369,1.0,2,True,
sensor_log,0.02,43,MonotoneLSPIA,0.007628258542408445,0.0,0.04681571898981929,0.04681571898981929,,217,True,
sensor_log,0.02,43,Penalized monotone B-spline,0.006501628019110458,0.0,0.04069168702699244,0.000548182986676693,1.0,1,True,Optimization terminated successfully
sensor_log,0.02,43,pyGAM,0.006940590194966769,0.0,0.09338882000884041,0.011141644965391606,1.0,2,True,
sensor_log,0.02,44,MonotoneLSPIA,0.006485202610234783,0.0,0.04829725401941687,0.04829725401941687,,224,True,
sensor_log,0.02,44,Penalized monotone B-spline,0.003655642128436584,0.0,0.04261460795532912,0.000540827983058989,1.0,1,True,Optimization terminated successfully
sensor_log,0.02,44,pyGAM,0.0037955472171028724,0.0,0.09227435797220096,0.010950765979941934,1.0,2,True,
sensor_log,0.02,45,MonotoneLSPIA,0.007652929597292509,0.0,0.044361408974509686,0.044361408974509686,,225,True,
sensor_log,0.02,45,Penalized monotone B-spline,0.005914320913194517,0.0,0.043464092013891786,0.0004917529877275229,1.0,1,True,Optimization terminated successfully
sensor_log,0.02,45,pyGAM,0.005963347813253048,0.0,0.08376656897598878,0.0098167959949933,1.0,3,True,
sensor_log,0.02,46,MonotoneLSPIA,0.007124195078262421,0.0,0.044195017020683736,0.044195017020683736,,243,True,
sensor_log,0.02,46,Penalized monotone B-spline,0.005195118244505395,0.0,0.03385329496813938,0.00045855698408558965,1.0,1,True,Optimization terminated successfully
sensor_log,0.02,46,pyGAM,0.004647560037432202,0.0,0.08849912998266518,0.010667983966413885,1.0,2,True,
sensor_log,0.02,47,MonotoneLSPIA,0.007594150478513914,0.0,0.04396544297924265,0.04396544297924265,,234,True,
sensor_log,0.02,47,Penalized monotone B-spline,0.006081622270975642,0.0,0.026120249996893108,0.0005357670015655458,1.0,1,True,Optimization terminated successfully
sensor_log,0.02,47,pyGAM,0.005664623455402208,0.0,0.08084782201331109,0.010723693005274981,1.0,2,True,
sensor_log,0.02,48,MonotoneLSPIA,0.007059398453651682,0.0,0.04371027700835839,0.04371027700835839,,231,True,
sensor_log,0.02,48,Penalized monotone B-spline,0.006127678997694769,0.0,0.03122939501190558,0.00044928304851055145,1.0,1,True,Optimization terminated successfully
sensor_log,0.02,48,pyGAM,0.0043892173309813985,0.0,1.9210091209970415,0.010277894965838641,1.0,2,True,did not converge
sensor_log,0.02,49,MonotoneLSPIA,0.008457464043735676,0.0,0.0438580570043996,0.0438580570043996,,203,True,
sensor_log,0.02,49,Penalized monotone B-spline,0.006502560878639062,0.0,0.021748872008174658,0.000547849980648607,1.0,1,True,Optimization terminated successfully
sensor_log,0.02,49,pyGAM,0.006332132210136776,0.0,0.07857622497249395,0.009664742974564433,1.0,2,True,
sensor_log,0.02,50,MonotoneLSPIA,0.006125070473720773,0.0,0.04565147595712915,0.04565147595712915,,230,True,
sensor_log,0.02,50,Penalized monotone B-spline,0.005458257365509119,0.0,0.032363319012802094,0.0004397660377435386,1.0,1,True,Optimization terminated successfully
sensor_log,0.02,50,pyGAM,0.005087336240600636,0.0,0.08109165402129292,0.010101477964781225,1.0,2,True,
sensor_log,0.02,51,MonotoneLSPIA,0.007143503572335438,0.0,0.042631651973351836,0.042631651973351836,,227,True,
sensor_log,0.02,51,Penalized monotone B-spline,0.00507231113439233,0.0,0.03082627896219492,0.00044475699542090297,1.0,1,True,Optimization terminated successfully
sensor_log,0.02,51,pyGAM,0.005413299904058247,0.0,0.08109053201042116,0.009069085004739463,1.0,2,True,
sensor_log,0.02,52,MonotoneLSPIA,0.00652083331377005,0.0,0.043690357997547835,0.043690357997547835,,229,True,
sensor_log,0.02,52,Penalized monotone B-spline,0.004944442212200958,0.0,0.037717300991062075,0.00045438396045938134,1.0,1,True,Optimization terminated successfully
sensor_log,0.02,52,pyGAM,0.004685401180847975,0.0,0.08951846201671287,0.009836703015025705,1.0,2,True,
sensor_log,0.02,53,MonotoneLSPIA,0.00801559760393303,0.0,0.043454239959828556,0.043454239959828556,,236,True,
sensor_log,0.02,53,Penalized monotone B-spline,0.006692317510306811,0.0,0.03128002799348906,0.000446183024905622,1.0,1,True,Optimization terminated successfully
sensor_log,0.02,53,pyGAM,0.005816971510627841,0.0,0.08824763400480151,0.010333552025258541,1.0,2,True,
sensor_log,0.02,54,MonotoneLSPIA,0.005911777014318054,0.0,0.043760110973380506,0.043760110973380506,,237,True,
sensor_log,0.02,54,Penalized monotone B-spline,0.005735154114050231,0.0,0.03460460400674492,0.00044208497274667025,1.0,1,True,Optimization terminated successfully
sensor_log,0.02,54,pyGAM,0.00554652044353675,0.0,0.08105762297054753,0.010051173041574657,1.0,2,True,
sensor_log,0.02,55,MonotoneLSPIA,0.00560046543105438,0.0,0.042818679998163134,0.042818679998163134,,218,True,
sensor_log,0.02,55,Penalized monotone B-spline,0.004562934423850628,0.0,0.045196957944426686,0.0005484049906954169,1.0,1,True,Optimization terminated successfully
sensor_log,0.02,55,pyGAM,0.004501491513311643,0.0,0.0919886190094985,0.010833308042492718,1.0,2,True,
sensor_log,0.02,56,MonotoneLSPIA,0.008077299621348353,0.0,0.04604257002938539,0.04604257002938539,,235,True,
sensor_log,0.02,56,Penalized monotone B-spline,0.005951049758705185,0.0,0.012592585990205407,0.000446733960416168,1.0,1,True,Optimization terminated successfully
sensor_log,0.02,56,pyGAM,0.006044811092557903,0.0,0.07268788595683873,0.009367548977024853,1.0,2,True,
sensor_log,0.02,57,MonotoneLSPIA,0.00586425001128142,0.0,0.0414808850036934,0.0414808850036934,,214,True,
sensor_log,0.02,57,Penalized monotone B-spline,0.0032904426344575704,0.0,0.03692827402846888,0.0005686479853466153,1.0,1,True,Optimization terminated successfully
sensor_log,0.02,57,pyGAM,0.0032727064178123912,0.0,0.09030526399146765,0.011133635009173304,1.0,2,True,
sensor_log,0.02,58,MonotoneLSPIA,0.006201509911171622,0.0,0.049500335997436196,0.049500335997436196,,236,True,
sensor_log,0.02,58,Penalized monotone B-spline,0.0037340157826214223,0.0,0.024733247992116958,0.00044141296530142426,1.0,1,True,Optimization terminated successfully
sensor_log,0.02,58,pyGAM,0.004325208795505027,0.0,0.08885792596265674,0.009886318002827466,1.0,2,True,
sensor_log,0.02,59,MonotoneLSPIA,0.007122330295583426,0.0,0.044142503989860415,0.044142503989860415,,239,True,
sensor_log,0.02,59,Penalized monotone B-spline,0.0053329791257373214,0.0,0.017518986016511917,0.0004414739669300616,1.0,1,True,Optimization terminated successfully
sensor_log,0.02,59,pyGAM,0.005302490787862614,0.0,0.07301104004727677,0.009282223007176071,1.0,2,True,
sensor_log,0.02,60,MonotoneLSPIA,0.006263461717714566,0.0,0.0435963649651967,0.0435963649651967,,222,True,
sensor_log,0.02,60,Penalized monotone B-spline,0.005481819702549542,0.0,0.04221051401691511,0.00044346501817926764,1.0,1,True,Optimization terminated successfully
sensor_log,0.02,60,pyGAM,0.004454798771274318,0.0,0.08949564502108842,0.010368469986133277,1.0,3,True,
sensor_log,0.02,61,MonotoneLSPIA,0.005065619890125995,0.0,0.04523161397082731,0.04523161397082731,,229,True,
sensor_log,0.02,61,Penalized monotone B-spline,0.0043270663042992135,0.0,0.034846368012949824,0.0004457909963093698,1.0,1,True,Optimization terminated successfully
sensor_log,0.02,61,pyGAM,0.0036774354222722794,0.0,0.08413440798176453,0.009594894014298916,1.0,2,True,
sensor_log,0.02,62,MonotoneLSPIA,0.004292787757350224,0.0,0.044396170997060835,0.044396170997060835,,230,True,
sensor_log,0.02,62,Penalized monotone B-spline,0.00349849050446482,0.0,0.019965522980783135,0.0005825529806315899,1.0,1,True,Optimization terminated successfully
sensor_log,0.02,62,pyGAM,0.002637135921495935,0.0,0.08238640101626515,0.011079164978582412,1.0,2,True,
sensor_log,0.02,63,MonotoneLSPIA,0.006390093397280423,0.0,0.04155717801768333,0.04155717801768333,,195,True,
sensor_log,0.02,63,Penalized monotone B-spline,0.004568713443737843,0.0,0.041940256021916866,0.00047008495312184095,1.0,1,True,Optimization terminated successfully
sensor_log,0.02,63,pyGAM,0.004106921240341557,0.0,0.08194526599254459,0.00974411703646183,1.0,2,True,
sensor_log,0.02,64,MonotoneLSPIA,0.00785574913647354,0.0,0.04283476097043604,0.04283476097043604,,227,True,
sensor_log,0.02,64,Penalized monotone B-spline,0.0062776910649396805,0.0,0.03812041197670624,0.0004542739479802549,1.0,1,True,Optimization terminated successfully
sensor_log,0.02,64,pyGAM,0.005963258995679419,0.0,0.08885407802881673,0.011092586966697127,1.0,2,True,
sensor_log,0.02,65,MonotoneLSPIA,0.008270670548242333,0.0,0.04727173497667536,0.04727173497667536,,242,True,
sensor_log,0.02,65,Penalized monotone B-spline,0.005312325584838833,0.0,0.030229558004066348,0.0004574329941533506,1.0,1,True,Optimization terminated successfully
sensor_log,0.02,65,pyGAM,0.004567442503056739,0.0,0.07716802600771189,0.018741093983408064,1.0,2,True,
sensor_log,0.02,66,MonotoneLSPIA,0.007373156226552919,0.0,0.05154769599903375,0.05154769599903375,,229,True,
sensor_log,0.02,66,Penalized monotone B-spline,0.004778260578207502,0.0,0.04150615999242291,0.0008107999456115067,1.0,1,True,Optimization terminated successfully
sensor_log,0.02,66,pyGAM,0.004719293316692529,0.0,0.08506145095452666,0.013750709011219442,1.0,2,True,
sensor_log,0.02,67,MonotoneLSPIA,0.0043865789195487205,0.0,0.04489295597886667,0.04489295597886667,,232,True,
sensor_log,0.02,67,Penalized monotone B-spline,0.0033919378196866187,0.0,0.03061916003935039,0.0005295169539749622,1.0,1,True,Optimization terminated successfully
sensor_log,0.02,67,pyGAM,0.003191670908447847,0.0,1.8831300489837304,0.010901699017267674,1.0,2,True,did not converge
sensor_log,0.02,68,MonotoneLSPIA,0.006380298952724361,0.0,0.03280771500431001,0.03280771500431001,,146,True,
sensor_log,0.02,68,Penalized monotone B-spline,0.004774834950943098,0.0,0.03671386098721996,0.0006957189762033522,1.0,1,True,Optimization terminated successfully
sensor_log,0.02,68,pyGAM,0.005265768722837493,0.0,0.07529917301144451,0.01006854500155896,1.0,2,True,
sensor_log,0.02,69,MonotoneLSPIA,0.006689152516645604,0.0,0.04260091803735122,0.04260091803735122,,230,True,
sensor_log,0.02,69,Penalized monotone B-spline,0.005173794843104098,0.0,0.03376276697963476,0.0004515289911068976,1.0,1,True,Optimization terminated successfully
sensor_log,0.02,69,pyGAM,0.005652903449592406,0.0,0.0812107429956086,0.009552092989906669,1.0,2,True,
sensor_log,0.02,70,MonotoneLSPIA,0.007938487590015907,0.0,0.04399635997833684,0.04399635997833684,,243,True,
sensor_log,0.02,70,Penalized monotone B-spline,0.006952739145729893,0.0,0.033820254961028695,0.0004470499698072672,1.0,1,True,Optimization terminated successfully
sensor_log,0.02,70,pyGAM,0.005635418532120199,0.0,0.08028818597085774,0.009232711978256702,1.0,2,True,
sensor_log,0.02,71,MonotoneLSPIA,0.006040300098321611,0.0,0.047639472992159426,0.047639472992159426,,244,True,
sensor_log,0.02,71,Penalized monotone B-spline,0.004160758602369961,0.0,0.020380124973598868,0.00044182100100442767,1.0,1,True,Optimization terminated successfully
sensor_log,0.02,71,pyGAM,0.0033786152084005847,0.0,0.07859538501361385,0.010040646011475474,1.0,2,True,
sensor_log,0.02,72,MonotoneLSPIA,0.006589430319478573,0.0,0.04059586598305032,0.04059586598305032,,194,True,
sensor_log,0.02,72,Penalized monotone B-spline,0.004352736607553885,0.0,0.04047848499612883,0.00046984798973426223,1.0,1,True,Optimization terminated successfully
sensor_log,0.02,72,pyGAM,0.004269476026010688,0.0,0.09026982099749148,0.009566398977767676,1.0,2,True,
sensor_log,0.02,73,MonotoneLSPIA,0.006903080741692987,0.0,0.04414870997425169,0.04414870997425169,,223,True,
sensor_log,0.02,73,Penalized monotone B-spline,0.004670479765964049,0.0,0.014825482037849724,0.000447709986474365,1.0,1,True,Optimization terminated successfully
sensor_log,0.02,73,pyGAM,0.005412218369551415,0.0,0.07995196699630469,0.011667871032841504,1.0,2,True,
sensor_log,0.02,74,MonotoneLSPIA,0.006676913706342248,0.0,0.04623400600394234,0.04623400600394234,,238,True,
sensor_log,0.02,74,Penalized monotone B-spline,0.005130695827203525,0.0,0.046703958010766655,0.0004422870115377009,1.0,1,True,Optimization terminated successfully
sensor_log,0.02,74,pyGAM,0.005643365029667471,0.0,0.08447320701088756,0.01044607296353206,1.0,2,True,
sensor_log,0.02,75,MonotoneLSPIA,0.006608445902452294,0.0,0.04220654198434204,0.04220654198434204,,214,True,
sensor_log,0.02,75,Penalized monotone B-spline,0.003962914744914273,0.0,0.031967621005605906,0.0004564200062304735,1.0,1,True,Optimization terminated successfully
sensor_log,0.02,75,pyGAM,0.0038631745367698252,0.0,1.784328664012719,0.009449460951145738,1.0,2,True,did not converge
sensor_log,0.02,76,MonotoneLSPIA,0.007084795109370066,0.0,0.03804376703919843,0.03804376703919843,,197,True,
sensor_log,0.02,76,Penalized monotone B-spline,0.0049994907778019,0.0,0.02674531500088051,0.0004448890103958547,1.0,1,True,Optimization terminated successfully
sensor_log,0.02,76,pyGAM,0.0048266195624889815,0.0,0.08004476397763938,0.010243166994769126,1.0,2,True,
sensor_log,0.02,77,MonotoneLSPIA,0.007610035840060005,0.0,0.039413253020029515,0.039413253020029515,,211,True,
sensor_log,0.02,77,Penalized monotone B-spline,0.005558509585096067,0.0,0.033576641988474876,0.0005525340093299747,1.0,1,True,Optimization terminated successfully
sensor_log,0.02,77,pyGAM,0.005799562970629913,0.0,0.08779576199594885,0.010381986969150603,1.0,2,True,
sensor_log,0.02,78,MonotoneLSPIA,0.005939605516981172,0.0,0.04105204402003437,0.04105204402003437,,217,True,
sensor_log,0.02,78,Penalized monotone B-spline,0.004137447924889126,0.0,0.02516241994453594,0.0004471520078368485,1.0,1,True,Optimization terminated successfully
sensor_log,0.02,78,pyGAM,0.0034348521316809504,0.0,0.08400715101743117,0.010265460005030036,1.0,2,True,
sensor_log,0.02,79,MonotoneLSPIA,0.006313878348027385,0.0,0.04406160500366241,0.04406160500366241,,238,True,
sensor_log,0.02,79,Penalized monotone B-spline,0.005880525604165451,0.0,0.01890083495527506,0.0004944599932059646,1.0,1,True,Optimization terminated successfully
sensor_log,0.02,79,pyGAM,0.0057444682038628415,0.0,0.07368429598864168,0.008973322052042931,1.0,2,True,
sensor_log,0.02,80,MonotoneLSPIA,0.006665679078844558,0.0,0.042968720954377204,0.042968720954377204,,223,True,
sensor_log,0.02,80,Penalized monotone B-spline,0.006065729636141574,0.0,0.04207763902377337,0.00045557698467746377,1.0,1,True,Optimization terminated successfully
sensor_log,0.02,80,pyGAM,0.005706476196822889,0.0,0.08199484198121354,0.0098823860171251,1.0,2,True,
sensor_log,0.02,81,MonotoneLSPIA,0.00712985128315153,0.0,0.044171590998303145,0.044171590998303145,,243,True,
sensor_log,0.02,81,Penalized monotone B-spline,0.006329695041738451,0.0,0.031545081990770996,0.0004509100108407438,1.0,1,True,Optimization terminated successfully
sensor_log,0.02,81,pyGAM,0.005522343906493773,0.0,0.07231394498376176,0.010554995038546622,1.0,2,True,
sensor_log,0.02,82,MonotoneLSPIA,0.00752759546171025,0.0,0.042995898984372616,0.042995898984372616,,231,True,
sensor_log,0.02,82,Penalized monotone B-spline,0.006493091133634386,0.0,0.03181358898291364,0.00045137497363612056,1.0,1,True,Optimization terminated successfully
sensor_log,0.02,82,pyGAM,0.006125111715919181,0.0,0.08353532000910491,0.01244334998773411,1.0,2,True,
sensor_log,0.02,83,MonotoneLSPIA,0.0065378229012526025,0.0,0.05470201000571251,0.05470201000571251,,227,True,
sensor_log,0.02,83,Penalized monotone B-spline,0.00516993579332109,0.0,0.047952321998309344,0.0005377979832701385,1.0,1,True,Optimization terminated successfully
sensor_log,0.02,83,pyGAM,0.0037089875974516207,0.0,0.09137344104237854,0.009693129046354443,1.0,2,True,
sensor_log,0.02,84,MonotoneLSPIA,0.009149158288340136,0.0,0.04339900804916397,0.04339900804916397,,226,True,
sensor_log,0.02,84,Penalized monotone B-spline,0.006063592237063878,0.0,0.03154265700140968,0.00047620298573747277,1.0,1,True,Optimization terminated successfully
sensor_log,0.02,84,pyGAM,0.0063696901500687195,0.0,0.08917381701758131,0.011157742992509156,1.0,2,True,
sensor_log,0.02,85,MonotoneLSPIA,0.0055513751684732535,0.0,0.04505697201238945,0.04505697201238945,,229,True,
sensor_log,0.02,85,Penalized monotone B-spline,0.005217484012818165,0.0,0.04327600199030712,0.0004938690108247101,1.0,1,True,Optimization terminated successfully
sensor_log,0.02,85,pyGAM,0.00490319517910068,0.0,0.08480435999808833,0.009986863005906343,1.0,3,True,
sensor_log,0.02,86,MonotoneLSPIA,0.005947175771727676,0.0,0.046680916973855346,0.046680916973855346,,240,True,
sensor_log,0.02,86,Penalized monotone B-spline,0.003690674397382924,0.0,0.030092369997873902,0.00044564600102603436,1.0,1,True,Optimization terminated successfully
sensor_log,0.02,86,pyGAM,0.0036220339825047874,0.0,0.08591675001662225,0.01159759797155857,1.0,2,True,
sensor_log,0.02,87,MonotoneLSPIA,0.006541647560903265,0.0,0.0428729789564386,0.0428729789564386,,185,True,
sensor_log,0.02,87,Penalized monotone B-spline,0.0053259740425415465,0.0,0.03058014396810904,0.000541234971024096,1.0,1,True,Optimization terminated successfully
sensor_log,0.02,87,pyGAM,0.005418661985289542,0.0,0.09212075895629823,0.011343888007104397,1.0,2,True,
sensor_log,0.02,88,MonotoneLSPIA,0.007620054047648541,0.0,0.050555471039842814,0.050555471039842814,,236,True,
sensor_log,0.02,88,Penalized monotone B-spline,0.004816291095916,0.0,0.025093775999266654,0.0006739000091329217,1.0,1,True,Optimization terminated successfully
sensor_log,0.02,88,pyGAM,0.004741264091596031,0.0,0.07410334999440238,0.0100074129877612,1.0,2,True,
sensor_log,0.02,89,MonotoneLSPIA,0.007287044820610031,0.0,0.04387116403086111,0.04387116403086111,,237,True,
sensor_log,0.02,89,Penalized monotone B-spline,0.005660496362202534,0.0,0.0331213700119406,0.00045438494998961687,1.0,1,True,Optimization terminated successfully
sensor_log,0.02,89,pyGAM,0.006323940554152191,0.0,0.08175838901661336,0.009138669003732502,1.0,2,True,
sensor_log,0.02,90,MonotoneLSPIA,0.0072463970618803384,0.0,0.043742147041484714,0.043742147041484714,,220,True,
sensor_log,0.02,90,Penalized monotone B-spline,0.004081053532425292,0.0,0.033998920989688486,0.0004444870282895863,1.0,1,True,Optimization terminated successfully
sensor_log,0.02,90,pyGAM,0.00333506073510685,0.0,1.8498058439581655,0.010233686014544219,1.0,2,True,did not converge
sensor_log,0.02,91,MonotoneLSPIA,0.005960573711236088,0.0,0.0418784010107629,0.0418784010107629,,210,True,
sensor_log,0.02,91,Penalized monotone B-spline,0.005933696891535101,0.0,0.04180604498833418,0.002115171984769404,0.01,13,True,Optimization terminated successfully
sensor_log,0.02,91,pyGAM,0.0025340449156610505,0.0,0.09037177503341809,0.010794688016176224,1.0,2,True,
sensor_log,0.02,92,MonotoneLSPIA,0.00806949561614203,0.0,0.04432789498241618,0.04432789498241618,,224,True,
sensor_log,0.02,92,Penalized monotone B-spline,0.005566297241702291,0.0,0.03027675295015797,0.00044189998880028725,1.0,1,True,Optimization terminated successfully
sensor_log,0.02,92,pyGAM,0.005446277822897888,0.0,1.9642978459596634,0.010539687005802989,1.0,2,True,did not converge
sensor_log,0.02,93,MonotoneLSPIA,0.0050785637777432885,0.0,0.04560305003542453,0.04560305003542453,,229,True,
sensor_log,0.02,93,Penalized monotone B-spline,0.004228742189141491,0.0,0.0249689290067181,0.0004451849963515997,1.0,1,True,Optimization terminated successfully
sensor_log,0.02,93,pyGAM,0.0024363577894799104,0.0,0.08097324502887204,0.009379060997162014,1.0,2,True,
sensor_log,0.02,94,MonotoneLSPIA,0.004988495502966065,0.0,0.04271971801063046,0.04271971801063046,,231,True,
sensor_log,0.02,94,Penalized monotone B-spline,0.004401852500959292,0.0,0.02631720300996676,0.0005254079587757587,1.0,1,True,Optimization terminated successfully
sensor_log,0.02,94,pyGAM,0.003944709884858562,0.0,0.07512935000704601,0.010331242985557765,1.0,2,True,
sensor_log,0.02,95,MonotoneLSPIA,0.007002764997263685,0.0,0.04541263496503234,0.04541263496503234,,227,True,
sensor_log,0.02,95,Penalized monotone B-spline,0.005232197662860527,0.0,0.038597891048993915,0.0005088239558972418,1.0,1,True,Optimization terminated successfully
sensor_log,0.02,95,pyGAM,0.004202821532640367,0.0,0.08214119798503816,0.00923810200765729,1.0,2,True,
sensor_log,0.02,96,MonotoneLSPIA,0.010424710198880062,0.0,0.04299539397470653,0.04299539397470653,,242,True,
sensor_log,0.02,96,Penalized monotone B-spline,0.00855468980483246,0.0,0.027540648996364325,0.0004422039492055774,1.0,1,True,Optimization terminated successfully
sensor_log,0.02,96,pyGAM,0.010344031894914526,0.0,0.08043256000382826,0.010582721966784447,10.0,2,True,
sensor_log,0.02,97,MonotoneLSPIA,0.007021811406857648,0.0,0.046456528012640774,0.046456528012640774,,241,True,
sensor_log,0.02,97,Penalized monotone B-spline,0.005511019689917034,0.0,0.03018627699930221,0.0004428670508787036,1.0,1,True,Optimization terminated successfully
sensor_log,0.02,97,pyGAM,0.005625134079524774,0.0,0.09020294697256759,0.01078776700887829,1.0,2,True,
sensor_log,0.02,98,MonotoneLSPIA,0.004387537240387226,0.0,0.04800855502253398,0.04800855502253398,,228,True,
sensor_log,0.02,98,Penalized monotone B-spline,0.0034545067319816025,0.0,0.019436199974734336,0.0005310220294632018,1.0,1,True,Optimization terminated successfully
sensor_log,0.02,98,pyGAM,0.0034024550854779663,0.0,0.08344864402897656,0.00947262201225385,1.0,2,True,
sensor_log,0.02,99,MonotoneLSPIA,0.006417711046690939,0.0,0.0446547030005604,0.0446547030005604,,245,True,
sensor_log,0.02,99,Penalized monotone B-spline,0.0044531327237604225,0.0,0.03665265900781378,0.0004794560372829437,1.0,1,True,Optimization terminated successfully
sensor_log,0.02,99,pyGAM,0.0034976712149669474,0.0,0.08498236502055079,0.009928731014952064,1.0,2,True,
sensor_log,0.02,100,MonotoneLSPIA,0.008462207748806735,0.0,0.0445789479999803,0.0445789479999803,,195,True,
sensor_log,0.02,100,Penalized monotone B-spline,0.007984883952956398,0.0,0.03938143403502181,0.0004667770117521286,1.0,1,True,Optimization terminated successfully
sensor_log,0.02,100,pyGAM,0.007456871502389604,0.0,0.09118252998450771,0.01148080499842763,0.1,3,True,
sensor_log,0.05,1,MonotoneLSPIA,0.017713967901716452,0.0,0.052077865053433925,0.052077865053433925,,219,True,
sensor_log,0.05,1,Penalized monotone B-spline,0.013614581453301895,0.0,0.04864676302531734,0.0005394659820012748,1.0,1,True,Optimization terminated successfully
sensor_log,0.05,1,pyGAM,0.012953979553632868,0.0,0.09334499802207574,0.00946040399139747,10.0,2,True,
sensor_log,0.05,2,MonotoneLSPIA,0.018710121595421823,0.0,0.03975656203692779,0.03975656203692779,,183,True,
sensor_log,0.05,2,Penalized monotone B-spline,0.018709325481222356,0.0,0.04479224298847839,0.0018886820180341601,0.0001,13,True,Optimization terminated successfully
sensor_log,0.05,2,pyGAM,0.01880355817152526,0.0,0.09041007101768628,0.017667243955656886,0.001,4,True,
sensor_log,0.05,3,MonotoneLSPIA,0.013243697584820269,0.0,0.04172586998902261,0.04172586998902261,,226,True,
sensor_log,0.05,3,Penalized monotone B-spline,0.0130821463479119,0.0,0.04411190398968756,0.002299242012668401,0.01,16,True,Optimization terminated successfully
sensor_log,0.05,3,pyGAM,0.00992610071631068,0.0,0.09202916896902025,0.01040428999112919,10.0,2,True,
sensor_log,0.05,4,MonotoneLSPIA,0.012853258974382687,0.0,0.04221388400765136,0.04221388400765136,,194,True,
sensor_log,0.05,4,Penalized monotone B-spline,0.011135292097780554,0.0,0.042467560968361795,0.0005715200095437467,1.0,1,True,Optimization terminated successfully
sensor_log,0.05,4,pyGAM,0.012201478407718912,0.0,0.09013376798247918,0.010899051965679973,10.0,2,True,
sensor_log,0.05,5,MonotoneLSPIA,0.014415434548370203,0.0,0.04237287200521678,0.04237287200521678,,212,True,
sensor_log,0.05,5,Penalized monotone B-spline,0.014024337966919556,0.0,0.03849178401287645,0.00043956399895250797,100.0,1,True,Optimization terminated successfully
sensor_log,0.05,5,pyGAM,0.008801416910623158,0.0,0.09066114103188738,0.009972335945349187,10.0,2,True,
sensor_log,0.05,6,MonotoneLSPIA,0.011471129141713736,0.0,0.04629553103586659,0.04629553103586659,,208,True,
sensor_log,0.05,6,Penalized monotone B-spline,0.009000719721849328,0.0,0.05168914399109781,0.0005584040191024542,1.0,1,True,Optimization terminated successfully
sensor_log,0.05,6,pyGAM,0.00847873177789904,0.0,0.10696725000161678,0.011031802976503968,10.0,2,True,
sensor_log,0.05,7,MonotoneLSPIA,0.008204729544401346,0.0,0.04355604003649205,0.04355604003649205,,221,True,
sensor_log,0.05,7,Penalized monotone B-spline,0.011811646395564729,0.0,0.04390453395899385,0.00046412396477535367,100.0,1,True,Optimization terminated successfully
sensor_log,0.05,7,pyGAM,0.009215680774395843,0.0,0.08987586601870134,0.00984832999529317,10.0,2,True,
sensor_log,0.05,8,MonotoneLSPIA,0.011023893955266819,0.0,0.04020298598334193,0.04020298598334193,,202,True,
sensor_log,0.05,8,Penalized monotone B-spline,0.010899315026953234,0.0,0.041675348998978734,0.0005487350281327963,100.0,1,True,Optimization terminated successfully
sensor_log,0.05,8,pyGAM,0.007432528592609188,0.0,0.10077824600739405,0.011161531030666083,10.0,2,True,
sensor_log,0.05,9,MonotoneLSPIA,0.019690685433883016,0.0,0.04634170001372695,0.04634170001372695,,227,True,
sensor_log,0.05,9,Penalized monotone B-spline,0.01613836056286767,0.0,0.040584043017588556,0.000449582003057003,1.0,1,True,Optimization terminated successfully
sensor_log,0.05,9,pyGAM,0.014796087949695355,0.0,0.0894250720157288,0.009894934017211199,1.0,3,True,
sensor_log,0.05,10,MonotoneLSPIA,0.015471936194741714,0.0,0.045151749975048006,0.045151749975048006,,234,True,
sensor_log,0.05,10,Penalized monotone B-spline,0.0136021319615836,0.0,0.04048230801708996,0.00044555700151249766,100.0,1,True,Optimization terminated successfully
sensor_log,0.05,10,pyGAM,0.008625437558001646,0.0,0.08773357002064586,0.01027991803130135,1.0,3,True,
sensor_log,0.05,11,MonotoneLSPIA,0.013730339985907627,0.0,0.04292002698639408,0.04292002698639408,,219,True,
sensor_log,0.05,11,Penalized monotone B-spline,0.00947672601133014,0.0,0.0404764250270091,0.0004710680223070085,1.0,1,True,Optimization terminated successfully
sensor_log,0.05,11,pyGAM,0.009935865055649088,0.0,0.09341209504054859,0.009876668977085501,10.0,2,True,
sensor_log,0.05,12,MonotoneLSPIA,0.014153217478526376,0.0,0.039669885009061545,0.039669885009061545,,202,True,
sensor_log,0.05,12,Penalized monotone B-spline,0.00921982839232123,0.0,0.03881041903514415,0.0006032940000295639,1.0,1,True,Optimization terminated successfully
sensor_log,0.05,12,pyGAM,0.008031777705312463,0.0,0.0845173230045475,0.010106405999977142,1.0,2,True,
sensor_log,0.05,13,MonotoneLSPIA,0.015536474986330819,0.0,0.03654917498352006,0.03654917498352006,,163,True,
sensor_log,0.05,13,Penalized monotone B-spline,0.012927015040009196,0.0,0.03987138002412394,0.0004307499621063471,100.0,1,True,Optimization terminated successfully
sensor_log,0.05,13,pyGAM,0.012727440814318515,0.0,0.09396778303198516,0.010119487007614225,10.0,2,True,
sensor_log,0.05,14,MonotoneLSPIA,0.01599525775184328,0.0,0.04223023803206161,0.04223023803206161,,227,True,
sensor_log,0.05,14,Penalized monotone B-spline,0.012493079969022996,0.0,0.0399373680120334,0.0004414110444486141,1.0,1,True,Optimization terminated successfully
sensor_log,0.05,14,pyGAM,0.009761556176593118,0.0,0.08393860497744754,0.010435578995384276,10.0,2,True,
sensor_log,0.05,15,MonotoneLSPIA,0.015910213221903235,0.0,0.0424402030184865,0.0424402030184865,,222,True,
sensor_log,0.05,15,Penalized monotone B-spline,0.012704276546273473,0.0,0.040444386017043144,0.0006350839976221323,1.0,1,True,Optimization terminated successfully
sensor_log,0.05,15,pyGAM,0.010339521506002008,0.0,0.0896620349958539,0.009626090002711862,10.0,2,True,
sensor_log,0.05,16,MonotoneLSPIA,0.015456426918844704,0.0,0.04128623998258263,0.04128623998258263,,210,True,
sensor_log,0.05,16,Penalized monotone B-spline,0.015456439788855221,0.0,0.04214433702873066,0.001853434951044619,1e-08,12,True,Optimization terminated successfully
sensor_log,0.05,16,pyGAM,0.007818668227994222,0.0,0.08535846800077707,0.009642995020840317,10.0,2,True,
sensor_log,0.05,17,MonotoneLSPIA,0.015221414467332193,0.0,0.040281352994497865,0.040281352994497865,,206,True,
sensor_log,0.05,17,Penalized monotone B-spline,0.015106619092461764,0.0,0.043173558020498604,0.0020085409632883966,0.01,12,True,Optimization terminated successfully
sensor_log,0.05,17,pyGAM,0.011564500154272803,0.0,0.09390232199802995,0.00997575803194195,10.0,2,True,
sensor_log,0.05,18,MonotoneLSPIA,0.01850770215685821,0.0,0.04734322300646454,0.04734322300646454,,211,True,
sensor_log,0.05,18,Penalized monotone B-spline,0.01643693634179288,0.0,0.04083503602305427,0.0004864059737883508,1.0,1,True,Optimization terminated successfully
sensor_log,0.05,18,pyGAM,0.015924018030891593,0.0,0.08556368004065007,0.010089900984894484,10.0,2,True,
sensor_log,0.05,19,MonotoneLSPIA,0.016907367206360633,0.0,0.044437784992624074,0.044437784992624074,,215,True,
sensor_log,0.05,19,Penalized monotone B-spline,0.01127605175361301,0.0,0.043444934010040015,0.00044326501665636897,1.0,1,True,Optimization terminated successfully
sensor_log,0.05,19,pyGAM,0.009738547980335008,0.0,0.08911564497975633,0.009658423950895667,10.0,2,True,
sensor_log,0.05,20,MonotoneLSPIA,0.0173962006384736,0.0,0.038400612014811486,0.038400612014811486,,190,True,
sensor_log,0.05,20,Penalized monotone B-spline,0.015954077012065443,0.0,0.03564883297076449,0.0004357449943199754,100.0,1,True,Optimization terminated successfully
sensor_log,0.05,20,pyGAM,0.014408241963548249,0.0,0.07437882904196158,0.010089394985698164,10.0,2,True,
sensor_log,0.05,21,MonotoneLSPIA,0.01371321360684739,0.0,0.03973297501215711,0.03973297501215711,,202,True,
sensor_log,0.05,21,Penalized monotone B-spline,0.011077029034761501,0.0,0.04073425900423899,0.0004576629726216197,1.0,1,True,Optimization terminated successfully
sensor_log,0.05,21,pyGAM,0.010040366377908415,0.0,0.08070874703116715,0.011278545018285513,10.0,2,True,
sensor_log,0.05,22,MonotoneLSPIA,0.018154347141066687,0.0,0.03857872303342447,0.03857872303342447,,196,True,
sensor_log,0.05,22,Penalized monotone B-spline,0.01599213816690796,0.0,0.043886404018849134,0.0005352639709599316,1.0,1,True,Optimization terminated successfully
sensor_log,0.05,22,pyGAM,0.014859621746036772,0.0,0.09125176398083568,0.010736635013017803,1.0,3,True,
sensor_log,0.05,23,MonotoneLSPIA,0.012256346775333223,0.0,0.041774774028453976,0.041774774028453976,,185,True,
sensor_log,0.05,23,Penalized monotone B-spline,0.00889488238400088,0.0,0.042098906997125596,0.00046343094436451793,100.0,1,True,Optimization terminated successfully
sensor_log,0.05,23,pyGAM,0.007878665757669077,0.0,0.09956656902795658,0.010208237043116242,10.0,2,True,
sensor_log,0.05,24,MonotoneLSPIA,0.01795980041254009,0.0,0.04555870598414913,0.04555870598414913,,234,True,
sensor_log,0.05,24,Penalized monotone B-spline,0.009265580973746879,0.0,0.038775829016231,0.0006337519735097885,100.0,1,True,Optimization terminated successfully
sensor_log,0.05,24,pyGAM,0.01196651622731873,0.0,0.09548010100843385,0.011217043967917562,1.0,2,True,
sensor_log,0.05,25,MonotoneLSPIA,0.013364051985816028,0.0,0.04439217795152217,0.04439217795152217,,208,True,
sensor_log,0.05,25,Penalized monotone B-spline,0.008267920305061629,0.0,0.04025207000086084,0.0004789259983226657,1.0,1,True,Optimization terminated successfully
sensor_log,0.05,25,pyGAM,0.00705790137506885,0.0,0.0885422799619846,0.010052500991150737,10.0,2,True,
sensor_log,0.05,26,MonotoneLSPIA,0.015248980247754982,0.0,0.04263713501859456,0.04263713501859456,,190,True,
sensor_log,0.05,26,Penalized monotone B-spline,0.011060874995063044,0.0,0.04262377298437059,0.00047903298400342464,1.0,1,True,Optimization terminated successfully
sensor_log,0.05,26,pyGAM,0.010059308978595487,0.0,0.09195282601285726,0.010029530036263168,10.0,2,True,
sensor_log,0.05,27,MonotoneLSPIA,0.013642508117015222,0.0,0.046818236995022744,0.046818236995022744,,250,True,
sensor_log,0.05,27,Penalized monotone B-spline,0.01092422701067022,0.0,0.043059985036961734,0.0004451590357348323,1.0,1,True,Optimization terminated successfully
sensor_log,0.05,27,pyGAM,0.012041859012366207,0.0,0.07856982096564025,0.011556380020920187,10.0,2,True,
sensor_log,0.05,28,MonotoneLSPIA,0.01588855300283116,0.0,0.04672959598246962,0.04672959598246962,,223,True,
sensor_log,0.05,28,Penalized monotone B-spline,0.012234369479378471,0.0,0.04325336898909882,0.001959887973498553,1.0,10,True,Optimization terminated successfully
sensor_log,0.05,28,pyGAM,0.01118750682031616,0.0,0.09091155201895162,0.009760707034729421,10.0,2,True,
sensor_log,0.05,29,MonotoneLSPIA,0.016324121636268,0.0,0.037230054032988846,0.037230054032988846,,179,True,
sensor_log,0.05,29,Penalized monotone B-spline,0.012420628783106347,0.0,0.031749154964927584,0.0007982520037330687,1.0,1,True,Optimization terminated successfully
sensor_log,0.05,29,pyGAM,0.01094508823792623,0.0,0.08416758797829971,0.011655726004391909,10.0,2,True,
sensor_log,0.05,30,MonotoneLSPIA,0.014405454920276535,0.0,0.04449222702533007,0.04449222702533007,,229,True,
sensor_log,0.05,30,Penalized monotone B-spline,0.010967696143303767,0.0,0.04460014798678458,0.0005455639911815524,1.0,1,True,Optimization terminated successfully
sensor_log,0.05,30,pyGAM,0.010663357542918302,0.0,0.09631395497126505,0.009950098989065737,10.0,2,True,
sensor_log,0.05,31,MonotoneLSPIA,0.01776298929991951,0.0,0.039093778003007174,0.039093778003007174,,200,True,
sensor_log,0.05,31,Penalized monotone B-spline,0.013770305646717442,0.0,0.03887944098096341,0.0004448090330697596,1.0,1,True,Optimization terminated successfully
sensor_log,0.05,31,pyGAM,0.012158574832912362,0.0,0.08903627702966332,0.010513222019653767,1.0,3,True,
sensor_log,0.05,32,MonotoneLSPIA,0.012022433016884035,0.0,0.03975991299375892,0.03975991299375892,,195,True,
sensor_log,0.05,32,Penalized monotone B-spline,0.009822904723731776,0.0,0.04431272397050634,0.001006661041174084,1.0,5,True,Optimization terminated successfully
sensor_log,0.05,32,pyGAM,0.008471216713615832,0.0,0.08740745397517458,0.010981141007505357,10.0,2,True,
sensor_log,0.05,33,MonotoneLSPIA,0.016884603402649318,0.0,0.04020796396071091,0.04020796396071091,,202,True,
sensor_log,0.05,33,Penalized monotone B-spline,0.012496132478422649,0.0,0.03841340000508353,0.0004635920049622655,1.0,1,True,Optimization terminated successfully
sensor_log,0.05,33,pyGAM,0.009648429927162553,0.0,0.09389727300731465,0.01117054803762585,10.0,2,True,
sensor_log,0.05,34,MonotoneLSPIA,0.02016390707025038,0.0,0.04552945902105421,0.04552945902105421,,212,True,
sensor_log,0.05,34,Penalized monotone B-spline,0.01737852742337629,0.0,0.041550207999534905,0.0007334889960475266,1.0,1,True,Optimization terminated successfully
sensor_log,0.05,34,pyGAM,0.01589966717240835,0.0,0.08823915803804994,0.009171552024781704,1.0,2,True,
sensor_log,0.05,35,MonotoneLSPIA,0.01614103900776618,0.0,0.03989042795728892,0.03989042795728892,,204,True,
sensor_log,0.05,35,Penalized monotone B-spline,0.011568670542442582,0.0,0.04010610398836434,0.0004363579791970551,100.0,1,True,Optimization terminated successfully
sensor_log,0.05,35,pyGAM,0.008320878650530128,0.0,0.09153250599047169,0.010039157001301646,10.0,2,True,
sensor_log,0.05,36,MonotoneLSPIA,0.014108531345082234,0.0,0.03989137103781104,0.03989137103781104,,207,True,
sensor_log,0.05,36,Penalized monotone B-spline,0.009927760172721707,0.0,0.03940075100399554,0.00043956399895250797,100.0,1,True,Optimization terminated successfully
sensor_log,0.05,36,pyGAM,0.009692046846791768,0.0,0.09078860998852178,0.010032834019511938,10.0,2,True,
sensor_log,0.05,37,MonotoneLSPIA,0.018238244402073972,0.0,0.04687171004479751,0.04687171004479751,,243,True,
sensor_log,0.05,37,Penalized monotone B-spline,0.015039194702011267,0.0,0.03814097901340574,0.00044502998935058713,1.0,1,True,Optimization terminated successfully
sensor_log,0.05,37,pyGAM,0.01403935172244504,0.0,0.08413855504477397,0.009802090004086494,10.0,2,True,
sensor_log,0.05,38,MonotoneLSPIA,0.011606964727624026,0.0,0.04391393298283219,0.04391393298283219,,233,True,
sensor_log,0.05,38,Penalized monotone B-spline,0.009605555049763499,0.0,0.03935077303322032,0.00044664996676146984,1.0,1,True,Optimization terminated successfully
sensor_log,0.05,38,pyGAM,0.008806920019092269,0.0,0.08048388600582257,0.009974909014999866,10.0,2,True,
sensor_log,0.05,39,MonotoneLSPIA,0.013932216590407337,0.0,0.04247159499209374,0.04247159499209374,,225,True,
sensor_log,0.05,39,Penalized monotone B-spline,0.011702935025797334,0.0,0.03296974999830127,0.00044340500608086586,1.0,1,True,Optimization terminated successfully
sensor_log,0.05,39,pyGAM,0.010634855844609124,0.0,0.07489690801594406,0.009356455993838608,1.0,2,True,
sensor_log,0.05,40,MonotoneLSPIA,0.011036869201887534,0.0,0.04174970602616668,0.04174970602616668,,208,True,
sensor_log,0.05,40,Penalized monotone B-spline,0.01214339734427305,0.0,0.040804894000757486,0.0004972900496795774,100.0,1,True,Optimization terminated successfully
sensor_log,0.05,40,pyGAM,0.00931792185188297,0.0,0.08783518499694765,0.010347827977966517,10.0,2,True,
sensor_log,0.05,41,MonotoneLSPIA,0.014268716670094507,0.0,0.04126990202348679,0.04126990202348679,,209,True,
sensor_log,0.05,41,Penalized monotone B-spline,0.011015763260719522,0.0,0.04135690996190533,0.0005735139711759984,1.0,1,True,Optimization terminated successfully
sensor_log,0.05,41,pyGAM,0.009063459591340339,0.0,0.09559226204873994,0.010529200022574514,10.0,2,True,
sensor_log,0.05,42,MonotoneLSPIA,0.016573806130710706,0.0,0.044325387047138065,0.044325387047138065,,214,True,
sensor_log,0.05,42,Penalized monotone B-spline,0.011302520787021108,0.0,0.04638943402096629,0.0005445970455184579,100.0,1,True,Optimization terminated successfully
sensor_log,0.05,42,pyGAM,0.011551264385713115,0.0,0.09325783094391227,0.00947658799123019,10.0,2,True,
sensor_log,0.05,43,MonotoneLSPIA,0.01573383207666474,0.0,0.0449086869484745,0.0449086869484745,,206,True,
sensor_log,0.05,43,Penalized monotone B-spline,0.015620750465397213,0.0,0.04959327803226188,0.002371546986978501,0.01,14,True,Optimization terminated successfully
sensor_log,0.05,43,pyGAM,0.012054375142245022,0.0,0.09395443100947887,0.011653213994577527,10.0,2,True,
sensor_log,0.05,44,MonotoneLSPIA,0.014870901750800029,0.0,0.044137974036857486,0.044137974036857486,,179,True,
sensor_log,0.05,44,Penalized monotone B-spline,0.012922955055645578,0.0,0.041387844015844166,0.0004618419916369021,100.0,1,True,Optimization terminated successfully
sensor_log,0.05,44,pyGAM,0.010619971916570393,0.0,0.09147477697115391,0.009150655998382717,10.0,2,True,
sensor_log,0.05,45,MonotoneLSPIA,0.013151220096184793,0.0,0.04248125699814409,0.04248125699814409,,207,True,
sensor_log,0.05,45,Penalized monotone B-spline,0.014602836668275224,0.0,0.04007728898432106,0.0004775809939019382,100.0,1,True,Optimization terminated successfully
sensor_log,0.05,45,pyGAM,0.01202593336003066,0.0,0.08808720199158415,0.010568914003670216,10.0,2,True,
sensor_log,0.05,46,MonotoneLSPIA,0.01521944528881274,0.0,0.03638883400708437,0.03638883400708437,,185,True,
sensor_log,0.05,46,Penalized monotone B-spline,0.012188442252612494,0.0,0.04623348300810903,0.001593033957760781,1.0,7,True,Optimization terminated successfully
sensor_log,0.05,46,pyGAM,0.011066108283733953,0.0,0.09352874499745667,0.010882238973863423,10.0,2,True,
sensor_log,0.05,47,MonotoneLSPIA,0.013047746525636474,0.0,0.04444403201341629,0.04444403201341629,,231,True,
sensor_log,0.05,47,Penalized monotone B-spline,0.011135136511654114,0.0,0.03981459600618109,0.0004386060172691941,100.0,1,True,Optimization terminated successfully
sensor_log,0.05,47,pyGAM,0.008087903320417091,0.0,0.08830730500631034,0.009385181008838117,10.0,2,True,
sensor_log,0.05,48,MonotoneLSPIA,0.0130144697059071,0.0,0.041459764004684985,0.041459764004684985,,213,True,
sensor_log,0.05,48,Penalized monotone B-spline,0.008331204457854915,0.0,0.03804779500933364,0.00046505400678142905,1.0,1,True,Optimization terminated successfully
sensor_log,0.05,48,pyGAM,0.004331401596480663,0.0,0.09801380400313064,0.010597514978144318,10.0,2,True,
sensor_log,0.05,49,MonotoneLSPIA,0.01738996851542098,0.0,0.03995071997633204,0.03995071997633204,,190,True,
sensor_log,0.05,49,Penalized monotone B-spline,0.01738995699286004,0.0,0.04933792998781428,0.002459445968270302,1e-08,15,True,Optimization terminated successfully
sensor_log,0.05,49,pyGAM,0.00965219714304006,0.0,0.10446004202822223,0.011224724003113806,10.0,2,True,
sensor_log,0.05,50,MonotoneLSPIA,0.016396076854156283,3.3273384048016694e-13,0.04654790897620842,0.04654790897620842,,208,True,
sensor_log,0.05,50,Penalized monotone B-spline,0.014481596471676367,0.0,0.04670053400332108,0.0005385940312407911,100.0,1,True,Optimization terminated successfully
sensor_log,0.05,50,pyGAM,0.011863271578519715,0.0,0.11438985203858465,0.011280176986474544,10.0,4,True,
sensor_log,0.05,51,MonotoneLSPIA,0.015150462545465886,0.0,0.04899722203845158,0.04899722203845158,,223,True,
sensor_log,0.05,51,Penalized monotone B-spline,0.014955685214276633,0.0,0.043957578018307686,0.0022708960459567606,0.01,13,True,Optimization terminated successfully
sensor_log,0.05,51,pyGAM,0.009945067774495431,0.0,0.08700231701368466,0.010950490948744118,10.0,2,True,
sensor_log,0.05,52,MonotoneLSPIA,0.02057164583069102,0.0,0.04468479799106717,0.04468479799106717,,218,True,
sensor_log,0.05,52,Penalized monotone B-spline,0.013818418308285231,0.0,0.04198854899732396,0.00045091198990121484,1.0,1,True,Optimization terminated successfully
sensor_log,0.05,52,pyGAM,0.013850866474546112,0.0,0.08880759298335761,0.00962529901880771,1.0,3,True,
sensor_log,0.05,53,MonotoneLSPIA,0.017696923769027848,0.0,0.04306973103666678,0.04306973103666678,,209,True,
sensor_log,0.05,53,Penalized monotone B-spline,0.017738105467661434,0.0,0.0430223029688932,0.00043610500870272517,100.0,1,True,Optimization terminated successfully
sensor_log,0.05,53,pyGAM,0.013044935873978866,0.0,0.09463079000124708,0.010058407031465322,1.0,3,True,
sensor_log,0.05,54,MonotoneLSPIA,0.011346510039748873,0.0,0.044766311009880155,0.044766311009880155,,234,True,
sensor_log,0.05,54,Penalized monotone B-spline,0.008260985468137397,0.0,0.03748093900503591,0.00046303297858685255,1.0,1,True,Optimization terminated successfully
sensor_log,0.05,54,pyGAM,0.006049937832161373,0.0,1.9227950999629684,0.011542866006493568,10.0,2,True,did not converge
sensor_log,0.05,55,MonotoneLSPIA,0.01225925864382682,0.0,0.047357401985209435,0.047357401985209435,,214,True,
sensor_log,0.05,55,Penalized monotone B-spline,0.009456385341335001,0.0,0.04469768196577206,0.0005490329931490123,1.0,1,True,Optimization terminated successfully
sensor_log,0.05,55,pyGAM,0.01070249835380063,0.0,0.0945317669538781,0.010586254007648677,10.0,2,True,
sensor_log,0.05,56,MonotoneLSPIA,0.015795277855501628,0.0,0.042404934007208794,0.042404934007208794,,190,True,
sensor_log,0.05,56,Penalized monotone B-spline,0.013635946096213415,0.0,0.036266290000639856,0.0005230479873716831,100.0,1,True,Optimization terminated successfully
sensor_log,0.05,56,pyGAM,0.008354354043935964,0.0,0.08992788795148954,0.011555153003428131,10.0,2,True,
sensor_log,0.05,57,MonotoneLSPIA,0.02248968231473981,0.0,0.044019045017194,0.044019045017194,,214,True,
sensor_log,0.05,57,Penalized monotone B-spline,0.020089788472653657,0.0,0.037186303990893066,0.0004964980180375278,1.0,1,True,Optimization terminated successfully
sensor_log,0.05,57,pyGAM,0.01959606811241534,0.0,0.08711600402602926,0.009069333027582616,10.0,2,True,
sensor_log,0.05,58,MonotoneLSPIA,0.011523788907839068,0.0,0.037315138964913785,0.037315138964913785,,171,True,
sensor_log,0.05,58,Penalized monotone B-spline,0.010019115206501889,0.0,0.041544020001310855,0.0005709490505978465,1.0,1,True,Optimization terminated successfully
sensor_log,0.05,58,pyGAM,0.010306193749481177,0.0,0.09974210895597935,0.009558041987475008,10.0,2,True,
sensor_log,0.05,59,MonotoneLSPIA,0.014611948280619754,0.0,0.03711028798716143,0.03711028798716143,,171,True,
sensor_log,0.05,59,Penalized monotone B-spline,0.010723940693796192,0.0,0.033014158019796014,0.0004490800201892853,1.0,1,True,Optimization terminated successfully
sensor_log,0.05,59,pyGAM,0.009030831376226641,0.0,0.08121616998687387,0.010320335975848138,1.0,2,True,
sensor_log,0.05,60,MonotoneLSPIA,0.017364099400460388,0.0,0.03826703998493031,0.03826703998493031,,194,True,
sensor_log,0.05,60,Penalized monotone B-spline,0.013505129089207668,0.0,0.038183424971066415,0.00044166098814457655,1.0,1,True,Optimization terminated successfully
sensor_log,0.05,60,pyGAM,0.012347225822260667,0.0,0.0920893459697254,0.010356633982155472,10.0,2,True,
sensor_log,0.05,61,MonotoneLSPIA,0.013448116035961057,0.0,0.04500550398370251,0.04500550398370251,,233,True,
sensor_log,0.05,61,Penalized monotone B-spline,0.00882388267876777,0.0,0.04414667503442615,0.0005427169962786138,1.0,1,True,Optimization terminated successfully
sensor_log,0.05,61,pyGAM,0.00858612578564712,0.0,0.0931142820045352,0.011563735024537891,10.0,2,True,
sensor_log,0.05,62,MonotoneLSPIA,0.016974325251976837,0.0,0.04408791003515944,0.04408791003515944,,216,True,
sensor_log,0.05,62,Penalized monotone B-spline,0.014384810979781103,0.0,0.04175856098299846,0.0004337639547884464,100.0,1,True,Optimization terminated successfully
sensor_log,0.05,62,pyGAM,0.013452413498092102,0.0,0.09313854004722089,0.010250093007925898,10.0,2,True,
sensor_log,0.05,63,MonotoneLSPIA,0.006586060615145526,0.0,0.047550974995829165,0.047550974995829165,,244,True,
sensor_log,0.05,63,Penalized monotone B-spline,0.004848137063090976,0.0,0.05149290699046105,0.001833150046877563,1.0,10,True,Optimization terminated successfully
sensor_log,0.05,63,pyGAM,0.005635719458094273,0.0,0.10330818797228858,0.011034975002985448,10.0,2,True,
sensor_log,0.05,64,MonotoneLSPIA,0.016892663387472404,0.0,0.04694333195220679,0.04694333195220679,,216,True,
sensor_log,0.05,64,Penalized monotone B-spline,0.013488538168154986,0.0,0.040763542987406254,0.0005408869474194944,100.0,1,True,Optimization terminated successfully
sensor_log,0.05,64,pyGAM,0.013414374330448859,0.0,0.08253803901607171,0.009912692999932915,10.0,2,True,
sensor_log,0.05,65,MonotoneLSPIA,0.01784838826176471,0.0,0.04115622799145058,0.04115622799145058,,209,True,
sensor_log,0.05,65,Penalized monotone B-spline,0.01784781935227776,0.0,0.04174616001546383,0.002579635998699814,0.01,16,True,Optimization terminated successfully
sensor_log,0.05,65,pyGAM,0.012877457947365011,0.0,0.09270557196578011,0.010781046992633492,1.0,3,True,
sensor_log,0.05,66,MonotoneLSPIA,0.01565442720779427,0.0,0.040774716006126255,0.040774716006126255,,216,True,
sensor_log,0.05,66,Penalized monotone B-spline,0.012907186053011548,0.0,0.04487243801122531,0.0017362770158797503,1.0,10,True,Optimization terminated successfully
sensor_log,0.05,66,pyGAM,0.011274144609778571,0.0,0.08952355297515169,0.013929540989920497,1.0,2,True,
sensor_log,0.05,67,MonotoneLSPIA,0.012235070067267586,0.0,0.041503874002955854,0.041503874002955854,,220,True,
sensor_log,0.05,67,Penalized monotone B-spline,0.01059716061006907,0.0,0.046381100022699684,0.001690638018772006,1.0,10,True,Optimization terminated successfully
sensor_log,0.05,67,pyGAM,0.009718890976846539,0.0,0.1068458940135315,0.010779097967315465,10.0,3,True,
sensor_log,0.05,68,MonotoneLSPIA,0.017055847687260445,0.0,0.04508264496689662,0.04508264496689662,,233,True,
sensor_log,0.05,68,Penalized monotone B-spline,0.016677265111751514,0.0,0.0412986499723047,0.0005086190067231655,100.0,1,True,Optimization terminated successfully
sensor_log,0.05,68,pyGAM,0.013723283551546643,0.0,0.08363130304496735,0.01075961597962305,10.0,2,True,
sensor_log,0.05,69,MonotoneLSPIA,0.010815075587634471,0.0,0.04462513996986672,0.04462513996986672,,225,True,
sensor_log,0.05,69,Penalized monotone B-spline,0.0046726681585943924,0.0,0.03766884602373466,0.00044164498103782535,1.0,1,True,Optimization terminated successfully
sensor_log,0.05,69,pyGAM,0.006996265071231678,0.0,0.08524142601527274,0.0101947610382922,10.0,2,True,
sensor_log,0.05,70,MonotoneLSPIA,0.011008674345737001,0.0,0.04607375100022182,0.04607375100022182,,240,True,
sensor_log,0.05,70,Penalized monotone B-spline,0.00904553322121188,0.0,0.04646564001450315,0.0017936719814315438,1.0,7,True,Optimization terminated successfully
sensor_log,0.05,70,pyGAM,0.00936644649461333,0.0,0.08971221401588991,0.011583045998122543,10.0,2,True,
sensor_log,0.05,71,MonotoneLSPIA,0.01748244434994057,0.0,0.03946041001472622,0.03946041001472622,,177,True,
sensor_log,0.05,71,Penalized monotone B-spline,0.01283670662400379,0.0,0.039394897990860045,0.0007437690510414541,100.0,1,True,Optimization terminated successfully
sensor_log,0.05,71,pyGAM,0.016523347422987635,0.0,0.09076915396144614,0.01949055102886632,0.001,4,True,
sensor_log,0.05,72,MonotoneLSPIA,0.020707874549612943,0.0,0.04597621998982504,0.04597621998982504,,229,True,
sensor_log,0.05,72,Penalized monotone B-spline,0.0148006614279272,0.0,0.04420001799007878,0.00045422499533742666,1.0,1,True,Optimization terminated successfully
sensor_log,0.05,72,pyGAM,0.013979784039272044,0.0,0.09456942498218268,0.010986349021550268,10.0,2,True,
sensor_log,0.05,73,MonotoneLSPIA,0.009929762189170133,0.0,0.04589771298924461,0.04589771298924461,,223,True,
sensor_log,0.05,73,Penalized monotone B-spline,0.010221044062922818,0.0,0.04033727600472048,0.000535563041921705,100.0,1,True,Optimization terminated successfully
sensor_log,0.05,73,pyGAM,0.0064437672141115735,0.0,0.08855917601613328,0.010976849996950477,10.0,2,True,
sensor_log,0.05,74,MonotoneLSPIA,0.017916436098673723,0.0,0.040398063021712005,0.040398063021712005,,213,True,
sensor_log,0.05,74,Penalized monotone B-spline,0.013494749750495914,0.0,0.039192504016682506,0.0004560499801300466,1.0,1,True,Optimization terminated successfully
sensor_log,0.05,74,pyGAM,0.007730326914163284,0.0,0.08819451299495995,0.009774327976629138,10.0,2,True,
sensor_log,0.05,75,MonotoneLSPIA,0.012787182380160307,0.0,0.044657331018242985,0.044657331018242985,,215,True,
sensor_log,0.05,75,Penalized monotone B-spline,0.015753763985287255,0.0,0.04033684800378978,0.0004368360387161374,100.0,1,True,Optimization terminated successfully
sensor_log,0.05,75,pyGAM,0.012704642895061383,0.0,0.08866697299527004,0.01016769598936662,10.0,2,True,
sensor_log,0.05,76,MonotoneLSPIA,0.013499511483392127,0.0,0.03973280300851911,0.03973280300851911,,195,True,
sensor_log,0.05,76,Penalized monotone B-spline,0.014582073170265405,0.0,0.03866619797190651,0.0004294629907235503,100.0,1,True,Optimization terminated successfully
sensor_log,0.05,76,pyGAM,0.008777621549394661,0.0,0.09314691799227148,0.008874024031683803,10.0,2,True,
sensor_log,0.05,77,MonotoneLSPIA,0.01376612627711755,0.0,0.04453815700253472,0.04453815700253472,,213,True,
sensor_log,0.05,77,Penalized monotone B-spline,0.01096598087524205,0.0,0.037502543011214584,0.0004457839531823993,1.0,1,True,Optimization terminated successfully
sensor_log,0.05,77,pyGAM,0.00995603174810271,0.0,0.08958348399028182,0.010092761018313468,10.0,2,True,
sensor_log,0.05,78,MonotoneLSPIA,0.01240636931983125,0.0,0.03911127900937572,0.03911127900937572,,193,True,
sensor_log,0.05,78,Penalized monotone B-spline,0.010497248987305481,0.0,0.04451717500342056,0.001579808013048023,1.0,10,True,Optimization terminated successfully
sensor_log,0.05,78,pyGAM,0.00952550271276574,0.0,0.08710079902084544,0.01086214603856206,10.0,2,True,
sensor_log,0.05,79,MonotoneLSPIA,0.018213360862267904,0.0,0.0397136370302178,0.0397136370302178,,213,True,
sensor_log,0.05,79,Penalized monotone B-spline,0.015023281789300794,0.0,0.043077506008557975,0.0004415700095705688,1.0,1,True,Optimization terminated successfully
sensor_log,0.05,79,pyGAM,0.015027996632793987,0.0,0.09053813002537936,0.009188101976178586,10.0,2,True,
sensor_log,0.05,80,MonotoneLSPIA,0.014788407041870092,0.0,0.043303187005221844,0.043303187005221844,,226,True,
sensor_log,0.05,80,Penalized monotone B-spline,0.013300686557775616,0.0,0.039256989024579525,0.00044456898467615247,1.0,1,True,Optimization terminated successfully
sensor_log,0.05,80,pyGAM,0.013285781220511187,0.0,0.09453219699207693,0.009025206963997334,10.0,2,True,
sensor_log,0.05,81,MonotoneLSPIA,0.019809371718896678,0.0,0.041205029003322124,0.041205029003322124,,208,True,
sensor_log,0.05,81,Penalized monotone B-spline,0.01627837937586016,0.0,0.03845938900485635,0.00046492001274600625,1.0,1,True,Optimization terminated successfully
sensor_log,0.05,81,pyGAM,0.01334144746524376,0.0,0.09059711697045714,0.01003142399713397,10.0,2,True,
sensor_log,0.05,82,MonotoneLSPIA,0.01160035710229305,0.0,0.04647493100492284,0.04647493100492284,,225,True,
sensor_log,0.05,82,Penalized monotone B-spline,0.011689609775343928,0.0,0.03744235000340268,0.0005800880026072264,100.0,1,True,Optimization terminated successfully
sensor_log,0.05,82,pyGAM,0.005937193658025019,0.0,0.08446080202702433,0.009238097001798451,10.0,2,True,
sensor_log,0.05,83,MonotoneLSPIA,0.012331864241330148,0.0,0.04149048402905464,0.04149048402905464,,191,True,
sensor_log,0.05,83,Penalized monotone B-spline,0.009827868127734412,0.0,0.040297001018188894,0.0004443530342541635,1.0,1,True,Optimization terminated successfully
sensor_log,0.05,83,pyGAM,0.009918165990015377,0.0,0.08646730100736022,0.010403214953839779,10.0,2,True,
sensor_log,0.05,84,MonotoneLSPIA,0.012378937988129342,0.0,0.03885080601321533,0.03885080601321533,,198,True,
sensor_log,0.05,84,Penalized monotone B-spline,0.00936460115132099,0.0,0.04027507401769981,0.0004503200179897249,1.0,1,True,Optimization terminated successfully
sensor_log,0.05,84,pyGAM,0.009407564973516186,0.0,0.0890836120233871,0.01004712498979643,10.0,2,True,
sensor_log,0.05,85,MonotoneLSPIA,0.016271148668027185,0.0,0.0452790730050765,0.0452790730050765,,237,True,
sensor_log,0.05,85,Penalized monotone B-spline,0.013349519359759369,0.0,0.04607127601047978,0.0005331750144250691,100.0,1,True,Optimization terminated successfully
sensor_log,0.05,85,pyGAM,0.012444479380380727,0.0,0.09760551201179624,0.009989493992179632,10.0,3,True,
sensor_log,0.05,86,MonotoneLSPIA,0.01695159258384836,0.0,0.03895594901405275,0.03895594901405275,,194,True,
sensor_log,0.05,86,Penalized monotone B-spline,0.01811511683488472,0.0,0.03917426097905263,0.00043032498797401786,100.0,1,True,Optimization terminated successfully
sensor_log,0.05,86,pyGAM,0.014473693758781617,0.0,0.0925279029761441,0.009132385021075606,10.0,2,True,
sensor_log,0.05,87,MonotoneLSPIA,0.014821514240591393,0.0,0.0381217339891009,0.0381217339891009,,182,True,
sensor_log,0.05,87,Penalized monotone B-spline,0.011130711776512507,0.0,0.04071185301290825,0.0008073730277828872,100.0,1,True,Optimization terminated successfully
sensor_log,0.05,87,pyGAM,0.010165034914826754,0.0,0.10144968098029494,0.009260481980163604,10.0,2,True,
sensor_log,0.05,88,MonotoneLSPIA,0.012239702968825738,0.0,0.03532836597878486,0.03532836597878486,,163,True,
sensor_log,0.05,88,Penalized monotone B-spline,0.013397941854803218,0.0,0.04018579097464681,0.0006282789981923997,100.0,1,True,Optimization terminated successfully
sensor_log,0.05,88,pyGAM,0.009328799481900426,0.0,0.08358024095650762,0.011627537955064327,10.0,2,True,
sensor_log,0.05,89,MonotoneLSPIA,0.010593436887656672,0.0,0.046959138999227434,0.046959138999227434,,219,True,
sensor_log,0.05,89,Penalized monotone B-spline,0.0064907518402239,0.0,0.04095692897681147,0.00047027796972543,1.0,1,True,Optimization terminated successfully
sensor_log,0.05,89,pyGAM,0.007088604832968881,0.0,0.09328942000865936,0.009442498034331948,10.0,2,True,
sensor_log,0.05,90,MonotoneLSPIA,0.02157479975914466,0.0,0.04053521098103374,0.04053521098103374,,194,True,
sensor_log,0.05,90,Penalized monotone B-spline,0.01649485479632248,0.0,0.040249162004329264,0.0006226870464161038,1.0,1,True,Optimization terminated successfully
sensor_log,0.05,90,pyGAM,0.012526497080315084,0.0,0.08898146502906457,0.009953100001439452,10.0,2,True,
sensor_log,0.05,91,MonotoneLSPIA,0.013509263500642257,0.0,0.04615671100327745,0.04615671100327745,,220,True,
sensor_log,0.05,91,Penalized monotone B-spline,0.016744807931103448,0.0,0.04295992403058335,0.0004366610082797706,100.0,1,True,Optimization terminated successfully
sensor_log,0.05,91,pyGAM,0.01114285997944842,0.0,0.10410294303437695,0.009696158987935632,10.0,2,True,
sensor_log,0.05,92,MonotoneLSPIA,0.01929409352901785,0.0,0.045533147000242025,0.045533147000242025,,233,True,
sensor_log,0.05,92,Penalized monotone B-spline,0.0166407604541514,0.0,0.044809037004597485,0.0014001899980939925,1.0,7,True,Optimization terminated successfully
sensor_log,0.05,92,pyGAM,0.016433514231597744,0.0,0.09074377198703587,0.009115730004850775,10.0,2,True,
sensor_log,0.05,93,MonotoneLSPIA,0.018991754713059805,0.0,0.04002554703038186,0.04002554703038186,,192,True,
sensor_log,0.05,93,Penalized monotone B-spline,0.016170457028263852,0.0,0.04384219704661518,0.0005410760059021413,1.0,1,True,Optimization terminated successfully
sensor_log,0.05,93,pyGAM,0.01624484259460556,0.0,0.10429381800349802,0.011373018031008542,10.0,2,True,
sensor_log,0.05,94,MonotoneLSPIA,0.010141510748283625,0.0,0.04529670102056116,0.04529670102056116,,213,True,
sensor_log,0.05,94,Penalized monotone B-spline,0.006991618939836149,0.0,0.04347193898865953,0.0016166749992407858,1.0,10,True,Optimization terminated successfully
sensor_log,0.05,94,pyGAM,0.0073428942916186095,0.0,0.09173804201418534,0.009093734028283507,10.0,2,True,
sensor_log,0.05,95,MonotoneLSPIA,0.01354580841078074,0.0,0.04246897902339697,0.04246897902339697,,218,True,
sensor_log,0.05,95,Penalized monotone B-spline,0.01340422610767628,0.0,0.04588048596633598,0.002287806011736393,0.01,17,True,Optimization terminated successfully
sensor_log,0.05,95,pyGAM,0.010087871114467323,0.0,0.09297357202740386,0.009219699015375227,10.0,2,True,
sensor_log,0.05,96,MonotoneLSPIA,0.016009104434483654,0.0,0.04174395598238334,0.04174395598238334,,206,True,
sensor_log,0.05,96,Penalized monotone B-spline,0.013911139482324584,0.0,0.03746174601837993,0.0004364240448921919,100.0,1,True,Optimization terminated successfully
sensor_log,0.05,96,pyGAM,0.012350067011982392,0.0,0.0934326039860025,0.011431333958171308,10.0,2,True,
sensor_log,0.05,97,MonotoneLSPIA,0.013980384963274693,0.0,0.04498479497851804,0.04498479497851804,,209,True,
sensor_log,0.05,97,Penalized monotone B-spline,0.01539591339096578,0.0,0.04037770500872284,0.0004347630310803652,100.0,1,True,Optimization terminated successfully
sensor_log,0.05,97,pyGAM,0.011177322920619081,0.0,0.08498346002306789,0.009103753021918237,10.0,2,True,
sensor_log,0.05,98,MonotoneLSPIA,0.013760713917105705,0.0,0.04900256998371333,0.04900256998371333,,225,True,
sensor_log,0.05,98,Penalized monotone B-spline,0.01451641734522733,0.0,0.051683139987289906,0.0005293930298648775,100.0,1,True,Optimization terminated successfully
sensor_log,0.05,98,pyGAM,0.010382198837506556,0.0,0.09029453800758347,0.01034400297794491,10.0,2,True,
sensor_log,0.05,99,MonotoneLSPIA,0.010902486959155605,0.0,0.04127039999002591,0.04127039999002591,,207,True,
sensor_log,0.05,99,Penalized monotone B-spline,0.007970538959278375,0.0,0.04340278700692579,0.001319002010859549,1.0,7,True,Optimization terminated successfully
sensor_log,0.05,99,pyGAM,0.007898478140424702,0.0,0.08927772002061829,0.009214513003826141,10.0,2,True,
sensor_log,0.05,100,MonotoneLSPIA,0.018308635813946844,0.0,0.04234664200339466,0.04234664200339466,,211,True,
sensor_log,0.05,100,Penalized monotone B-spline,0.01896395176761554,0.0,0.04075544700026512,0.0004336420097388327,100.0,1,True,Optimization terminated successfully
sensor_log,0.05,100,pyGAM,0.014087485079472922,0.0,0.090025148994755,0.009156448009889573,10.0,2,True,
sensor_log,0.1,1,MonotoneLSPIA,0.03116657747689329,0.0,0.04637999495025724,0.04637999495025724,,189,True,
sensor_log,0.1,1,Penalized monotone B-spline,0.021775541115621445,0.0,0.05009564699139446,0.0005294430302456021,100.0,1,True,Optimization terminated successfully
sensor_log,0.1,1,pyGAM,0.025137168922587973,0.0,0.09777018701424822,0.009275051997974515,100.0,2,True,
sensor_log,0.1,2,MonotoneLSPIA,0.020000033815127792,0.0,0.034031863033305854,0.034031863033305854,,155,True,
sensor_log,0.1,2,Penalized monotone B-spline,0.009324827969798426,0.0,0.03921706002438441,0.00043339701369404793,100.0,1,True,Optimization terminated successfully
sensor_log,0.1,2,pyGAM,0.014034642426367528,0.0,0.09571831801440567,0.00999674096237868,100.0,2,True,
sensor_log,0.1,3,MonotoneLSPIA,0.018755287107518833,0.0,0.04177662497386336,0.04177662497386336,,219,True,
sensor_log,0.1,3,Penalized monotone B-spline,0.01576772441279362,0.0,0.0433059370261617,0.0010610469616949558,100.0,1,True,Optimization terminated successfully
sensor_log,0.1,3,pyGAM,0.018728903227410377,0.0,0.09274785401066765,0.01055409002583474,100.0,2,True,
sensor_log,0.1,4,MonotoneLSPIA,0.03395229216404732,0.0,0.04344787303125486,0.04344787303125486,,230,True,
sensor_log,0.1,4,Penalized monotone B-spline,0.016307568086978134,0.0,0.03869888698682189,0.000433625013101846,100.0,1,True,Optimization terminated successfully
sensor_log,0.1,4,pyGAM,0.020141709260141222,0.0,0.10469423496397212,0.010790203989017755,10.0,2,True,
sensor_log,0.1,5,MonotoneLSPIA,0.026466260813659086,0.0,0.04016948601929471,0.04016948601929471,,199,True,
sensor_log,0.1,5,Penalized monotone B-spline,0.018277333653604847,0.0,0.04157847602618858,0.0004329729708842933,100.0,1,True,Optimization terminated successfully
sensor_log,0.1,5,pyGAM,0.02197494751292774,0.0,0.11357616097666323,0.011059286014642566,100.0,2,True,
sensor_log,0.1,6,MonotoneLSPIA,0.03583549285185191,0.0,0.04285196098499,0.04285196098499,,175,True,
sensor_log,0.1,6,Penalized monotone B-spline,0.03171710581050952,0.0,0.04107648099306971,0.0005280190380290151,100.0,1,True,Optimization terminated successfully
sensor_log,0.1,6,pyGAM,0.034146413816254544,0.0,0.0978604139527306,0.009575619944371283,100.0,2,True,
sensor_log,0.1,7,MonotoneLSPIA,0.02892703911401979,0.0,0.04123235499719158,0.04123235499719158,,194,True,
sensor_log,0.1,7,Penalized monotone B-spline,0.018009870462463655,0.0,0.044426475011277944,0.0005246609798632562,100.0,1,True,Optimization terminated successfully
sensor_log,0.1,7,pyGAM,0.021055394408205697,0.0,0.1015851330012083,0.010343425965402275,100.0,2,True,
sensor_log,0.1,8,MonotoneLSPIA,0.03162127320121991,0.0,0.04386895999778062,0.04386895999778062,,208,True,
sensor_log,0.1,8,Penalized monotone B-spline,0.02008992604176378,0.0,0.04492496600141749,0.0007534520118497312,100.0,1,True,Optimization terminated successfully
sensor_log,0.1,8,pyGAM,0.023924148468301015,0.0,0.10014077503001317,0.010065148991998285,100.0,2,True,
sensor_log,0.1,9,MonotoneLSPIA,0.025565010796491348,0.0,0.04468519502552226,0.04468519502552226,,215,True,
sensor_log,0.1,9,Penalized monotone B-spline,0.02245316737409178,0.0,0.0390674970112741,0.0004621580010280013,100.0,1,True,Optimization terminated successfully
sensor_log,0.1,9,pyGAM,0.02517796270020482,0.0,0.09602486796211451,0.010552263993304223,100.0,2,True,
sensor_log,0.1,10,MonotoneLSPIA,0.02164506322511941,0.0,0.04401834000600502,0.04401834000600502,,209,True,
sensor_log,0.1,10,Penalized monotone B-spline,0.015375794360003742,0.0,0.04399071098305285,0.0004596129874698818,100.0,1,True,Optimization terminated successfully
sensor_log,0.1,10,pyGAM,0.017835397520948527,0.0,0.09772834798786789,0.009754295984748751,100.0,2,True,
sensor_log,0.1,11,MonotoneLSPIA,0.02635586981432194,0.0,0.04333740699803457,0.04333740699803457,,235,True,
sensor_log,0.1,11,Penalized monotone B-spline,0.010835656649986935,0.0,0.04327910201391205,0.0007927109836600721,100.0,1,True,Optimization terminated successfully
sensor_log,0.1,11,pyGAM,0.020561582187717083,0.0,0.0995842749834992,0.011237815022468567,10.0,2,True,
sensor_log,0.1,12,MonotoneLSPIA,0.026790282346877345,0.0,0.050382886023726314,0.050382886023726314,,228,True,
sensor_log,0.1,12,Penalized monotone B-spline,0.026345274268906968,0.0,0.04500090499641374,0.0024430109770037234,0.01,14,True,Optimization terminated successfully
sensor_log,0.1,12,pyGAM,0.015175359320156423,0.0,0.10426409402862191,0.011177959968335927,100.0,2,True,
sensor_log,0.1,13,MonotoneLSPIA,0.029893544615309214,0.0,0.04757899098331109,0.04757899098331109,,218,True,
sensor_log,0.1,13,Penalized monotone B-spline,0.01582471086107237,0.0,0.049327570013701916,0.0005268860259093344,100.0,1,True,Optimization terminated successfully
sensor_log,0.1,13,pyGAM,0.019505438197307486,0.0,0.09936346096219495,0.010877255990635604,10.0,2,True,
sensor_log,0.1,14,MonotoneLSPIA,0.030179097493317462,0.0,0.043857726035639644,0.043857726035639644,,196,True,
sensor_log,0.1,14,Penalized monotone B-spline,0.023680340887875198,0.0,0.03922420204617083,0.0004347420181147754,100.0,1,True,Optimization terminated successfully
sensor_log,0.1,14,pyGAM,0.025945286513868574,0.0,0.08562741096829996,0.010265589982736856,100.0,2,True,
sensor_log,0.1,15,MonotoneLSPIA,0.021578169882976922,0.0,0.043878008029423654,0.043878008029423654,,222,True,
sensor_log,0.1,15,Penalized monotone B-spline,0.008646383552394877,0.0,0.04130981600610539,0.00044329999946057796,100.0,1,True,Optimization terminated successfully
sensor_log,0.1,15,pyGAM,0.012677244899445913,0.0,0.10969576297793537,0.011067804996855557,100.0,2,True,
sensor_log,0.1,16,MonotoneLSPIA,0.022782452111983032,0.0,0.0442329510115087,0.0442329510115087,,203,True,
sensor_log,0.1,16,Penalized monotone B-spline,0.022501793712792845,0.0,0.04202167899347842,0.00043282995466142893,100.0,1,True,Optimization terminated successfully
sensor_log,0.1,16,pyGAM,0.025542977506389567,0.0,0.0843409049557522,0.01045468298252672,100.0,2,True,
sensor_log,0.1,17,MonotoneLSPIA,0.03198581678975264,0.0,0.038652705028653145,0.038652705028653145,,179,True,
sensor_log,0.1,17,Penalized monotone B-spline,0.027674680725080832,0.0,0.04075219697551802,0.0004430200206115842,100.0,1,True,Optimization terminated successfully
sensor_log,0.1,17,pyGAM,0.030097720808973216,0.0,0.09499298699665815,0.008838526031468064,100.0,2,True,
sensor_log,0.1,18,MonotoneLSPIA,0.028555970082864826,2.2182256032011127e-13,0.03671566100092605,0.03671566100092605,,149,True,
sensor_log,0.1,18,Penalized monotone B-spline,0.02403596877391306,0.0,0.04740753897931427,0.0016997669590637088,1.0,10,True,Optimization terminated successfully
sensor_log,0.1,18,pyGAM,0.023588637761364908,0.0,0.09471506997942924,0.016867252008523792,1.0,3,True,
sensor_log,0.1,19,MonotoneLSPIA,0.024479970138346272,0.0,0.041878313990309834,0.041878313990309834,,217,True,
sensor_log,0.1,19,Penalized monotone B-spline,0.016483816161231145,0.0,0.04419315903214738,0.0004322670283727348,100.0,1,True,Optimization terminated successfully
sensor_log,0.1,19,pyGAM,0.01486844999153436,0.0,0.09766920900437981,0.009930480038747191,10.0,4,True,
sensor_log,0.1,20,MonotoneLSPIA,0.03578729057608544,0.0,0.04175468103494495,0.04175468103494495,,213,True,
sensor_log,0.1,20,Penalized monotone B-spline,0.02936201000081972,0.0,0.046592316997703165,0.00048128096386790276,100.0,1,True,Optimization terminated successfully
sensor_log,0.1,20,pyGAM,0.03232341842124832,0.0,0.08871552004711702,0.009839267004281282,100.0,2,True,
sensor_log,0.1,21,MonotoneLSPIA,0.028466010667168713,0.0,0.04169626400107518,0.04169626400107518,,214,True,
sensor_log,0.1,21,Penalized monotone B-spline,0.02757395542625482,0.0,0.04142765694996342,0.00043054198613390326,100.0,1,True,Optimization terminated successfully
sensor_log,0.1,21,pyGAM,0.029593347134578066,0.0,0.09283167403191328,0.009891548950690776,100.0,2,True,
sensor_log,0.1,22,MonotoneLSPIA,0.035760079323140306,0.0,0.04132118000416085,0.04132118000416085,,187,True,
sensor_log,0.1,22,Penalized monotone B-spline,0.02781922147221588,0.0,0.047795209975447506,0.0005545099847950041,1.0,1,True,Optimization terminated successfully
sensor_log,0.1,22,pyGAM,0.01661098713658107,0.0,0.10292257397668436,0.011593664006795734,10.0,2,True,
sensor_log,0.1,23,MonotoneLSPIA,0.03857447768744387,0.0,0.04948283499106765,0.04948283499106765,,221,True,
sensor_log,0.1,23,Penalized monotone B-spline,0.03418242499916479,0.0,0.047169091005343944,0.0005569530185312033,1.0,1,True,Optimization terminated successfully
sensor_log,0.1,23,pyGAM,0.028227759452232108,0.0,0.11042643099790439,0.011359632015228271,10.0,2,True,
sensor_log,0.1,24,MonotoneLSPIA,0.01649684086041426,0.0,0.04737555101746693,0.04737555101746693,,207,True,
sensor_log,0.1,24,Penalized monotone B-spline,0.01724857440653366,0.0,0.046621258021332324,0.0005441060056909919,100.0,1,True,Optimization terminated successfully
sensor_log,0.1,24,pyGAM,0.019956112164334076,0.0,0.10849743202561513,0.01165596698410809,100.0,2,True,
sensor_log,0.1,25,MonotoneLSPIA,0.03572247147310394,0.0,0.038313505006954074,0.038313505006954074,,137,True,
sensor_log,0.1,25,Penalized monotone B-spline,0.030071304591018987,0.0,0.05177329102298245,0.001928874000441283,1.0,10,True,Optimization terminated successfully
sensor_log,0.1,25,pyGAM,0.028172432630540496,0.0,0.11232368997298181,0.01605125004425645,1.0,2,True,
sensor_log,0.1,26,MonotoneLSPIA,0.029870406864757972,0.0,0.04465097503270954,0.04465097503270954,,192,True,
sensor_log,0.1,26,Penalized monotone B-spline,0.023863174110657,0.0,0.04596235597273335,0.0017543560243211687,1.0,9,True,Optimization terminated successfully
sensor_log,0.1,26,pyGAM,0.017060945097387713,0.0,0.10747009399347007,0.01076810696395114,10.0,3,True,
sensor_log,0.1,27,MonotoneLSPIA,0.035463512765152465,0.0,0.04666075197746977,0.04666075197746977,,204,True,
sensor_log,0.1,27,Penalized monotone B-spline,0.032784043698992196,0.0,0.04894424701342359,0.0019465430523268878,1.0,10,True,Optimization terminated successfully
sensor_log,0.1,27,pyGAM,0.025481127799675336,0.0,0.10910534096183255,0.011093494016677141,10.0,3,True,
sensor_log,0.1,28,MonotoneLSPIA,0.02853368457679023,0.0,0.04883766901912168,0.04883766901912168,,224,True,
sensor_log,0.1,28,Penalized monotone B-spline,0.023798616436580038,0.0,0.04985341604333371,0.001795033982489258,1.0,9,True,Optimization terminated successfully
sensor_log,0.1,28,pyGAM,0.01842800038595008,0.0,0.10621725500095636,0.010985487955622375,10.0,3,True,
sensor_log,0.1,29,MonotoneLSPIA,0.026609537109818285,0.0,0.04731923301005736,0.04731923301005736,,214,True,
sensor_log,0.1,29,Penalized monotone B-spline,0.016433502136851942,0.0,0.045195851009339094,0.0005483830464072526,100.0,1,True,Optimization terminated successfully
sensor_log,0.1,29,pyGAM,0.01965233290961511,0.0,0.1059657409787178,0.01082137500634417,100.0,2,True,
sensor_log,0.1,30,MonotoneLSPIA,0.036121019706812384,3.3273384048016694e-13,0.043271275004372,0.043271275004372,,183,True,
sensor_log,0.1,30,Penalized monotone B-spline,0.014727026251512402,0.0,0.04610395897179842,0.0005188289796933532,100.0,1,True,Optimization terminated successfully
sensor_log,0.1,30,pyGAM,0.025398574034073144,0.0,0.11791145597817376,0.01575950300320983,1.0,3,True,
sensor_log,0.1,31,MonotoneLSPIA,0.026791152101247884,0.0,0.039080550021026284,0.039080550021026284,,151,True,
sensor_log,0.1,31,Penalized monotone B-spline,0.012427576506138278,0.0,0.045127703982871026,0.0005273070419207215,100.0,1,True,Optimization terminated successfully
sensor_log,0.1,31,pyGAM,0.02659655493083683,0.0,0.10342768800910562,0.01909233001060784,0.001,4,True,
sensor_log,0.1,32,MonotoneLSPIA,0.040990651614441626,0.0,0.04072569002164528,0.04072569002164528,,167,True,
sensor_log,0.1,32,Penalized monotone B-spline,0.04099061602772582,0.0,0.04862179001793265,0.0024196099839173257,1e-08,14,True,Optimization terminated successfully
sensor_log,0.1,32,pyGAM,0.03644365290547506,0.0,0.10639669396914542,0.01947022002423182,1.0,3,True,
sensor_log,0.1,33,MonotoneLSPIA,0.02628396697654111,0.0,0.04663769097533077,0.04663769097533077,,205,True,
sensor_log,0.1,33,Penalized monotone B-spline,0.014698406845826736,0.0,0.04691101401112974,0.0005381650407798588,100.0,1,True,Optimization terminated successfully
sensor_log,0.1,33,pyGAM,0.01884303903792091,0.0,0.10709373402642086,0.011064716032706201,100.0,2,True,
sensor_log,0.1,34,MonotoneLSPIA,0.027833652067285608,0.0,0.04267131700180471,0.04267131700180471,,185,True,
sensor_log,0.1,34,Penalized monotone B-spline,0.011418674204951134,0.0,0.04700328997569159,0.0005223519983701408,100.0,1,True,Optimization terminated successfully
sensor_log,0.1,34,pyGAM,0.01505508683846896,0.0,0.11289064399898052,0.01101512397872284,100.0,2,True,
sensor_log,0.1,35,MonotoneLSPIA,0.019705353187572706,0.0,0.042296445986721665,0.042296445986721665,,173,True,
sensor_log,0.1,35,Penalized monotone B-spline,0.012164624808322299,0.0,0.04286513599799946,0.000522400951012969,100.0,1,True,Optimization terminated successfully
sensor_log,0.1,35,pyGAM,0.01620273218824277,0.0,0.10280713497195393,0.011074615991674364,100.0,2,True,
sensor_log,0.1,36,MonotoneLSPIA,0.030665686725327792,0.0,0.04379889799747616,0.04379889799747616,,188,True,
sensor_log,0.1,36,Penalized monotone B-spline,0.018947200310143034,0.0,0.04382091900333762,0.0005128849879838526,100.0,1,True,Optimization terminated successfully
sensor_log,0.1,36,pyGAM,0.017777636124385474,0.0,0.09977972897468135,0.01138955302303657,10.0,3,True,
sensor_log,0.1,37,MonotoneLSPIA,0.028176182444319034,0.0,0.037806423963047564,0.037806423963047564,,146,True,
sensor_log,0.1,37,Penalized monotone B-spline,0.02096866441850423,0.0,0.042073981021530926,0.0005509789916686714,1.0,1,True,Optimization terminated successfully
sensor_log,0.1,37,pyGAM,0.013984802117778338,0.0,0.0998035249649547,0.010854127001948655,10.0,2,True,
sensor_log,0.1,38,MonotoneLSPIA,0.02554527488772756,0.0,0.046637655002996325,0.046637655002996325,,210,True,
sensor_log,0.1,38,Penalized monotone B-spline,0.015151996740940938,0.0,0.04656218097079545,0.0005262690247036517,100.0,1,True,Optimization terminated successfully
sensor_log,0.1,38,pyGAM,0.015654055732269696,0.0,0.10359377600252628,0.010940007981844246,10.0,3,True,
sensor_log,0.1,39,MonotoneLSPIA,0.025719779490637164,0.0,0.04783202102407813,0.04783202102407813,,221,True,
sensor_log,0.1,39,Penalized monotone B-spline,0.019650824672048057,0.0,0.044881645997520536,0.0005189959774725139,100.0,1,True,Optimization terminated successfully
sensor_log,0.1,39,pyGAM,0.022920076737161465,0.0,0.09453474899055436,0.01076738495612517,100.0,2,True,
sensor_log,0.1,40,MonotoneLSPIA,0.025387500215095053,0.0,0.04871501901652664,0.04871501901652664,,224,True,
sensor_log,0.1,40,Penalized monotone B-spline,0.01240209412320005,0.0,0.04627935099415481,0.0005142830195836723,100.0,1,True,Optimization terminated successfully
sensor_log,0.1,40,pyGAM,0.015750771917515654,0.0,0.09890713699860498,0.010723259998485446,100.0,2,True,
sensor_log,0.1,41,MonotoneLSPIA,0.02884318120903333,0.0,0.04172065097372979,0.04172065097372979,,169,True,
sensor_log,0.1,41,Penalized monotone B-spline,0.01630661348268463,0.0,0.04729125200537965,0.0005225729546509683,100.0,1,True,Optimization terminated successfully
sensor_log,0.1,41,pyGAM,0.02010376016171969,0.0,0.10616373497759923,0.011456229025498033,100.0,2,True,
sensor_log,0.1,42,MonotoneLSPIA,0.016419877967944967,0.0,0.04442240297794342,0.04442240297794342,,187,True,
sensor_log,0.1,42,Penalized monotone B-spline,0.014554599553599872,0.0,0.045780170999933034,0.0005111470236442983,100.0,1,True,Optimization terminated successfully
sensor_log,0.1,42,pyGAM,0.01928967232697343,0.0,0.09587763604940847,0.011237887025345117,100.0,2,True,
sensor_log,0.1,43,MonotoneLSPIA,0.02727369498984803,0.0,0.04571248800493777,0.04571248800493777,,199,True,
sensor_log,0.1,43,Penalized monotone B-spline,0.016224359543023953,0.0,0.04364512697793543,0.000544905022252351,100.0,1,True,Optimization terminated successfully
sensor_log,0.1,43,pyGAM,0.019163219471872276,0.0,0.10141651699086651,0.011406500998418778,100.0,2,True,
sensor_log,0.1,44,MonotoneLSPIA,0.029723837567512127,0.0,0.04477101098746061,0.04477101098746061,,193,True,
sensor_log,0.1,44,Penalized monotone B-spline,0.016188022617747686,0.0,0.048809832020197064,0.0005201080348342657,100.0,1,True,Optimization terminated successfully
sensor_log,0.1,44,pyGAM,0.019277183812376513,0.0,0.09616917400853708,0.01097023399779573,100.0,2,True,
sensor_log,0.1,45,MonotoneLSPIA,0.024196351559039438,0.0,0.047868602036032826,0.047868602036032826,,219,True,
sensor_log,0.1,45,Penalized monotone B-spline,0.014710960553375724,0.0,0.045459694985765964,0.0005135710234753788,100.0,1,True,Optimization terminated successfully
sensor_log,0.1,45,pyGAM,0.017088620190406512,0.0,0.10838842700468376,0.011347963998559862,10.0,2,True,
sensor_log,0.1,46,MonotoneLSPIA,0.024786186795685165,0.0,0.05017557099927217,0.05017557099927217,,230,True,
sensor_log,0.1,46,Penalized monotone B-spline,0.01414533876158686,0.0,0.043414513987954706,0.0005160029977560043,100.0,1,True,Optimization terminated successfully
sensor_log,0.1,46,pyGAM,0.018224583762565066,0.0,0.09910243505146354,0.01052736199926585,100.0,2,True,
sensor_log,0.1,47,MonotoneLSPIA,0.03209603527632768,0.0,0.04438142600702122,0.04438142600702122,,199,True,
sensor_log,0.1,47,Penalized monotone B-spline,0.01098003026953736,0.0,0.04460095800459385,0.0005644310149364173,100.0,1,True,Optimization terminated successfully
sensor_log,0.1,47,pyGAM,0.02076921792323482,0.0,0.09982843196485192,0.010862683004233986,10.0,2,True,
sensor_log,0.1,48,MonotoneLSPIA,0.027348725748017312,3.3273384048016694e-13,0.04293806804344058,0.04293806804344058,,179,True,
sensor_log,0.1,48,Penalized monotone B-spline,0.015771223235973776,0.0,0.0484101390466094,0.0006278409855440259,100.0,1,True,Optimization terminated successfully
sensor_log,0.1,48,pyGAM,0.01742870163281945,0.0,0.11208678595721722,0.016234318958595395,10.0,3,True,
sensor_log,0.1,49,MonotoneLSPIA,0.023252032549651674,0.0,0.04574518196750432,0.04574518196750432,,202,True,
sensor_log,0.1,49,Penalized monotone B-spline,0.014028206292108682,0.0,0.044898043968714774,0.0005504899891093373,100.0,1,True,Optimization terminated successfully
sensor_log,0.1,49,pyGAM,0.01851503216357973,0.0,0.10265165404416621,0.01066304900450632,100.0,2,True,
sensor_log,0.1,50,MonotoneLSPIA,0.01896616935961049,0.0,0.0395031480002217,0.0395031480002217,,159,True,
sensor_log,0.1,50,Penalized monotone B-spline,0.010322064081361553,0.0,0.04445904400199652,0.0005165589973330498,100.0,1,True,Optimization terminated successfully
sensor_log,0.1,50,pyGAM,0.015131215832337864,0.0,0.09484610398067161,0.011007994995452464,100.0,2,True,
sensor_log,0.1,51,MonotoneLSPIA,0.022736546356795565,0.0,0.047195844002999365,0.047195844002999365,,217,True,
sensor_log,0.1,51,Penalized monotone B-spline,0.011709945098598296,0.0,0.048751443973742425,0.0005155999679118395,100.0,1,True,Optimization terminated successfully
sensor_log,0.1,51,pyGAM,0.01577933342703986,0.0,0.10766330902697518,0.010912185010965914,100.0,2,True,
sensor_log,0.1,52,MonotoneLSPIA,0.025280125864666984,0.0,0.04660236497875303,0.04660236497875303,,208,True,
sensor_log,0.1,52,Penalized monotone B-spline,0.02707352142147219,0.0,0.045760848035570234,0.000541532994247973,100.0,1,True,Optimization terminated successfully
sensor_log,0.1,52,pyGAM,0.029386572554050496,0.0,0.1000136979855597,0.010935652011539787,100.0,2,True,
sensor_log,0.1,53,MonotoneLSPIA,0.030985138710564603,0.0,0.03827308997279033,0.03827308997279033,,146,True,
sensor_log,0.1,53,Penalized monotone B-spline,0.012810817776099043,0.0,0.04950521397404373,0.0005286739906296134,100.0,1,True,Optimization terminated successfully
sensor_log,0.1,53,pyGAM,0.01723826972906109,0.0,0.11200882901903242,0.01104924501851201,100.0,2,True,
sensor_log,0.1,54,MonotoneLSPIA,0.029883386744793655,0.0,0.04221020499244332,0.04221020499244332,,173,True,
sensor_log,0.1,54,Penalized monotone B-spline,0.02952836615372155,0.0,0.04849552601808682,0.002651921007782221,0.01,14,True,Optimization terminated successfully
sensor_log,0.1,54,pyGAM,0.022475134561129106,0.0,0.11412523197941482,0.015190599020570517,1.0,4,True,
sensor_log,0.1,55,MonotoneLSPIA,0.028817460707940973,0.0,0.048265000979881734,0.048265000979881734,,228,True,
sensor_log,0.1,55,Penalized monotone B-spline,0.026337348558714172,0.0,0.05133886798284948,0.0019026549998670816,1.0,10,True,Optimization terminated successfully
sensor_log,0.1,55,pyGAM,0.023687679698869434,0.0,0.10360030201263726,0.011138538015075028,100.0,2,True,
sensor_log,0.1,56,MonotoneLSPIA,0.022486790953426067,0.0,0.0453417639946565,0.0453417639946565,,194,True,
sensor_log,0.1,56,Penalized monotone B-spline,0.021373099962681174,0.0,0.045092461979947984,0.0005456639919430017,100.0,1,True,Optimization terminated successfully
sensor_log,0.1,56,pyGAM,0.02385802558953541,0.0,0.09966006700415164,0.011225145950447768,100.0,2,True,
sensor_log,0.1,57,MonotoneLSPIA,0.020549993732628884,0.0,0.04297274997225031,0.04297274997225031,,185,True,
sensor_log,0.1,57,Penalized monotone B-spline,0.012078749992620751,0.0,0.04790670098736882,0.0005378759815357625,100.0,1,True,Optimization terminated successfully
sensor_log,0.1,57,pyGAM,0.01680495283156126,0.0,0.10828827600926161,0.010920874017756432,100.0,2,True,
sensor_log,0.1,58,MonotoneLSPIA,0.03618136792643373,0.0,0.034588921000249684,0.034588921000249684,,120,True,
sensor_log,0.1,58,Penalized monotone B-spline,0.030489208317197942,0.0,0.04972160200122744,0.0020319019677117467,1.0,10,True,Optimization terminated successfully
sensor_log,0.1,58,pyGAM,0.030250823149204614,0.0,0.10616704699350521,0.0156440120190382,1.0,3,True,
sensor_log,0.1,59,MonotoneLSPIA,0.019052626288839435,0.0,0.04092317703180015,0.04092317703180015,,161,True,
sensor_log,0.1,59,Penalized monotone B-spline,0.010976155921514874,0.0,0.048776802024804056,0.0005289060063660145,100.0,1,True,Optimization terminated successfully
sensor_log,0.1,59,pyGAM,0.014779616350968262,0.0,0.10988512699259445,0.010628662013914436,100.0,2,True,
sensor_log,0.1,60,MonotoneLSPIA,0.02844732855282009,0.0,0.04544667399022728,0.04544667399022728,,193,True,
sensor_log,0.1,60,Penalized monotone B-spline,0.019258901374778307,0.0,0.04627713799709454,0.0005391169688664377,100.0,1,True,Optimization terminated successfully
sensor_log,0.1,60,pyGAM,0.021822590650032638,0.0,0.10426011495292187,0.011429135978687555,100.0,2,True,
sensor_log,0.1,61,MonotoneLSPIA,0.02283897677689503,3.3273384048016694e-13,0.0383490240201354,0.0383490240201354,,145,True,
sensor_log,0.1,61,Penalized monotone B-spline,0.022708280215049004,4.4364512064022255e-13,0.04800422699190676,0.0022374900290742517,0.01,13,True,Optimization terminated successfully
sensor_log,0.1,61,pyGAM,0.02280309445661874,2.310281965733959e-09,0.11922065599355847,0.01943480799673125,0.001,4,True,
sensor_log,0.1,62,MonotoneLSPIA,0.02138911816763051,0.0,0.04115225397981703,0.04115225397981703,,167,True,
sensor_log,0.1,62,Penalized monotone B-spline,0.0136871569437645,0.0,0.04636250698240474,0.0005199959850870073,100.0,1,True,Optimization terminated successfully
sensor_log,0.1,62,pyGAM,0.01829968236564839,0.0,0.10464818001491949,0.010758595948573202,100.0,2,True,
sensor_log,0.1,63,MonotoneLSPIA,0.02992510185062613,0.0,0.04415552201680839,0.04415552201680839,,196,True,
sensor_log,0.1,63,Penalized monotone B-spline,0.02485066414753947,0.0,0.04604178195586428,0.0005320010241121054,100.0,1,True,Optimization terminated successfully
sensor_log,0.1,63,pyGAM,0.02748615141450119,0.0,0.10483201401075348,0.01579488697461784,0.1,2,True,
sensor_log,0.1,64,MonotoneLSPIA,0.018724238202464428,0.0,0.045771079952828586,0.045771079952828586,,201,True,
sensor_log,0.1,64,Penalized monotone B-spline,0.01566714005964633,0.0,0.04653134901309386,0.0005349160055629909,100.0,1,True,Optimization terminated successfully
sensor_log,0.1,64,pyGAM,0.011934791408903543,0.0,0.09925823897356167,0.011224548041354865,10.0,2,True,
sensor_log,0.1,65,MonotoneLSPIA,0.024837788070472263,0.0,0.04245273000560701,0.04245273000560701,,181,True,
sensor_log,0.1,65,Penalized monotone B-spline,0.014382147079635225,0.0,0.04570441599935293,0.0005146029870957136,100.0,1,True,Optimization terminated successfully
sensor_log,0.1,65,pyGAM,0.018175855635660886,0.0,0.1063460599980317,0.01085993298329413,100.0,2,True,
sensor_log,0.1,66,MonotoneLSPIA,0.02593659585246675,0.0,0.039786759996786714,0.039786759996786714,,161,True,
sensor_log,0.1,66,Penalized monotone B-spline,0.015481726943416697,0.0,0.046627578034531325,0.0005220830207690597,100.0,1,True,Optimization terminated successfully
sensor_log,0.1,66,pyGAM,0.0192284949367724,0.0,0.11206752998987213,0.011254866956733167,100.0,2,True,
sensor_log,0.1,67,MonotoneLSPIA,0.023534810111281577,0.0,0.05031379504362121,0.05031379504362121,,239,True,
sensor_log,0.1,67,Penalized monotone B-spline,0.02296118559113953,0.0,0.04716860502958298,0.000513247970957309,100.0,1,True,Optimization terminated successfully
sensor_log,0.1,67,pyGAM,0.026054240712473115,0.0,0.09869602299295366,0.011376432026736438,100.0,2,True,
sensor_log,0.1,68,MonotoneLSPIA,0.027539735357658565,0.0,0.04811741295270622,0.04811741295270622,,221,True,
sensor_log,0.1,68,Penalized monotone B-spline,0.019324482889960862,0.0,0.04378295299829915,0.0005141030414961278,100.0,1,True,Optimization terminated successfully
sensor_log,0.1,68,pyGAM,0.02252969009045413,0.0,0.1039024829515256,0.01105055696098134,100.0,2,True,
sensor_log,0.1,69,MonotoneLSPIA,0.03679929925811589,0.0,0.04919763497309759,0.04919763497309759,,231,True,
sensor_log,0.1,69,Penalized monotone B-spline,0.03255738957874884,0.0,0.04910577699774876,0.0018150669638998806,1.0,10,True,Optimization terminated successfully
sensor_log,0.1,69,pyGAM,0.025617185910060774,0.0,0.11175826098769903,0.011156395019497722,10.0,4,True,
sensor_log,0.1,70,MonotoneLSPIA,0.023808508725671227,0.0,0.03957232600077987,0.03957232600077987,,157,True,
sensor_log,0.1,70,Penalized monotone B-spline,0.014363417004058455,0.0,0.04547401802847162,0.0005346930120140314,100.0,1,True,Optimization terminated successfully
sensor_log,0.1,70,pyGAM,0.017946372054783076,0.0,0.10763782897265628,0.011471620004158467,100.0,2,True,
sensor_log,0.1,71,MonotoneLSPIA,0.021953846537116253,0.0,0.04259298898978159,0.04259298898978159,,176,True,
sensor_log,0.1,71,Penalized monotone B-spline,0.020683412969122454,0.0,0.05273993097944185,0.0020584180019795895,1.0,10,True,Optimization terminated successfully
sensor_log,0.1,71,pyGAM,0.013869690567956788,0.0,0.11653358797775581,0.012046190968248993,10.0,3,True,
sensor_log,0.1,72,MonotoneLSPIA,0.030227107654385663,0.0,0.04443324700696394,0.04443324700696394,,166,True,
sensor_log,0.1,72,Penalized monotone B-spline,0.026385714217649493,0.0,0.046526516031008214,0.0006494260160252452,1.0,1,True,Optimization terminated successfully
sensor_log,0.1,72,pyGAM,0.015708028797191357,0.0,0.1096263540093787,0.012111176969483495,10.0,2,True,
sensor_log,0.1,73,MonotoneLSPIA,0.024940395527832355,0.0,0.04764194198651239,0.04764194198651239,,204,True,
sensor_log,0.1,73,Penalized monotone B-spline,0.020185199306382642,0.0,0.04316828498849645,0.0005289820255711675,100.0,1,True,Optimization terminated successfully
sensor_log,0.1,73,pyGAM,0.023213268870375118,0.0,0.10612454399233684,0.011530297982972115,100.0,2,True,
sensor_log,0.1,74,MonotoneLSPIA,0.02351461620840139,0.0,0.0483084800071083,0.0483084800071083,,205,True,
sensor_log,0.1,74,Penalized monotone B-spline,0.01836945160773461,0.0,0.05267079104669392,0.0005643760086968541,100.0,1,True,Optimization terminated successfully
sensor_log,0.1,74,pyGAM,0.020746365981436393,0.0,0.11148645501816645,0.012596543994732201,100.0,2,True,
sensor_log,0.1,75,MonotoneLSPIA,0.043889444207438205,0.0,0.05174257198814303,0.05174257198814303,,211,True,
sensor_log,0.1,75,Penalized monotone B-spline,0.03923411549499808,0.0,0.05557225801749155,0.00198093696963042,1.0,10,True,Optimization terminated successfully
sensor_log,0.1,75,pyGAM,0.03580286301488948,0.0,0.11478174204239622,0.012286345998290926,10.0,4,True,
sensor_log,0.1,76,MonotoneLSPIA,0.02519405214288431,0.0,0.052325756987556815,0.052325756987556815,,211,True,
sensor_log,0.1,76,Penalized monotone B-spline,0.018901967841874583,0.0,0.04959946102462709,0.0005611039814539254,100.0,1,True,Optimization terminated successfully
sensor_log,0.1,76,pyGAM,0.021012470109002403,0.0,0.11533756396966055,0.01251517899800092,100.0,2,True,
sensor_log,0.1,77,MonotoneLSPIA,0.021796033801236167,0.0,0.0470462100347504,0.0470462100347504,,175,True,
sensor_log,0.1,77,Penalized monotone B-spline,0.016579375531494293,0.0,0.0520253719878383,0.0019772739615291357,1.0,10,True,Optimization terminated successfully
sensor_log,0.1,77,pyGAM,0.010180238311426924,0.0,0.11214951903093606,0.011505730042699724,10.0,2,True,
sensor_log,0.1,78,MonotoneLSPIA,0.027377468174314135,3.3273384048016694e-13,0.04691804602043703,0.04691804602043703,,172,True,
sensor_log,0.1,78,Penalized monotone B-spline,0.02710747162557905,0.0,0.05376386200077832,0.0006534889689646661,100.0,1,True,Optimization terminated successfully
sensor_log,0.1,78,pyGAM,0.028828553993241572,0.0,0.12399596796603873,0.012710619019344449,100.0,2,True,
sensor_log,0.1,79,MonotoneLSPIA,0.031028832527137867,3.3273384048016694e-13,0.044829000951722264,0.044829000951722264,,160,True,
sensor_log,0.1,79,Penalized monotone B-spline,0.027060292645547535,0.0,0.05679486499866471,0.0022549499990418553,1.0,11,True,Optimization terminated successfully
sensor_log,0.1,79,pyGAM,0.01759030633962262,0.0,0.129151173052378,0.012162649014499038,10.0,3,True,
sensor_log,0.1,80,MonotoneLSPIA,0.02466815646436057,0.0,0.052270710992161185,0.052270710992161185,,189,True,
sensor_log,0.1,80,Penalized monotone B-spline,0.01715957530581842,0.0,0.05182582203997299,0.0005898699746467173,100.0,1,True,Optimization terminated successfully
sensor_log,0.1,80,pyGAM,0.019979119750752044,0.0,0.11217202304396778,0.012333912949543446,100.0,2,True,
sensor_log,0.1,81,MonotoneLSPIA,0.023483233777753937,3.3273384048016694e-13,0.04993646399816498,0.04993646399816498,,194,True,
sensor_log,0.1,81,Penalized monotone B-spline,0.017276727727341505,0.0,0.05514642404159531,0.0005780280334874988,100.0,1,True,Optimization terminated successfully
sensor_log,0.1,81,pyGAM,0.02133131616688468,0.0,0.12656792701454833,0.012733387004118413,100.0,2,True,
sensor_log,0.1,82,MonotoneLSPIA,0.025870337012846918,0.0,0.05602168099721894,0.05602168099721894,,220,True,
sensor_log,0.1,82,Penalized monotone B-spline,0.02318721191070945,0.0,0.054858600022271276,0.0006000159773975611,100.0,1,True,Optimization terminated successfully
sensor_log,0.1,82,pyGAM,0.025240289705007232,0.0,0.11025029997108504,0.012894800049252808,100.0,2,True,
sensor_log,0.1,83,MonotoneLSPIA,0.03403167176802874,0.0,0.05778600997291505,0.05778600997291505,,238,True,
sensor_log,0.1,83,Penalized monotone B-spline,0.03403173823211804,0.0,0.05374772602226585,0.0023986920132301748,1e-08,11,True,Optimization terminated successfully
sensor_log,0.1,83,pyGAM,0.019991170586951348,0.0,0.12690528499661013,0.013110032014083117,10.0,2,True,
sensor_log,0.1,84,MonotoneLSPIA,0.02123176417829436,0.0,0.056104060960933566,0.056104060960933566,,225,True,
sensor_log,0.1,84,Penalized monotone B-spline,0.024337434346487406,0.0,0.05004303704481572,0.0006045429618097842,100.0,1,True,Optimization terminated successfully
sensor_log,0.1,84,pyGAM,0.02600218827540505,0.0,0.11577329703141004,0.012733648996800184,100.0,2,True,
sensor_log,0.1,85,MonotoneLSPIA,0.019032496941863913,0.0,0.0547381280339323,0.0547381280339323,,213,True,
sensor_log,0.1,85,Penalized monotone B-spline,0.01755164649535892,0.0,0.054735648969653994,0.0006243900279514492,100.0,1,True,Optimization terminated successfully
sensor_log,0.1,85,pyGAM,0.02141247706236813,0.0,0.1254559750086628,0.012997006007935852,100.0,2,True,
sensor_log,0.1,86,MonotoneLSPIA,0.025533248066935018,0.0,0.05730669799959287,0.05730669799959287,,218,True,
sensor_log,0.1,86,Penalized monotone B-spline,0.018184631833752008,0.0,0.056176945043262094,0.0006272600148804486,100.0,1,True,Optimization terminated successfully
sensor_log,0.1,86,pyGAM,0.019073476531573364,0.0,0.12831131502753124,0.013184837996959686,10.0,3,True,
sensor_log,0.1,87,MonotoneLSPIA,0.02929260621178439,0.0,0.05987920495681465,0.05987920495681465,,228,True,
sensor_log,0.1,87,Penalized monotone B-spline,0.02098825330736846,0.0,0.05889523297082633,0.0006178430048748851,100.0,1,True,Optimization terminated successfully
sensor_log,0.1,87,pyGAM,0.02373281296836474,0.0,0.1298951170174405,0.013052462018094957,100.0,2,True,
sensor_log,0.1,88,MonotoneLSPIA,0.02990974892379326,0.0,0.05560118303401396,0.05560118303401396,,213,True,
sensor_log,0.1,88,Penalized monotone B-spline,0.018491260714499025,0.0,0.05601933901198208,0.0006394549855031073,100.0,1,True,Optimization terminated successfully
sensor_log,0.1,88,pyGAM,0.022293061756284958,0.0,0.11879538296489045,0.013097475981339812,100.0,2,True,
sensor_log,0.1,89,MonotoneLSPIA,0.015495155700338038,0.0,0.044820087030529976,0.044820087030529976,,141,True,
sensor_log,0.1,89,Penalized monotone B-spline,0.012477955396840408,0.0,0.058135331026278436,0.0006266600103117526,100.0,1,True,Optimization terminated successfully
sensor_log,0.1,89,pyGAM,0.016285180064118488,0.0,0.12450817198259756,0.013187162985559553,100.0,2,True,
sensor_log,0.1,90,MonotoneLSPIA,0.02629576071846722,3.3273384048016694e-13,0.05369148502359167,0.05369148502359167,,186,True,
sensor_log,0.1,90,Penalized monotone B-spline,0.01616453395830928,0.0,0.0577374100103043,0.0006384399603120983,100.0,1,True,Optimization terminated successfully
sensor_log,0.1,90,pyGAM,0.01996112233356924,0.0,0.1372450420167297,0.013449929014313966,100.0,2,True,
sensor_log,0.1,91,MonotoneLSPIA,0.02464140970137618,0.0,0.05449332599528134,0.05449332599528134,,194,True,
sensor_log,0.1,91,Penalized monotone B-spline,0.01570087996092863,0.0,0.055280720989685506,0.0006222639931365848,100.0,1,True,Optimization terminated successfully
sensor_log,0.1,91,pyGAM,0.018699427108648234,0.0,0.11526890995446593,0.01312697003595531,100.0,2,True,
sensor_log,0.1,92,MonotoneLSPIA,0.0313386536636991,0.0,0.050562577962409705,0.050562577962409705,,177,True,
sensor_log,0.1,92,Penalized monotone B-spline,0.03101819571254934,0.0,0.05565964599372819,0.0034935010480694473,0.01,16,True,Optimization terminated successfully
sensor_log,0.1,92,pyGAM,0.028888223414869237,0.0,0.125376823998522,0.019036557991057634,0.1,2,True,
sensor_log,0.1,93,MonotoneLSPIA,0.024951993335479285,4.4364512064022255e-13,0.05432458396535367,0.05432458396535367,,188,True,
sensor_log,0.1,93,Penalized monotone B-spline,0.01901214457656242,0.0,0.05958536296384409,0.0006612580036744475,100.0,1,True,Optimization terminated successfully
sensor_log,0.1,93,pyGAM,0.022071108759754262,0.0,0.14222367497859523,0.013829729985445738,100.0,2,True,
sensor_log,0.1,94,MonotoneLSPIA,0.030416383248579645,0.0,0.05695222405483946,0.05695222405483946,,202,True,
sensor_log,0.1,94,Penalized monotone B-spline,0.015435350332745651,0.0,0.057003032008651644,0.0006397269899025559,100.0,1,True,Optimization terminated successfully
sensor_log,0.1,94,pyGAM,0.018904177135929786,0.0,0.1379790579667315,0.013516168983187526,100.0,2,True,
sensor_log,0.1,95,MonotoneLSPIA,0.028121257069837945,0.0,0.05577735899714753,0.05577735899714753,,193,True,
sensor_log,0.1,95,Penalized monotone B-spline,0.02318603686303884,0.0,0.05363045202102512,0.0006827340112067759,100.0,1,True,Optimization terminated successfully
sensor_log,0.1,95,pyGAM,0.02570641784667822,0.0,0.12456510995980352,0.013869144022464752,100.0,2,True,
sensor_log,0.1,96,MonotoneLSPIA,0.034710385513504936,0.0,0.04915484698722139,0.04915484698722139,,154,True,
sensor_log,0.1,96,Penalized monotone B-spline,0.02841230271051783,0.0,0.05605462100356817,0.0006499160081148148,1.0,1,True,Optimization terminated successfully
sensor_log,0.1,96,pyGAM,0.018761578372483684,0.0,0.12491340801352635,0.01360882498556748,10.0,2,True,
sensor_log,0.1,97,MonotoneLSPIA,0.029392570503904463,0.0,0.049675099027808756,0.049675099027808756,,157,True,
sensor_log,0.1,97,Penalized monotone B-spline,0.012114030613465126,0.0,0.05580216197995469,0.0006520610186271369,100.0,1,True,Optimization terminated successfully
sensor_log,0.1,97,pyGAM,0.014993381598842587,0.0,0.13117680500727147,0.013728952966630459,100.0,2,True,
sensor_log,0.1,98,MonotoneLSPIA,0.01622967591565194,0.0,0.05715233396040276,0.05715233396040276,,207,True,
sensor_log,0.1,98,Penalized monotone B-spline,0.014994000973031357,0.0,0.0539299679803662,0.0006410090136341751,100.0,1,True,Optimization terminated successfully
sensor_log,0.1,98,pyGAM,0.01800988478220984,0.0,0.13389424799242988,0.013940832985099405,100.0,2,True,
sensor_log,0.1,99,MonotoneLSPIA,0.02795018712422663,0.0,0.054617605987004936,0.054617605987004936,,182,True,
sensor_log,0.1,99,Penalized monotone B-spline,0.0186141202738212,0.0,0.059057654987555,0.0006525449571199715,100.0,1,True,Optimization terminated successfully
sensor_log,0.1,99,pyGAM,0.022808033210121956,0.0,0.14237798698013648,0.014892214967403561,100.0,2,True,
sensor_log,0.1,100,MonotoneLSPIA,0.031887752790874135,0.0,0.053097741038072854,0.053097741038072854,,171,True,
sensor_log,0.1,100,Penalized monotone B-spline,0.030618581473022047,0.0,0.05888088600477204,0.000645854976028204,100.0,1,True,Optimization terminated successfully
sensor_log,0.1,100,pyGAM,0.03327659193683462,0.0,0.1345868319622241,0.014109140960499644,100.0,2,True,
dose_response,0.02,1,MonotoneLSPIA,0.005859356180706143,0.0,0.06577683199429885,0.06577683199429885,,196,True,
dose_response,0.02,1,Penalized monotone B-spline,0.005717621581871282,0.0,0.0661420610267669,0.003058171016164124,0.01,15,True,Optimization terminated successfully
dose_response,0.02,1,pyGAM,0.005142188404379714,0.0,0.14126742101507261,0.018957518972456455,0.1,3,True,
dose_response,0.02,2,MonotoneLSPIA,0.006910565789224254,0.0,0.05722937302198261,0.05722937302198261,,202,True,
dose_response,0.02,2,Penalized monotone B-spline,0.006243817657805089,0.0,0.06107030197745189,0.0028542900108732283,0.01,12,True,Optimization terminated successfully
dose_response,0.02,2,pyGAM,0.0044586561005096744,0.0,0.1409091770183295,0.024717364984098822,0.1,3,True,
dose_response,0.02,3,MonotoneLSPIA,0.006104340256228053,4.4364512064022255e-13,0.0510317170410417,0.0510317170410417,,162,True,
dose_response,0.02,3,Penalized monotone B-spline,0.00597713184548916,3.3273384048016694e-13,0.0587952479836531,0.0030665670055896044,0.01,14,True,Optimization terminated successfully
dose_response,0.02,3,pyGAM,0.00517811517193845,0.0,0.14957265800330788,0.019354163960088044,0.1,3,True,
dose_response,0.02,4,MonotoneLSPIA,0.006327799818949229,0.0,0.055894132994581014,0.055894132994581014,,193,True,
dose_response,0.02,4,Penalized monotone B-spline,0.006200521558267033,0.0,0.06256500602466986,0.002791056002024561,0.01,13,True,Optimization terminated successfully
dose_response,0.02,4,pyGAM,0.005560639339661222,0.0,0.13376135303406045,0.018970893986988813,0.1,2,True,
dose_response,0.02,5,MonotoneLSPIA,0.005203205403590876,0.0,0.05521259200759232,0.05521259200759232,,191,True,
dose_response,0.02,5,Penalized monotone B-spline,0.005154308868017172,0.0,0.06139051297213882,0.002807403972838074,0.01,13,True,Optimization terminated successfully
dose_response,0.02,5,pyGAM,0.005148706863793984,0.0,0.15651263302424923,0.01977306802291423,0.1,3,True,
dose_response,0.02,6,MonotoneLSPIA,0.004559704940297811,5.198966257502491e-15,0.05234791204566136,0.05234791204566136,,165,True,
dose_response,0.02,6,Penalized monotone B-spline,0.0045147093737342,3.4659775050016906e-15,0.06272430799435824,0.0027399780228734016,0.01,11,True,Optimization terminated successfully
dose_response,0.02,6,pyGAM,0.004364811639770971,7.133813539894581e-10,0.1379441349999979,0.020130542980041355,0.1,3,True,
dose_response,0.02,7,MonotoneLSPIA,0.007897120856387123,4.4364512064022255e-13,0.0574321550084278,0.0574321550084278,,195,True,
dose_response,0.02,7,Penalized monotone B-spline,0.007591017051910529,2.2182256032011127e-13,0.06398409500252455,0.002726630016695708,0.01,12,True,Optimization terminated successfully
dose_response,0.02,7,pyGAM,0.006473202606813404,3.2474822830864293e-10,0.1590775179793127,0.01947059598751366,0.1,3,True,
dose_response,0.02,8,MonotoneLSPIA,0.009675020342050127,2.2182256032011127e-13,0.04822988202795386,0.04822988202795386,,145,True,
dose_response,0.02,8,Penalized monotone B-spline,0.009589349696968126,4.4364512064022255e-13,0.06248483498347923,0.0030831980402581394,0.01,14,True,Optimization terminated successfully
dose_response,0.02,8,pyGAM,0.009619739524793667,4.782494400501599e-10,0.1513819089741446,0.024161843000911176,0.001,4,True,
dose_response,0.02,9,MonotoneLSPIA,0.007352143632439147,3.4659775050016906e-15,0.05084405100205913,0.05084405100205913,,154,True,
dose_response,0.02,9,Penalized monotone B-spline,0.007364176497485579,3.4659775050017387e-15,0.06352901901118457,0.0032319040037691593,0.01,13,True,Optimization terminated successfully
dose_response,0.02,9,pyGAM,0.007259945822853475,3.660072245281735e-11,0.1627424340113066,0.02526178496191278,0.01,2,True,
dose_response,0.02,10,MonotoneLSPIA,0.005047471589419817,0.0,0.05445876996964216,0.05445876996964216,,178,True,
dose_response,0.02,10,Penalized monotone B-spline,0.0067451200522789774,0.0,0.059285752999130636,0.0006769070168957114,1.0,1,True,Optimization terminated successfully
dose_response,0.02,10,pyGAM,0.004542103500946879,0.0,0.14245681295869872,0.0142417709575966,0.1,3,True,
dose_response,0.02,11,MonotoneLSPIA,0.007516333611967484,0.0,0.05298481200588867,0.05298481200588867,,174,True,
dose_response,0.02,11,Penalized monotone B-spline,0.007364781486688173,0.0,0.0580493489978835,0.0030832639895379543,0.01,13,True,Optimization terminated successfully
dose_response,0.02,11,pyGAM,0.0061326472272950775,0.0,0.15438190300483257,0.01967645500553772,0.1,3,True,
dose_response,0.02,12,MonotoneLSPIA,0.007385576174374091,0.0,0.059013316000346094,0.059013316000346094,,209,True,
dose_response,0.02,12,Penalized monotone B-spline,0.007278620980435257,0.0,0.06227511097677052,0.0030325010302476585,0.01,14,True,Optimization terminated successfully
dose_response,0.02,12,pyGAM,0.0065749554618017665,0.0,0.158099819032941,0.01939361001132056,0.1,3,True,
dose_response,0.02,13,MonotoneLSPIA,0.005441440988787616,4.4364512064022255e-13,0.050782621023245156,0.050782621023245156,,159,True,
dose_response,0.02,13,Penalized monotone B-spline,0.005422767270497368,3.3273384048016694e-13,0.061325718997977674,0.0027933139936067164,0.01,11,True,Optimization terminated successfully
dose_response,0.02,13,pyGAM,0.0054733792821212825,2.1062052102394567e-10,0.14922711299732327,0.024388945021200925,0.1,4,True,
dose_response,0.02,14,MonotoneLSPIA,0.0059564636201017655,0.0,0.05121841799700633,0.05121841799700633,,163,True,
dose_response,0.02,14,Penalized monotone B-spline,0.005956508425220394,0.0,0.06294244102900848,0.003001376986503601,1e-08,15,True,Optimization terminated successfully
dose_response,0.02,14,pyGAM,0.004250888932937132,0.0,0.16621266800211743,0.021123162005096674,0.1,4,True,
dose_response,0.02,15,MonotoneLSPIA,0.005969971154616961,3.3273384048016694e-13,0.05519225000170991,0.05519225000170991,,177,True,
dose_response,0.02,15,Penalized monotone B-spline,0.005817405534697167,3.3273384048016694e-13,0.06547277903882787,0.00294847902841866,0.01,14,True,Optimization terminated successfully
dose_response,0.02,15,pyGAM,0.004967788165258799,0.0,0.15725292201386765,0.025344968948047608,0.1,3,True,
dose_response,0.02,16,MonotoneLSPIA,0.004304229459498994,0.0,0.0640850710333325,0.0640850710333325,,227,True,
dose_response,0.02,16,Penalized monotone B-spline,0.0041749899660742515,0.0,0.06694332102779299,0.0034116930328309536,0.01,15,True,Optimization terminated successfully
dose_response,0.02,16,pyGAM,0.0034118995432163685,0.0,0.15120335796382278,0.019507170014549047,0.1,3,True,
dose_response,0.02,17,MonotoneLSPIA,0.0071525768014855965,3.4659775050016906e-15,0.05694055400090292,0.05694055400090292,,195,True,
dose_response,0.02,17,Penalized monotone B-spline,0.007146007365055693,3.4659775050016906e-15,0.06519962201127782,0.0031849259976297617,0.0001,14,True,Optimization terminated successfully
dose_response,0.02,17,pyGAM,0.0066299324162822915,3.8231118271170384e-10,0.1456094440072775,0.02513956604525447,0.01,2,True,
dose_response,0.02,18,MonotoneLSPIA,0.006143818318958965,0.0,0.05906960595166311,0.05906960595166311,,193,True,
dose_response,0.02,18,Penalized monotone B-spline,0.005971152750240405,0.0,0.06127869396004826,0.0029954269994050264,0.01,11,True,Optimization terminated successfully
dose_response,0.02,18,pyGAM,0.0055738701472952705,0.0,0.14807544701034203,0.019825627037789673,0.1,3,True,
dose_response,0.02,19,MonotoneLSPIA,0.007756210582558698,0.0,0.05759420501999557,0.05759420501999557,,196,True,
dose_response,0.02,19,Penalized monotone B-spline,0.007487158329200349,0.0,0.06278708600439131,0.0028268759488128126,0.01,12,True,Optimization terminated successfully
dose_response,0.02,19,pyGAM,0.00651708258767597,0.0,0.1494138540001586,0.01927422097651288,0.1,3,True,
dose_response,0.02,20,MonotoneLSPIA,0.00514322992177843,0.0,0.05158514401409775,0.05158514401409775,,160,True,
dose_response,0.02,20,Penalized monotone B-spline,0.0051261600540684375,0.0,0.06207841698778793,0.0026228089700452983,0.01,11,True,Optimization terminated successfully
dose_response,0.02,20,pyGAM,0.00518295284438435,3.0188975951084274e-05,0.13797708705533296,0.0192179279983975,0.1,2,True,
dose_response,0.02,21,MonotoneLSPIA,0.0034021533826886843,0.0,0.05611022101948038,0.05611022101948038,,187,True,
dose_response,0.02,21,Penalized monotone B-spline,0.0033446836866641103,0.0,0.06269562395755202,0.0027030149940401316,0.01,11,True,Optimization terminated successfully
dose_response,0.02,21,pyGAM,0.0032708587390111385,0.0,0.14846602600300685,0.024470942036714405,0.1,3,True,
dose_response,0.02,22,MonotoneLSPIA,0.004353199017577359,4.4364512064022255e-13,0.04735896101919934,0.04735896101919934,,136,True,
dose_response,0.02,22,Penalized monotone B-spline,0.004263539385552984,3.3273384048016694e-13,0.06321418500738218,0.0030245130183175206,0.01,14,True,Optimization terminated successfully
dose_response,0.02,22,pyGAM,0.004278339996086617,1.8921464395305492e-10,0.15548039198620245,0.024440901004709303,0.1,3,True,
dose_response,0.02,23,MonotoneLSPIA,0.0051387150797882865,0.0,0.05365279997931793,0.05365279997931793,,174,True,
dose_response,0.02,23,Penalized monotone B-spline,0.005138706834820344,0.0,0.062341080978512764,0.002984646998811513,1e-08,14,True,Optimization terminated successfully
dose_response,0.02,23,pyGAM,0.004131360032856938,0.0,0.14943544095149264,0.019790785969235003,0.1,2,True,
dose_response,0.02,24,MonotoneLSPIA,0.006294286392380651,3.3273384048016694e-13,0.056444910005666316,0.056444910005666316,,187,True,
dose_response,0.02,24,Penalized monotone B-spline,0.006268739092852186,4.4364512064022255e-13,0.062802090018522,0.002909225004259497,0.01,13,True,Optimization terminated successfully
dose_response,0.02,24,pyGAM,0.006474260010787764,1.448501318890166e-10,0.14391936000902206,0.01929284998914227,0.1,2,True,
dose_response,0.02,25,MonotoneLSPIA,0.006196743980940864,2.599483128751268e-15,0.049297291028779,0.049297291028779,,150,True,
dose_response,0.02,25,Penalized monotone B-spline,0.0061503776066370655,2.5994831287512454e-15,0.062490871001500636,0.002602541004307568,0.01,11,True,Optimization terminated successfully
dose_response,0.02,25,pyGAM,0.006138715648655383,8.828537900740245e-11,0.15809240395901725,0.02958281000610441,0.01,2,True,
dose_response,0.02,26,MonotoneLSPIA,0.0041752197033984055,3.4659775050016606e-15,0.05320655304240063,0.05320655304240063,,176,True,
dose_response,0.02,26,Penalized monotone B-spline,0.0038961850348209937,3.4659775050016606e-15,0.06319698301376775,0.002747810969594866,0.01,12,True,Optimization terminated successfully
dose_response,0.02,26,pyGAM,0.0033013812100190056,2.477757998775574e-10,0.15528957499191165,0.03121695399750024,0.1,2,True,
dose_response,0.02,27,MonotoneLSPIA,0.006203811887523453,4.4364512064022255e-13,0.05122386204311624,0.05122386204311624,,161,True,
dose_response,0.02,27,Penalized monotone B-spline,0.006107298411874026,4.436451206401733e-13,0.06488274002913386,0.003146689967252314,0.01,13,True,Optimization terminated successfully
dose_response,0.02,27,pyGAM,0.005550047509733355,2.2537172128522836e-10,0.14434372301911935,0.02526333404239267,0.1,2,True,
dose_response,0.02,28,MonotoneLSPIA,0.0058615380589301545,4.4364512064022255e-13,0.05825298500712961,0.05825298500712961,,195,True,
dose_response,0.02,28,Penalized monotone B-spline,0.00571489012000403,4.4364512064022255e-13,0.06727498600957915,0.0031680419924668968,0.01,13,True,Optimization terminated successfully
dose_response,0.02,28,pyGAM,0.00497462678065145,3.399430736905705e-10,0.15107190498383716,0.02489676303230226,0.1,2,True,
dose_response,0.02,29,MonotoneLSPIA,0.006240059486766714,0.0,0.05999990401323885,0.05999990401323885,,210,True,
dose_response,0.02,29,Penalized monotone B-spline,0.006135753436508821,0.0,0.06251172500196844,0.002795749984215945,0.01,12,True,Optimization terminated successfully
dose_response,0.02,29,pyGAM,0.005951804630938549,0.0,0.1402698860038072,0.019882143009454012,0.1,3,True,
dose_response,0.02,30,MonotoneLSPIA,0.00608553520268101,0.0,0.05457009299425408,0.05457009299425408,,177,True,
dose_response,0.02,30,Penalized monotone B-spline,0.005776743066207614,0.0,0.06253309000749141,0.003070614009629935,0.01,13,True,Optimization terminated successfully
dose_response,0.02,30,pyGAM,0.0042794621902867815,0.0,0.15562048298306763,0.019941566977649927,0.1,3,True,
dose_response,0.02,31,MonotoneLSPIA,0.005784473877920332,0.0,0.06124095799168572,0.06124095799168572,,209,True,
dose_response,0.02,31,Penalized monotone B-spline,0.0057412452821155235,0.0,0.06456944101955742,0.002936531964223832,0.01,13,True,Optimization terminated successfully
dose_response,0.02,31,pyGAM,0.00537647724932221,0.0,0.1508919150219299,0.01937080197967589,0.1,3,True,
dose_response,0.02,32,MonotoneLSPIA,0.004286251618525671,0.0,0.05418434995226562,0.05418434995226562,,173,True,
dose_response,0.02,32,Penalized monotone B-spline,0.0040259647332266954,0.0,0.06367600604426116,0.0033885340089909732,0.01,14,True,Optimization terminated successfully
dose_response,0.02,32,pyGAM,0.0032930084123137123,0.0,0.1550324719864875,0.024842716986313462,0.1,4,True,
dose_response,0.02,33,MonotoneLSPIA,0.004814399530003089,3.3273384048016694e-13,0.05314656702103093,0.05314656702103093,,169,True,
dose_response,0.02,33,Penalized monotone B-spline,0.00470907166648147,3.3273384048016694e-13,0.0634039820288308,0.0028616769704967737,0.01,13,True,Optimization terminated successfully
dose_response,0.02,33,pyGAM,0.004401457061422249,0.0,0.16361960099311545,0.019753691041842103,0.1,3,True,
dose_response,0.02,34,MonotoneLSPIA,0.003535784544866168,3.3273384048016694e-13,0.05274525302229449,0.05274525302229449,,171,True,
dose_response,0.02,34,Penalized monotone B-spline,0.003483609015561941,2.2182256032011127e-13,0.06269132299348712,0.0028329609776847064,0.01,12,True,Optimization terminated successfully
dose_response,0.02,34,pyGAM,0.0035459018108897652,0.0,0.15531063498929143,0.01961813197704032,0.1,3,True,
dose_response,0.02,35,MonotoneLSPIA,0.005220681165754125,0.0,0.0568585159489885,0.0568585159489885,,192,True,
dose_response,0.02,35,Penalized monotone B-spline,0.0051396472472109,0.0,0.058666056022047997,0.002963593986351043,0.01,12,True,Optimization terminated successfully
dose_response,0.02,35,pyGAM,0.0044535237731076855,0.0,0.1446554419817403,0.01980894705047831,0.1,3,True,
dose_response,0.02,36,MonotoneLSPIA,0.004986815864023628,0.0,0.04714147001504898,0.04714147001504898,,135,True,
dose_response,0.02,36,Penalized monotone B-spline,0.0049511660197309685,0.0,0.05682168999919668,0.0033669539843685925,0.01,15,True,Optimization terminated successfully
dose_response,0.02,36,pyGAM,0.004656911578461913,0.0,0.16107493301387876,0.025106344022788107,0.1,3,True,
dose_response,0.02,37,MonotoneLSPIA,0.0063887722986630535,0.0,0.05979105504229665,0.05979105504229665,,202,True,
dose_response,0.02,37,Penalized monotone B-spline,0.006247433851744204,0.0,0.06424924096791074,0.0028277540113776922,0.01,12,True,Optimization terminated successfully
dose_response,0.02,37,pyGAM,0.005703161562052999,1.0259293414804933e-10,0.14432345499517396,0.025304829992819577,0.1,3,True,
dose_response,0.02,38,MonotoneLSPIA,0.005223318566528922,4.4364512064022255e-13,0.05393158696824685,0.05393158696824685,,171,True,
dose_response,0.02,38,Penalized monotone B-spline,0.005159088220233784,4.4364512064022255e-13,0.06293930899119005,0.003116645966656506,0.01,13,True,Optimization terminated successfully
dose_response,0.02,38,pyGAM,0.005198476612696758,2.63525201660263e-10,0.15148242900613695,0.024914336972869933,0.1,3,True,
dose_response,0.02,39,MonotoneLSPIA,0.00632258362018921,0.0,0.05348240298917517,0.05348240298917517,,170,True,
dose_response,0.02,39,Penalized monotone B-spline,0.006131622693241338,0.0,0.060945879959035665,0.002814426028635353,0.01,12,True,Optimization terminated successfully
dose_response,0.02,39,pyGAM,0.005134838800904233,0.0,0.1295700699556619,0.019661118974909186,0.1,2,True,
dose_response,0.02,40,MonotoneLSPIA,0.00707294601544567,0.0,0.05887882801471278,0.05887882801471278,,195,True,
dose_response,0.02,40,Penalized monotone B-spline,0.006803948983176414,0.0,0.06437657499918714,0.002827544987667352,0.01,12,True,Optimization terminated successfully
dose_response,0.02,40,pyGAM,0.0065279685627244325,0.0,0.14760561694856733,0.019785446987953037,0.1,2,True,
dose_response,0.02,41,MonotoneLSPIA,0.007862468689151917,0.0,0.05702044803183526,0.05702044803183526,,190,True,
dose_response,0.02,41,Penalized monotone B-spline,0.0077524116276255625,0.0,0.05967202200554311,0.0028198600048199296,0.01,12,True,Optimization terminated successfully
dose_response,0.02,41,pyGAM,0.00697452533767702,0.0,0.15946750901639462,0.025905032001901418,0.1,2,True,
dose_response,0.02,42,MonotoneLSPIA,0.006519409300541442,0.0,0.056635454995557666,0.056635454995557666,,189,True,
dose_response,0.02,42,Penalized monotone B-spline,0.006466377445022093,0.0,0.06259422400034964,0.0028120949864387512,0.01,12,True,Optimization terminated successfully
dose_response,0.02,42,pyGAM,0.0062368720762964085,0.0,0.13900224602548406,0.019619113998487592,0.1,3,True,
dose_response,0.02,43,MonotoneLSPIA,0.005852610002294778,3.3273384048016694e-13,0.051066435989923775,0.051066435989923775,,158,True,
dose_response,0.02,43,Penalized monotone B-spline,0.005804288884075025,3.3273384048016694e-13,0.06238879298325628,0.0027012740029022098,0.01,12,True,Optimization terminated successfully
dose_response,0.02,43,pyGAM,0.005784081779282399,2.1927160087643e-10,0.14924143097596243,0.02447141200536862,0.1,3,True,
dose_response,0.02,44,MonotoneLSPIA,0.004794483647604211,0.0,0.05537029303377494,0.05537029303377494,,190,True,
dose_response,0.02,44,Penalized monotone B-spline,0.004693657706509334,0.0,0.0642946430016309,0.003109326004050672,0.01,12,True,Optimization terminated successfully
dose_response,0.02,44,pyGAM,0.004295879477936001,0.0,0.14491085498593748,0.02521526301279664,0.1,2,True,
dose_response,0.02,45,MonotoneLSPIA,0.005763911974411884,0.0,0.0537541180383414,0.0537541180383414,,177,True,
dose_response,0.02,45,Penalized monotone B-spline,0.005731451683122093,0.0,0.06275655800709501,0.0030267699621617794,0.01,13,True,Optimization terminated successfully
dose_response,0.02,45,pyGAM,0.00579639986536713,0.0,0.15848033095244318,0.024646373989526182,0.1,3,True,
dose_response,0.02,46,MonotoneLSPIA,0.004997819998988168,0.0,0.06291874597081915,0.06291874597081915,,223,True,
dose_response,0.02,46,Penalized monotone B-spline,0.004955783733149245,0.0,0.06575108703691512,0.0028545850072987378,0.01,13,True,Optimization terminated successfully
dose_response,0.02,46,pyGAM,0.00494935964955926,0.0,0.15842963801696897,0.019272056000772864,0.1,3,True,
dose_response,0.02,47,MonotoneLSPIA,0.004713009999140605,0.0,0.0567111800191924,0.0567111800191924,,194,True,
dose_response,0.02,47,Penalized monotone B-spline,0.004570025547075944,0.0,0.06130426097661257,0.003105177020188421,0.01,14,True,Optimization terminated successfully
dose_response,0.02,47,pyGAM,0.004277433858630391,0.0,0.1591509749996476,0.014560927986167371,0.1,3,True,
dose_response,0.02,48,MonotoneLSPIA,0.006060577162548195,0.0,0.05748294503428042,0.05748294503428042,,198,True,
dose_response,0.02,48,Penalized monotone B-spline,0.005747026115601558,0.0,0.06404945597751066,0.0033553019748069346,0.01,15,True,Optimization terminated successfully
dose_response,0.02,48,pyGAM,0.004719506466638833,0.0,0.14403037499869242,0.024792099022306502,0.1,2,True,
dose_response,0.02,49,MonotoneLSPIA,0.006133377424289982,0.0,0.05498397897463292,0.05498397897463292,,181,True,
dose_response,0.02,49,Penalized monotone B-spline,0.005987711320825715,0.0,0.06447863602079451,0.0027826179866679013,0.01,12,True,Optimization terminated successfully
dose_response,0.02,49,pyGAM,0.005382595197373353,2.2481716488443278e-10,0.1535097899613902,0.029300435970071703,0.1,3,True,
dose_response,0.02,50,MonotoneLSPIA,0.005555792310673576,0.0,0.05792901001404971,0.05792901001404971,,198,True,
dose_response,0.02,50,Penalized monotone B-spline,0.005236015161250958,0.0,0.06617406196892262,0.0027622210327535868,0.01,12,True,Optimization terminated successfully
dose_response,0.02,50,pyGAM,0.004266692933143157,0.0,0.15686018601991236,0.019719484029337764,0.1,2,True,
dose_response,0.02,51,MonotoneLSPIA,0.00518984522435822,0.0,0.05502988997614011,0.05502988997614011,,175,True,
dose_response,0.02,51,Penalized monotone B-spline,0.005127355697288796,0.0,0.06147498998325318,0.0030004539876244962,0.01,14,True,Optimization terminated successfully
dose_response,0.02,51,pyGAM,0.004513354019191035,0.0,0.15544960304396227,0.01921811600914225,0.1,4,True,
dose_response,0.02,52,MonotoneLSPIA,0.0061564553369959155,6.931955010003321e-15,0.058703046990558505,0.058703046990558505,,198,True,
dose_response,0.02,52,Penalized monotone B-spline,0.006074630664497718,8.664943762504151e-15,0.06576100701931864,0.0030845300061628222,0.01,14,True,Optimization terminated successfully
dose_response,0.02,52,pyGAM,0.0058664720504643065,3.737710141393771e-10,0.14572557201609015,0.02478166198125109,0.1,2,True,
dose_response,0.02,53,MonotoneLSPIA,0.0038019934094715223,0.0,0.05849492800189182,0.05849492800189182,,203,True,
dose_response,0.02,53,Penalized monotone B-spline,0.0037011369387499166,0.0,0.062465834023896605,0.0032590189948678017,0.01,14,True,Optimization terminated successfully
dose_response,0.02,53,pyGAM,0.003229876251930553,0.0,0.15545891097281128,0.01933087600627914,0.1,3,True,
dose_response,0.02,54,MonotoneLSPIA,0.007282917180044059,4.4364512064022255e-13,0.055271863006055355,0.055271863006055355,,184,True,
dose_response,0.02,54,Penalized monotone B-spline,0.007199254203583435,4.4364512064022255e-13,0.06334440299542621,0.002899223007261753,0.01,14,True,Optimization terminated successfully
dose_response,0.02,54,pyGAM,0.006543517063576046,2.872602156145441e-10,0.14339090196881443,0.02481770300073549,0.1,3,True,
dose_response,0.02,55,MonotoneLSPIA,0.005930930319981361,0.0,0.05741831299383193,0.05741831299383193,,197,True,
dose_response,0.02,55,Penalized monotone B-spline,0.005800320477298881,0.0,0.06020787596935406,0.0031764389714226127,0.01,14,True,Optimization terminated successfully
dose_response,0.02,55,pyGAM,0.005301600660146277,0.0,0.1544423090526834,0.019744241959415376,0.1,3,True,
dose_response,0.02,56,MonotoneLSPIA,0.006548066628869443,0.0,0.051509378012269735,0.051509378012269735,,163,True,
dose_response,0.02,56,Penalized monotone B-spline,0.006533248334202491,0.0,0.062376992020290345,0.0026191709912382066,0.01,11,True,Optimization terminated successfully
dose_response,0.02,56,pyGAM,0.006183213827388991,0.0,0.15482335700653493,0.024290717963594943,0.01,2,True,
dose_response,0.02,57,MonotoneLSPIA,0.006365230338894398,3.3273384048013003e-13,0.05362977395998314,0.05362977395998314,,169,True,
dose_response,0.02,57,Penalized monotone B-spline,0.0062476254130558306,3.3273384048016694e-13,0.06594489701092243,0.0031490399851463735,0.01,13,True,Optimization terminated successfully
dose_response,0.02,57,pyGAM,0.005534515791643439,1.907674018752957e-10,0.15893470402806997,0.019293315999675542,0.1,3,True,
dose_response,0.02,58,MonotoneLSPIA,0.0071053743412734325,3.3273384048016694e-13,0.05512629798613489,0.05512629798613489,,175,True,
dose_response,0.02,58,Penalized monotone B-spline,0.0069520162363226334,2.2182256032011127e-13,0.0635220900294371,0.0026913589681498706,0.01,11,True,Optimization terminated successfully
dose_response,0.02,58,pyGAM,0.006123854969670274,0.0,0.14880204299697652,0.024640092975459993,0.1,3,True,
dose_response,0.02,59,MonotoneLSPIA,0.005678030945125989,3.3273384048016694e-13,0.04927027499070391,0.04927027499070391,,149,True,
dose_response,0.02,59,Penalized monotone B-spline,0.005550913257989316,3.3273384048016694e-13,0.0619259100058116,0.0031183009850792587,0.01,12,True,Optimization terminated successfully
dose_response,0.02,59,pyGAM,0.005249314509052377,2.6485613702221284e-10,0.1496356800198555,0.0195082770078443,0.1,2,True,
dose_response,0.02,60,MonotoneLSPIA,0.004609781911822136,0.0,0.06195481901522726,0.06195481901522726,,222,True,
dose_response,0.02,60,Penalized monotone B-spline,0.004592338750091659,0.0,0.06405971403000876,0.00298727402696386,0.01,12,True,Optimization terminated successfully
dose_response,0.02,60,pyGAM,0.004615714598850942,0.0,0.14909937500488013,0.019807311007753015,0.1,3,True,
dose_response,0.02,61,MonotoneLSPIA,0.0061845504775338905,0.0,0.05581226898357272,0.05581226898357272,,188,True,
dose_response,0.02,61,Penalized monotone B-spline,0.006151775724618783,0.0,0.061510904983151704,0.0027798169758170843,0.01,12,True,Optimization terminated successfully
dose_response,0.02,61,pyGAM,0.0061371382422718765,0.0,0.15897071495419368,0.019512541010044515,0.1,3,True,
dose_response,0.02,62,MonotoneLSPIA,0.004976698746717484,2.2182256032011127e-13,0.05304897896712646,0.05304897896712646,,172,True,
dose_response,0.02,62,Penalized monotone B-spline,0.004956118104901066,4.4364512064022255e-13,0.06221498898230493,0.0026237110141664743,0.01,11,True,Optimization terminated successfully
dose_response,0.02,62,pyGAM,0.0049581217869266465,2.794964260033092e-10,0.14707866200478747,0.02523196896072477,0.01,2,True,
dose_response,0.02,63,MonotoneLSPIA,0.00510616880111379,0.0,0.04948955599684268,0.04948955599684268,,147,True,
dose_response,0.02,63,Penalized monotone B-spline,0.005047621860718331,0.0,0.061966065026354045,0.002667312975972891,0.01,11,True,Optimization terminated successfully
dose_response,0.02,63,pyGAM,0.004605825270469812,0.0,0.15083186695119366,0.019928187015466392,0.1,3,True,
dose_response,0.02,64,MonotoneLSPIA,0.007106735800761698,5.198966257502491e-15,0.05476741003803909,0.05476741003803909,,176,True,
dose_response,0.02,64,Penalized monotone B-spline,0.0068836307638787,5.198966257502491e-15,0.06339329300681129,0.0028240360552445054,0.01,12,True,Optimization terminated successfully
dose_response,0.02,64,pyGAM,0.0061170968910347545,1.2344425481813935e-10,0.1567215269897133,0.01953205995960161,0.1,2,True,
dose_response,0.02,65,MonotoneLSPIA,0.0049155623569833015,4.436451206401733e-13,0.05372295097913593,0.05372295097913593,,169,True,
dose_response,0.02,65,Penalized monotone B-spline,0.0046971324466217775,3.3273384048016694e-13,0.0616299289977178,0.002965241961646825,0.01,13,True,Optimization terminated successfully
dose_response,0.02,65,pyGAM,0.004150983567320807,6.450600054108836e-10,0.14089542999863625,0.019763363990932703,0.1,2,True,
dose_response,0.02,66,MonotoneLSPIA,0.00504108020369406,4.4364512064022255e-13,0.05629965098341927,0.05629965098341927,,185,True,
dose_response,0.02,66,Penalized monotone B-spline,0.004631043867338067,3.3273384048016694e-13,0.06239930901210755,0.0027634180150926113,0.01,12,True,Optimization terminated successfully
dose_response,0.02,66,pyGAM,0.0029627466316325774,2.773891116802684e-10,0.14369495102437213,0.01948905800236389,0.1,3,True,
dose_response,0.02,67,MonotoneLSPIA,0.006492974879011786,4.4364512064022255e-13,0.05443748604739085,0.05443748604739085,,179,True,
dose_response,0.02,67,Penalized monotone B-spline,0.006275500628228479,3.3273384048016694e-13,0.06419258302776143,0.0030222100322134793,0.01,13,True,Optimization terminated successfully
dose_response,0.02,67,pyGAM,0.006089399092712527,4.833513589374689e-10,0.1481664020102471,0.025206084013916552,0.1,2,True,
dose_response,0.02,68,MonotoneLSPIA,0.0038140191454402624,0.0,0.0574349969974719,0.0574349969974719,,186,True,
dose_response,0.02,68,Penalized monotone B-spline,0.003733450716088945,0.0,0.06425298599060625,0.003248499007895589,0.01,16,True,Optimization terminated successfully
dose_response,0.02,68,pyGAM,0.0033084412160207816,0.0,0.14648355700774118,0.020351440995000303,0.1,2,True,
dose_response,0.02,69,MonotoneLSPIA,0.005743522751626999,0.0,0.05922855198150501,0.05922855198150501,,203,True,
dose_response,0.02,69,Penalized monotone B-spline,0.0055693086967759575,0.0,0.06122157600475475,0.0029140120022930205,0.01,12,True,Optimization terminated successfully
dose_response,0.02,69,pyGAM,0.005414729425986692,0.0,0.14329913799883798,0.019787281984463334,0.01,2,True,
dose_response,0.02,70,MonotoneLSPIA,0.005235172781766806,0.0,0.05828486604150385,0.05828486604150385,,198,True,
dose_response,0.02,70,Penalized monotone B-spline,0.0048795383508809485,0.0,0.06572095904266462,0.002824005961883813,0.01,13,True,Optimization terminated successfully
dose_response,0.02,70,pyGAM,0.004271044867854953,0.0,0.14482420001877472,0.024414763960521668,0.1,2,True,
dose_response,0.02,71,MonotoneLSPIA,0.0051692177478172,0.0,0.054531518020667136,0.054531518020667136,,179,True,
dose_response,0.02,71,Penalized monotone B-spline,0.005029354958935093,0.0,0.06091349897906184,0.0030755900079384446,0.01,13,True,Optimization terminated successfully
dose_response,0.02,71,pyGAM,0.004684228636811285,0.0,0.15396876900922507,0.019551362027414143,0.1,3,True,
dose_response,0.02,72,MonotoneLSPIA,0.006267754665698451,4.4364512064022255e-13,0.052439373976085335,0.052439373976085335,,166,True,
dose_response,0.02,72,Penalized monotone B-spline,0.006123850477254134,4.4364512064022255e-13,0.06262372096534818,0.0026148110046051443,0.01,11,True,Optimization terminated successfully
dose_response,0.02,72,pyGAM,0.005664638995073461,4.5961634498327055e-10,0.14989628904731944,0.024619982985313982,0.1,2,True,
dose_response,0.02,73,MonotoneLSPIA,0.005046393596911973,2.2182256032011127e-13,0.04897067398997024,0.04897067398997024,,147,True,
dose_response,0.02,73,Penalized monotone B-spline,0.004883819448694405,4.4364512064022255e-13,0.06702559196855873,0.002764962031506002,0.01,13,True,Optimization terminated successfully
dose_response,0.02,73,pyGAM,0.004559511905348351,3.8197844887118925e-10,0.15232206700602546,0.02916605304926634,0.1,2,True,
dose_response,0.02,74,MonotoneLSPIA,0.006200690163622281,0.0,0.059084509033709764,0.059084509033709764,,201,True,
dose_response,0.02,74,Penalized monotone B-spline,0.006086376715153691,0.0,0.06541941995965317,0.0031582299852743745,0.01,15,True,Optimization terminated successfully
dose_response,0.02,74,pyGAM,0.00560210112693668,0.0,0.1553228530101478,0.02088135899975896,0.1,2,True,
dose_response,0.02,75,MonotoneLSPIA,0.0042383316786454225,0.0,0.06045432097744197,0.06045432097744197,,211,True,
dose_response,0.02,75,Penalized monotone B-spline,0.003953694510376901,0.0,0.0613715440267697,0.003078759997151792,0.01,14,True,Optimization terminated successfully
dose_response,0.02,75,pyGAM,0.0031409466643985396,0.0,0.14419525198172778,0.02484142896719277,0.1,2,True,
dose_response,0.02,76,MonotoneLSPIA,0.00435941073429399,4.4364512064022255e-13,0.05078759096795693,0.05078759096795693,,152,True,
dose_response,0.02,76,Penalized monotone B-spline,0.004318661299039356,3.3273384048016694e-13,0.06499552697641775,0.0029007670236751437,0.01,13,True,Optimization terminated successfully
dose_response,0.02,76,pyGAM,0.003978771992236875,6.656895035206539e-10,0.16364997997879982,0.024411279009655118,0.1,3,True,
dose_response,0.02,77,MonotoneLSPIA,0.006522002848917719,4.436451206401733e-13,0.05094817001372576,0.05094817001372576,,160,True,
dose_response,0.02,77,Penalized monotone B-spline,0.006347417084797533,3.3273384048016694e-13,0.06279571499908343,0.002960016019642353,0.01,12,True,Optimization terminated successfully
dose_response,0.02,77,pyGAM,0.006056922473219481,2.5864510533324976e-10,0.1561065849964507,0.02439444704214111,0.1,3,True,
dose_response,0.02,78,MonotoneLSPIA,0.006653904253164166,1.6246769554695284e-16,0.05165615997975692,0.05165615997975692,,156,True,
dose_response,0.02,78,Penalized monotone B-spline,0.00640641557077801,3.7909128960955663e-16,0.06632402003742754,0.0031166920089162886,0.01,14,True,Optimization terminated successfully
dose_response,0.02,78,pyGAM,0.005046872480487396,2.1805157679466486e-10,0.1580032089841552,0.025212189997546375,0.1,3,True,
dose_response,0.02,79,MonotoneLSPIA,0.006630871985383762,0.0,0.05686018103733659,0.05686018103733659,,188,True,
dose_response,0.02,79,Penalized monotone B-spline,0.006584675048561451,0.0,0.06412847602041438,0.0030991469975560904,0.01,15,True,Optimization terminated successfully
dose_response,0.02,79,pyGAM,0.006238039007794764,0.0,0.15102899499470368,0.019971245026681572,0.1,3,True,
dose_response,0.02,80,MonotoneLSPIA,0.005394402817032291,3.3273384048016694e-13,0.04697465698700398,0.04697465698700398,,138,True,
dose_response,0.02,80,Penalized monotone B-spline,0.005218378525453069,3.3273384048016694e-13,0.060204176988918334,0.002850422984920442,0.01,13,True,Optimization terminated successfully
dose_response,0.02,80,pyGAM,0.0045912886702500055,1.0394605176599262e-09,0.14547401800518855,0.024816462013404816,0.1,2,True,
dose_response,0.02,81,MonotoneLSPIA,0.0065179603616778575,3.3273384048016694e-13,0.0553579920087941,0.0553579920087941,,178,True,
dose_response,0.02,81,Penalized monotone B-spline,0.006500097105435406,2.2182256032011127e-13,0.061721500009298325,0.0028601879603229463,0.01,11,True,Optimization terminated successfully
dose_response,0.02,81,pyGAM,0.006578869245806491,1.797871851394502e-10,0.14330751198576763,0.024702105030883104,0.1,2,True,
dose_response,0.02,82,MonotoneLSPIA,0.004675708520542364,0.0,0.05642319598700851,0.05642319598700851,,188,True,
dose_response,0.02,82,Penalized monotone B-spline,0.004523370734132485,0.0,0.061600085988175124,0.00283681700238958,0.01,12,True,Optimization terminated successfully
dose_response,0.02,82,pyGAM,0.0039527242257540425,0.0,0.14501694700447842,0.019280755950603634,0.1,3,True,
dose_response,0.02,83,MonotoneLSPIA,0.007120533626200423,0.0,0.06224850902799517,0.06224850902799517,,222,True,
dose_response,0.02,83,Penalized monotone B-spline,0.006836327646730652,0.0,0.06246101699071005,0.0028872989933006465,0.01,13,True,Optimization terminated successfully
dose_response,0.02,83,pyGAM,0.005832015296014113,0.0,0.15179307898506522,0.01930614496814087,0.1,3,True,
dose_response,0.02,84,MonotoneLSPIA,0.004689233447635244,3.4659775050016906e-15,0.054053327010478824,0.054053327010478824,,171,True,
dose_response,0.02,84,Penalized monotone B-spline,0.004646854356376642,5.198966257502491e-15,0.0642397070187144,0.00279127003159374,0.01,13,True,Optimization terminated successfully
dose_response,0.02,84,pyGAM,0.004647443881818371,1.5083934101767253e-10,0.15301762998569757,0.025330653006676584,0.1,3,True,
dose_response,0.02,85,MonotoneLSPIA,0.005921365643930231,4.4364512064022255e-13,0.05119181895861402,0.05119181895861402,,161,True,
dose_response,0.02,85,Penalized monotone B-spline,0.005845611607532746,3.3273384048016694e-13,0.06516429601470008,0.0028290170012041926,0.01,13,True,Optimization terminated successfully
dose_response,0.02,85,pyGAM,0.0055483399699504995,4.2967029934004364e-10,0.15309570298995823,0.023321240034420043,0.1,2,True,
dose_response,0.02,86,MonotoneLSPIA,0.008717514913998428,0.0,0.0590518270037137,0.0590518270037137,,217,True,
dose_response,0.02,86,Penalized monotone B-spline,0.008665561247226288,0.0,0.06305037398124114,0.0031811390072107315,0.01,15,True,Optimization terminated successfully
dose_response,0.02,86,pyGAM,0.008552266743043489,0.0,0.13074236694956198,0.019290488038677722,0.1,2,True,
dose_response,0.02,87,MonotoneLSPIA,0.0053993347394161485,0.0,0.0578121260041371,0.0578121260041371,,200,True,
dose_response,0.02,87,Penalized monotone B-spline,0.005245874774070587,0.0,0.06362101202830672,0.0027854079962708056,0.01,13,True,Optimization terminated successfully
dose_response,0.02,87,pyGAM,0.004704010294705007,0.0,0.14905875799013302,0.018928773002699018,0.1,2,True,
dose_response,0.02,88,MonotoneLSPIA,0.004621079737301454,4.4364512064022255e-13,0.05425123998429626,0.05425123998429626,,184,True,
dose_response,0.02,88,Penalized monotone B-spline,0.004589828081573834,4.4364512064022255e-13,0.06392570998286828,0.003816726035438478,0.01,16,True,Optimization terminated successfully
dose_response,0.02,88,pyGAM,0.007949290504616324,1.2466427889988872e-10,0.2046923459856771,0.019438793999142945,1.0,2,True,
dose_response,0.02,89,MonotoneLSPIA,0.007211327278871804,0.0,0.06318215798819438,0.06318215798819438,,189,True,
dose_response,0.02,89,Penalized monotone B-spline,0.007170990752031888,0.0,0.06392489594873041,0.002751058025751263,0.01,12,True,Optimization terminated successfully
dose_response,0.02,89,pyGAM,0.007305611612365545,0.0,0.14636948198312894,0.02395663200877607,0.1,3,True,
dose_response,0.02,90,MonotoneLSPIA,0.0043207475574846025,4.4364512064022255e-13,0.052722599008120596,0.052722599008120596,,178,True,
dose_response,0.02,90,Penalized monotone B-spline,0.004278590627928503,3.3273384048016694e-13,0.06118320900714025,0.0033604829804971814,0.01,16,True,Optimization terminated successfully
dose_response,0.02,90,pyGAM,0.004069422164210772,3.6844727269170485e-10,0.1425194840412587,0.02420224400702864,0.1,3,True,
dose_response,0.02,91,MonotoneLSPIA,0.006486645791669092,0.0,0.054805841005872935,0.054805841005872935,,194,True,
dose_response,0.02,91,Penalized monotone B-spline,0.006356147127600802,0.0,0.0646680420031771,0.0029297139844857156,0.01,14,True,Optimization terminated successfully
dose_response,0.02,91,pyGAM,0.005477175234203713,0.0,0.15367635694565251,0.02365744998678565,0.1,2,True,
dose_response,0.02,92,MonotoneLSPIA,0.005934541590068126,3.3273384048016694e-13,0.05232036602683365,0.05232036602683365,,179,True,
dose_response,0.02,92,Penalized monotone B-spline,0.005934551061585839,2.2182256032011127e-13,0.06179543596226722,0.002746904967352748,1e-08,13,True,Optimization terminated successfully
dose_response,0.02,92,pyGAM,0.005379642168587302,1.5682855014631868e-10,0.15621010505128652,0.023774233006406575,0.01,3,True,
dose_response,0.02,93,MonotoneLSPIA,0.0049798734588910746,4.4364512064022255e-13,0.05186363495886326,0.05186363495886326,,174,True,
dose_response,0.02,93,Penalized monotone B-spline,0.004730680434899039,3.3273384048016694e-13,0.060760667955037206,0.002817636006511748,0.01,14,True,Optimization terminated successfully
dose_response,0.02,93,pyGAM,0.004208401194431455,4.795803754120806e-10,0.14878221903927624,0.023528883000835776,0.1,2,True,
dose_response,0.02,94,MonotoneLSPIA,0.0040887171541743456,3.3273384048016694e-13,0.04791712696896866,0.04791712696896866,,147,True,
dose_response,0.02,94,Penalized monotone B-spline,0.004063223889108458,4.4364512064022255e-13,0.06192011496750638,0.0029134780052118003,0.01,13,True,Optimization terminated successfully
dose_response,0.02,94,pyGAM,0.003978872554005881,3.467086617803339e-10,0.14636570902075619,0.024510062008630484,0.1,2,True,
dose_response,0.02,95,MonotoneLSPIA,0.0037675056337273267,4.4364512064022255e-13,0.056726011040154845,0.056726011040154845,,200,True,
dose_response,0.02,95,Penalized monotone B-spline,0.003714621146619907,4.4364512064022255e-13,0.06304133700905368,0.002962932048831135,0.01,14,True,Optimization terminated successfully
dose_response,0.02,95,pyGAM,0.003389519259781494,3.859712549569936e-10,0.14215193700511009,0.019551226985640824,0.1,2,True,
dose_response,0.02,96,MonotoneLSPIA,0.009345905728025492,4.4364512064022255e-13,0.05230978300096467,0.05230978300096467,,176,True,
dose_response,0.02,96,Penalized monotone B-spline,0.009345904853593235,2.2182256032011127e-13,0.06366404495202005,0.0027160790050402284,1e-08,12,True,Optimization terminated successfully
dose_response,0.02,96,pyGAM,0.009249735309401434,2.344664462583576e-10,0.1539023220539093,0.028441768023185432,0.001,5,True,
dose_response,0.02,97,MonotoneLSPIA,0.004891780776271235,0.0,0.050075183040462434,0.050075183040462434,,169,True,
dose_response,0.02,97,Penalized monotone B-spline,0.00472140938708793,0.0,0.0643782249535434,0.0030033260118216276,0.01,14,True,Optimization terminated successfully
dose_response,0.02,97,pyGAM,0.00457725948244154,2.553177669284198e-10,0.15506699902471155,0.028696244000457227,0.1,3,True,
dose_response,0.02,98,MonotoneLSPIA,0.005769330814525759,4.4364512064022255e-13,0.05298077501356602,0.05298077501356602,,180,True,
dose_response,0.02,98,Penalized monotone B-spline,0.007584858916370025,0.0,0.05577827797969803,0.0018483379972167313,1.0,7,True,Optimization terminated successfully
dose_response,0.02,98,pyGAM,0.00754447585181761,0.0,0.14222604798851535,0.019469001970719546,1.0,2,True,
dose_response,0.02,99,MonotoneLSPIA,0.006054306867829764,3.3273384048016694e-13,0.051722851989325136,0.051722851989325136,,169,True,
dose_response,0.02,99,Penalized monotone B-spline,0.005928143119572947,4.4364512064022255e-13,0.06343658198602498,0.0028970810235477984,0.01,14,True,Optimization terminated successfully
dose_response,0.02,99,pyGAM,0.005596229069175191,2.2670265664715373e-10,0.14765795995481312,0.02884152199840173,0.1,2,True,
dose_response,0.02,100,MonotoneLSPIA,0.00604164880458026,0.0,0.051457519992254674,0.051457519992254674,,166,True,
dose_response,0.02,100,Penalized monotone B-spline,0.005964851191702856,0.0,0.06277441402198747,0.0027502989978529513,0.01,13,True,Optimization terminated successfully
dose_response,0.02,100,pyGAM,0.005852686586480463,0.0,0.14690191199770197,0.01889598899288103,0.1,2,True,
dose_response,0.05,1,MonotoneLSPIA,0.014001573075294937,0.0,0.0635013259598054,0.0635013259598054,,200,True,
dose_response,0.05,1,Penalized monotone B-spline,0.00931242272958354,0.0,0.06298177095595747,0.0018145399517379701,1.0,7,True,Optimization terminated successfully
dose_response,0.05,1,pyGAM,0.009239557194646952,0.0,0.12868473399430513,0.01397098897723481,1.0,3,True,
dose_response,0.05,2,MonotoneLSPIA,0.01173421121266882,4.4364512064022255e-13,0.04937675694236532,0.04937675694236532,,156,True,
dose_response,0.05,2,Penalized monotone B-spline,0.010585131478793714,4.4364512064022255e-13,0.06201282801339403,0.0025861930334940553,1.0,9,True,Optimization terminated successfully
dose_response,0.05,2,pyGAM,0.010687422272074655,1.7537291618907997e-09,0.14468179002869874,0.02444858301896602,1.0,3,True,
dose_response,0.05,3,MonotoneLSPIA,0.014556828263814672,0.0,0.05856127600418404,0.05856127600418404,,209,True,
dose_response,0.05,3,Penalized monotone B-spline,0.013941744879855288,0.0,0.0610341839492321,0.002182571974117309,1.0,9,True,Optimization terminated successfully
dose_response,0.05,3,pyGAM,0.013631730458825405,0.0,0.13527925097150728,0.019047189969569445,1.0,4,True,
dose_response,0.05,4,MonotoneLSPIA,0.014124083316603945,0.0,0.05840684601571411,0.05840684601571411,,203,True,
dose_response,0.05,4,Penalized monotone B-spline,0.011972186097291997,0.0,0.05844992701895535,0.001843310019467026,1.0,7,True,Optimization terminated successfully
dose_response,0.05,4,pyGAM,0.011962935837139258,0.0,0.12824897799873725,0.013311043963767588,1.0,3,True,
dose_response,0.05,5,MonotoneLSPIA,0.012771364744235677,3.3273384048016694e-13,0.047108653001487255,0.047108653001487255,,155,True,
dose_response,0.05,5,Penalized monotone B-spline,0.012847805344684902,0.0,0.062495485006365925,0.0030600560130551457,1.0,11,True,Optimization terminated successfully
dose_response,0.05,5,pyGAM,0.012520711905461893,0.0,0.1493376389844343,0.01818015397293493,1.0,4,True,
dose_response,0.05,6,MonotoneLSPIA,0.011256078324993958,4.4364512064022255e-13,0.03751758299767971,0.03751758299767971,,94,True,
dose_response,0.05,6,Penalized monotone B-spline,0.011560368686646925,4.4364512064022255e-13,0.058874729031231254,0.0022019959869794548,1.0,9,True,Optimization terminated successfully
dose_response,0.05,6,pyGAM,0.011554913762827615,2.02523997572256e-09,0.14206000498961657,0.018825362960342318,1.0,3,True,
dose_response,0.05,7,MonotoneLSPIA,0.013060073973395793,0.0,0.05220686102984473,0.05220686102984473,,181,True,
dose_response,0.05,7,Penalized monotone B-spline,0.011687771836761816,0.0,0.058137983025517315,0.0022900610347278416,1.0,9,True,Optimization terminated successfully
dose_response,0.05,7,pyGAM,0.01076734949716333,6.067956137556476e-10,0.14584374002879485,0.01812288601649925,1.0,3,True,
dose_response,0.05,8,MonotoneLSPIA,0.016697894172708897,3.3273384048016694e-13,0.03865469299489632,0.03865469299489632,,102,True,
dose_response,0.05,8,Penalized monotone B-spline,0.01598157132301899,2.2182256032011127e-13,0.05900429398752749,0.0025768939522095025,0.01,12,True,Optimization terminated successfully
dose_response,0.05,8,pyGAM,0.013347521846293536,1.5392267460612094e-09,0.1459856599685736,0.022460312000475824,0.1,3,True,
dose_response,0.05,9,MonotoneLSPIA,0.01455589679057775,0.0,0.04744499101070687,0.04744499101070687,,166,True,
dose_response,0.05,9,Penalized monotone B-spline,0.010717371904476932,0.0,0.056349606020376086,0.0023530860198661685,1.0,11,True,Optimization terminated successfully
dose_response,0.05,9,pyGAM,0.010567547607105215,0.0,0.12920642702374607,0.017678581993095577,1.0,2,True,
dose_response,0.05,10,MonotoneLSPIA,0.016277537555337604,0.0,0.04986550298053771,0.04986550298053771,,183,True,
dose_response,0.05,10,Penalized monotone B-spline,0.014398208497923294,0.0,0.05862525600241497,0.002223188988864422,1.0,9,True,Optimization terminated successfully
dose_response,0.05,10,pyGAM,0.014393150663218864,0.0,0.1249093150254339,0.017548859992530197,1.0,3,True,
dose_response,0.05,11,MonotoneLSPIA,0.012090785527370822,0.0,0.05041928996797651,0.05041928996797651,,179,True,
dose_response,0.05,11,Penalized monotone B-spline,0.012237616039355567,0.0,0.056219108984805644,0.002141473989468068,1.0,9,True,Optimization terminated successfully
dose_response,0.05,11,pyGAM,0.012217176818611048,0.0,0.13114969996968284,0.01810370502062142,1.0,3,True,
dose_response,0.05,12,MonotoneLSPIA,0.008728433571142634,1.7329887525008303e-15,0.050874145003035665,0.050874145003035665,,182,True,
dose_response,0.05,12,Penalized monotone B-spline,0.011304100344016162,1.2997415643756227e-15,0.05843779898714274,0.002175142988562584,1.0,10,True,Optimization terminated successfully
dose_response,0.05,12,pyGAM,0.011210201818444182,6.761151638556804e-10,0.13433538499521092,0.01764786697458476,1.0,3,True,
dose_response,0.05,13,MonotoneLSPIA,0.015164087921912206,0.0,0.050577838032040745,0.050577838032040745,,184,True,
dose_response,0.05,13,Penalized monotone B-spline,0.015489051757543717,0.0,0.05594342900440097,0.0019441409967839718,1.0,9,True,Optimization terminated successfully
dose_response,0.05,13,pyGAM,0.015365977628139845,0.0,0.11881729500601068,0.018292444001417607,1.0,3,True,
dose_response,0.05,14,MonotoneLSPIA,0.012227888745897118,4.4364512064022255e-13,0.047409026010427624,0.047409026010427624,,162,True,
dose_response,0.05,14,Penalized monotone B-spline,0.01419897326106199,4.4364512064022255e-13,0.05771735496819019,0.002278326021041721,1.0,10,True,Optimization terminated successfully
dose_response,0.05,14,pyGAM,0.014208334225417778,1.897692003538552e-09,0.13942660798784345,0.01813001895789057,1.0,2,True,
dose_response,0.05,15,MonotoneLSPIA,0.013681044355892708,4.4364512064022255e-13,0.042033444973640144,0.042033444973640144,,128,True,
dose_response,0.05,15,Penalized monotone B-spline,0.012748243079695562,3.3273384048016694e-13,0.057852135971188545,0.002083825005684048,1.0,9,True,Optimization terminated successfully
dose_response,0.05,15,pyGAM,0.012679196008695636,9.735792172448604e-10,0.1315547460108064,0.01773575699189678,1.0,3,True,
dose_response,0.05,16,MonotoneLSPIA,0.015537183700234448,0.0,0.051594222022686154,0.051594222022686154,,195,True,
dose_response,0.05,16,Penalized monotone B-spline,0.012474991629408622,0.0,0.053248050971888006,0.0021562610054388642,1.0,10,True,Optimization terminated successfully
dose_response,0.05,16,pyGAM,0.011937397076371042,0.0,0.12975097697926685,0.01777582202339545,1.0,3,True,
dose_response,0.05,17,MonotoneLSPIA,0.011367495496708869,3.3273384048016694e-13,0.04599726403830573,0.04599726403830573,,152,True,
dose_response,0.05,17,Penalized monotone B-spline,0.010846143537212149,4.4364512064022255e-13,0.057656374003272504,0.0025147339911200106,1.0,10,True,Optimization terminated successfully
dose_response,0.05,17,pyGAM,0.010328194122014455,1.9365109515945716e-09,0.13486275600735098,0.017627899011131376,1.0,2,True,
dose_response,0.05,18,MonotoneLSPIA,0.012227649728127605,4.4364512064022255e-13,0.044156291987746954,0.044156291987746954,,139,True,
dose_response,0.05,18,Penalized monotone B-spline,0.010215663648768842,4.4364512064022255e-13,0.056881935975980014,0.0020337969763204455,1.0,9,True,Optimization terminated successfully
dose_response,0.05,18,pyGAM,0.010015682478477285,3.1343527773231725e-10,0.13674461096525192,0.022918186034075916,1.0,3,True,
dose_response,0.05,19,MonotoneLSPIA,0.01723007443306218,0.0,0.04634043201804161,0.04634043201804161,,150,True,
dose_response,0.05,19,Penalized monotone B-spline,0.015458736658847214,0.0,0.05597075598780066,0.0022306530154310167,1.0,10,True,Optimization terminated successfully
dose_response,0.05,19,pyGAM,0.014741402551282442,0.0,0.11813514097593725,0.01253021799493581,1.0,4,True,
dose_response,0.05,20,MonotoneLSPIA,0.02253153610887014,8.664943762504347e-16,0.04439138399902731,0.04439138399902731,,159,True,
dose_response,0.05,20,Penalized monotone B-spline,0.019964638804428864,0.0,0.0535122980363667,0.002134388021659106,1.0,10,True,Optimization terminated successfully
dose_response,0.05,20,pyGAM,0.019958678832191143,0.0,0.14079691498773172,0.021515869011636823,1.0,3,True,
dose_response,0.05,21,MonotoneLSPIA,0.014395045274253728,3.3273384048016694e-13,0.043804370041470975,0.043804370041470975,,157,True,
dose_response,0.05,21,Penalized monotone B-spline,0.010588454363466747,3.3273384048016694e-13,0.0562456909683533,0.0019585060072131455,1.0,8,True,Optimization terminated successfully
dose_response,0.05,21,pyGAM,0.010308890815914143,1.321507903107063e-09,0.12888193497201428,0.02163190400460735,1.0,2,True,
dose_response,0.05,22,MonotoneLSPIA,0.009451937043149434,4.4364512064022255e-13,0.051166160963475704,0.051166160963475704,,199,True,
dose_response,0.05,22,Penalized monotone B-spline,0.012267523169109847,3.3273384048013003e-13,0.054529627959709615,0.001872034976258874,1.0,8,True,Optimization terminated successfully
dose_response,0.05,22,pyGAM,0.01225544516624253,1.0780576431557408e-10,0.13325241499114782,0.017087052983697504,1.0,4,True,
dose_response,0.05,23,MonotoneLSPIA,0.013671778063979022,3.3273384048016694e-13,0.04375288897426799,0.04375288897426799,,149,True,
dose_response,0.05,23,Penalized monotone B-spline,0.008709252948402293,3.3273384048016694e-13,0.052958860993385315,0.0017197050037793815,1.0,7,True,Optimization terminated successfully
dose_response,0.05,23,pyGAM,0.008699360867404773,3.671163373297434e-10,0.13047031196765602,0.016982580011244863,1.0,2,True,
dose_response,0.05,24,MonotoneLSPIA,0.01750765940862971,0.0,0.04573062399867922,0.04573062399867922,,161,True,
dose_response,0.05,24,Penalized monotone B-spline,0.01750765371556671,0.0,0.054275391972623765,0.002677702985238284,1e-08,15,True,Optimization terminated successfully
dose_response,0.05,24,pyGAM,0.013846007059478716,8.614479130030566e-10,0.12065357202664018,0.02551507402677089,1.0,2,True,
dose_response,0.05,25,MonotoneLSPIA,0.016828184589335056,2.2182256032011127e-13,0.0414722110144794,0.0414722110144794,,137,True,
dose_response,0.05,25,Penalized monotone B-spline,0.016334553039871722,2.2182256032011127e-13,0.05416289996355772,0.002595347003079951,0.01,13,True,Optimization terminated successfully
dose_response,0.05,25,pyGAM,0.016320469893572147,1.6658874280040356e-10,0.14575143798720092,0.02621018997160718,0.01,2,True,
dose_response,0.05,26,MonotoneLSPIA,0.016547765283025206,0.0,0.04921176901552826,0.04921176901552826,,179,True,
dose_response,0.05,26,Penalized monotone B-spline,0.014262854272364726,0.0,0.054638464003801346,0.002249928016681224,1.0,10,True,Optimization terminated successfully
dose_response,0.05,26,pyGAM,0.013989127955930361,0.0,0.11408333695726469,0.017169885046314448,1.0,3,True,
dose_response,0.05,27,MonotoneLSPIA,0.018127057650555653,6.931955010003333e-15,0.044753523950930685,0.044753523950930685,,151,True,
dose_response,0.05,27,Penalized monotone B-spline,0.01679780517366829,0.0,0.055067370005417615,0.002373000024817884,1.0,11,True,Optimization terminated successfully
dose_response,0.05,27,pyGAM,0.01785314349599722,4.049370838643519e-10,0.1243523089797236,0.022713276033755392,0.01,2,True,
dose_response,0.05,28,MonotoneLSPIA,0.018158200563156656,4.4364512064022255e-13,0.043447378964629024,0.043447378964629024,,144,True,
dose_response,0.05,28,Penalized monotone B-spline,0.01592141277787885,4.4364512064022255e-13,0.05656532902503386,0.0026895450428128242,1.0,13,True,Optimization terminated successfully
dose_response,0.05,28,pyGAM,0.0174170501534989,1.058759080407891e-09,0.13899809098802507,0.021732735040131956,0.1,4,True,
dose_response,0.05,29,MonotoneLSPIA,0.013755278501258754,0.0,0.04982866102363914,0.04982866102363914,,190,True,
dose_response,0.05,29,Penalized monotone B-spline,0.013656427286016494,0.0,0.05893427599221468,0.002642687992192805,0.01,13,True,Optimization terminated successfully
dose_response,0.05,29,pyGAM,0.013138714354114674,0.0,0.1325401670183055,0.01712307397974655,1.0,2,True,
dose_response,0.05,30,MonotoneLSPIA,0.014300927453553398,0.0,0.05099794000852853,0.05099794000852853,,196,True,
dose_response,0.05,30,Penalized monotone B-spline,0.012180648352343768,0.0,0.054178418999072164,0.0006221320363692939,1.0,1,True,Optimization terminated successfully
dose_response,0.05,30,pyGAM,0.012079683033405073,0.0,0.12567460199352354,0.013087581959553063,1.0,3,True,
dose_response,0.05,31,MonotoneLSPIA,0.009283993522663982,3.3273384048016694e-13,0.046518931980244815,0.046518931980244815,,161,True,
dose_response,0.05,31,Penalized monotone B-spline,0.005555722492809665,4.436451206401733e-13,0.056019256997387856,0.0023561969865113497,1.0,10,True,Optimization terminated successfully
dose_response,0.05,31,pyGAM,0.004880975769109063,1.3629887218869238e-09,0.1316113870125264,0.021646332985255867,1.0,3,True,
dose_response,0.05,32,MonotoneLSPIA,0.015813897711162865,3.3273384048013003e-13,0.03983157203765586,0.03983157203765586,,131,True,
dose_response,0.05,32,Penalized monotone B-spline,0.015614055907775284,3.3273384048016694e-13,0.05413791298633441,0.0022067949757911265,0.01,10,True,Optimization terminated successfully
dose_response,0.05,32,pyGAM,0.01434477377694762,3.476624987897104e-09,0.13741649995790794,0.020706217968836427,1.0,2,True,
dose_response,0.05,33,MonotoneLSPIA,0.01117939382092136,0.0,0.0475053780246526,0.0475053780246526,,184,True,
dose_response,0.05,33,Penalized monotone B-spline,0.01321649076707939,0.0,0.053092607005964965,0.002112860034685582,1.0,10,True,Optimization terminated successfully
dose_response,0.05,33,pyGAM,0.013186094189122696,0.0,0.12509971403051168,0.021062900021206588,1.0,3,True,
dose_response,0.05,34,MonotoneLSPIA,0.014352851955492154,0.0,0.04633649199968204,0.04633649199968204,,174,True,
dose_response,0.05,34,Penalized monotone B-spline,0.013134698457714386,0.0,0.05458950699539855,0.002183888980653137,1.0,10,True,Optimization terminated successfully
dose_response,0.05,34,pyGAM,0.01263979219079996,0.0,0.12747019703965634,0.0168820220278576,0.1,2,True,
dose_response,0.05,35,MonotoneLSPIA,0.007393127423541902,4.4364512064022255e-13,0.0392304040142335,0.0392304040142335,,135,True,
dose_response,0.05,35,Penalized monotone B-spline,0.007475427238645117,4.4364512064022255e-13,0.0514339369838126,0.0022187630529515445,1.0,11,True,Optimization terminated successfully
dose_response,0.05,35,pyGAM,0.007458994317992059,1.5793766294790171e-09,0.1262630489654839,0.016442777996417135,1.0,3,True,
dose_response,0.05,36,MonotoneLSPIA,0.012178417615145968,4.4364512064022255e-13,0.04139516002032906,0.04139516002032906,,141,True,
dose_response,0.05,36,Penalized monotone B-spline,0.011609424946905703,4.436451206401733e-13,0.05048466403968632,0.0016986400005407631,1.0,7,True,Optimization terminated successfully
dose_response,0.05,36,pyGAM,0.011619528383747448,3.2156507456801365e-09,0.13027303898707032,0.016237189003732055,1.0,3,True,
dose_response,0.05,37,MonotoneLSPIA,0.01238038533281291,3.3273384048016694e-13,0.04016319999936968,0.04016319999936968,,139,True,
dose_response,0.05,37,Penalized monotone B-spline,0.01214890879062755,3.3273384048016694e-13,0.05166881805052981,0.002242136048153043,0.01,12,True,Optimization terminated successfully
dose_response,0.05,37,pyGAM,0.010309339291184142,0.0,0.1437249060254544,0.02104865200817585,0.1,3,True,
dose_response,0.05,38,MonotoneLSPIA,0.011754435114056109,3.3273384048016694e-13,0.04651588696287945,0.04651588696287945,,175,True,
dose_response,0.05,38,Penalized monotone B-spline,0.013973979950510206,0.0,0.05539204704109579,0.0022192129981704056,1.0,11,True,Optimization terminated successfully
dose_response,0.05,38,pyGAM,0.014031701815378413,0.0,0.13066731800790876,0.02109624200966209,1.0,3,True,
dose_response,0.05,39,MonotoneLSPIA,0.015411576669402297,8.664943762504151e-15,0.04236666898941621,0.04236666898941621,,148,True,
dose_response,0.05,39,Penalized monotone B-spline,0.015371716066166788,5.198966257502491e-15,0.05327245302032679,0.0023423099773935974,0.01,12,True,Optimization terminated successfully
dose_response,0.05,39,pyGAM,0.012162034233703935,2.700689671897317e-10,0.13626029301667586,0.0168428790057078,1.0,4,True,
dose_response,0.05,40,MonotoneLSPIA,0.008184607054450534,0.0,0.043228973983787,0.043228973983787,,149,True,
dose_response,0.05,40,Penalized monotone B-spline,0.0070552891276827075,0.0,0.054476375982631,0.0017827890114858747,1.0,7,True,Optimization terminated successfully
dose_response,0.05,40,pyGAM,0.0068913620775111085,0.0,0.1249392430181615,0.021181212970986962,1.0,2,True,
dose_response,0.05,41,MonotoneLSPIA,0.01354266473313694,3.3273384048016694e-13,0.038042947999201715,0.038042947999201715,,120,True,
dose_response,0.05,41,Penalized monotone B-spline,0.01255592305880212,4.4364512064022255e-13,0.052947672025766224,0.0021486729965545237,1.0,10,True,Optimization terminated successfully
dose_response,0.05,41,pyGAM,0.0126145394215712,4.4087233863617224e-10,0.13546375004807487,0.02151160902576521,1.0,3,True,
dose_response,0.05,42,MonotoneLSPIA,0.010190378547373506,3.3273384048016694e-13,0.044853459985461086,0.044853459985461086,,160,True,
dose_response,0.05,42,Penalized monotone B-spline,0.011733881596486202,4.4364512064022255e-13,0.053891415998805314,0.0018333750194869936,1.0,8,True,Optimization terminated successfully
dose_response,0.05,42,pyGAM,0.011549511395028546,2.89034796097105e-10,0.1353317669709213,0.016251677996478975,1.0,3,True,
dose_response,0.05,43,MonotoneLSPIA,0.012932740077776991,3.4659775050016606e-15,0.03851418604608625,0.03851418604608625,,127,True,
dose_response,0.05,43,Penalized monotone B-spline,0.011221064199040117,2.5994831287512454e-15,0.052526699961163104,0.00215877901064232,1.0,10,True,Optimization terminated successfully
dose_response,0.05,43,pyGAM,0.011071371170238474,9.87775861105428e-10,0.12725748494267464,0.016309740021824837,1.0,2,True,
dose_response,0.05,44,MonotoneLSPIA,0.014211733078563932,4.4364512064022255e-13,0.04107992094941437,0.04107992094941437,,140,True,
dose_response,0.05,44,Penalized monotone B-spline,0.014379764707192084,2.2182256032011127e-13,0.05201091000344604,0.0018917429842986166,1.0,8,True,Optimization terminated successfully
dose_response,0.05,44,pyGAM,0.014377518325718498,4.96438889996409e-10,0.1444440740160644,0.025128570036031306,1.0,5,True,
dose_response,0.05,45,MonotoneLSPIA,0.014933914312131443,4.4364512064022255e-13,0.048801432945765555,0.048801432945765555,,187,True,
dose_response,0.05,45,Penalized monotone B-spline,0.016683741359477967,0.0,0.05436278402339667,0.00215713499346748,1.0,11,True,Optimization terminated successfully
dose_response,0.05,45,pyGAM,0.016666587480711047,0.0,0.11820677999639884,0.016722126048989594,1.0,3,True,
dose_response,0.05,46,MonotoneLSPIA,0.015231164983863395,0.0,0.04696057498222217,0.04696057498222217,,181,True,
dose_response,0.05,46,Penalized monotone B-spline,0.014771618727935032,0.0,0.05244948103791103,0.0023877969942986965,1.0,11,True,Optimization terminated successfully
dose_response,0.05,46,pyGAM,0.014563792073621313,0.0,0.10388246498769149,0.012156638025771827,1.0,3,True,
dose_response,0.05,47,MonotoneLSPIA,0.01327859739949726,3.3273384048016694e-13,0.0421201050048694,0.0421201050048694,,147,True,
dose_response,0.05,47,Penalized monotone B-spline,0.01278073855756649,3.3273384048016694e-13,0.05430126399733126,0.0027271590079180896,0.01,14,True,Optimization terminated successfully
dose_response,0.05,47,pyGAM,0.010320875100040075,1.4981895724020005e-09,0.12271045095985755,0.020880761032458395,0.1,2,True,
dose_response,0.05,48,MonotoneLSPIA,0.018565630343288717,0.0,0.04412139696069062,0.04412139696069062,,157,True,
dose_response,0.05,48,Penalized monotone B-spline,0.018147281385558114,0.0,0.05338871799176559,0.002714396978262812,0.01,15,True,Optimization terminated successfully
dose_response,0.05,48,pyGAM,0.015212204824978731,0.0,0.12782875000266358,0.020892646978609264,0.1,2,True,
dose_response,0.05,49,MonotoneLSPIA,0.014975743023418073,6.931955010003321e-15,0.04078139300690964,0.04078139300690964,,139,True,
dose_response,0.05,49,Penalized monotone B-spline,0.0146748295530041,6.931955010003477e-15,0.0523333849851042,0.002240237023215741,0.01,12,True,Optimization terminated successfully
dose_response,0.05,49,pyGAM,0.014553356976842282,1.7889989489816478e-09,0.130197619961109,0.01651127601508051,1.0,3,True,
dose_response,0.05,50,MonotoneLSPIA,0.013534855355889535,4.4364512064022255e-13,0.04113833699375391,0.04113833699375391,,140,True,
dose_response,0.05,50,Penalized monotone B-spline,0.012207191141419174,4.4364512064022255e-13,0.052847838029265404,0.002190707018598914,1.0,11,True,Optimization terminated successfully
dose_response,0.05,50,pyGAM,0.0119257599954934,0.0,0.13320006895810366,0.01694882003357634,1.0,3,True,
dose_response,0.05,51,MonotoneLSPIA,0.011377148198304298,3.3273384048016694e-13,0.04097292700316757,0.04097292700316757,,138,True,
dose_response,0.05,51,Penalized monotone B-spline,0.011599983232155553,0.0,0.0534832359990105,0.0020987229654565454,1.0,10,True,Optimization terminated successfully
dose_response,0.05,51,pyGAM,0.011401798456715411,0.0,0.13485983002465218,0.016426912043243647,1.0,3,True,
dose_response,0.05,52,MonotoneLSPIA,0.010812906652578422,0.0,0.04750549799064174,0.04750549799064174,,174,True,
dose_response,0.05,52,Penalized monotone B-spline,0.008142067914735197,0.0,0.05466633598553017,0.002029098046477884,1.0,8,True,Optimization terminated successfully
dose_response,0.05,52,pyGAM,0.008844716282185801,0.0,0.136854263022542,0.016626850003376603,0.1,3,True,
dose_response,0.05,53,MonotoneLSPIA,0.009680214167832437,3.3273384048016694e-13,0.04033484397223219,0.04033484397223219,,138,True,
dose_response,0.05,53,Penalized monotone B-spline,0.0055649260260811195,3.3273384048016694e-13,0.05481064599007368,0.002228462020866573,1.0,11,True,Optimization terminated successfully
dose_response,0.05,53,pyGAM,0.005589962467137818,1.2378807978663467e-09,0.1217829969828017,0.02113601699238643,1.0,2,True,
dose_response,0.05,54,MonotoneLSPIA,0.022185201044984195,4.4364512064022255e-13,0.045085172983817756,0.045085172983817756,,158,True,
dose_response,0.05,54,Penalized monotone B-spline,0.021817982308801994,3.3273384048016694e-13,0.05476281401934102,0.0023797830217517912,0.01,12,True,Optimization terminated successfully
dose_response,0.05,54,pyGAM,0.02182030826054838,1.5913550477364782e-09,0.12799848802387714,0.02060990600148216,0.01,2,True,
dose_response,0.05,55,MonotoneLSPIA,0.013918192026917929,0.0,0.04434326401678845,0.04434326401678845,,159,True,
dose_response,0.05,55,Penalized monotone B-spline,0.008522921133772864,0.0,0.054675817023962736,0.0021519800066016614,1.0,9,True,Optimization terminated successfully
dose_response,0.05,55,pyGAM,0.007596232458715724,0.0,0.13193999003851786,0.017184963973704726,1.0,4,True,
dose_response,0.05,56,MonotoneLSPIA,0.013263044143126995,4.4364512064022255e-13,0.0354089789907448,0.0354089789907448,,101,True,
dose_response,0.05,56,Penalized monotone B-spline,0.012271462089008202,1.2997415643756227e-15,0.05356528901029378,0.0022207549773156643,1.0,10,True,Optimization terminated successfully
dose_response,0.05,56,pyGAM,0.013170471044556245,5.699730687425141e-10,0.14063590700970963,0.025605176051612943,0.01,2,True,
dose_response,0.05,57,MonotoneLSPIA,0.015790564316797952,0.0,0.04771070700371638,0.04771070700371638,,180,True,
dose_response,0.05,57,Penalized monotone B-spline,0.014256913743550257,0.0,0.050487186992540956,0.002047124959062785,1.0,10,True,Optimization terminated successfully
dose_response,0.05,57,pyGAM,0.013979149999597146,0.0,0.11101227602921426,0.01700587203959003,1.0,3,True,
dose_response,0.05,58,MonotoneLSPIA,0.011086838836537148,0.0,0.04211668000789359,0.04211668000789359,,147,True,
dose_response,0.05,58,Penalized monotone B-spline,0.010987849407369842,0.0,0.04971722996560857,0.0024617229937575758,0.01,12,True,Optimization terminated successfully
dose_response,0.05,58,pyGAM,0.006078818585934388,0.0,0.12929933099076152,0.02101334201870486,1.0,3,True,
dose_response,0.05,59,MonotoneLSPIA,0.01274533065700385,0.0,0.04691505298251286,0.04691505298251286,,174,True,
dose_response,0.05,59,Penalized monotone B-spline,0.01032320640131259,0.0,0.052297252987045795,0.0022031429689377546,1.0,10,True,Optimization terminated successfully
dose_response,0.05,59,pyGAM,0.009934351508076582,0.0,0.1229070489644073,0.01722243503900245,1.0,3,True,
dose_response,0.05,60,MonotoneLSPIA,0.009017887948317012,3.3273384048016694e-13,0.04130897199502215,0.04130897199502215,,140,True,
dose_response,0.05,60,Penalized monotone B-spline,0.00970987153716549,3.3273384048013003e-13,0.050458899000659585,0.002171982021536678,1.0,9,True,Optimization terminated successfully
dose_response,0.05,60,pyGAM,0.009743963612438405,2.2594845994206534e-09,0.1218799400376156,0.020754338009282947,1.0,2,True,
dose_response,0.05,61,MonotoneLSPIA,0.01357626975319713,3.4659775050016606e-15,0.04405265598325059,0.04405265598325059,,161,True,
dose_response,0.05,61,Penalized monotone B-spline,0.012381106599093078,5.198966257502491e-15,0.05444267200073227,0.0021413200302049518,1.0,10,True,Optimization terminated successfully
dose_response,0.05,61,pyGAM,0.012174134621776887,1.2545174898903546e-09,0.1310216569690965,0.016261468001175672,1.0,3,True,
dose_response,0.05,62,MonotoneLSPIA,0.013704423515859486,0.0,0.04761492396937683,0.04761492396937683,,183,True,
dose_response,0.05,62,Penalized monotone B-spline,0.013495422669483274,0.0,0.05407295294571668,0.0020264940103515983,1.0,9,True,Optimization terminated successfully
dose_response,0.05,62,pyGAM,0.01329915832138134,0.0,0.1269672240014188,0.0207917969673872,1.0,3,True,
dose_response,0.05,63,MonotoneLSPIA,0.013717305650671863,4.4364512064022255e-13,0.050816481991205364,0.050816481991205364,,204,True,
dose_response,0.05,63,Penalized monotone B-spline,0.010078381272273222,2.2182256032011127e-13,0.05171013297513127,0.0019503810326568782,1.0,9,True,Optimization terminated successfully
dose_response,0.05,63,pyGAM,0.0099735524681881,1.0849341425256642e-09,0.1217967010452412,0.016362825001124293,1.0,3,True,
dose_response,0.05,64,MonotoneLSPIA,0.015073254268416904,0.0,0.048174761002883315,0.048174761002883315,,190,True,
dose_response,0.05,64,Penalized monotone B-spline,0.01530123554183411,0.0,0.04850033001275733,0.0005782120279036462,1.0,1,True,Optimization terminated successfully
dose_response,0.05,64,pyGAM,0.014820334656592413,0.0,0.10837989900028333,0.012596221000421792,1.0,3,True,
dose_response,0.05,65,MonotoneLSPIA,0.011370516466263143,4.4364512064022255e-13,0.0421050590230152,0.0421050590230152,,143,True,
dose_response,0.05,65,Penalized monotone B-spline,0.00960542794362794,2.2182256032011127e-13,0.05354315001750365,0.0027555759879760444,1.0,14,True,Optimization terminated successfully
dose_response,0.05,65,pyGAM,0.009580765450557433,8.520204541895474e-10,0.12967664300231263,0.021215211017988622,1.0,4,True,
dose_response,0.05,66,MonotoneLSPIA,0.014941804891695637,0.0,0.04554521897807717,0.04554521897807717,,166,True,
dose_response,0.05,66,Penalized monotone B-spline,0.014501970703315813,6.065460633752906e-15,0.051034780975896865,0.0019394719856791198,1.0,9,True,Optimization terminated successfully
dose_response,0.05,66,pyGAM,0.014387517749405153,3.0367508507822394e-10,0.11941232800018042,0.02035025297664106,1.0,4,True,
dose_response,0.05,67,MonotoneLSPIA,0.011822355959594308,0.0,0.04896012501558289,0.04896012501558289,,203,True,
dose_response,0.05,67,Penalized monotone B-spline,0.010904623255280936,0.0,0.052538897027261555,0.0019293680088594556,1.0,9,True,Optimization terminated successfully
dose_response,0.05,67,pyGAM,0.010737574266400986,0.0,0.10938911401899531,0.016015956993214786,1.0,3,True,
dose_response,0.05,68,MonotoneLSPIA,0.009375769318050202,3.3273384048016694e-13,0.04044074798002839,0.04044074798002839,,143,True,
dose_response,0.05,68,Penalized monotone B-spline,0.007100820430414291,0.0,0.05561637197388336,0.0021745029953308403,1.0,10,True,Optimization terminated successfully
dose_response,0.05,68,pyGAM,0.0071252297796535425,0.0,0.14097782201133668,0.016588092024903744,1.0,3,True,
dose_response,0.05,69,MonotoneLSPIA,0.011000304149799042,2.5994831287512454e-15,0.0427469770074822,0.0427469770074822,,150,True,
dose_response,0.05,69,Penalized monotone B-spline,0.011000305866761447,3.4659775050016606e-15,0.05253883596742526,0.0025076810270547867,1e-08,14,True,Optimization terminated successfully
dose_response,0.05,69,pyGAM,0.009447585437811892,6.940827912416138e-10,0.1275748210027814,0.020407620002515614,0.1,3,True,
dose_response,0.05,70,MonotoneLSPIA,0.016458910387616387,0.0,0.046975784993264824,0.046975784993264824,,189,True,
dose_response,0.05,70,Penalized monotone B-spline,0.018383273183950034,0.0,0.05386839696438983,0.0018901959992945194,1.0,9,True,Optimization terminated successfully
dose_response,0.05,70,pyGAM,0.018301796613725788,0.0,0.10816477495245636,0.020742585009429604,1.0,2,True,
dose_response,0.05,71,MonotoneLSPIA,0.012244643843536691,3.3273384048016694e-13,0.03888234996702522,0.03888234996702522,,133,True,
dose_response,0.05,71,Penalized monotone B-spline,0.00982517922080388,3.3273384048016694e-13,0.04939024103805423,0.0020315390429459512,1.0,10,True,Optimization terminated successfully
dose_response,0.05,71,pyGAM,0.009826745172450649,2.2710193725572993e-09,0.1271311390446499,0.02042958402307704,1.0,3,True,
dose_response,0.05,72,MonotoneLSPIA,0.014020672432742161,0.0,0.04573108599288389,0.04573108599288389,,177,True,
dose_response,0.05,72,Penalized monotone B-spline,0.013827929305245653,0.0,0.05322622403036803,0.002431351982522756,0.01,13,True,Optimization terminated successfully
dose_response,0.05,72,pyGAM,0.012467809790520683,2.062949810977035e-10,0.12380487401969731,0.020523631013929844,0.1,3,True,
dose_response,0.05,73,MonotoneLSPIA,0.01756118829267068,1.3863910020006762e-14,0.043893467052839696,0.043893467052839696,,172,True,
dose_response,0.05,73,Penalized monotone B-spline,0.017225021175622898,0.0,0.05208222597138956,0.0020935580250807106,1.0,10,True,Optimization terminated successfully
dose_response,0.05,73,pyGAM,0.017314128561743605,0.0,0.12118549196748063,0.020422901958227158,1.0,4,True,
dose_response,0.05,74,MonotoneLSPIA,0.017506381541509783,0.0,0.058597609982825816,0.058597609982825816,,238,True,
dose_response,0.05,74,Penalized monotone B-spline,0.015980338280220094,0.0,0.048381555010564625,0.0007193899946287274,1.0,1,True,Optimization terminated successfully
dose_response,0.05,74,pyGAM,0.015603090191556285,0.0,0.10492182994494215,0.011348467029165477,1.0,3,True,
dose_response,0.05,75,MonotoneLSPIA,0.019108795183232916,3.3273384048016694e-13,0.035157872014679015,0.035157872014679015,,104,True,
dose_response,0.05,75,Penalized monotone B-spline,0.01889576730803223,4.4364512064022255e-13,0.05284006899455562,0.002430831955280155,0.01,13,True,Optimization terminated successfully
dose_response,0.05,75,pyGAM,0.018306282686612003,9.233364073324632e-10,0.11879857501480728,0.02025295200292021,0.01,4,True,
dose_response,0.05,76,MonotoneLSPIA,0.013272335221330768,3.3273384048016694e-13,0.04008931003045291,0.04008931003045291,,139,True,
dose_response,0.05,76,Penalized monotone B-spline,0.010323217126945875,2.5994831287512454e-15,0.0508238110342063,0.0022217719815671444,1.0,11,True,Optimization terminated successfully
dose_response,0.05,76,pyGAM,0.009670452310051134,1.1746613681751168e-09,0.11907006200635806,0.0159084849874489,1.0,3,True,
dose_response,0.05,77,MonotoneLSPIA,0.01097165043009383,0.0,0.045772536017466336,0.045772536017466336,,183,True,
dose_response,0.05,77,Penalized monotone B-spline,0.010804753895072561,0.0,0.053231879021041095,0.0019395729759708047,1.0,10,True,Optimization terminated successfully
dose_response,0.05,77,pyGAM,0.010632980382214116,0.0,0.11877966299653053,0.016074614017270505,1.0,3,True,
dose_response,0.05,78,MonotoneLSPIA,0.009781893486563513,1.7329887525008453e-15,0.042831381026189774,0.042831381026189774,,162,True,
dose_response,0.05,78,Penalized monotone B-spline,0.0074163064830041776,1.7329887525008303e-15,0.05169911700068042,0.002164322999306023,1.0,10,True,Optimization terminated successfully
dose_response,0.05,78,pyGAM,0.0073759794809263165,1.2073801958223323e-09,0.12737821298651397,0.01590032799867913,1.0,3,True,
dose_response,0.05,79,MonotoneLSPIA,0.011624608139475965,3.4659775050016547e-15,0.04103419097373262,0.04103419097373262,,150,True,
dose_response,0.05,79,Penalized monotone B-spline,0.011502737257800422,4.332471881252076e-15,0.05294871097430587,0.0023186219623312354,0.01,13,True,Optimization terminated successfully
dose_response,0.05,79,pyGAM,0.010787273487816227,7.459892703565239e-10,0.12299639399861917,0.021059405989944935,0.1,3,True,
dose_response,0.05,80,MonotoneLSPIA,0.013808579460502382,2.166235940626038e-15,0.039892386994324625,0.039892386994324625,,143,True,
dose_response,0.05,80,Penalized monotone B-spline,0.012288496732151447,2.5994831287512454e-15,0.05372138100210577,0.0018111619865521789,1.0,8,True,Optimization terminated successfully
dose_response,0.05,80,pyGAM,0.012278524386457525,4.171373246819577e-10,0.12986719701439142,0.01620340399676934,1.0,3,True,
dose_response,0.05,81,MonotoneLSPIA,0.016772916894764903,3.3273384048016694e-13,0.04129386902786791,0.04129386902786791,,147,True,
dose_response,0.05,81,Penalized monotone B-spline,0.012864473414322326,3.3273384048016694e-13,0.04849002696573734,0.002040246967226267,1.0,8,True,Optimization terminated successfully
dose_response,0.05,81,pyGAM,0.01437479317114805,8.347182944845787e-10,0.14030452503357083,0.020075299020390958,0.1,3,True,
dose_response,0.05,82,MonotoneLSPIA,0.016293382692933317,0.0,0.04791976895648986,0.04791976895648986,,195,True,
dose_response,0.05,82,Penalized monotone B-spline,0.014211342966020132,0.0,0.05292064999230206,0.0019543080125004053,1.0,10,True,Optimization terminated successfully
dose_response,0.05,82,pyGAM,0.015251875016254933,0.0,0.10577059502247721,0.016156480996869504,0.1,3,True,
dose_response,0.05,83,MonotoneLSPIA,0.012714906516465146,2.2182256032011127e-13,0.03852694103261456,0.03852694103261456,,131,True,
dose_response,0.05,83,Penalized monotone B-spline,0.01188735696522126,0.0,0.05143243301426992,0.001980154018383473,1.0,10,True,Optimization terminated successfully
dose_response,0.05,83,pyGAM,0.011373516934909287,0.0,0.12522675498621538,0.021223074989393353,1.0,4,True,
dose_response,0.05,84,MonotoneLSPIA,0.013713746936202474,3.3273384048016694e-13,0.04338989098323509,0.04338989098323509,,154,True,
dose_response,0.05,84,Penalized monotone B-spline,0.013638167755028565,4.4364512064022255e-13,0.05291550402762368,0.002348938025534153,1.0,9,True,Optimization terminated successfully
dose_response,0.05,84,pyGAM,0.013640447002727454,8.07323208285045e-10,0.1541466600028798,0.017780533991754055,1.0,3,True,
dose_response,0.05,85,MonotoneLSPIA,0.014107283887418772,3.249353910939085e-16,0.04814824997447431,0.04814824997447431,,189,True,
dose_response,0.05,85,Penalized monotone B-spline,0.01323628615526182,0.0,0.05362523900112137,0.0018996410071849823,1.0,9,True,Optimization terminated successfully
dose_response,0.05,85,pyGAM,0.013003844135456074,0.0,0.11583474499639124,0.01607690198579803,1.0,3,True,
dose_response,0.05,86,MonotoneLSPIA,0.013653185281641085,2.2182256032011127e-13,0.04218408896122128,0.04218408896122128,,153,True,
dose_response,0.05,86,Penalized monotone B-spline,0.013224604284521421,0.0,0.050534579961095005,0.00201432901667431,1.0,10,True,Optimization terminated successfully
dose_response,0.05,86,pyGAM,0.01323411331727408,0.0,0.131513761007227,0.020425164024345577,1.0,3,True,
dose_response,0.05,87,MonotoneLSPIA,0.01458535689063009,4.4364512064022255e-13,0.04462345200590789,0.04462345200590789,,168,True,
dose_response,0.05,87,Penalized monotone B-spline,0.012980830335247726,4.4364512064022255e-13,0.054275211005005985,0.0019880419713445008,1.0,9,True,Optimization terminated successfully
dose_response,0.05,87,pyGAM,0.012971391767940507,1.570725549626708e-09,0.11869057000149041,0.01596883498132229,1.0,2,True,
dose_response,0.05,88,MonotoneLSPIA,0.014336212044015032,4.4364512064022255e-13,0.04219752998324111,0.04219752998324111,,156,True,
dose_response,0.05,88,Penalized monotone B-spline,0.014212105514913913,4.4364512064022255e-13,0.05147730902535841,0.0023467880091629922,0.01,13,True,Optimization terminated successfully
dose_response,0.05,88,pyGAM,0.013991087131724084,2.5006057224886143e-09,0.12286384997423738,0.020081766997464,1.0,2,True,
dose_response,0.05,89,MonotoneLSPIA,0.012003155215528697,4.4364512064022255e-13,0.0378553299815394,0.0378553299815394,,125,True,
dose_response,0.05,89,Penalized monotone B-spline,0.013417767257139643,4.4364512064022255e-13,0.05133510002633557,0.002058361016679555,1.0,10,True,Optimization terminated successfully
dose_response,0.05,89,pyGAM,0.013067862151036941,1.5163790223482806e-09,0.12520877795759588,0.021313820034265518,1.0,2,True,
dose_response,0.05,90,MonotoneLSPIA,0.017329871117468244,4.4364512064022255e-13,0.13181321398587897,0.13181321398587897,,154,True,
dose_response,0.05,90,Penalized monotone B-spline,0.015410120668922639,0.0,0.06413127604173496,0.002352440031245351,1.0,12,True,Optimization terminated successfully
dose_response,0.05,90,pyGAM,0.015083176961862213,0.0,0.13133297598687932,0.01628241001162678,1.0,3,True,
dose_response,0.05,91,MonotoneLSPIA,0.01614839984176896,3.3273384048016694e-13,0.037476549041457474,0.037476549041457474,,118,True,
dose_response,0.05,91,Penalized monotone B-spline,0.01614838203447073,3.3273384048016694e-13,0.04877350898459554,0.0020903030526824296,1e-08,11,True,Optimization terminated successfully
dose_response,0.05,91,pyGAM,0.015431081649157876,1.5864749514094359e-09,0.12652409600559622,0.021049765986390412,1.0,3,True,
dose_response,0.05,92,MonotoneLSPIA,0.01889901927210514,0.0,0.043309644039254636,0.043309644039254636,,164,True,
dose_response,0.05,92,Penalized monotone B-spline,0.013667490193320255,0.0,0.04978859401308,0.0022084179800003767,1.0,11,True,Optimization terminated successfully
dose_response,0.05,92,pyGAM,0.013059760285786795,0.0,0.11917972995433956,0.015975121001247317,1.0,3,True,
dose_response,0.05,93,MonotoneLSPIA,0.013432401056794222,3.3273384048016694e-13,0.036157604947220534,0.036157604947220534,,109,True,
dose_response,0.05,93,Penalized monotone B-spline,0.01368019537744386,3.3273384048016694e-13,0.049543777015060186,0.0024134699488058686,1.0,12,True,Optimization terminated successfully
dose_response,0.05,93,pyGAM,0.01372271551536091,1.8464509921046062e-09,0.12756767799146473,0.020839269971475005,1.0,2,True,
dose_response,0.05,94,MonotoneLSPIA,0.01826890200271214,3.3273384048016694e-13,0.038344932021573186,0.038344932021573186,,129,True,
dose_response,0.05,94,Penalized monotone B-spline,0.016535139116427084,2.5994831287512454e-15,0.05100698000751436,0.0022258980316109955,1.0,10,True,Optimization terminated successfully
dose_response,0.05,94,pyGAM,0.015986569688450476,9.551679447383727e-10,0.11476561095332727,0.020178802020382136,1.0,2,True,
dose_response,0.05,95,MonotoneLSPIA,0.016489060150078172,3.3273384048016694e-13,0.04172186698997393,0.04172186698997393,,138,True,
dose_response,0.05,95,Penalized monotone B-spline,0.01238134618794095,3.3273384048016694e-13,0.051344581006560475,0.001821629994083196,1.0,8,True,Optimization terminated successfully
dose_response,0.05,95,pyGAM,0.012259724663015137,1.1386152021231312e-09,0.11962687398772687,0.020462791027966887,1.0,2,True,
dose_response,0.05,96,MonotoneLSPIA,0.014496806825071897,0.0,0.04634848702698946,0.04634848702698946,,185,True,
dose_response,0.05,96,Penalized monotone B-spline,0.01002904851219275,0.0,0.04999001295072958,0.0005643930053338408,1.0,1,True,Optimization terminated successfully
dose_response,0.05,96,pyGAM,0.009463210367218665,0.0,0.10614802100462839,0.011467595992144197,1.0,3,True,
dose_response,0.05,97,MonotoneLSPIA,0.008800055264707927,4.436451206401733e-13,0.04097093298332766,0.04097093298332766,,135,True,
dose_response,0.05,97,Penalized monotone B-spline,0.010192046313176282,3.3273384048016694e-13,0.05008405901025981,0.0019225840223953128,1.0,9,True,Optimization terminated successfully
dose_response,0.05,97,pyGAM,0.010193224701405407,2.129274756512748e-09,0.12227352900663391,0.016268942039459944,1.0,2,True,
dose_response,0.05,98,MonotoneLSPIA,0.012497376814216818,3.3273384048016694e-13,0.03646060201572254,0.03646060201572254,,113,True,
dose_response,0.05,98,Penalized monotone B-spline,0.010636948556573699,3.3273384048016694e-13,0.053124816971831024,0.0019302889704704285,1.0,8,True,Optimization terminated successfully
dose_response,0.05,98,pyGAM,0.010652752815631408,1.1703358282488747e-09,0.12850425601936877,0.020506178960204124,1.0,2,True,
dose_response,0.05,99,MonotoneLSPIA,0.012958460840421014,3.3273384048016694e-13,0.037993321020621806,0.037993321020621806,,124,True,
dose_response,0.05,99,Penalized monotone B-spline,0.01459555025820116,4.4364512064022255e-13,0.05058847100008279,0.0018719150102697313,1.0,9,True,Optimization terminated successfully
dose_response,0.05,99,pyGAM,0.014598443953305857,2.920515829174585e-09,0.12111860699951649,0.025294477003626525,1.0,2,True,
dose_response,0.05,100,MonotoneLSPIA,0.011088298415951665,4.4364512064022255e-13,0.037739009014330804,0.037739009014330804,,124,True,
dose_response,0.05,100,Penalized monotone B-spline,0.009825821109119379,2.2182256032011127e-13,0.05267885298235342,0.002367309993132949,1.0,12,True,Optimization terminated successfully
dose_response,0.05,100,pyGAM,0.00984560080191887,1.2433154505942238e-09,0.123097161995247,0.020245231979060918,1.0,3,True,
dose_response,0.1,1,MonotoneLSPIA,0.014714628631655992,0.0,0.048569025995675474,0.048569025995675474,,166,True,
dose_response,0.1,1,Penalized monotone B-spline,0.014392300680436683,0.0,0.05730769003275782,0.002264076960273087,1.0,10,True,Optimization terminated successfully
dose_response,0.1,1,pyGAM,0.014295148036857134,0.0,0.12017177103552967,0.020463416003622115,1.0,4,True,
dose_response,0.1,2,MonotoneLSPIA,0.023957784112039835,4.332471881252113e-16,0.039098726003430784,0.039098726003430784,,132,True,
dose_response,0.1,2,Penalized monotone B-spline,0.018605008771201744,0.0,0.05067843903088942,0.0017820840002968907,1.0,8,True,Optimization terminated successfully
dose_response,0.1,2,pyGAM,0.01774585297089152,0.0,0.11507385299773887,0.016130943957250565,1.0,3,True,
dose_response,0.1,3,MonotoneLSPIA,0.02574953784587055,0.0,0.043636119982693344,0.043636119982693344,,163,True,
dose_response,0.1,3,Penalized monotone B-spline,0.02225126062221751,0.0,0.05187308101449162,0.0019364210311323404,1.0,10,True,Optimization terminated successfully
dose_response,0.1,3,pyGAM,0.033933163607597704,0.0,0.12383333797333762,0.016467939014546573,10.0,4,True,
dose_response,0.1,4,MonotoneLSPIA,0.03351301758286777,3.3273384048016694e-13,0.038635750010143965,0.038635750010143965,,131,True,
dose_response,0.1,4,Penalized monotone B-spline,0.031177235690899106,2.0795865030009963e-14,0.04890975001035258,0.0022129449644126,1.0,11,True,Optimization terminated successfully
dose_response,0.1,4,pyGAM,0.03012452776386881,1.7593856371789138e-09,0.12268879497423768,0.020920974027831107,1.0,4,True,
dose_response,0.1,5,MonotoneLSPIA,0.022575011810694785,4.4364512064022255e-13,0.041529999987687916,0.041529999987687916,,152,True,
dose_response,0.1,5,Penalized monotone B-spline,0.022186488335276634,4.4364512064022255e-13,0.05278958799317479,0.0022917449823580682,0.01,12,True,Optimization terminated successfully
dose_response,0.1,5,pyGAM,0.014562110003983142,1.0749521273112592e-09,0.11818270100047812,0.01592979399720207,1.0,3,True,
dose_response,0.1,6,MonotoneLSPIA,0.03310268366002407,5.545564008002167e-13,0.030030630994588137,0.030030630994588137,,73,True,
dose_response,0.1,6,Penalized monotone B-spline,0.03056571368566221,3.3273384048016694e-13,0.047806266986299306,0.0023778550093993545,1.0,12,True,Optimization terminated successfully
dose_response,0.1,6,pyGAM,0.03039204878775527,4.5837413864547795e-09,0.1316133560030721,0.024458011030219495,0.1,2,True,
dose_response,0.1,7,MonotoneLSPIA,0.0313854955451552,3.3273384048016694e-13,0.03805892000673339,0.03805892000673339,,123,True,
dose_response,0.1,7,Penalized monotone B-spline,0.02782279394839581,4.4364512064022255e-13,0.05074646801222116,0.0025342010194435716,1.0,12,True,Optimization terminated successfully
dose_response,0.1,7,pyGAM,0.027275859417729344,2.5081476895394983e-09,0.13572839798871428,0.024381318013183773,1.0,4,True,
dose_response,0.1,8,MonotoneLSPIA,0.0224411459371456,4.436451206401733e-13,0.039709515986032784,0.039709515986032784,,132,True,
dose_response,0.1,8,Penalized monotone B-spline,0.0208923785963965,0.0,0.0528058169875294,0.0031010620296001434,1.0,18,True,Optimization terminated successfully
dose_response,0.1,8,pyGAM,0.02159528520472808,1.8064120199668262e-09,0.13668280298588797,0.02127275598468259,0.1,2,True,
dose_response,0.1,9,MonotoneLSPIA,0.024711704850087488,4.4364512064022255e-13,0.03708667401224375,0.03708667401224375,,114,True,
dose_response,0.1,9,Penalized monotone B-spline,0.02256144168221007,4.4364512064022255e-13,0.04694005800411105,0.0018298049690201879,1.0,8,True,Optimization terminated successfully
dose_response,0.1,9,pyGAM,0.022541421357971225,4.320881652475387e-09,0.1260680429986678,0.020433589990716428,1.0,2,True,
dose_response,0.1,10,MonotoneLSPIA,0.027044010152486794,3.3273384048016694e-13,0.03714654198847711,0.03714654198847711,,118,True,
dose_response,0.1,10,Penalized monotone B-spline,0.027044036900057498,2.2182256032011127e-13,0.044318535015918314,0.002006116963457316,1e-08,10,True,Optimization terminated successfully
dose_response,0.1,10,pyGAM,0.026508673461002635,1.9290798958238477e-09,0.1279520129901357,0.020368477038573474,0.01,2,True,
dose_response,0.1,11,MonotoneLSPIA,0.023128812198840196,3.3273384048016694e-13,0.04012062097899616,0.04012062097899616,,139,True,
dose_response,0.1,11,Penalized monotone B-spline,0.01944928809010744,3.3273384048016694e-13,0.05093427002429962,0.002100554993376136,1.0,10,True,Optimization terminated successfully
dose_response,0.1,11,pyGAM,0.019312971409237798,3.858603436767908e-09,0.12699910101946443,0.016008199017960578,1.0,3,True,
dose_response,0.1,12,MonotoneLSPIA,0.023788212094957937,4.4364512064022255e-13,0.04343503399286419,0.04343503399286419,,160,True,
dose_response,0.1,12,Penalized monotone B-spline,0.023271600310019548,4.4364512064022255e-13,0.05431916599627584,0.0023229660000652075,1.0,10,True,Optimization terminated successfully
dose_response,0.1,12,pyGAM,0.023274499767235737,1.0272602768423214e-09,0.12665719003416598,0.01682181895012036,1.0,3,True,
dose_response,0.1,13,MonotoneLSPIA,0.021516686304611236,0.0,0.051436756970360875,0.051436756970360875,,210,True,
dose_response,0.1,13,Penalized monotone B-spline,0.023253294422609042,0.0,0.05436839995672926,0.0022367550409398973,1.0,9,True,Optimization terminated successfully
dose_response,0.1,13,pyGAM,0.03718309159294241,0.0,0.12100489594740793,0.011904746992513537,10.0,3,True,
dose_response,0.1,14,MonotoneLSPIA,0.02665533479052746,0.0,0.05128403700655326,0.05128403700655326,,211,True,
dose_response,0.1,14,Penalized monotone B-spline,0.024802051498655366,0.0,0.054400805034674704,0.0020607670303434134,1.0,10,True,Optimization terminated successfully
dose_response,0.1,14,pyGAM,0.03352274132144819,0.0,0.12023648800095543,0.012363080983050168,10.0,4,True,
dose_response,0.1,15,MonotoneLSPIA,0.023207748414173602,3.3273384048016694e-13,0.034586881985887885,0.034586881985887885,,100,True,
dose_response,0.1,15,Penalized monotone B-spline,0.018372937432798445,4.4364512064022255e-13,0.049416828027460724,0.002092793001793325,1.0,10,True,Optimization terminated successfully
dose_response,0.1,15,pyGAM,0.017993368581653436,2.1286092888317287e-09,0.12701152096269652,0.02046159002929926,1.0,3,True,
dose_response,0.1,16,MonotoneLSPIA,0.024492312930360645,3.3273384048016694e-13,0.037367152981460094,0.037367152981460094,,122,True,
dose_response,0.1,16,Penalized monotone B-spline,0.024492332197448424,3.3273384048016694e-13,0.05454655602807179,0.002681444981135428,1e-08,14,True,Optimization terminated successfully
dose_response,0.1,16,pyGAM,0.015077355911794878,0.0,0.1269444989738986,0.020007338956929743,1.0,3,True,
dose_response,0.1,17,MonotoneLSPIA,0.02122428670556683,3.3273384048016694e-13,0.03196372097590938,0.03196372097590938,,83,True,
dose_response,0.1,17,Penalized monotone B-spline,0.015230374311255346,4.436451206401733e-13,0.05544505099533126,0.002045720990281552,1.0,10,True,Optimization terminated successfully
dose_response,0.1,17,pyGAM,0.015233071290122845,1.0601565625379078e-08,0.12651691696373746,0.020684126997366548,1.0,2,True,
dose_response,0.1,18,MonotoneLSPIA,0.02203498552236648,0.0,0.04569010098930448,0.04569010098930448,,175,True,
dose_response,0.1,18,Penalized monotone B-spline,0.021949320579972467,0.0,0.05269920901628211,0.002602611028123647,0.01,14,True,Optimization terminated successfully
dose_response,0.1,18,pyGAM,0.02198607551769801,0.0,0.12726227898383513,0.016129450988955796,0.1,2,True,
dose_response,0.1,19,MonotoneLSPIA,0.022448080627941073,0.0,0.04497094399994239,0.04497094399994239,,181,True,
dose_response,0.1,19,Penalized monotone B-spline,0.023027490389537403,0.0,0.053435252979397774,0.00202775199431926,1.0,10,True,Optimization terminated successfully
dose_response,0.1,19,pyGAM,0.022829338050149063,0.0,0.10949138895375654,0.016215094015933573,1.0,3,True,
dose_response,0.1,20,MonotoneLSPIA,0.026605685121970205,3.3273384048016694e-13,0.033635279978625476,0.033635279978625476,,94,True,
dose_response,0.1,20,Penalized monotone B-spline,0.026605686477395522,3.3273384048016694e-13,0.05222272203536704,0.002198933972977102,1e-08,11,True,Optimization terminated successfully
dose_response,0.1,20,pyGAM,0.026520768228365486,3.248036839487139e-09,0.13042988703818992,0.024736599996685982,0.01,2,True,
dose_response,0.1,21,MonotoneLSPIA,0.021284962295733477,4.4364512064022255e-13,0.03764257999137044,0.03764257999137044,,121,True,
dose_response,0.1,21,Penalized monotone B-spline,0.014692024830783343,2.2182256032011127e-13,0.04916813096497208,0.0021766439895145595,1.0,9,True,Optimization terminated successfully
dose_response,0.1,21,pyGAM,0.014669110236653897,3.743699350522415e-09,0.12266559299314395,0.020285150967538357,1.0,2,True,
dose_response,0.1,22,MonotoneLSPIA,0.017198643479939643,3.3273384048016694e-13,0.04028625204227865,0.04028625204227865,,142,True,
dose_response,0.1,22,Penalized monotone B-spline,0.014155369796032609,3.3273384048016694e-13,0.049661416036542505,0.0021811900078319013,1.0,9,True,Optimization terminated successfully
dose_response,0.1,22,pyGAM,0.014148419379558835,5.785908752109623e-09,0.13147201400715858,0.020523776998743415,1.0,3,True,
dose_response,0.1,23,MonotoneLSPIA,0.02023819458184254,4.4364512064022255e-13,0.0397263839840889,0.0397263839840889,,137,True,
dose_response,0.1,23,Penalized monotone B-spline,0.019614278582025624,1.0397932515004982e-14,0.05302415497135371,0.002115769952069968,1.0,10,True,Optimization terminated successfully
dose_response,0.1,23,pyGAM,0.029804395627756542,4.775839723691466e-10,0.12399444403126836,0.01598548499168828,10.0,3,True,
dose_response,0.1,24,MonotoneLSPIA,0.016441266866706234,4.4364512064022255e-13,0.03729217202635482,0.03729217202635482,,119,True,
dose_response,0.1,24,Penalized monotone B-spline,0.01206364002415923,4.4364512064022255e-13,0.04981010197661817,0.002122681005857885,1.0,10,True,Optimization terminated successfully
dose_response,0.1,24,pyGAM,0.011403224997148576,3.5970746381509244e-09,0.13113772799260914,0.020562232995871454,1.0,4,True,
dose_response,0.1,25,MonotoneLSPIA,0.028582271212680727,0.0,0.05212340399157256,0.05212340399157256,,218,True,
dose_response,0.1,25,Penalized monotone B-spline,0.028149408271235386,0.0,0.05404210102278739,0.0027932319790124893,0.01,14,True,Optimization terminated successfully
dose_response,0.1,25,pyGAM,0.01982038753847682,0.0,0.11592090700287372,0.01571997400606051,1.0,2,True,
dose_response,0.1,26,MonotoneLSPIA,0.023906908143594734,0.0,0.04725365497870371,0.04725365497870371,,193,True,
dose_response,0.1,26,Penalized monotone B-spline,0.017425515645621253,0.0,0.04917884897440672,0.0005624509649351239,1.0,1,True,Optimization terminated successfully
dose_response,0.1,26,pyGAM,0.017457691580314353,0.0,0.10966962098609656,0.01149085396900773,1.0,3,True,
dose_response,0.1,27,MonotoneLSPIA,0.01478346125888946,2.2182256032011127e-13,0.04240497399587184,0.04240497399587184,,161,True,
dose_response,0.1,27,Penalized monotone B-spline,0.01542133669046975,4.4364512064022255e-13,0.052733496006112546,0.0019326850306242704,1.0,9,True,Optimization terminated successfully
dose_response,0.1,27,pyGAM,0.03013536784984191,0.0,0.14149990095756948,0.020336491987109184,10.0,4,True,
dose_response,0.1,28,MonotoneLSPIA,0.02099035366563603,0.0,0.04357584100216627,0.04357584100216627,,153,True,
dose_response,0.1,28,Penalized monotone B-spline,0.021030308757131154,0.0,0.05211017595138401,0.002466998004820198,0.01,14,True,Optimization terminated successfully
dose_response,0.1,28,pyGAM,0.014237522831361631,1.0242656722781139e-09,0.13196737604448572,0.02069806499639526,1.0,3,True,
dose_response,0.1,29,MonotoneLSPIA,0.022651893237345826,1.3863910020006955e-14,0.04372513201087713,0.04372513201087713,,154,True,
dose_response,0.1,29,Penalized monotone B-spline,0.014911693839714836,0.0,0.05374285898869857,0.0022581900120712817,1.0,11,True,Optimization terminated successfully
dose_response,0.1,29,pyGAM,0.013964723081521186,0.0,0.13340569502906874,0.016239195014350116,1.0,4,True,
dose_response,0.1,30,MonotoneLSPIA,0.024928371724929118,0.0,0.04680715699214488,0.04680715699214488,,187,True,
dose_response,0.1,30,Penalized monotone B-spline,0.023502019796501215,0.0,0.054473672003950924,0.002072895993478596,1.0,10,True,Optimization terminated successfully
dose_response,0.1,30,pyGAM,0.0234680805677574,0.0,0.11946016602450982,0.021403132006525993,1.0,3,True,
dose_response,0.1,31,MonotoneLSPIA,0.016167595956690057,0.0,0.04303802200593054,0.04303802200593054,,159,True,
dose_response,0.1,31,Penalized monotone B-spline,0.012972617863318096,0.0,0.056721627013757825,0.002372390008531511,1.0,12,True,Optimization terminated successfully
dose_response,0.1,31,pyGAM,0.012335711980840066,0.0,0.12749706796603277,0.01675631303805858,1.0,3,True,
dose_response,0.1,32,MonotoneLSPIA,0.022252189320778794,4.4364512064022255e-13,0.034246786031872034,0.034246786031872034,,109,True,
dose_response,0.1,32,Penalized monotone B-spline,0.01696812353420984,4.4364512064022255e-13,0.048947989009320736,0.0017662799800746143,1.0,8,True,Optimization terminated successfully
dose_response,0.1,32,pyGAM,0.01703139546846252,5.074967446283595e-09,0.12107017799280584,0.019844435970298946,1.0,2,True,
dose_response,0.1,33,MonotoneLSPIA,0.03665776657455409,4.4364512064022255e-13,0.045458369015250355,0.045458369015250355,,187,True,
dose_response,0.1,33,Penalized monotone B-spline,0.03682495440761704,3.3273384048016694e-13,0.05163887399248779,0.0017057440127246082,1.0,8,True,Optimization terminated successfully
dose_response,0.1,33,pyGAM,0.036829426064003926,1.0110672299390672e-09,0.11511504900408909,0.016317594971042126,1.0,2,True,
dose_response,0.1,34,MonotoneLSPIA,0.01358221043241235,4.4364512064022255e-13,0.03540954797063023,0.03540954797063023,,117,True,
dose_response,0.1,34,Penalized monotone B-spline,0.00864554140442526,4.4364512064022255e-13,0.0511424369760789,0.002147108956705779,1.0,11,True,Optimization terminated successfully
dose_response,0.1,34,pyGAM,0.008131482960589952,4.155734756316664e-09,0.12545103498268872,0.015554635028820485,1.0,3,True,
dose_response,0.1,35,MonotoneLSPIA,0.02525691897331472,3.3273384048016694e-13,0.03966179897543043,0.03966179897543043,,143,True,
dose_response,0.1,35,Penalized monotone B-spline,0.025226379876304182,1.7329887525008453e-15,0.053734337037894875,0.0025251309853047132,0.01,14,True,Optimization terminated successfully
dose_response,0.1,35,pyGAM,0.015013933396326078,1.7169066168776255e-09,0.11578238295624033,0.015745465003419667,1.0,2,True,
dose_response,0.1,36,MonotoneLSPIA,0.027544530877838615,4.4364512064022255e-13,0.045020268007647246,0.045020268007647246,,177,True,
dose_response,0.1,36,Penalized monotone B-spline,0.020714369378285274,4.4364512064022255e-13,0.05006583797512576,0.0020576249808073044,1.0,11,True,Optimization terminated successfully
dose_response,0.1,36,pyGAM,0.020717537115798514,1.688513329156687e-09,0.12010915199061856,0.01587780303088948,1.0,3,True,
dose_response,0.1,37,MonotoneLSPIA,0.0319792782111269,4.4364512064022255e-13,0.03322031197603792,0.03322031197603792,,99,True,
dose_response,0.1,37,Penalized monotone B-spline,0.03197930974923158,2.2182256032011127e-13,0.0450072759995237,0.0020022239768877625,1e-08,11,True,Optimization terminated successfully
dose_response,0.1,37,pyGAM,0.0319621538435873,3.7110914341554616e-09,0.12323973799357191,0.02325984399067238,0.01,2,True,
dose_response,0.1,38,MonotoneLSPIA,0.019595250117914118,4.4364512064022255e-13,0.04469323001103476,0.04469323001103476,,173,True,
dose_response,0.1,38,Penalized monotone B-spline,0.009374695456235918,2.504710306348878e-16,0.05096531304297969,0.0019801100133918226,1.0,10,True,Optimization terminated successfully
dose_response,0.1,38,pyGAM,0.009377734308375876,2.84975443243243e-09,0.11554530501598492,0.015635238029062748,1.0,3,True,
dose_response,0.1,39,MonotoneLSPIA,0.024728274037409237,2.2182256032011127e-13,0.045541341009084135,0.045541341009084135,,183,True,
dose_response,0.1,39,Penalized monotone B-spline,0.023559881963857134,4.4364512064022255e-13,0.048642434005159885,0.0019433309789747,1.0,10,True,Optimization terminated successfully
dose_response,0.1,39,pyGAM,0.023573079885829608,1.518819070511802e-09,0.1273097550147213,0.01591288100462407,1.0,3,True,
dose_response,0.1,40,MonotoneLSPIA,0.028757557369202495,3.4659775050016606e-15,0.03876994497841224,0.03876994497841224,,136,True,
dose_response,0.1,40,Penalized monotone B-spline,0.023175324823151985,6.931955010003321e-15,0.049973187036812305,0.0020922159892506897,1.0,10,True,Optimization terminated successfully
dose_response,0.1,40,pyGAM,0.026212793424731876,2.1064270327997474e-09,0.12027424102416262,0.019286766997538507,0.1,2,True,
dose_response,0.1,41,MonotoneLSPIA,0.01711030529293151,3.3273384048016694e-13,0.03813071298645809,0.03813071298645809,,134,True,
dose_response,0.1,41,Penalized monotone B-spline,0.010056833299791684,3.3273384048016694e-13,0.04788930498762056,0.0020399189670570195,1.0,10,True,Optimization terminated successfully
dose_response,0.1,41,pyGAM,0.010041266259835853,4.4648444941232e-09,0.1286142980097793,0.01941913302289322,1.0,3,True,
dose_response,0.1,42,MonotoneLSPIA,0.0279369475625202,4.4364512064022255e-13,0.044346073002088815,0.044346073002088815,,176,True,
dose_response,0.1,42,Penalized monotone B-spline,0.02173474973327068,3.3273384048016694e-13,0.05314478400396183,0.0019277319661341608,1.0,9,True,Optimization terminated successfully
dose_response,0.1,42,pyGAM,0.022039903839868303,2.489292771912289e-09,0.117285156971775,0.02006734599126503,1.0,3,True,
dose_response,0.1,43,MonotoneLSPIA,0.02717076794905671,0.0,0.047056442010216415,0.047056442010216415,,195,True,
dose_response,0.1,43,Penalized monotone B-spline,0.024634487281981185,0.0,0.05088349402649328,0.0021141879842616618,1.0,11,True,Optimization terminated successfully
dose_response,0.1,43,pyGAM,0.024448882595173634,0.0,0.10690223798155785,0.01601044600829482,1.0,2,True,
dose_response,0.1,44,MonotoneLSPIA,0.03141134600647568,2.2182256032011127e-13,0.0388703040080145,0.0388703040080145,,135,True,
dose_response,0.1,44,Penalized monotone B-spline,0.03098432606475004,4.4364512064022255e-13,0.050125216017477214,0.002271187026053667,0.01,10,True,Optimization terminated successfully
dose_response,0.1,44,pyGAM,0.02856391168506138,2.6201680825011545e-09,0.12948972498998046,0.020620009978301823,0.1,2,True,
dose_response,0.1,45,MonotoneLSPIA,0.037481683899430726,0.0,0.040775438013952225,0.040775438013952225,,155,True,
dose_response,0.1,45,Penalized monotone B-spline,0.030046805962941417,0.0,0.05125197401503101,0.0020354579901322722,1.0,10,True,Optimization terminated successfully
dose_response,0.1,45,pyGAM,0.029968213078578953,0.0,0.1244205329567194,0.01955582102527842,1.0,4,True,
dose_response,0.1,46,MonotoneLSPIA,0.02652050023203564,4.436451206401733e-13,0.03860333299962804,0.03860333299962804,,134,True,
dose_response,0.1,46,Penalized monotone B-spline,0.022370820457875938,4.4364512064022255e-13,0.05097221600590274,0.0022263500140979886,1.0,11,True,Optimization terminated successfully
dose_response,0.1,46,pyGAM,0.022349584257047823,2.69092947924327e-09,0.12416159699205309,0.020015963993500918,1.0,3,True,
dose_response,0.1,47,MonotoneLSPIA,0.0260187833607023,4.4364512064022255e-13,0.04344709397992119,0.04344709397992119,,174,True,
dose_response,0.1,47,Penalized monotone B-spline,0.01980123639239073,3.3273384048016694e-13,0.04882604000158608,0.0023293860140256584,1.0,12,True,Optimization terminated successfully
dose_response,0.1,47,pyGAM,0.01907620608296561,0.0,0.11946005001664162,0.015932388021610677,1.0,3,True,
dose_response,0.1,48,MonotoneLSPIA,0.018807863005053934,0.0,0.039935374981723726,0.039935374981723726,,147,True,
dose_response,0.1,48,Penalized monotone B-spline,0.014939563198127857,0.0,0.04845424502855167,0.0018542680190876126,1.0,9,True,Optimization terminated successfully
dose_response,0.1,48,pyGAM,0.016041455357876995,0.0,0.1056058969697915,0.019319807994179428,0.1,2,True,
dose_response,0.1,49,MonotoneLSPIA,0.031065789445079813,0.0,0.04565300000831485,0.04565300000831485,,192,True,
dose_response,0.1,49,Penalized monotone B-spline,0.028091084137240284,0.0,0.05116096296114847,0.0020628420170396566,1.0,11,True,Optimization terminated successfully
dose_response,0.1,49,pyGAM,0.02805715775465574,0.0,0.12014050001744181,0.016447619011159986,1.0,3,True,
dose_response,0.1,50,MonotoneLSPIA,0.018191603862079277,0.0,0.04686753900023177,0.04686753900023177,,195,True,
dose_response,0.1,50,Penalized monotone B-spline,0.017217869001191575,0.0,0.052971243974752724,0.0018687080009840429,1.0,9,True,Optimization terminated successfully
dose_response,0.1,50,pyGAM,0.016649172428230354,0.0,0.10207222303142771,0.015939002973027527,1.0,2,True,
dose_response,0.1,51,MonotoneLSPIA,0.024636158633216165,3.3273384048016694e-13,0.03328767599305138,0.03328767599305138,,100,True,
dose_response,0.1,51,Penalized monotone B-spline,0.02419895458711763,4.4364512064022255e-13,0.04749652900500223,0.0021026470349170268,0.01,12,True,Optimization terminated successfully
dose_response,0.1,51,pyGAM,0.024221212465555045,8.846283705566038e-10,0.12901340302778408,0.02004283800488338,0.01,2,True,
dose_response,0.1,52,MonotoneLSPIA,0.0222941982143722,3.3273384048016694e-13,0.0353369900258258,0.0353369900258258,,113,True,
dose_response,0.1,52,Penalized monotone B-spline,0.016744179755078498,0.0,0.050142816035076976,0.0021626740344800055,1.0,11,True,Optimization terminated successfully
dose_response,0.1,52,pyGAM,0.02072311590218545,1.632724955236179e-09,0.11604662699392065,0.02395108004566282,0.1,3,True,
dose_response,0.1,53,MonotoneLSPIA,0.01989062731300696,3.3273384048016694e-13,0.03856888198060915,0.03856888198060915,,140,True,
dose_response,0.1,53,Penalized monotone B-spline,0.01663447798498674,0.0,0.05213001399533823,0.0021112110116519034,1.0,11,True,Optimization terminated successfully
dose_response,0.1,53,pyGAM,0.02738602869826838,1.7419725661938339e-09,0.11591559601947665,0.016143606044352055,10.0,3,True,
dose_response,0.1,54,MonotoneLSPIA,0.039196549265167274,3.3273384048016694e-13,0.04066411801613867,0.04066411801613867,,154,True,
dose_response,0.1,54,Penalized monotone B-spline,0.03900828152029134,4.4364512064022255e-13,0.05036840098910034,0.0020961519912816584,0.01,10,True,Optimization terminated successfully
dose_response,0.1,54,pyGAM,0.032386464995772524,0.0,0.11850078601855785,0.019534890016075224,1.0,3,True,
dose_response,0.1,55,MonotoneLSPIA,0.026630711868800973,3.3273384048013003e-13,0.03834559500683099,0.03834559500683099,,138,True,
dose_response,0.1,55,Penalized monotone B-spline,0.020552311022378773,8.664943762504151e-15,0.05089515098370612,0.002969508001115173,1.0,17,True,Optimization terminated successfully
dose_response,0.1,55,pyGAM,0.020393779972606694,4.2345926765108066e-10,0.12073621497256681,0.01973622798686847,1.0,4,True,
dose_response,0.1,56,MonotoneLSPIA,0.026728500447277658,0.0,0.040720934979617596,0.040720934979617596,,151,True,
dose_response,0.1,56,Penalized monotone B-spline,0.02070262166818123,0.0,0.05186527699697763,0.0021863090223632753,1.0,11,True,Optimization terminated successfully
dose_response,0.1,56,pyGAM,0.019776998781388323,0.0,0.11088087502866983,0.015601415012497455,1.0,3,True,
dose_response,0.1,57,MonotoneLSPIA,0.02534310203805539,4.4364512064022255e-13,0.03255492000607774,0.03255492000607774,,96,True,
dose_response,0.1,57,Penalized monotone B-spline,0.024097410086865355,4.4364512064022255e-13,0.05117170896846801,0.0018699030042625964,1.0,9,True,Optimization terminated successfully
dose_response,0.1,57,pyGAM,0.0244500063025758,1.6809713621057683e-09,0.11207708000438288,0.02405976498266682,0.1,2,True,
dose_response,0.1,58,MonotoneLSPIA,0.029586399029105283,0.0,0.043767795024905354,0.043767795024905354,,165,True,
dose_response,0.1,58,Penalized monotone B-spline,0.02839697136099289,0.0,0.051293272990733385,0.0018825249862857163,1.0,9,True,Optimization terminated successfully
dose_response,0.1,58,pyGAM,0.028004158093002357,0.0,0.1135321439942345,0.016028965008445084,1.0,3,True,
dose_response,0.1,59,MonotoneLSPIA,0.0253293573453135,4.4364512064022255e-13,0.03514303598785773,0.03514303598785773,,109,True,
dose_response,0.1,59,Penalized monotone B-spline,0.02443849239463679,4.4364512064022255e-13,0.0511142949690111,0.001954511972144246,1.0,9,True,Optimization terminated successfully
dose_response,0.1,59,pyGAM,0.03553194585256603,4.082644222691648e-09,0.1318575310287997,0.01581323699792847,10.0,2,True,
dose_response,0.1,60,MonotoneLSPIA,0.03485559097393058,3.3273384048016694e-13,0.03669322200585157,0.03669322200585157,,116,True,
dose_response,0.1,60,Penalized monotone B-spline,0.03299885810833872,3.3273384048016694e-13,0.05019561597146094,0.001986365008633584,1.0,10,True,Optimization terminated successfully
dose_response,0.1,60,pyGAM,0.03292249281789987,5.118111934265927e-09,0.12371893302770332,0.01935736002633348,1.0,3,True,
dose_response,0.1,61,MonotoneLSPIA,0.02712353405027878,4.4364512064022255e-13,0.042489386978559196,0.042489386978559196,,166,True,
dose_response,0.1,61,Penalized monotone B-spline,0.022935082339360584,4.436451206401733e-13,0.05000773200299591,0.002309815026819706,1.0,12,True,Optimization terminated successfully
dose_response,0.1,61,pyGAM,0.023041903619340373,2.3970145868191226e-09,0.12717718101339415,0.02033693203702569,1.0,4,True,
dose_response,0.1,62,MonotoneLSPIA,0.030163331639640984,4.436451206401733e-13,0.03705428499961272,0.03705428499961272,,123,True,
dose_response,0.1,62,Penalized monotone B-spline,0.02462309918374659,4.4364512064022255e-13,0.049474867002572864,0.0019278720137663186,1.0,9,True,Optimization terminated successfully
dose_response,0.1,62,pyGAM,0.0246473745753031,2.304292756605316e-09,0.1274573199916631,0.01965863798977807,1.0,3,True,
dose_response,0.1,63,MonotoneLSPIA,0.019694368815591997,3.3273384048016694e-13,0.0337619130150415,0.0337619130150415,,98,True,
dose_response,0.1,63,Penalized monotone B-spline,0.019579210187598912,4.4364512064022255e-13,0.051924753992352635,0.0022381499875336885,0.01,11,True,Optimization terminated successfully
dose_response,0.1,63,pyGAM,0.019445741657861528,1.358219536840013e-09,0.14308981300564483,0.02803754003252834,0.001,6,True,
dose_response,0.1,64,MonotoneLSPIA,0.023841926281454647,4.4364512064022255e-13,0.03471435495885089,0.03471435495885089,,110,True,
dose_response,0.1,64,Penalized monotone B-spline,0.019384954219479243,3.3273384048016694e-13,0.04843940300634131,0.0023489469895139337,1.0,11,True,Optimization terminated successfully
dose_response,0.1,64,pyGAM,0.021287762226768717,2.4686632738025186e-09,0.1591885129455477,0.023143655969761312,0.1,2,True,
dose_response,0.1,65,MonotoneLSPIA,0.03510630886392768,4.4364512064022255e-13,0.03128598001785576,0.03128598001785576,,80,True,
dose_response,0.1,65,Penalized monotone B-spline,0.033206482877151416,4.4364512064022255e-13,0.05039669800316915,0.0023907279828563333,1.0,12,True,Optimization terminated successfully
dose_response,0.1,65,pyGAM,0.03338009988721666,6.283789488748112e-09,0.12507617304800078,0.02325347496662289,1.0,3,True,
dose_response,0.1,66,MonotoneLSPIA,0.02562939543436305,3.3273384048016694e-13,0.03471720399102196,0.03471720399102196,,109,True,
dose_response,0.1,66,Penalized monotone B-spline,0.024895959273651687,4.4364512064022255e-13,0.04860176797956228,0.0019644629792310297,1.0,9,True,Optimization terminated successfully
dose_response,0.1,66,pyGAM,0.03518012961192497,1.7672603380701306e-09,0.12462721898918971,0.01539538602810353,10.0,3,True,
dose_response,0.1,67,MonotoneLSPIA,0.028439819574229693,2.0795865030009963e-14,0.04279716499149799,0.04279716499149799,,166,True,
dose_response,0.1,67,Penalized monotone B-spline,0.023763623809223533,2.0795865030009963e-14,0.050386969989631325,0.001999473024625331,1.0,10,True,Optimization terminated successfully
dose_response,0.1,67,pyGAM,0.02359577752338598,8.332764478424807e-10,0.11453697399701923,0.015612073999363929,1.0,3,True,
dose_response,0.1,68,MonotoneLSPIA,0.02376768134162227,3.3273384048016694e-13,0.03495358501095325,0.03495358501095325,,110,True,
dose_response,0.1,68,Penalized monotone B-spline,0.014126050433706306,3.3273384048016694e-13,0.052015495020896196,0.0025510090054012835,1.0,12,True,Optimization terminated successfully
dose_response,0.1,68,pyGAM,0.014123885458699921,6.4452763126611536e-09,0.13281992502743378,0.015803383954335004,1.0,3,True,
dose_response,0.1,69,MonotoneLSPIA,0.043272433917557106,2.2182256032011127e-13,0.04249969497323036,0.04249969497323036,,169,True,
dose_response,0.1,69,Penalized monotone B-spline,0.04196294758314671,0.0,0.05085860495455563,0.0016565819969400764,1.0,8,True,Optimization terminated successfully
dose_response,0.1,69,pyGAM,0.04184862022257374,0.0,0.10619226400740445,0.015390745014883578,1.0,3,True,
dose_response,0.1,70,MonotoneLSPIA,0.019094150140990154,0.0,0.04624818603042513,0.04624818603042513,,199,True,
dose_response,0.1,70,Penalized monotone B-spline,0.015151454605797195,0.0,0.0511678010225296,0.002436433976981789,1.0,13,True,Optimization terminated successfully
dose_response,0.1,70,pyGAM,0.01502691369228799,0.0,0.11238495196448639,0.015746839984785765,1.0,3,True,
dose_response,0.1,71,MonotoneLSPIA,0.02265206365592764,4.4364512064022255e-13,0.042897881008684635,0.042897881008684635,,160,True,
dose_response,0.1,71,Penalized monotone B-spline,0.01788466772838008,4.4364512064022255e-13,0.05063092795899138,0.0019458059687167406,1.0,10,True,Optimization terminated successfully
dose_response,0.1,71,pyGAM,0.01788950737157014,1.0656355797776965e-09,0.11870555294444785,0.01545348099898547,1.0,3,True,
dose_response,0.1,72,MonotoneLSPIA,0.026370970288241955,0.0,0.0440232899854891,0.0440232899854891,,177,True,
dose_response,0.1,72,Penalized monotone B-spline,0.027051984477869936,0.0,0.05194184003630653,0.0021522659808397293,1.0,11,True,Optimization terminated successfully
dose_response,0.1,72,pyGAM,0.038385179649345215,0.0,0.11159416002919897,0.011765656992793083,10.0,3,True,
dose_response,0.1,73,MonotoneLSPIA,0.023829405287845693,4.436451206401733e-13,0.03517976397415623,0.03517976397415623,,110,True,
dose_response,0.1,73,Penalized monotone B-spline,0.023484044268388293,3.3273384048016694e-13,0.04918085702229291,0.002327950031030923,0.01,13,True,Optimization terminated successfully
dose_response,0.1,73,pyGAM,0.017899835694700918,3.876571064154265e-09,0.13303292100317776,0.019611622963566333,1.0,4,True,
dose_response,0.1,74,MonotoneLSPIA,0.022536238005470454,1.299741564375634e-15,0.037303797027561814,0.037303797027561814,,122,True,
dose_response,0.1,74,Penalized monotone B-spline,0.016077122736725458,2.2182256032011127e-13,0.04950160003500059,0.0021041050204075873,1.0,11,True,Optimization terminated successfully
dose_response,0.1,74,pyGAM,0.01581797121991808,2.2866578630598354e-09,0.12707135995151475,0.02030688599916175,1.0,2,True,
dose_response,0.1,75,MonotoneLSPIA,0.02463674370560051,4.4364512064022255e-13,0.036636833974625915,0.036636833974625915,,114,True,
dose_response,0.1,75,Penalized monotone B-spline,0.024106469901358913,4.4364512064022255e-13,0.048641973990015686,0.001824839971959591,0.01,9,True,Optimization terminated successfully
dose_response,0.1,75,pyGAM,0.02017855188042946,2.1499042546225184e-09,0.11571751395240426,0.020399271044880152,1.0,2,True,
dose_response,0.1,76,MonotoneLSPIA,0.016515825410474902,4.4364512064022255e-13,0.035478335979860276,0.035478335979860276,,120,True,
dose_response,0.1,76,Penalized monotone B-spline,0.014658280277252484,3.3273384048016694e-13,0.04976287402678281,0.0026531119947321713,1.0,15,True,Optimization terminated successfully
dose_response,0.1,76,pyGAM,0.014740397000492123,5.266067581999441e-09,0.1215522830025293,0.020085677970200777,1.0,2,True,
dose_response,0.1,77,MonotoneLSPIA,0.027214809147620585,3.3273384048013003e-13,0.039702882000710815,0.039702882000710815,,141,True,
dose_response,0.1,77,Penalized monotone B-spline,0.024994930095260205,3.3273384048016694e-13,0.049601761042140424,0.002038965991232544,1.0,10,True,Optimization terminated successfully
dose_response,0.1,77,pyGAM,0.024915914484454765,0.0,0.11421315197367221,0.015373426955193281,1.0,3,True,
dose_response,0.1,78,MonotoneLSPIA,0.015156499390512964,0.0,0.04278262302977964,0.04278262302977964,,170,True,
dose_response,0.1,78,Penalized monotone B-spline,0.014564826523302939,0.0,0.05226593400584534,0.001988341042306274,1.0,10,True,Optimization terminated successfully
dose_response,0.1,78,pyGAM,0.014426728772393293,0.0,0.1067139080259949,0.015712322026956826,1.0,3,True,
dose_response,0.1,79,MonotoneLSPIA,0.02601619148148088,0.0,0.04272417305037379,0.04272417305037379,,163,True,
dose_response,0.1,79,Penalized monotone B-spline,0.025885574438100682,0.0,0.05000026698689908,0.0020912709878757596,1.0,11,True,Optimization terminated successfully
dose_response,0.1,79,pyGAM,0.03646936519634894,0.0,0.11510530899977311,0.015491226979065686,10.0,2,True,
dose_response,0.1,80,MonotoneLSPIA,0.01779848237234701,3.3273384048016694e-13,0.03467877802904695,0.03467877802904695,,114,True,
dose_response,0.1,80,Penalized monotone B-spline,0.015967721710133553,3.3273384048016694e-13,0.05128973600221798,0.002901421976275742,1.0,15,True,Optimization terminated successfully
dose_response,0.1,80,pyGAM,0.016035634455559587,4.690881683089393e-09,0.12377210101112723,0.019822945003397763,1.0,3,True,
dose_response,0.1,81,MonotoneLSPIA,0.025330782049463863,4.4364512064022255e-13,0.04055593098746613,0.04055593098746613,,152,True,
dose_response,0.1,81,Penalized monotone B-spline,0.021768656276430254,0.0,0.05088505201274529,0.0021525509655475616,1.0,11,True,Optimization terminated successfully
dose_response,0.1,81,pyGAM,0.02176459262192765,0.0,0.11094941798364744,0.015789026045240462,1.0,3,True,
dose_response,0.1,82,MonotoneLSPIA,0.024388567541435428,4.4364512064022255e-13,0.0380714550265111,0.0380714550265111,,134,True,
dose_response,0.1,82,Penalized monotone B-spline,0.019083303521339322,4.4364512064022255e-13,0.04560430400306359,0.002192433981690556,1.0,10,True,Optimization terminated successfully
dose_response,0.1,82,pyGAM,0.01908632341048343,2.618615324578841e-09,0.1241287300363183,0.019725710968486965,1.0,3,True,
dose_response,0.1,83,MonotoneLSPIA,0.020475782086847225,4.4364512064022255e-13,0.035210117988754064,0.035210117988754064,,113,True,
dose_response,0.1,83,Penalized monotone B-spline,0.015286139504361642,2.2182256032011127e-13,0.0479627070017159,0.002229938982054591,1.0,11,True,Optimization terminated successfully
dose_response,0.1,83,pyGAM,0.015331513812118704,2.7545925540551418e-09,0.13132770999800414,0.015583123953547329,1.0,4,True,
dose_response,0.1,84,MonotoneLSPIA,0.022923413635467477,4.4364512064022255e-13,0.03807113697985187,0.03807113697985187,,128,True,
dose_response,0.1,84,Penalized monotone B-spline,0.018845196364953916,4.4364512064022255e-13,0.04885223804740235,0.0019524370436556637,1.0,10,True,Optimization terminated successfully
dose_response,0.1,84,pyGAM,0.018880942089704065,3.5123384201086418e-09,0.1281668869778514,0.015790220990311354,1.0,3,True,
dose_response,0.1,85,MonotoneLSPIA,0.042032372989455655,3.3273384048016694e-13,0.03801003802800551,0.03801003802800551,,133,True,
dose_response,0.1,85,Penalized monotone B-spline,0.03561684309977842,3.3273384048016694e-13,0.04867845599073917,0.0019307510228827596,1.0,10,True,Optimization terminated successfully
dose_response,0.1,85,pyGAM,0.03470317427355426,3.042185503510166e-09,0.12495654297526926,0.019725020974874496,1.0,2,True,
dose_response,0.1,86,MonotoneLSPIA,0.022791900457484398,3.3273384048016694e-13,0.035714677011128515,0.035714677011128515,,102,True,
dose_response,0.1,86,Penalized monotone B-spline,0.022219364975782325,3.3273384048016694e-13,0.05097230797400698,0.0022344019962474704,1.0,11,True,Optimization terminated successfully
dose_response,0.1,86,pyGAM,0.022122443115403994,3.0691369445890595e-09,0.12412600999232382,0.015385616978164762,1.0,3,True,
dose_response,0.1,87,MonotoneLSPIA,0.0341869620296008,0.0,0.038436089002061635,0.038436089002061635,,135,True,
dose_response,0.1,87,Penalized monotone B-spline,0.03337076274892742,0.0,0.05085296300239861,0.001996839011553675,1.0,11,True,Optimization terminated successfully
dose_response,0.1,87,pyGAM,0.03320515757584272,0.0,0.10720905102789402,0.015930538007523865,1.0,4,True,
dose_response,0.1,88,MonotoneLSPIA,0.028443051934227713,4.436451206401733e-13,0.042229009966831654,0.042229009966831654,,164,True,
dose_response,0.1,88,Penalized monotone B-spline,0.024207084562208686,3.3273384048016694e-13,0.05306400003610179,0.0019957030308432877,1.0,10,True,Optimization terminated successfully
dose_response,0.1,88,pyGAM,0.024262446636564523,2.458681258587841e-09,0.12132058496354148,0.016185423999559134,1.0,2,True,
dose_response,0.1,89,MonotoneLSPIA,0.025778715542869108,3.3273384048016694e-13,0.03564208804164082,0.03564208804164082,,112,True,
dose_response,0.1,89,Penalized monotone B-spline,0.025363005140274866,4.4364512064022255e-13,0.047526965965516865,0.002335979021154344,0.01,13,True,Optimization terminated successfully
dose_response,0.1,89,pyGAM,0.015269736923713514,0.0,0.1306779200094752,0.02044647402362898,1.0,3,True,
dose_response,0.1,90,MonotoneLSPIA,0.02965833205794003,0.0,0.046556920977309346,0.046556920977309346,,187,True,
dose_response,0.1,90,Penalized monotone B-spline,0.025690914830934303,0.0,0.05238979897694662,0.002348100009839982,1.0,10,True,Optimization terminated successfully
dose_response,0.1,90,pyGAM,0.02563788214195113,0.0,0.12064579204889014,0.015990189043805003,1.0,3,True,
dose_response,0.1,91,MonotoneLSPIA,0.021945463906494447,4.4364512064022255e-13,0.04044332401826978,0.04044332401826978,,148,True,
dose_response,0.1,91,Penalized monotone B-spline,0.020037426211793635,0.0,0.048604403040371835,0.002041605010163039,1.0,11,True,Optimization terminated successfully
dose_response,0.1,91,pyGAM,0.020709713847470407,0.0,0.12555505201453343,0.02021334896562621,0.1,2,True,
dose_response,0.1,92,MonotoneLSPIA,0.026536542188803414,0.0,0.044166659004986286,0.044166659004986286,,173,True,
dose_response,0.1,92,Penalized monotone B-spline,0.017159721447778085,0.0,0.051237087987829,0.0021994150010868907,1.0,9,True,Optimization terminated successfully
dose_response,0.1,92,pyGAM,0.017137988146108042,0.0,0.12285863503348082,0.019823492970317602,1.0,4,True,
dose_response,0.1,93,MonotoneLSPIA,0.02320411756917239,4.4364512064022255e-13,0.03136647801147774,0.03136647801147774,,88,True,
dose_response,0.1,93,Penalized monotone B-spline,0.01693759807462928,4.4364512064022255e-13,0.04879074596101418,0.0018311889725737274,1.0,9,True,Optimization terminated successfully
dose_response,0.1,93,pyGAM,0.02310433666942488,2.028678225407578e-09,0.1211443530046381,0.02027138601988554,0.01,2,True,
dose_response,0.1,94,MonotoneLSPIA,0.031087525382227983,0.0,0.04035519796889275,0.04035519796889275,,145,True,
dose_response,0.1,94,Penalized monotone B-spline,0.02583509959155591,0.0,0.04764308099402115,0.0019711560453288257,1.0,10,True,Optimization terminated successfully
dose_response,0.1,94,pyGAM,0.025815692469226197,0.0,0.12334943196037784,0.015748435980640352,1.0,3,True,
dose_response,0.1,95,MonotoneLSPIA,0.017913638522827378,4.4364512064022255e-13,0.0377199889626354,0.0377199889626354,,133,True,
dose_response,0.1,95,Penalized monotone B-spline,0.01707490446678861,4.4364512064022255e-13,0.05168491502990946,0.002161582000553608,1.0,10,True,Optimization terminated successfully
dose_response,0.1,95,pyGAM,0.016846994805627402,2.621499017863075e-09,0.12966716702794656,0.01933935802662745,1.0,3,True,
dose_response,0.1,96,MonotoneLSPIA,0.0328997926025999,2.2182256032011127e-13,0.040023689973168075,0.040023689973168075,,141,True,
dose_response,0.1,96,Penalized monotone B-spline,0.03289976178411991,4.4364512064022255e-13,0.05072809901321307,0.002238687011413276,1e-08,13,True,Optimization terminated successfully
dose_response,0.1,96,pyGAM,0.02954881159814981,0.0,0.11507293995236978,0.015751642000395805,1.0,3,True,
dose_response,0.1,97,MonotoneLSPIA,0.030730251448814687,0.0,0.0468185159843415,0.0468185159843415,,196,True,
dose_response,0.1,97,Penalized monotone B-spline,0.028064303499099483,0.0,0.05133600498083979,0.002023645967710763,1.0,10,True,Optimization terminated successfully
dose_response,0.1,97,pyGAM,0.027784507672479548,0.0,0.11138287599897012,0.015731271996628493,1.0,3,True,
dose_response,0.1,98,MonotoneLSPIA,0.022385180397946198,4.4364512064022255e-13,0.03895509702851996,0.03895509702851996,,140,True,
dose_response,0.1,98,Penalized monotone B-spline,0.020232151273327687,3.3273384048016694e-13,0.04909367504296824,0.0020454530022107065,1.0,10,True,Optimization terminated successfully
dose_response,0.1,98,pyGAM,0.019429265375488076,7.657314782250241e-10,0.11925292195519432,0.015369116968940943,1.0,3,True,
dose_response,0.1,99,MonotoneLSPIA,0.02672142566263488,3.3273384048016694e-13,0.03747061203466728,0.03747061203466728,,130,True,
dose_response,0.1,99,Penalized monotone B-spline,0.020063512090291738,3.3273384048016694e-13,0.04674963199067861,0.0019015530124306679,1.0,9,True,Optimization terminated successfully
dose_response,0.1,99,pyGAM,0.018627025721159186,1.3928238562498243e-09,0.1316677689901553,0.02006860397523269,1.0,5,True,
dose_response,0.1,100,MonotoneLSPIA,0.015560644798892936,3.3273384048016694e-13,0.03511718398658559,0.03511718398658559,,115,True,
dose_response,0.1,100,Penalized monotone B-spline,0.012244441032966246,3.3273384048016694e-13,0.049737141001969576,0.0019024750217795372,1.0,9,True,Optimization terminated successfully
dose_response,0.1,100,pyGAM,0.012094184332494125,2.922623143497626e-09,0.12278145394520834,0.02009220898617059,1.0,3,True,
cdf_plateau,0.02,1,MonotoneLSPIA,0.006546361991331288,4.159173006001971e-14,0.03660404501715675,0.03660404501715675,,128,True,
cdf_plateau,0.02,1,Penalized monotone B-spline,0.005997606847111165,2.772782004001391e-14,0.05385726899839938,0.0019050000119023025,0.01,9,True,Optimization terminated successfully
cdf_plateau,0.02,1,pyGAM,0.005813674770318212,3.0711333476318983e-10,0.13272963097551838,0.019877102982718498,0.01,2,True,
cdf_plateau,0.02,2,MonotoneLSPIA,0.005672577588313629,3.3273384048013003e-13,0.037054574000649154,0.037054574000649154,,129,True,
cdf_plateau,0.02,2,Penalized monotone B-spline,0.005523359471441423,3.3273384048013003e-13,0.04829549096757546,0.001987829979043454,0.01,10,True,Optimization terminated successfully
cdf_plateau,0.02,2,pyGAM,0.005489386102830076,3.930695768872263e-10,0.12609634402906522,0.024368320999201387,0.001,5,True,
cdf_plateau,0.02,3,MonotoneLSPIA,0.007893217152289102,3.3273384048013003e-13,0.03668024204671383,0.03668024204671383,,121,True,
cdf_plateau,0.02,3,Penalized monotone B-spline,0.007893192775628787,4.4364512064022255e-13,0.04911476303823292,0.0022232219926081598,1e-08,12,True,Optimization terminated successfully
cdf_plateau,0.02,3,pyGAM,0.0077266768459653854,6.237650396201529e-10,0.1296016940032132,0.024383337993640453,0.1,3,True,
cdf_plateau,0.02,4,MonotoneLSPIA,0.004523969055905748,4.159173006001971e-14,0.035699235973879695,0.035699235973879695,,117,True,
cdf_plateau,0.02,4,Penalized monotone B-spline,0.004193811141536067,2.772782004001391e-14,0.05021370999747887,0.002080569975078106,0.01,11,True,Optimization terminated successfully
cdf_plateau,0.02,4,pyGAM,0.004039593709829753,3.0739061296358567e-10,0.12582569103688002,0.02036452805623412,0.01,2,True,
cdf_plateau,0.02,5,MonotoneLSPIA,0.006847860722831984,3.3273384048016694e-13,0.03468412399524823,0.03468412399524823,,106,True,
cdf_plateau,0.02,5,Penalized monotone B-spline,0.006920104667557493,3.3273384048016694e-13,0.04720412095775828,0.00214621500344947,0.01,11,True,Optimization terminated successfully
cdf_plateau,0.02,5,pyGAM,0.006909162719485543,3.5347424987008997e-10,0.12983150203945115,0.024347600992769003,0.01,2,True,
cdf_plateau,0.02,6,MonotoneLSPIA,0.004920567638920752,3.3273384048016694e-13,0.03316984401317313,0.03316984401317313,,97,True,
cdf_plateau,0.02,6,Penalized monotone B-spline,0.005040713277366283,3.3273384048016694e-13,0.04755821399157867,0.002213172963820398,0.01,10,True,Optimization terminated successfully
cdf_plateau,0.02,6,pyGAM,0.00628072491927654,5.139628722616836e-10,0.12999690300785005,0.02543856401462108,0.1,2,True,
cdf_plateau,0.02,7,MonotoneLSPIA,0.0025674696432080365,2.7727820040013332e-14,0.04046296497108415,0.04046296497108415,,142,True,
cdf_plateau,0.02,7,Penalized monotone B-spline,0.002510992759817484,2.7727820040013332e-14,0.04946028901031241,0.0021144799538888037,0.01,9,True,Optimization terminated successfully
cdf_plateau,0.02,7,pyGAM,0.0025042218958646577,1.0081835366548918e-10,0.1229119659983553,0.020517746976111084,0.01,2,True,
cdf_plateau,0.02,8,MonotoneLSPIA,0.00393483432010315,3.3273384048016694e-13,0.03193398198345676,0.03193398198345676,,87,True,
cdf_plateau,0.02,8,Penalized monotone B-spline,0.003935364842100436,2.2182256032011127e-13,0.048836829024367034,0.0021775870118290186,0.0001,12,True,Optimization terminated successfully
cdf_plateau,0.02,8,pyGAM,0.004042688269494358,1.3522857833514783e-09,0.14095780899515375,0.02481452201027423,0.01,2,True,
cdf_plateau,0.02,9,MonotoneLSPIA,0.004832287773840528,2.772782004001391e-14,0.03401807800401002,0.03401807800401002,,105,True,
cdf_plateau,0.02,9,Penalized monotone B-spline,0.0048300150534077045,2.772782004001391e-14,0.05021893500816077,0.002390303008724004,0.0001,14,True,Optimization terminated successfully
cdf_plateau,0.02,9,pyGAM,0.004234783748794576,5.441861961052979e-10,0.13075615902198479,0.02403716999106109,0.01,2,True,
cdf_plateau,0.02,10,MonotoneLSPIA,0.005583336536991146,3.3273384048016694e-13,0.03291067999089137,0.03291067999089137,,93,True,
cdf_plateau,0.02,10,Penalized monotone B-spline,0.005487087534596844,2.772782004001391e-14,0.0502776030334644,0.0023922539548948407,0.01,13,True,Optimization terminated successfully
cdf_plateau,0.02,10,pyGAM,0.006061461303637468,8.582314858784867e-10,0.13617966696619987,0.020328548969700933,0.1,4,True,
cdf_plateau,0.02,11,MonotoneLSPIA,0.0059968827718729694,3.3273384048016694e-13,0.03519003704423085,0.03519003704423085,,110,True,
cdf_plateau,0.02,11,Penalized monotone B-spline,0.0060790713935408944,3.3273384048016694e-13,0.04897612100467086,0.001989615964703262,0.01,9,True,Optimization terminated successfully
cdf_plateau,0.02,11,pyGAM,0.0057593557122102065,8.740917989413985e-10,0.13489747600397095,0.023966194014064968,0.01,2,True,
cdf_plateau,0.02,12,MonotoneLSPIA,0.0053854271659798305,0.0,0.04173021297901869,0.04173021297901869,,157,True,
cdf_plateau,0.02,12,Penalized monotone B-spline,0.00532738284763231,0.0,0.05216653202660382,0.0020866969716735184,0.01,10,True,Optimization terminated successfully
cdf_plateau,0.02,12,pyGAM,0.006049028769848351,0.0,0.11011983203934506,0.020119885040912777,0.1,2,True,
cdf_plateau,0.02,13,MonotoneLSPIA,0.005932561780957837,3.3273384048016694e-13,0.03456262103281915,0.03456262103281915,,107,True,
cdf_plateau,0.02,13,Penalized monotone B-spline,0.0057194821241179665,3.3273384048016694e-13,0.04706585401436314,0.0023079579696059227,0.01,11,True,Optimization terminated successfully
cdf_plateau,0.02,13,pyGAM,0.005739651862335066,8.244590010697508e-10,0.12136392999673262,0.020069929014425725,0.01,2,True,
cdf_plateau,0.02,14,MonotoneLSPIA,0.005416191454539531,0.0,0.03890882001724094,0.03890882001724094,,134,True,
cdf_plateau,0.02,14,Penalized monotone B-spline,0.005394810799279118,0.0,0.04723554296651855,0.0021903999731875956,0.01,11,True,Optimization terminated successfully
cdf_plateau,0.02,14,pyGAM,0.005874608782515725,1.2266787585701474e-10,0.126854280999396,0.02012410800671205,0.1,3,True,
cdf_plateau,0.02,15,MonotoneLSPIA,0.005230490284596322,4.4364512064022255e-13,0.03750041499733925,0.03750041499733925,,125,True,
cdf_plateau,0.02,15,Penalized monotone B-spline,0.0052155732650194945,3.3273384048016694e-13,0.04890797002008185,0.0020856569753959775,0.01,11,True,Optimization terminated successfully
cdf_plateau,0.02,15,pyGAM,0.005202879823825913,4.126454178354756e-10,0.12720743799582124,0.024862513004336506,0.01,2,True,
cdf_plateau,0.02,16,MonotoneLSPIA,0.004618846598834465,2.772782004001391e-14,0.03782644000602886,0.03782644000602886,,128,True,
cdf_plateau,0.02,16,Penalized monotone B-spline,0.00468933389453333,5.545564008002657e-14,0.049745512020308524,0.002330930030439049,0.01,13,True,Optimization terminated successfully
cdf_plateau,0.02,16,pyGAM,0.005832512421784251,7.25858873007464e-10,0.1305744440178387,0.02021585899638012,0.1,3,True,
cdf_plateau,0.02,17,MonotoneLSPIA,0.003552124000190605,3.3273384048016694e-13,0.031370434968266636,0.031370434968266636,,82,True,
cdf_plateau,0.02,17,Penalized monotone B-spline,0.003607598884863869,3.3273384048016694e-13,0.04889256798196584,0.002400062046945095,0.01,13,True,Optimization terminated successfully
cdf_plateau,0.02,17,pyGAM,0.003475662815916525,5.293240845638508e-10,0.13985342299565673,0.02636601001722738,0.001,5,True,
cdf_plateau,0.02,18,MonotoneLSPIA,0.0046590435768861455,3.3273384048016694e-13,0.03385179000906646,0.03385179000906646,,95,True,
cdf_plateau,0.02,18,Penalized monotone B-spline,0.004719286896793826,3.3273384048016694e-13,0.0458939679665491,0.002226823999080807,0.01,10,True,Optimization terminated successfully
cdf_plateau,0.02,18,pyGAM,0.005882991992281829,6.884263159534653e-10,0.13251423899782822,0.024794191005639732,0.1,3,True,
cdf_plateau,0.02,19,MonotoneLSPIA,0.004076859054607578,4.4364512064022255e-13,0.03375103295547888,0.03375103295547888,,97,True,
cdf_plateau,0.02,19,Penalized monotone B-spline,0.004072481175105442,2.2182256032011127e-13,0.048484682047273964,0.0020740889594890177,0.0001,11,True,Optimization terminated successfully
cdf_plateau,0.02,19,pyGAM,0.0037197149816380784,1.335704546967513e-09,0.1388071029796265,0.02525485900696367,0.01,2,True,
cdf_plateau,0.02,20,MonotoneLSPIA,0.003914700179774341,3.3273384048016694e-13,0.03476139000849798,0.03476139000849798,,103,True,
cdf_plateau,0.02,20,Penalized monotone B-spline,0.003913074818665361,2.2182256032011127e-13,0.04811807902297005,0.0017883350374177098,0.0001,8,True,Optimization terminated successfully
cdf_plateau,0.02,20,pyGAM,0.0038573487783607283,6.232104832193526e-10,0.13191109197214246,0.02420051401713863,0.01,2,True,
cdf_plateau,0.02,21,MonotoneLSPIA,0.004924116215674448,3.3273384048016694e-13,0.03125527099473402,0.03125527099473402,,79,True,
cdf_plateau,0.02,21,Penalized monotone B-spline,0.00492411586447111,3.3273384048016694e-13,0.04600769799435511,0.0017394969472661614,1e-08,8,True,Optimization terminated successfully
cdf_plateau,0.02,21,pyGAM,0.004867824717986772,9.048696791857889e-10,0.13651136099360883,0.024689454992767423,0.001,5,True,
cdf_plateau,0.02,22,MonotoneLSPIA,0.005259289424320013,3.3273384048016694e-13,0.036087355052586645,0.036087355052586645,,108,True,
cdf_plateau,0.02,22,Penalized monotone B-spline,0.005356946777205729,3.3273384048016694e-13,0.04763237800216302,0.002228391997050494,0.01,10,True,Optimization terminated successfully
cdf_plateau,0.02,22,pyGAM,0.0052406198298140996,5.263849356396095e-10,0.13011944596655667,0.020600960997398943,0.01,2,True,
cdf_plateau,0.02,23,MonotoneLSPIA,0.0049524684029798385,2.2182256032011127e-13,0.039172952994704247,0.039172952994704247,,137,True,
cdf_plateau,0.02,23,Penalized monotone B-spline,0.004870905004948171,0.0,0.053395607974380255,0.0025519439950585365,0.01,14,True,Optimization terminated successfully
cdf_plateau,0.02,23,pyGAM,0.004733722705645845,0.0,0.14037545496830717,0.02420318900840357,0.001,5,True,
cdf_plateau,0.02,24,MonotoneLSPIA,0.006169531566458112,0.0,0.04206660599447787,0.04206660599447787,,152,True,
cdf_plateau,0.02,24,Penalized monotone B-spline,0.0061691838593917435,0.0,0.05138809100026265,0.0024404749856330454,0.0001,13,True,Optimization terminated successfully
cdf_plateau,0.02,24,pyGAM,0.006752708698159925,0.0,0.12203115201555192,0.016497775970492512,0.1,2,True,
cdf_plateau,0.02,25,MonotoneLSPIA,0.005133976782869349,4.159173006001993e-14,0.041265871026553214,0.041265871026553214,,150,True,
cdf_plateau,0.02,25,Penalized monotone B-spline,0.005130587839631096,4.159173006001993e-14,0.05542091198731214,0.0030756730120629072,0.0001,14,True,Optimization terminated successfully
cdf_plateau,0.02,25,pyGAM,0.004831667169473456,3.0855518140526623e-10,0.13072834798367694,0.024115862033795565,0.01,2,True,
cdf_plateau,0.02,26,MonotoneLSPIA,0.004756512928197281,4.159173006001971e-14,0.039044245961122215,0.039044245961122215,,137,True,
cdf_plateau,0.02,26,Penalized monotone B-spline,0.004640145065709068,0.0,0.050716497004032135,0.002566373033914715,0.01,14,True,Optimization terminated successfully
cdf_plateau,0.02,26,pyGAM,0.004781413452418426,0.0,0.13525478000519797,0.021151900000404567,0.1,3,True,
cdf_plateau,0.02,27,MonotoneLSPIA,0.004561832875844932,4.159173006001993e-14,0.031344699033070356,0.031344699033070356,,79,True,
cdf_plateau,0.02,27,Penalized monotone B-spline,0.004360397082043253,4.1591730060020287e-14,0.048479414952453226,0.0020022849785164,0.01,10,True,Optimization terminated successfully
cdf_plateau,0.02,27,pyGAM,0.004329363076602524,4.560117283780561e-10,0.13857128901872784,0.02502440195530653,0.01,2,True,
cdf_plateau,0.02,28,MonotoneLSPIA,0.006404441888568413,2.772782004001391e-14,0.03639092098455876,0.03639092098455876,,121,True,
cdf_plateau,0.02,28,Penalized monotone B-spline,0.00618260266176407,4.1591730060020287e-14,0.050265825004316866,0.002335972967557609,0.01,12,True,Optimization terminated successfully
cdf_plateau,0.02,28,pyGAM,0.006366762040514488,2.3940199822547346e-10,0.13882121199276298,0.02547794597921893,0.001,5,True,
cdf_plateau,0.02,29,MonotoneLSPIA,0.005107972210493475,3.3273384048016694e-13,0.0426152020227164,0.0426152020227164,,152,True,
cdf_plateau,0.02,29,Penalized monotone B-spline,0.005107971737956791,2.2182256032011127e-13,0.05175944999791682,0.0025903949863277376,1e-08,14,True,Optimization terminated successfully
cdf_plateau,0.02,29,pyGAM,0.0048859819639797426,2.2448443104395262e-10,0.13395014801062644,0.024743114947341383,0.01,2,True,
cdf_plateau,0.02,30,MonotoneLSPIA,0.0056275053530226065,3.3273384048016694e-13,0.03683370299404487,0.03683370299404487,,112,True,
cdf_plateau,0.02,30,Penalized monotone B-spline,0.005532479688117509,3.3273384048016694e-13,0.05199572100536898,0.002500224974937737,0.01,13,True,Optimization terminated successfully
cdf_plateau,0.02,30,pyGAM,0.005393146670449537,6.127848228843074e-10,0.13846926199039444,0.025047263014130294,0.01,2,True,
cdf_plateau,0.02,31,MonotoneLSPIA,0.005950803877788557,4.1591730060020287e-14,0.03940472600515932,0.03940472600515932,,131,True,
cdf_plateau,0.02,31,Penalized monotone B-spline,0.0060416933969204235,4.1591730060019996e-14,0.05217340402305126,0.0023596909595653415,0.01,12,True,Optimization terminated successfully
cdf_plateau,0.02,31,pyGAM,0.007149598160806619,5.914344014534885e-10,0.1519311960437335,0.02136446797521785,0.1,4,True,
cdf_plateau,0.02,32,MonotoneLSPIA,0.005385658480035137,4.1591730060020287e-14,0.038668733031954616,0.038668733031954616,,124,True,
cdf_plateau,0.02,32,Penalized monotone B-spline,0.00538101687382006,2.772782004001391e-14,0.05100338201737031,0.002396123018115759,0.01,13,True,Optimization terminated successfully
cdf_plateau,0.02,32,pyGAM,0.005365263905662973,8.542386797927248e-10,0.1377485899720341,0.025687431974802166,0.01,2,True,
cdf_plateau,0.02,33,MonotoneLSPIA,0.006881296069909865,4.159173006002087e-14,0.042787965037859976,0.042787965037859976,,147,True,
cdf_plateau,0.02,33,Penalized monotone B-spline,0.006879307186019762,4.159173006002087e-14,0.050610510050319135,0.002134904032573104,0.0001,9,True,Optimization terminated successfully
cdf_plateau,0.02,33,pyGAM,0.006750813086527273,2.1306056918746097e-10,0.14169412100454792,0.026402866991702467,0.01,2,True,
cdf_plateau,0.02,34,MonotoneLSPIA,0.006227330209685841,2.772782004001391e-14,0.03692835598485544,0.03692835598485544,,107,True,
cdf_plateau,0.02,34,Penalized monotone B-spline,0.006153962194535475,4.1591730060020287e-14,0.05407459504203871,0.0023102230043150485,0.01,11,True,Optimization terminated successfully
cdf_plateau,0.02,34,pyGAM,0.006179505194570134,2.473321547569206e-10,0.14070639497367665,0.024837278993800282,0.001,5,True,
cdf_plateau,0.02,35,MonotoneLSPIA,0.0034194259409079187,2.7727820040013524e-14,0.04380511800991371,0.04380511800991371,,154,True,
cdf_plateau,0.02,35,Penalized monotone B-spline,0.003274765898555068,2.7727820040013524e-14,0.05220218998147175,0.002376454009208828,0.01,12,True,Optimization terminated successfully
cdf_plateau,0.02,35,pyGAM,0.004011203643061962,1.0283693896440216e-09,0.1323524900362827,0.0213021730305627,0.1,2,True,
cdf_plateau,0.02,36,MonotoneLSPIA,0.0059743717235780005,2.2182256032011127e-13,0.03726824600016698,0.03726824600016698,,111,True,
cdf_plateau,0.02,36,Penalized monotone B-spline,0.006053810100774392,3.3273384048016694e-13,0.05152183398604393,0.0019631629693321884,0.01,9,True,Optimization terminated successfully
cdf_plateau,0.02,36,pyGAM,0.006044387956959708,4.3144487982261643e-10,0.13247454399242997,0.025129429006483406,0.01,2,True,
cdf_plateau,0.02,37,MonotoneLSPIA,0.004074720967051116,4.4364512064022255e-13,0.033533747016917914,0.033533747016917914,,85,True,
cdf_plateau,0.02,37,Penalized monotone B-spline,0.004179488202662973,3.3273384048016694e-13,0.049563312029931694,0.0023243100149556994,0.01,13,True,Optimization terminated successfully
cdf_plateau,0.02,37,pyGAM,0.004805378986652803,7.923501854634375e-10,0.1359954589861445,0.02998128201579675,0.1,3,True,
cdf_plateau,0.02,38,MonotoneLSPIA,0.004374639980700191,4.159173006002087e-14,0.04254196700640023,0.04254196700640023,,152,True,
cdf_plateau,0.02,38,Penalized monotone B-spline,0.004435037925908503,2.772782004001391e-14,0.05049559898907319,0.002518140012398362,0.01,14,True,Optimization terminated successfully
cdf_plateau,0.02,38,pyGAM,0.004952281316664928,6.466682189731685e-10,0.139122778957244,0.024999234010465443,0.1,3,True,
cdf_plateau,0.02,39,MonotoneLSPIA,0.005431988943227209,2.7727820040013524e-14,0.03719201002968475,0.03719201002968475,,114,True,
cdf_plateau,0.02,39,Penalized monotone B-spline,0.00534335651955495,5.545564008002705e-14,0.050578965980093926,0.0022672259947285056,0.01,12,True,Optimization terminated successfully
cdf_plateau,0.02,39,pyGAM,0.00515147800529697,2.6956986642900776e-10,0.1382025770144537,0.024709179007913917,0.01,2,True,
cdf_plateau,0.02,40,MonotoneLSPIA,0.006308047511640511,2.772782004001391e-14,0.03911705600330606,0.03911705600330606,,131,True,
cdf_plateau,0.02,40,Penalized monotone B-spline,0.006460750270719541,4.159173006001993e-14,0.04909633903298527,0.0023799120099283755,0.01,12,True,Optimization terminated successfully
cdf_plateau,0.02,40,pyGAM,0.008073821385208488,1.1697258162079944e-09,0.1350685139768757,0.02123130497056991,0.1,2,True,
cdf_plateau,0.02,41,MonotoneLSPIA,0.005451696279823838,0.0,0.04566566401626915,0.04566566401626915,,170,True,
cdf_plateau,0.02,41,Penalized monotone B-spline,0.00530411489683733,0.0,0.05271836702013388,0.002817631990183145,0.01,16,True,Optimization terminated successfully
cdf_plateau,0.02,41,pyGAM,0.005138535989255468,0.0,0.14242229599040002,0.021323390014003962,0.1,4,True,
cdf_plateau,0.02,42,MonotoneLSPIA,0.00584338894981263,3.3273384048016694e-13,0.03776398999616504,0.03776398999616504,,116,True,
cdf_plateau,0.02,42,Penalized monotone B-spline,0.005843385924681734,4.4364512064022255e-13,0.05153443699236959,0.0024100749869830906,1e-08,13,True,Optimization terminated successfully
cdf_plateau,0.02,42,pyGAM,0.005593537041139368,3.041187301988662e-10,0.13083267997717485,0.020463899010792375,0.01,2,True,
cdf_plateau,0.02,43,MonotoneLSPIA,0.004094002422978917,0.0,0.04144075699150562,0.04144075699150562,,143,True,
cdf_plateau,0.02,43,Penalized monotone B-spline,0.0040713641590018855,0.0,0.052150767005514354,0.00233372300863266,0.01,11,True,Optimization terminated successfully
cdf_plateau,0.02,43,pyGAM,0.003954008846684572,0.0,0.1317093230318278,0.02066570200258866,0.01,2,True,
cdf_plateau,0.02,44,MonotoneLSPIA,0.005283549724749326,0.0,0.04444076697109267,0.04444076697109267,,164,True,
cdf_plateau,0.02,44,Penalized monotone B-spline,0.005238690255296454,0.0,0.05436476698378101,0.0024010229972191155,0.01,12,True,Optimization terminated successfully
cdf_plateau,0.02,44,pyGAM,0.005185645243974728,1.6193046903368123e-11,0.13833086501108482,0.021145738021004945,0.01,2,True,
cdf_plateau,0.02,45,MonotoneLSPIA,0.006522614197787318,4.159173006001971e-14,0.03744194604223594,0.03744194604223594,,116,True,
cdf_plateau,0.02,45,Penalized monotone B-spline,0.006419423257037595,4.1591730060020287e-14,0.05196489504305646,0.0021585540380328894,0.01,11,True,Optimization terminated successfully
cdf_plateau,0.02,45,pyGAM,0.006008754870583878,2.6230517757852433e-10,0.14461036497959867,0.02468679001322016,0.1,3,True,
cdf_plateau,0.02,46,MonotoneLSPIA,0.005515916359053476,4.1591730060020287e-14,0.039613166998606175,0.039613166998606175,,124,True,
cdf_plateau,0.02,46,Penalized monotone B-spline,0.005504228924639867,2.772782004001391e-14,0.04834248899715021,0.002095342963002622,0.01,10,True,Optimization terminated successfully
cdf_plateau,0.02,46,pyGAM,0.005469911450898382,7.179287164760202e-10,0.14583382301498204,0.03020148299401626,0.001,6,True,
cdf_plateau,0.02,47,MonotoneLSPIA,0.0031895765060727245,4.159173006002087e-14,0.037373644998297095,0.037373644998297095,,110,True,
cdf_plateau,0.02,47,Penalized monotone B-spline,0.0030672336110537206,4.1591730060019996e-14,0.05076709296554327,0.0024512390373274684,0.01,13,True,Optimization terminated successfully
cdf_plateau,0.02,47,pyGAM,0.0037532458909747576,8.468630796620931e-10,0.13426914799492806,0.025392176990862936,0.1,2,True,
cdf_plateau,0.02,48,MonotoneLSPIA,0.006083299131958178,2.7727820040013285e-14,0.03917740797623992,0.03917740797623992,,124,True,
cdf_plateau,0.02,48,Penalized monotone B-spline,0.006139578413043676,5.545564008002657e-14,0.050335525011178106,0.0026236469857394695,0.01,10,True,Optimization terminated successfully
cdf_plateau,0.02,48,pyGAM,0.006516280667537283,2.5631596844988146e-10,0.13681477605132386,0.020640188013203442,0.1,3,True,
cdf_plateau,0.02,49,MonotoneLSPIA,0.0061484520795701625,0.0,0.04896551003912464,0.04896551003912464,,200,True,
cdf_plateau,0.02,49,Penalized monotone B-spline,0.005852552680483048,0.0,0.05633003101684153,0.0027332710451446474,0.01,15,True,Optimization terminated successfully
cdf_plateau,0.02,49,pyGAM,0.005841051770440881,0.0,0.1191191779798828,0.017026410961989313,0.1,2,True,
cdf_plateau,0.02,50,MonotoneLSPIA,0.0026531656066620325,3.3273384048016694e-13,0.039122384041547775,0.039122384041547775,,123,True,
cdf_plateau,0.02,50,Penalized monotone B-spline,0.0027996966862485753,3.3273384048016694e-13,0.04854989901650697,0.002122329024132341,0.01,10,True,Optimization terminated successfully
cdf_plateau,0.02,50,pyGAM,0.004458073052130612,5.706385364234862e-10,0.13430869701551273,0.020944401039741933,0.1,2,True,
cdf_plateau,0.02,51,MonotoneLSPIA,0.0067195839192457215,4.159173006001971e-14,0.039505772991105914,0.039505772991105914,,126,True,
cdf_plateau,0.02,51,Penalized monotone B-spline,0.006721667771187775,2.772782004001391e-14,0.05471281602513045,0.0022413459955714643,0.01,11,True,Optimization terminated successfully
cdf_plateau,0.02,51,pyGAM,0.0066168883466930055,3.5613612059392877e-10,0.13928683998528868,0.020658489025663584,0.01,2,True,
cdf_plateau,0.02,52,MonotoneLSPIA,0.003752595862221477,3.3273384048016694e-13,0.03493424801854417,0.03493424801854417,,99,True,
cdf_plateau,0.02,52,Penalized monotone B-spline,0.003911278651092889,3.3273384048016694e-13,0.053992506000213325,0.0025189529987983406,0.01,14,True,Optimization terminated successfully
cdf_plateau,0.02,52,pyGAM,0.003642913666237337,6.71789623929457e-10,0.13038322696229443,0.02566698903683573,0.001,5,True,
cdf_plateau,0.02,53,MonotoneLSPIA,0.004737857026751193,4.1591730060020287e-14,0.0375325059867464,0.0375325059867464,,114,True,
cdf_plateau,0.02,53,Penalized monotone B-spline,0.004786660082989437,4.159173006001993e-14,0.052391866978723556,0.0023737350129522383,0.01,12,True,Optimization terminated successfully
cdf_plateau,0.02,53,pyGAM,0.005623412875624029,6.002518482262128e-10,0.13591132400324568,0.025166339008137584,0.1,3,True,
cdf_plateau,0.02,54,MonotoneLSPIA,0.005442422412280662,4.159173006002087e-14,0.03525434201583266,0.03525434201583266,,103,True,
cdf_plateau,0.02,54,Penalized monotone B-spline,0.0054157705680146105,2.772782004001391e-14,0.0512097820173949,0.002020118001382798,0.01,10,True,Optimization terminated successfully
cdf_plateau,0.02,54,pyGAM,0.005395021644559512,1.1680621470055936e-09,0.1317291369778104,0.02633120195241645,0.01,2,True,
cdf_plateau,0.02,55,MonotoneLSPIA,0.00406730022673493,3.3273384048016694e-13,0.030312196002341807,0.030312196002341807,,68,True,
cdf_plateau,0.02,55,Penalized monotone B-spline,0.004065898506370764,3.3273384048016694e-13,0.04556733003119007,0.00201202102471143,0.0001,10,True,Optimization terminated successfully
cdf_plateau,0.02,55,pyGAM,0.004003370603926653,7.178732608359402e-10,0.13340983499074355,0.025770737032871693,0.01,2,True,
cdf_plateau,0.02,56,MonotoneLSPIA,0.005860344820926458,2.2182256032011127e-13,0.03764603700255975,0.03764603700255975,,109,True,
cdf_plateau,0.02,56,Penalized monotone B-spline,0.005660963733341579,3.3273384048016694e-13,0.05171234498266131,0.0021450750064104795,0.01,11,True,Optimization terminated successfully
cdf_plateau,0.02,56,pyGAM,0.005686045944476681,7.051184636175439e-10,0.14744037901982665,0.021061900013592094,0.01,2,True,
cdf_plateau,0.02,57,MonotoneLSPIA,0.004088856887787001,2.2182256032011127e-13,0.033430423005484045,0.033430423005484045,,90,True,
cdf_plateau,0.02,57,Penalized monotone B-spline,0.004125391980520096,3.3273384048016694e-13,0.0493506119819358,0.001785283035133034,0.01,8,True,Optimization terminated successfully
cdf_plateau,0.02,57,pyGAM,0.00415183306451297,4.844604717391231e-10,0.135696540994104,0.020554866001475602,0.01,2,True,
cdf_plateau,0.02,58,MonotoneLSPIA,0.0059003351212919995,3.3273384048016694e-13,0.043642582022584975,0.043642582022584975,,157,True,
cdf_plateau,0.02,58,Penalized monotone B-spline,0.005892718748404205,3.3273384048016694e-13,0.05219340301118791,0.002579063002485782,0.0001,13,True,Optimization terminated successfully
cdf_plateau,0.02,58,pyGAM,0.0052372433156105125,4.763639482873861e-10,0.13932896603364497,0.021403007966000587,0.01,2,True,
cdf_plateau,0.02,59,MonotoneLSPIA,0.0041745892705177595,3.3273384048016694e-13,0.039173657016362995,0.039173657016362995,,131,True,
cdf_plateau,0.02,59,Penalized monotone B-spline,0.0041730389516740135,3.3273384048016694e-13,0.05318375100614503,0.0021703880047425628,0.0001,10,True,Optimization terminated successfully
cdf_plateau,0.02,59,pyGAM,0.00390912907128164,2.0429857805482248e-10,0.13535210501868278,0.025603813002817333,0.01,2,True,
cdf_plateau,0.02,60,MonotoneLSPIA,0.005401597780902731,0.0,0.04817762901075184,0.04817762901075184,,186,True,
cdf_plateau,0.02,60,Penalized monotone B-spline,0.005434604742247891,0.0,0.054153275035787374,0.0027406730223447084,0.01,15,True,Optimization terminated successfully
cdf_plateau,0.02,60,pyGAM,0.00600751684475458,0.0,0.13758567097829655,0.021428437961731106,0.1,3,True,
cdf_plateau,0.02,61,MonotoneLSPIA,0.005029568044598073,4.4364512064022255e-13,0.03924561297753826,0.03924561297753826,,127,True,
cdf_plateau,0.02,61,Penalized monotone B-spline,0.005029586055362499,3.3273384048016694e-13,0.051552342949435115,0.002255207975395024,1e-08,11,True,Optimization terminated successfully
cdf_plateau,0.02,61,pyGAM,0.004371567641586669,5.727458507465273e-10,0.1384973360109143,0.02141397795639932,0.01,2,True,
cdf_plateau,0.02,62,MonotoneLSPIA,0.0067272518547307324,0.0,0.04405782400863245,0.04405782400863245,,160,True,
cdf_plateau,0.02,62,Penalized monotone B-spline,0.006640494022650166,0.0,0.05742142000235617,0.0025434939889237285,0.01,13,True,Optimization terminated successfully
cdf_plateau,0.02,62,pyGAM,0.006611796500337081,1.200060051331669e-10,0.12382761697517708,0.02103484602412209,0.01,2,True,
cdf_plateau,0.02,63,MonotoneLSPIA,0.005802425614976012,3.3273384048016694e-13,0.03584830503677949,0.03584830503677949,,103,True,
cdf_plateau,0.02,63,Penalized monotone B-spline,0.0058491516841445304,3.3273384048016694e-13,0.04880323098041117,0.0025479430332779884,0.01,10,True,Optimization terminated successfully
cdf_plateau,0.02,63,pyGAM,0.006645579595441105,6.965228394051301e-10,0.1417013099999167,0.02962138201110065,0.1,3,True,
cdf_plateau,0.02,64,MonotoneLSPIA,0.005131400986047244,3.3273384048016694e-13,0.039799168007448316,0.039799168007448316,,128,True,
cdf_plateau,0.02,64,Penalized monotone B-spline,0.005166443866600838,4.436451206401733e-13,0.054630508995614946,0.002796390966977924,0.01,13,True,Optimization terminated successfully
cdf_plateau,0.02,64,pyGAM,0.005075076172105889,1.5261392150021963e-10,0.14956061699194834,0.0247836239868775,0.001,5,True,
cdf_plateau,0.02,65,MonotoneLSPIA,0.005065310981437238,3.3273384048016694e-13,0.03096917999209836,0.03096917999209836,,69,True,
cdf_plateau,0.02,65,Penalized monotone B-spline,0.005045565358827549,3.3273384048016694e-13,0.05105896695749834,0.00207716494332999,0.01,10,True,Optimization terminated successfully
cdf_plateau,0.02,65,pyGAM,0.00501275001433343,6.250405193419763e-10,0.13209954102057964,0.0291375020169653,0.01,2,True,
cdf_plateau,0.02,66,MonotoneLSPIA,0.006790538148137486,0.0,0.049510410986840725,0.049510410986840725,,194,True,
cdf_plateau,0.02,66,Penalized monotone B-spline,0.006809469588243886,0.0,0.05151301302248612,0.0021672919974662364,0.01,10,True,Optimization terminated successfully
cdf_plateau,0.02,66,pyGAM,0.007230861087309228,0.0,0.12158083100803196,0.016532859997823834,0.1,2,True,
cdf_plateau,0.02,67,MonotoneLSPIA,0.004597794974184137,3.3273384048016694e-13,0.03529547300422564,0.03529547300422564,,100,True,
cdf_plateau,0.02,67,Penalized monotone B-spline,0.0043235767704268785,2.2182256032011127e-13,0.04874589998507872,0.002365715045016259,0.01,12,True,Optimization terminated successfully
cdf_plateau,0.02,67,pyGAM,0.0037588361228440086,6.253177975423764e-10,0.14025618898449466,0.021450930973514915,0.1,3,True,
cdf_plateau,0.02,68,MonotoneLSPIA,0.004310767321324117,3.3273384048016694e-13,0.03331598098156974,0.03331598098156974,,88,True,
cdf_plateau,0.02,68,Penalized monotone B-spline,0.004272132654193417,3.3273384048016694e-13,0.051151274994481355,0.002216776949353516,0.01,11,True,Optimization terminated successfully
cdf_plateau,0.02,68,pyGAM,0.004255924838647715,8.669380213710508e-10,0.1324445499922149,0.02618133497890085,0.01,2,True,
cdf_plateau,0.02,69,MonotoneLSPIA,0.005353022881506895,0.0,0.04889844200806692,0.04889844200806692,,188,True,
cdf_plateau,0.02,69,Penalized monotone B-spline,0.005406852090452642,0.0,0.053109799046069384,0.0025307220057584345,0.01,13,True,Optimization terminated successfully
cdf_plateau,0.02,69,pyGAM,0.006093631253228389,0.0,0.13901137397624552,0.02093970199348405,0.1,3,True,
cdf_plateau,0.02,70,MonotoneLSPIA,0.006357567997428032,2.7727820040013524e-14,0.04356135398847982,0.04356135398847982,,161,True,
cdf_plateau,0.02,70,Penalized monotone B-spline,0.006318494129672954,2.772782004001314e-14,0.051421479030977935,0.0024677959736436605,0.01,12,True,Optimization terminated successfully
cdf_plateau,0.02,70,pyGAM,0.006801251634234073,5.989763685043721e-10,0.13669748505344614,0.020895886002108455,0.1,2,True,
cdf_plateau,0.02,71,MonotoneLSPIA,0.005261610643820076,3.3273384048016694e-13,0.035009624960366637,0.035009624960366637,,96,True,
cdf_plateau,0.02,71,Penalized monotone B-spline,0.00529334320351074,2.2182256032011127e-13,0.05110798397799954,0.002385016006883234,0.01,12,True,Optimization terminated successfully
cdf_plateau,0.02,71,pyGAM,0.005289263833774921,2.8737112689470414e-10,0.1444556139758788,0.024678904039319605,0.001,5,True,
cdf_plateau,0.02,72,MonotoneLSPIA,0.005921071531470711,4.436451206401733e-13,0.03565687598893419,0.03565687598893419,,103,True,
cdf_plateau,0.02,72,Penalized monotone B-spline,0.006054006909205988,3.3273384048016694e-13,0.049644048034679145,0.00266165699576959,0.01,13,True,Optimization terminated successfully
cdf_plateau,0.02,72,pyGAM,0.0058475117298589716,5.10302800016416e-10,0.1432945920387283,0.02120742603437975,0.001,4,True,
cdf_plateau,0.02,73,MonotoneLSPIA,0.005611271879624369,2.2182256032011127e-13,0.04165693401591852,0.04165693401591852,,144,True,
cdf_plateau,0.02,73,Penalized monotone B-spline,0.005709409422852921,2.2182256032011127e-13,0.05358177999733016,0.0026176010142080486,0.01,15,True,Optimization terminated successfully
cdf_plateau,0.02,73,pyGAM,0.006146019902635147,4.770294159683993e-10,0.14452632499160245,0.021263208996970206,0.1,2,True,
cdf_plateau,0.02,74,MonotoneLSPIA,0.005733668830780694,2.772782004001391e-14,0.037220307043753564,0.037220307043753564,,116,True,
cdf_plateau,0.02,74,Penalized monotone B-spline,0.005705636166242121,2.772782004001314e-14,0.04963590099941939,0.0021596080041490495,0.01,10,True,Optimization terminated successfully
cdf_plateau,0.02,74,pyGAM,0.006311391150250017,2.928057796225469e-10,0.13545483496272936,0.021114464034326375,0.1,2,True,
cdf_plateau,0.02,75,MonotoneLSPIA,0.004945251903990483,4.159173006002087e-14,0.04088570101885125,0.04088570101885125,,135,True,
cdf_plateau,0.02,75,Penalized monotone B-spline,0.004999730259334511,2.772782004001391e-14,0.049531997996382415,0.002393503033090383,0.01,12,True,Optimization terminated successfully
cdf_plateau,0.02,75,pyGAM,0.005566364826542956,4.498006966890807e-10,0.14306578203104436,0.02586021996103227,0.1,2,True,
cdf_plateau,0.02,76,MonotoneLSPIA,0.0050059767736501315,0.0,0.049251025018747896,0.049251025018747896,,190,True,
cdf_plateau,0.02,76,Penalized monotone B-spline,0.004762146301974074,0.0,0.05172586103435606,0.0022695959778502584,0.01,12,True,Optimization terminated successfully
cdf_plateau,0.02,76,pyGAM,0.0047010790829411795,0.0,0.13868883094983175,0.02060824097134173,0.01,2,True,
cdf_plateau,0.02,77,MonotoneLSPIA,0.004774183638794362,3.3273384048016694e-13,0.03531517100054771,0.03531517100054771,,102,True,
cdf_plateau,0.02,77,Penalized monotone B-spline,0.0048541793122125745,3.3273384048013003e-13,0.04883444000734016,0.002316732017789036,0.01,10,True,Optimization terminated successfully
cdf_plateau,0.02,77,pyGAM,0.0048877485127701665,6.276469344257549e-10,0.1374007790000178,0.025429130997508764,0.01,2,True,
cdf_plateau,0.02,78,MonotoneLSPIA,0.005937890946688651,4.4364512064022255e-13,0.04310528398491442,0.04310528398491442,,154,True,
cdf_plateau,0.02,78,Penalized monotone B-spline,0.005869492477142874,3.3273384048016694e-13,0.05362271599005908,0.002480525989085436,0.01,13,True,Optimization terminated successfully
cdf_plateau,0.02,78,pyGAM,0.005866333621463916,2.899220863383854e-10,0.12665494304383174,0.021162775985430926,0.01,2,True,
cdf_plateau,0.02,79,MonotoneLSPIA,0.006187317804902498,2.772782004001391e-14,0.03978880896465853,0.03978880896465853,,129,True,
cdf_plateau,0.02,79,Penalized monotone B-spline,0.006004856345309666,2.772782004001391e-14,0.05353957100305706,0.002569231961388141,0.01,15,True,Optimization terminated successfully
cdf_plateau,0.02,79,pyGAM,0.00574895281896741,0.0,0.12647300801472738,0.016385386988986284,0.1,2,True,
cdf_plateau,0.02,80,MonotoneLSPIA,0.004731673443550059,4.159173006001971e-14,0.03569129400420934,0.03569129400420934,,109,True,
cdf_plateau,0.02,80,Penalized monotone B-spline,0.004357595203592516,0.0,0.05364731204463169,0.0023870880249887705,0.01,12,True,Optimization terminated successfully
cdf_plateau,0.02,80,pyGAM,0.004656316012026306,1.0131745442620801e-10,0.14154661598149687,0.02596734499093145,0.001,5,True,
cdf_plateau,0.02,81,MonotoneLSPIA,0.004491015279715264,2.7727820040013524e-14,0.04127720999531448,0.04127720999531448,,144,True,
cdf_plateau,0.02,81,Penalized monotone B-spline,0.0046301076556739445,4.159173006001993e-14,0.053261477034538984,0.0024545880150981247,0.01,12,True,Optimization terminated successfully
cdf_plateau,0.02,81,pyGAM,0.005862960709248971,5.371987854552146e-10,0.13891197799239308,0.02069297799607739,0.1,3,True,
cdf_plateau,0.02,82,MonotoneLSPIA,0.004699227162724962,2.772782004001391e-14,0.04039407504023984,0.04039407504023984,,138,True,
cdf_plateau,0.02,82,Penalized monotone B-spline,0.004821098216820877,4.159173006001993e-14,0.05103712895652279,0.0023540129768662155,0.01,13,True,Optimization terminated successfully
cdf_plateau,0.02,82,pyGAM,0.005985589311854993,7.33844485178998e-10,0.14415148698026314,0.025432905997149646,0.1,4,True,
cdf_plateau,0.02,83,MonotoneLSPIA,0.0074081994455382225,0.0,0.043615116039291024,0.043615116039291024,,154,True,
cdf_plateau,0.02,83,Penalized monotone B-spline,0.007111396580926198,0.0,0.054026281053666025,0.0022810929804109037,0.01,11,True,Optimization terminated successfully
cdf_plateau,0.02,83,pyGAM,0.007087116757760288,0.0,0.13893622299656272,0.020888684957753867,0.01,2,True,
cdf_plateau,0.02,84,MonotoneLSPIA,0.006545991398080056,3.3273384048016694e-13,0.043118474015500396,0.043118474015500396,,156,True,
cdf_plateau,0.02,84,Penalized monotone B-spline,0.006469764217120144,3.3273384048016694e-13,0.05598390701925382,0.0029076390201225877,0.01,15,True,Optimization terminated successfully
cdf_plateau,0.02,84,pyGAM,0.006585670041493162,0.0,0.12726419395767152,0.021028663031756878,0.1,3,True,
cdf_plateau,0.02,85,MonotoneLSPIA,0.006516194728291326,4.159173006001971e-14,0.03802599897608161,0.03802599897608161,,124,True,
cdf_plateau,0.02,85,Penalized monotone B-spline,0.0065054141945970366,2.772782004001391e-14,0.053256017970852554,0.0021157439914532006,0.01,10,True,Optimization terminated successfully
cdf_plateau,0.02,85,pyGAM,0.006390108309650167,9.307674631031869e-10,0.14442687097471207,0.020909153972752392,0.01,2,True,
cdf_plateau,0.02,86,MonotoneLSPIA,0.005266035502818706,3.3273384048016694e-13,0.03682299598585814,0.03682299598585814,,114,True,
cdf_plateau,0.02,86,Penalized monotone B-spline,0.0052659760394727344,3.3273384048016694e-13,0.0505379069945775,0.0022088580299168825,1e-08,10,True,Optimization terminated successfully
cdf_plateau,0.02,86,pyGAM,0.005248363820216289,3.101633949675891e-10,0.13940702297259122,0.02920732501661405,0.001,6,True,
cdf_plateau,0.02,87,MonotoneLSPIA,0.005357001712754441,5.545564008002657e-14,0.0352320889942348,0.0352320889942348,,103,True,
cdf_plateau,0.02,87,Penalized monotone B-spline,0.00537165737020903,4.159173006002087e-14,0.046559932990930974,0.0023505249992012978,0.01,13,True,Optimization terminated successfully
cdf_plateau,0.02,87,pyGAM,0.005378543934622411,5.109682676973621e-10,0.13392827101051807,0.02545519598061219,0.01,2,True,
cdf_plateau,0.02,88,MonotoneLSPIA,0.005739126019598019,2.2182256032011127e-13,0.03490526304813102,0.03490526304813102,,93,True,
cdf_plateau,0.02,88,Penalized monotone B-spline,0.005494938429337909,3.3273384048016694e-13,0.05013995198532939,0.0021173019777052104,0.01,10,True,Optimization terminated successfully
cdf_plateau,0.02,88,pyGAM,0.005312143083564515,6.614748748745718e-10,0.17783117899671197,0.032555326994042844,0.01,2,True,
cdf_plateau,0.02,89,MonotoneLSPIA,0.0036943896375106655,2.772782004001314e-14,0.04566168400924653,0.04566168400924653,,141,True,
cdf_plateau,0.02,89,Penalized monotone B-spline,0.0036890388810680353,2.772782004001314e-14,0.05328479298623279,0.002385002968367189,0.01,12,True,Optimization terminated successfully
cdf_plateau,0.02,89,pyGAM,0.0036646762554569646,7.291862114122655e-10,0.13911714497953653,0.025724134990014136,0.001,5,True,
cdf_plateau,0.02,90,MonotoneLSPIA,0.00875623028803689,0.0,0.0455307699739933,0.0455307699739933,,161,True,
cdf_plateau,0.02,90,Penalized monotone B-spline,0.008666241762756304,0.0,0.05420596001204103,0.0023752900306135416,0.01,12,True,Optimization terminated successfully
cdf_plateau,0.02,90,pyGAM,0.008604458843352092,0.0,0.13999077503103763,0.02534642000682652,0.01,2,True,
cdf_plateau,0.02,91,MonotoneLSPIA,0.007775504750268835,0.0,0.04383039800450206,0.04383039800450206,,158,True,
cdf_plateau,0.02,91,Penalized monotone B-spline,0.007866905440943171,0.0,0.05562620802083984,0.0021709519787691534,0.01,10,True,Optimization terminated successfully
cdf_plateau,0.02,91,pyGAM,0.008686587774169497,3.2081087786296094e-10,0.13613753399113193,0.019437420996837318,0.1,3,True,
cdf_plateau,0.02,92,MonotoneLSPIA,0.005201583040145275,2.2182256032011127e-13,0.04156300099566579,0.04156300099566579,,110,True,
cdf_plateau,0.02,92,Penalized monotone B-spline,0.004950120014019242,3.3273384048016694e-13,0.055667708977125585,0.002620087005198002,0.01,14,True,Optimization terminated successfully
cdf_plateau,0.02,92,pyGAM,0.004849483391960687,3.346747878829586e-10,0.14025824097916484,0.02994377800496295,0.1,3,True,
cdf_plateau,0.02,93,MonotoneLSPIA,0.004765562597847437,4.159173006001993e-14,0.048737798002548516,0.048737798002548516,,173,True,
cdf_plateau,0.02,93,Penalized monotone B-spline,0.004670009902565425,3.3273384048016694e-13,0.04999069595942274,0.002813751983921975,0.01,14,True,Optimization terminated successfully
cdf_plateau,0.02,93,pyGAM,0.004654103237902223,5.320968665678521e-10,0.1349532210151665,0.024949221988208592,0.01,3,True,
cdf_plateau,0.02,94,MonotoneLSPIA,0.005526104023492316,3.3273384048016694e-13,0.03632140200352296,0.03632140200352296,,110,True,
cdf_plateau,0.02,94,Penalized monotone B-spline,0.005454747360850348,3.3273384048016694e-13,0.049916779971681535,0.0023472849861718714,0.01,13,True,Optimization terminated successfully
cdf_plateau,0.02,94,pyGAM,0.005423015118650337,5.10413711296576e-10,0.1389692630036734,0.02471082197735086,0.1,2,True,
cdf_plateau,0.02,95,MonotoneLSPIA,0.007150266290274768,0.0,0.04782304895343259,0.04782304895343259,,191,True,
cdf_plateau,0.02,95,Penalized monotone B-spline,0.0071178986351869734,0.0,0.05144797801040113,0.0022636090288870037,0.01,11,True,Optimization terminated successfully
cdf_plateau,0.02,95,pyGAM,0.007068524381825105,0.0,0.1348942659678869,0.02122183801839128,0.1,2,True,
cdf_plateau,0.02,96,MonotoneLSPIA,0.0064569956309016826,2.772782004001391e-14,0.03506826201919466,0.03506826201919466,,101,True,
cdf_plateau,0.02,96,Penalized monotone B-spline,0.00640355351225039,4.1591730060020287e-14,0.05078738700831309,0.002176719019189477,0.01,11,True,Optimization terminated successfully
cdf_plateau,0.02,96,pyGAM,0.006354413219194733,7.379482025449097e-10,0.14636522700311616,0.025029474985785782,0.01,2,True,
cdf_plateau,0.02,97,MonotoneLSPIA,0.004273262600493345,4.159173006001993e-14,0.040247340977657586,0.040247340977657586,,135,True,
cdf_plateau,0.02,97,Penalized monotone B-spline,0.004345858190178694,4.1591730060020287e-14,0.05048090300988406,0.0023148729815147817,0.01,12,True,Optimization terminated successfully
cdf_plateau,0.02,97,pyGAM,0.005390480365897841,2.850974456514151e-10,0.14312720904126763,0.02537988603580743,0.1,3,True,
cdf_plateau,0.02,98,MonotoneLSPIA,0.00406788657554132,3.3273384048016694e-13,0.03371911199064925,0.03371911199064925,,91,True,
cdf_plateau,0.02,98,Penalized monotone B-spline,0.004126026927070479,3.3273384048016694e-13,0.04923621501075104,0.0017992320354096591,0.01,8,True,Optimization terminated successfully
cdf_plateau,0.02,98,pyGAM,0.004127523449802259,3.7820746534578973e-10,0.13015101198107004,0.02483117999508977,0.01,2,True,
cdf_plateau,0.02,99,MonotoneLSPIA,0.006219945212089952,3.3273384048016694e-13,0.04385895101586357,0.04385895101586357,,158,True,
cdf_plateau,0.02,99,Penalized monotone B-spline,0.005982173129909324,4.4364512064022255e-13,0.05166158400243148,0.002463206008542329,0.01,13,True,Optimization terminated successfully
cdf_plateau,0.02,99,pyGAM,0.005114358517149185,9.4718233256677e-11,0.1321273409994319,0.021334537013899535,0.1,3,True,
cdf_plateau,0.02,100,MonotoneLSPIA,0.006714022722777412,3.3273384048016694e-13,0.04234143201028928,0.04234143201028928,,151,True,
cdf_plateau,0.02,100,Penalized monotone B-spline,0.006677872862084881,3.3273384048016694e-13,0.052454315999057144,0.002392577996943146,0.01,12,True,Optimization terminated successfully
cdf_plateau,0.02,100,pyGAM,0.007031749612186627,2.0962231950250516e-10,0.14229399902978912,0.02527196198934689,0.1,2,True,
cdf_plateau,0.05,1,MonotoneLSPIA,0.009966404898568166,3.3273384048016694e-13,0.040576605999376625,0.040576605999376625,,137,True,
cdf_plateau,0.05,1,Penalized monotone B-spline,0.009966401467532995,3.3273384048013003e-13,0.05045384500408545,0.002197986003011465,1e-08,11,True,Optimization terminated successfully
cdf_plateau,0.05,1,pyGAM,0.009947697682444778,1.890039125207508e-09,0.1415885419701226,0.026093526976183057,0.001,5,True,
cdf_plateau,0.05,2,MonotoneLSPIA,0.014737572472675613,2.7727820040013285e-14,0.04237737302901223,0.04237737302901223,,150,True,
cdf_plateau,0.05,2,Penalized monotone B-spline,0.01473756015369953,2.7727820040013332e-14,0.052363599999807775,0.002592284989077598,1e-08,13,True,Optimization terminated successfully
cdf_plateau,0.05,2,pyGAM,0.012508780184550728,6.976319522067306e-10,0.14934106497094035,0.02127195498906076,0.1,4,True,
cdf_plateau,0.05,3,MonotoneLSPIA,0.012837977243602075,4.159173006001993e-14,0.033653278020210564,0.033653278020210564,,90,True,
cdf_plateau,0.05,3,Penalized monotone B-spline,0.012710930771076974,4.159173006002087e-14,0.05131057201651856,0.002056295983493328,0.01,10,True,Optimization terminated successfully
cdf_plateau,0.05,3,pyGAM,0.012673313285526185,2.3788805925128873e-09,0.14224507502513006,0.02541487995767966,0.01,2,True,
cdf_plateau,0.05,4,MonotoneLSPIA,0.009362617191439897,4.4364512064022255e-13,0.03648548200726509,0.03648548200726509,,110,True,
cdf_plateau,0.05,4,Penalized monotone B-spline,0.009362653009754559,3.3273384048016694e-13,0.04839914996409789,0.002095335046760738,1e-08,11,True,Optimization terminated successfully
cdf_plateau,0.05,4,pyGAM,0.009386629906698925,1.4260417846578758e-09,0.13516743999207392,0.021747308026533574,0.01,2,True,
cdf_plateau,0.05,5,MonotoneLSPIA,0.019364335212382195,0.0,0.05666550894966349,0.05666550894966349,,175,True,
cdf_plateau,0.05,5,Penalized monotone B-spline,0.019309290191383298,0.0,0.052699156978633255,0.002564657013863325,0.01,13,True,Optimization terminated successfully
cdf_plateau,0.05,5,pyGAM,0.019193963808710923,2.05352235216343e-10,0.13200689997756854,0.021012125012930483,0.1,3,True,
cdf_plateau,0.05,6,MonotoneLSPIA,0.012671514952679298,4.159173006002087e-14,0.03648880997207016,0.03648880997207016,,115,True,
cdf_plateau,0.05,6,Penalized monotone B-spline,0.012578804619390224,2.772782004001391e-14,0.049178537039551884,0.001962152950000018,0.01,9,True,Optimization terminated successfully
cdf_plateau,0.05,6,pyGAM,0.012297175921918226,1.7837306631740701e-09,0.1374067619908601,0.025598148989956826,0.1,2,True,
cdf_plateau,0.05,7,MonotoneLSPIA,0.012586160238043915,3.3273384048016694e-13,0.035049361002165824,0.035049361002165824,,101,True,
cdf_plateau,0.05,7,Penalized monotone B-spline,0.012257156119224248,3.3273384048016694e-13,0.04867453302722424,0.00193952297559008,0.01,9,True,Optimization terminated successfully
cdf_plateau,0.05,7,pyGAM,0.010549877044430018,1.6885687847967203e-09,0.13501095096580684,0.020529936999082565,0.1,3,True,
cdf_plateau,0.05,8,MonotoneLSPIA,0.015240853778939372,0.0,0.047731667989864945,0.047731667989864945,,186,True,
cdf_plateau,0.05,8,Penalized monotone B-spline,0.015132804146245672,0.0,0.05433753796387464,0.002369591034948826,0.01,13,True,Optimization terminated successfully
cdf_plateau,0.05,8,pyGAM,0.015025421211903917,0.0,0.13632722897455096,0.025324541958980262,0.1,4,True,
cdf_plateau,0.05,9,MonotoneLSPIA,0.017928340334110223,3.3273384048016694e-13,0.03184211696498096,0.03184211696498096,,75,True,
cdf_plateau,0.05,9,Penalized monotone B-spline,0.017926474843785057,3.3273384048016694e-13,0.044711964030284435,0.002129733969923109,0.0001,11,True,Optimization terminated successfully
cdf_plateau,0.05,9,pyGAM,0.01669153513352151,4.042106149793036e-09,0.13489258097251877,0.021097932010889053,0.1,2,True,
cdf_plateau,0.05,10,MonotoneLSPIA,0.01582550897372608,1.3863910020006955e-14,0.038526164018549025,0.038526164018549025,,127,True,
cdf_plateau,0.05,10,Penalized monotone B-spline,0.015825505086363368,2.7727820040013524e-14,0.05421979498350993,0.002420312026515603,1e-08,12,True,Optimization terminated successfully
cdf_plateau,0.05,10,pyGAM,0.015022651511604918,4.754212024060785e-10,0.1304889270104468,0.020534773997496814,0.01,2,True,
cdf_plateau,0.05,11,MonotoneLSPIA,0.011909834646523896,0.0,0.038852927973493934,0.038852927973493934,,127,True,
cdf_plateau,0.05,11,Penalized monotone B-spline,0.011854081608485511,0.0,0.04961192200426012,0.0022966830292716622,0.01,12,True,Optimization terminated successfully
cdf_plateau,0.05,11,pyGAM,0.011123484746818759,0.0,0.13058952701976523,0.021460871037561446,0.1,3,True,
cdf_plateau,0.05,12,MonotoneLSPIA,0.0130204749297196,4.159173006002087e-14,0.03783107199706137,0.03783107199706137,,117,True,
cdf_plateau,0.05,12,Penalized monotone B-spline,0.013020476544869345,4.1591730060020287e-14,0.05019011901458725,0.0020253569819033146,1e-08,9,True,Optimization terminated successfully
cdf_plateau,0.05,12,pyGAM,0.012198336431630291,4.0209775509226575e-09,0.1350928390165791,0.02524014504160732,0.1,2,True,
cdf_plateau,0.05,13,MonotoneLSPIA,0.00993489433020251,3.3273384048016694e-13,0.03388829302275553,0.03388829302275553,,93,True,
cdf_plateau,0.05,13,Penalized monotone B-spline,0.009934902075592555,3.3273384048013003e-13,0.046725250023882836,0.002087544009555131,1e-08,11,True,Optimization terminated successfully
cdf_plateau,0.05,13,pyGAM,0.008472660267621205,1.2942237281876535e-09,0.1421850800397806,0.02567271498264745,0.1,2,True,
cdf_plateau,0.05,14,MonotoneLSPIA,0.012454717055917096,4.436451206401733e-13,0.03280126495519653,0.03280126495519653,,86,True,
cdf_plateau,0.05,14,Penalized monotone B-spline,0.012395881643477151,3.3273384048016694e-13,0.050282636017072946,0.0024133300175890326,0.01,12,True,Optimization terminated successfully
cdf_plateau,0.05,14,pyGAM,0.011852509213529538,1.311525887892658e-09,0.1433762749657035,0.02083264000248164,0.1,4,True,
cdf_plateau,0.05,15,MonotoneLSPIA,0.009044752965203911,3.3273384048016694e-13,0.0389138640020974,0.0389138640020974,,123,True,
cdf_plateau,0.05,15,Penalized monotone B-spline,0.009167089657793944,3.3273384048016694e-13,0.048715604993049055,0.002029474009759724,0.01,10,True,Optimization terminated successfully
cdf_plateau,0.05,15,pyGAM,0.01019310452671488,1.9934638939566493e-09,0.13226507604122162,0.021267050004098564,0.1,2,True,
cdf_plateau,0.05,16,MonotoneLSPIA,0.01661324575110152,2.772782004001391e-14,0.048130186973139644,0.048130186973139644,,180,True,
cdf_plateau,0.05,16,Penalized monotone B-spline,0.01655658062958153,2.772782004001391e-14,0.05696701898705214,0.0026159650296904147,0.01,15,True,Optimization terminated successfully
cdf_plateau,0.05,16,pyGAM,0.016247128208445268,1.2643885938246343e-09,0.1337107210420072,0.021380206977482885,0.1,3,True,
cdf_plateau,0.05,17,MonotoneLSPIA,0.012792325986613982,3.3273384048016694e-13,0.03955435601528734,0.03955435601528734,,124,True,
cdf_plateau,0.05,17,Penalized monotone B-spline,0.012841293645308076,3.3273384048016694e-13,0.05042708100518212,0.002339783008210361,0.01,13,True,Optimization terminated successfully
cdf_plateau,0.05,17,pyGAM,0.013358351648056023,9.642626697115237e-10,0.13380655099172145,0.021238399029243737,0.1,2,True,
cdf_plateau,0.05,18,MonotoneLSPIA,0.01521597392295655,2.7727820040013524e-14,0.041758156032301486,0.041758156032301486,,140,True,
cdf_plateau,0.05,18,Penalized monotone B-spline,0.015182028617689587,5.545564008002657e-14,0.0542015329701826,0.0026782810455188155,0.01,12,True,Optimization terminated successfully
cdf_plateau,0.05,18,pyGAM,0.015265496809894254,2.723981040730891e-10,0.13466508098645136,0.020687855954747647,0.1,3,True,
cdf_plateau,0.05,19,MonotoneLSPIA,0.01497338038553868,2.7727820040013332e-14,0.04124650498852134,0.04124650498852134,,141,True,
cdf_plateau,0.05,19,Penalized monotone B-spline,0.014967378414498366,2.7727820040013285e-14,0.05480283102951944,0.0025709140463732183,0.01,13,True,Optimization terminated successfully
cdf_plateau,0.05,19,pyGAM,0.019990919378674515,1.0945279682594788e-09,0.1434211670421064,0.021030395990237594,1.0,4,True,
cdf_plateau,0.05,20,MonotoneLSPIA,0.006622087349822019,3.3273384048016694e-13,0.04010874900268391,0.04010874900268391,,132,True,
cdf_plateau,0.05,20,Penalized monotone B-spline,0.006622072402047125,3.3273384048016694e-13,0.053711566026322544,0.002349657006561756,1e-08,12,True,Optimization terminated successfully
cdf_plateau,0.05,20,pyGAM,0.00653947289122142,1.3546703758749196e-09,0.13106976298149675,0.02105457300785929,0.01,2,True,
cdf_plateau,0.05,21,MonotoneLSPIA,0.00976471527036339,4.4364512064022255e-13,0.030814120022114366,0.030814120022114366,,68,True,
cdf_plateau,0.05,21,Penalized monotone B-spline,0.009602416224318065,4.4364512064022255e-13,0.04644243698567152,0.0016272490029223263,0.01,7,True,Optimization terminated successfully
cdf_plateau,0.05,21,pyGAM,0.009156787965559925,3.1443347925374903e-09,0.13141801999881864,0.025034065009094775,0.1,2,True,
cdf_plateau,0.05,22,MonotoneLSPIA,0.007753930837508353,4.4364512064022255e-13,0.03026657394366339,0.03026657394366339,,69,True,
cdf_plateau,0.05,22,Penalized monotone B-spline,0.007617262614657995,3.3273384048016694e-13,0.04909597500227392,0.002118734992109239,0.01,10,True,Optimization terminated successfully
cdf_plateau,0.05,22,pyGAM,0.007583807961933744,3.622639688227717e-09,0.1315032170386985,0.02564487198833376,0.1,2,True,
cdf_plateau,0.05,23,MonotoneLSPIA,0.011907150534860881,4.1591730060020287e-14,0.03601062798406929,0.03601062798406929,,102,True,
cdf_plateau,0.05,23,Penalized monotone B-spline,0.011935787611776971,4.159173006001993e-14,0.0493058210122399,0.0018659370252862573,0.01,8,True,Optimization terminated successfully
cdf_plateau,0.05,23,pyGAM,0.01261889062271185,2.044538538470409e-09,0.1454027920262888,0.024663516029249877,0.1,2,True,
cdf_plateau,0.05,24,MonotoneLSPIA,0.011818211361229836,3.3273384048016694e-13,0.038277576968539506,0.038277576968539506,,123,True,
cdf_plateau,0.05,24,Penalized monotone B-spline,0.011560563050533542,4.4364512064022255e-13,0.04725905001396313,0.002177785034291446,0.01,9,True,Optimization terminated successfully
cdf_plateau,0.05,24,pyGAM,0.010975265278729116,1.5264719488428457e-09,0.12588682700879872,0.020581161021254957,0.1,2,True,
cdf_plateau,0.05,25,MonotoneLSPIA,0.010905284433351143,3.3273384048016694e-13,0.02878407499520108,0.02878407499520108,,62,True,
cdf_plateau,0.05,25,Penalized monotone B-spline,0.014527707005895228,3.3273384048016694e-13,0.04834590997779742,0.002066674001980573,1.0,10,True,Optimization terminated successfully
cdf_plateau,0.05,25,pyGAM,0.010629503655765381,3.1791609345077466e-09,0.14762277103727683,0.02048385696252808,0.1,2,True,
cdf_plateau,0.05,26,MonotoneLSPIA,0.017171198959797185,3.3273384048016694e-13,0.03679894900415093,0.03679894900415093,,107,True,
cdf_plateau,0.05,26,Penalized monotone B-spline,0.017171181804485038,3.3273384048016694e-13,0.05165751004824415,0.0025958819896914065,1e-08,13,True,Optimization terminated successfully
cdf_plateau,0.05,26,pyGAM,0.017158066052388527,6.364089255583287e-10,0.14388870395487174,0.029486292973160744,0.001,6,True,
cdf_plateau,0.05,27,MonotoneLSPIA,0.009181013011777015,0.0,0.04387364804279059,0.04387364804279059,,160,True,
cdf_plateau,0.05,27,Penalized monotone B-spline,0.009181014036258327,0.0,0.05212974199093878,0.0024111130042001605,1e-08,13,True,Optimization terminated successfully
cdf_plateau,0.05,27,pyGAM,0.00906766679233862,0.0,0.13938882999354973,0.02555839397246018,0.01,2,True,
cdf_plateau,0.05,28,MonotoneLSPIA,0.011363732102744321,3.3273384048016694e-13,0.029935556987766176,0.029935556987766176,,69,True,
cdf_plateau,0.05,28,Penalized monotone B-spline,0.011155872967518873,3.3273384048016694e-13,0.04201514698797837,0.0016252740169875324,0.01,7,True,Optimization terminated successfully
cdf_plateau,0.05,28,pyGAM,0.01137741597016097,3.2586288667424243e-09,0.12687415804248303,0.020565540005918592,0.1,2,True,
cdf_plateau,0.05,29,MonotoneLSPIA,0.010599911348896408,4.1591730060019996e-14,0.034650172980036587,0.034650172980036587,,101,True,
cdf_plateau,0.05,29,Penalized monotone B-spline,0.010596563787265595,4.159173006001993e-14,0.051853486977051944,0.002260107023175806,0.01,11,True,Optimization terminated successfully
cdf_plateau,0.05,29,pyGAM,0.01090005208999987,6.367971150389462e-10,0.14581994799664244,0.03308087500045076,0.1,2,True,
cdf_plateau,0.05,30,MonotoneLSPIA,0.007924117320585096,2.2182256032011127e-13,0.045367101032752544,0.045367101032752544,,130,True,
cdf_plateau,0.05,30,Penalized monotone B-spline,0.007498840867466813,3.3273384048016694e-13,0.05166597000788897,0.0022011739783920348,0.01,11,True,Optimization terminated successfully
cdf_plateau,0.05,30,pyGAM,0.005254847091460868,1.1554737167074276e-09,0.14458757900865749,0.02109651401406154,0.1,2,True,
cdf_plateau,0.05,31,MonotoneLSPIA,0.010755381899329536,3.3273384048016694e-13,0.03019922797102481,0.03019922797102481,,67,True,
cdf_plateau,0.05,31,Penalized monotone B-spline,0.010755374793002932,3.3273384048013003e-13,0.04538407200016081,0.0025984470266848803,1e-08,10,True,Optimization terminated successfully
cdf_plateau,0.05,31,pyGAM,0.010741795327147563,4.890355620457117e-09,0.1254603230045177,0.021334480959922075,0.001,4,True,
cdf_plateau,0.05,32,MonotoneLSPIA,0.011534345220841737,3.3273384048016694e-13,0.03390014200704172,0.03390014200704172,,89,True,
cdf_plateau,0.05,32,Penalized monotone B-spline,0.011393404513594158,3.3273384048016694e-13,0.05320266302442178,0.0024356190115213394,0.01,13,True,Optimization terminated successfully
cdf_plateau,0.05,32,pyGAM,0.010648826846766924,1.2186931463986914e-09,0.13106514903483912,0.024769195006228983,0.1,2,True,
cdf_plateau,0.05,33,MonotoneLSPIA,0.012201122783927787,2.2182256032011127e-13,0.03406666195951402,0.03406666195951402,,96,True,
cdf_plateau,0.05,33,Penalized monotone B-spline,0.019483656067569632,3.3273384048016694e-13,0.051062287006061524,0.0018170159892179072,1.0,8,True,Optimization terminated successfully
cdf_plateau,0.05,33,pyGAM,0.0130530310115903,8.158633768573693e-10,0.13240477797808126,0.025482425990048796,0.1,2,True,
cdf_plateau,0.05,34,MonotoneLSPIA,0.014309763492489403,3.3273384048016694e-13,0.042086408007889986,0.042086408007889986,,146,True,
cdf_plateau,0.05,34,Penalized monotone B-spline,0.014089621392057099,3.3273384048016694e-13,0.0504703990300186,0.0024739709915593266,0.01,11,True,Optimization terminated successfully
cdf_plateau,0.05,34,pyGAM,0.012755825490686672,8.405965923330617e-10,0.12588274903828278,0.020732511999085546,0.1,3,True,
cdf_plateau,0.05,35,MonotoneLSPIA,0.010863609290381831,4.4364512064022255e-13,0.03989735397044569,0.03989735397044569,,132,True,
cdf_plateau,0.05,35,Penalized monotone B-spline,0.010801312195041848,3.3273384048016694e-13,0.049188751028850675,0.0021921879961155355,0.01,11,True,Optimization terminated successfully
cdf_plateau,0.05,35,pyGAM,0.010626331635831376,6.106775085612663e-10,0.12646774400491267,0.02634633897105232,0.1,2,True,
cdf_plateau,0.05,36,MonotoneLSPIA,0.014029208474278791,3.3273384048016694e-13,0.04217132396297529,0.04217132396297529,,144,True,
cdf_plateau,0.05,36,Penalized monotone B-spline,0.014069672520551656,3.3273384048016694e-13,0.051496742002200335,0.002359891019295901,0.01,10,True,Optimization terminated successfully
cdf_plateau,0.05,36,pyGAM,0.014491049536105262,1.3206206128657825e-09,0.12676050595473498,0.02103723702020943,0.1,2,True,
cdf_plateau,0.05,37,MonotoneLSPIA,0.017142426670767333,4.159173006002087e-14,0.03736632101936266,0.03736632101936266,,115,True,
cdf_plateau,0.05,37,Penalized monotone B-spline,0.017137311695698158,5.545564008002628e-14,0.0545633559813723,0.0024342539836652577,0.0001,14,True,Optimization terminated successfully
cdf_plateau,0.05,37,pyGAM,0.016682276772627243,9.847812565411066e-10,0.1310787089751102,0.025076919002458453,0.01,2,True,
cdf_plateau,0.05,38,MonotoneLSPIA,0.006466664983120386,4.159173006001993e-14,0.03700183698674664,0.03700183698674664,,116,True,
cdf_plateau,0.05,38,Penalized monotone B-spline,0.006478235476421268,4.159173006001993e-14,0.049375883012544364,0.0023514649947173893,0.01,11,True,Optimization terminated successfully
cdf_plateau,0.05,38,pyGAM,0.007631095669433802,4.650731799671324e-09,0.12718454800779,0.021574041980784386,0.1,2,True,
cdf_plateau,0.05,39,MonotoneLSPIA,0.01313567331375745,3.3273384048016694e-13,0.025749352003913373,0.025749352003913373,,42,True,
cdf_plateau,0.05,39,Penalized monotone B-spline,0.013009991524805722,3.3273384048016694e-13,0.04009676800342277,0.0019174739718437195,0.01,8,True,Optimization terminated successfully
cdf_plateau,0.05,39,pyGAM,0.012406078536010293,4.304023137891e-09,0.1315297789988108,0.030256916012149304,0.1,2,True,
cdf_plateau,0.05,40,MonotoneLSPIA,0.013969549140439422,2.772782004001391e-14,0.03451696003321558,0.03451696003321558,,97,True,
cdf_plateau,0.05,40,Penalized monotone B-spline,0.013767460452340712,2.772782004001391e-14,0.05231993499910459,0.0028524220106191933,0.01,15,True,Optimization terminated successfully
cdf_plateau,0.05,40,pyGAM,0.013774554354750264,6.954137266035296e-11,0.14634088904131204,0.017065760970581323,0.01,2,True,
cdf_plateau,0.05,41,MonotoneLSPIA,0.012999243418064771,2.2182256032011127e-13,0.03892927197739482,0.03892927197739482,,127,True,
cdf_plateau,0.05,41,Penalized monotone B-spline,0.01976978180550062,0.0,0.05332573899067938,0.0023820899659767747,1.0,11,True,Optimization terminated successfully
cdf_plateau,0.05,41,pyGAM,0.013228449041312687,0.0,0.1268038739799522,0.020550681045278907,0.1,3,True,
cdf_plateau,0.05,42,MonotoneLSPIA,0.012936942641423829,3.3273384048016694e-13,0.03771560202585533,0.03771560202585533,,123,True,
cdf_plateau,0.05,42,Penalized monotone B-spline,0.012584037312036757,3.3273384048016694e-13,0.04929429601179436,0.002184665994718671,0.01,11,True,Optimization terminated successfully
cdf_plateau,0.05,42,pyGAM,0.010285317837599284,1.6256266333059355e-09,0.1307492790510878,0.025103863968979567,0.1,2,True,
cdf_plateau,0.05,43,MonotoneLSPIA,0.012071586735032405,4.159173006001993e-14,0.033910733996890485,0.033910733996890485,,94,True,
cdf_plateau,0.05,43,Penalized monotone B-spline,0.012137356139381427,4.159173006002087e-14,0.05339993798406795,0.002498686022590846,0.01,14,True,Optimization terminated successfully
cdf_plateau,0.05,43,pyGAM,0.012733615091988459,9.828957647783857e-10,0.1388001210289076,0.02491081302287057,0.1,3,True,
cdf_plateau,0.05,44,MonotoneLSPIA,0.009540454639166938,3.3273384048016694e-13,0.04317533498397097,0.04317533498397097,,158,True,
cdf_plateau,0.05,44,Penalized monotone B-spline,0.00947392644939903,2.2182256032011127e-13,0.05202923499746248,0.002910912036895752,0.01,14,True,Optimization terminated successfully
cdf_plateau,0.05,44,pyGAM,0.00965721001427793,5.369215072548293e-10,0.1328495840425603,0.021376755961682647,0.1,2,True,
cdf_plateau,0.05,45,MonotoneLSPIA,0.01034441253523889,4.4364512064022255e-13,0.03330038901185617,0.03330038901185617,,81,True,
cdf_plateau,0.05,45,Penalized monotone B-spline,0.010243172867622706,3.3273384048016694e-13,0.050387092982418835,0.0022934399894438684,0.01,12,True,Optimization terminated successfully
cdf_plateau,0.05,45,pyGAM,0.009343151903934957,2.489736417032929e-09,0.13708282203879207,0.021588447969406843,0.1,2,True,
cdf_plateau,0.05,46,MonotoneLSPIA,0.01703356363672931,3.3273384048016694e-13,0.04290864203358069,0.04290864203358069,,148,True,
cdf_plateau,0.05,46,Penalized monotone B-spline,0.016787386690661554,3.3273384048016694e-13,0.052367408003192395,0.002620176994241774,0.01,13,True,Optimization terminated successfully
cdf_plateau,0.05,46,pyGAM,0.01519364816619454,9.955396507166593e-10,0.12815893499646336,0.021108434011694044,0.1,2,True,
cdf_plateau,0.05,47,MonotoneLSPIA,0.014065886879754718,3.3273384048013003e-13,0.03808969695819542,0.03808969695819542,,121,True,
cdf_plateau,0.05,47,Penalized monotone B-spline,0.018591618914308047,3.3273384048016694e-13,0.050248255021870136,0.0021208510152064264,1.0,10,True,Optimization terminated successfully
cdf_plateau,0.05,47,pyGAM,0.012475544656137308,2.8413806307803064e-09,0.13492790999589488,0.02088766999077052,0.1,2,True,
cdf_plateau,0.05,48,MonotoneLSPIA,0.009557811067144747,2.7727820040013524e-14,0.037251309026032686,0.037251309026032686,,115,True,
cdf_plateau,0.05,48,Penalized monotone B-spline,0.009105661344004356,2.772782004001391e-14,0.05222175101516768,0.0023144359583966434,0.01,12,True,Optimization terminated successfully
cdf_plateau,0.05,48,pyGAM,0.007388698270073567,1.0795549454378716e-09,0.13576202496187761,0.024933430016972125,0.1,3,True,
cdf_plateau,0.05,49,MonotoneLSPIA,0.010760814911971436,3.3273384048016694e-13,0.028527634975034744,0.028527634975034744,,58,True,
cdf_plateau,0.05,49,Penalized monotone B-spline,0.010772149196986887,3.3273384048016694e-13,0.047233664023224264,0.0020844769896939397,0.01,11,True,Optimization terminated successfully
cdf_plateau,0.05,49,pyGAM,0.011109110061019509,3.5193258307587255e-09,0.135958903003484,0.025315784965641797,0.1,2,True,
cdf_plateau,0.05,50,MonotoneLSPIA,0.012276835262146865,3.3273384048016694e-13,0.03241775499191135,0.03241775499191135,,84,True,
cdf_plateau,0.05,50,Penalized monotone B-spline,0.012310484185178078,3.3273384048016694e-13,0.04541946901008487,0.0021342370309866965,0.01,11,True,Optimization terminated successfully
cdf_plateau,0.05,50,pyGAM,0.017934524150301626,2.6215544735030824e-09,0.13484951702412218,0.02539232897106558,1.0,4,True,
cdf_plateau,0.05,51,MonotoneLSPIA,0.01210809315708295,4.159173006001971e-14,0.04068900999845937,0.04068900999845937,,142,True,
cdf_plateau,0.05,51,Penalized monotone B-spline,0.01748508910914796,0.0,0.05265812901780009,0.0024058239650912583,1.0,10,True,Optimization terminated successfully
cdf_plateau,0.05,51,pyGAM,0.01123119797531755,5.358123944532139e-10,0.1313353970181197,0.020891354011837393,0.1,3,True,
cdf_plateau,0.05,52,MonotoneLSPIA,0.007863546868230329,3.3273384048016694e-13,0.0374456699937582,0.0374456699937582,,118,True,
cdf_plateau,0.05,52,Penalized monotone B-spline,0.007497443310745104,3.3273384048016694e-13,0.04686271701939404,0.002300819964148104,0.01,12,True,Optimization terminated successfully
cdf_plateau,0.05,52,pyGAM,0.006201167639664722,1.846340080824395e-09,0.13860508101060987,0.020580712996888906,0.1,2,True,
cdf_plateau,0.05,53,MonotoneLSPIA,0.013308380411861505,3.3273384048016694e-13,0.03703823295654729,0.03703823295654729,,111,True,
cdf_plateau,0.05,53,Penalized monotone B-spline,0.013181053022302745,3.3273384048016694e-13,0.04833605501335114,0.001978708023671061,0.01,9,True,Optimization terminated successfully
cdf_plateau,0.05,53,pyGAM,0.013237716436337154,9.180126658847805e-10,0.14889490703353658,0.030075240007136017,0.001,6,True,
cdf_plateau,0.05,54,MonotoneLSPIA,0.017650228427611027,3.3273384048016694e-13,0.03384374000597745,0.03384374000597745,,89,True,
cdf_plateau,0.05,54,Penalized monotone B-spline,0.017188327947217884,3.3273384048016694e-13,0.050734160002321005,0.002243224997073412,0.01,12,True,Optimization terminated successfully
cdf_plateau,0.05,54,pyGAM,0.01570976377212786,1.393489323930939e-09,0.13652518996968865,0.0258364689652808,0.1,3,True,
cdf_plateau,0.05,55,MonotoneLSPIA,0.013096392515122006,3.3273384048016694e-13,0.03961523296311498,0.03961523296311498,,128,True,
cdf_plateau,0.05,55,Penalized monotone B-spline,0.013125269501587865,3.3273384048016694e-13,0.0493435250245966,0.0021150889806449413,0.01,11,True,Optimization terminated successfully
cdf_plateau,0.05,55,pyGAM,0.01318211441931032,3.761223332787806e-09,0.1365169909549877,0.02591668500099331,0.1,2,True,
cdf_plateau,0.05,56,MonotoneLSPIA,0.01157294736183059,4.1591730060020287e-14,0.03805512300459668,0.03805512300459668,,121,True,
cdf_plateau,0.05,56,Penalized monotone B-spline,0.011550874765824823,2.772782004001391e-14,0.05305020901141688,0.0023783300421200693,0.01,12,True,Optimization terminated successfully
cdf_plateau,0.05,56,pyGAM,0.012012407215919747,2.3354033706902114e-09,0.13748146098805591,0.02464599400991574,0.1,3,True,
cdf_plateau,0.05,57,MonotoneLSPIA,0.012173022561241234,3.3273384048016694e-13,0.03168695804197341,0.03168695804197341,,76,True,
cdf_plateau,0.05,57,Penalized monotone B-spline,0.012131300225886854,4.4364512064022255e-13,0.046758237993344665,0.001845703984145075,0.01,8,True,Optimization terminated successfully
cdf_plateau,0.05,57,pyGAM,0.011995058365194138,2.3448862851438315e-09,0.1347030919860117,0.020824955019634217,0.1,2,True,
cdf_plateau,0.05,58,MonotoneLSPIA,0.007378015650485413,3.3273384048016694e-13,0.03830584400566295,0.03830584400566295,,123,True,
cdf_plateau,0.05,58,Penalized monotone B-spline,0.007174572080347388,3.3273384048016694e-13,0.052762090985197574,0.0023741640034131706,0.01,13,True,Optimization terminated successfully
cdf_plateau,0.05,58,pyGAM,0.005611251845075109,7.535312374073971e-10,0.14026512298732996,0.02527847798774019,0.1,2,True,
cdf_plateau,0.05,59,MonotoneLSPIA,0.006959122475544127,3.3273384048016694e-13,0.03258499299408868,0.03258499299408868,,80,True,
cdf_plateau,0.05,59,Penalized monotone B-spline,0.007015583572813156,4.4364512064022255e-13,0.04457193199777976,0.00201357901096344,0.01,10,True,Optimization terminated successfully
cdf_plateau,0.05,59,pyGAM,0.007857983670462632,1.971281637924694e-09,0.1366034839884378,0.0260055479593575,0.1,2,True,
cdf_plateau,0.05,60,MonotoneLSPIA,0.007569034716487489,3.3273384048016694e-13,0.03838686796370894,0.03838686796370894,,120,True,
cdf_plateau,0.05,60,Penalized monotone B-spline,0.007522731893677851,3.3273384048016694e-13,0.05137479200493544,0.002836512983776629,0.01,12,True,Optimization terminated successfully
cdf_plateau,0.05,60,pyGAM,0.007825719632540598,2.049085900956971e-09,0.14148296398343518,0.021498078014701605,0.1,2,True,
cdf_plateau,0.05,61,MonotoneLSPIA,0.008591734814766923,3.3273384048016694e-13,0.03263320098631084,0.03263320098631084,,85,True,
cdf_plateau,0.05,61,Penalized monotone B-spline,0.008402908927933769,3.3273384048016694e-13,0.04871757997898385,0.002076475997455418,0.01,10,True,Optimization terminated successfully
cdf_plateau,0.05,61,pyGAM,0.007741710243262851,2.8193647416686145e-09,0.13208820804720744,0.025616891973186284,0.1,2,True,
cdf_plateau,0.05,62,MonotoneLSPIA,0.012083822695537191,4.1591730060019996e-14,0.041840873018372804,0.041840873018372804,,147,True,
cdf_plateau,0.05,62,Penalized monotone B-spline,0.012113702388145953,2.7727820040013332e-14,0.05404286301927641,0.002484377007931471,0.01,13,True,Optimization terminated successfully
cdf_plateau,0.05,62,pyGAM,0.012144442568769719,1.951761252616525e-09,0.13987451395951211,0.016363435017410666,0.1,3,True,
cdf_plateau,0.05,63,MonotoneLSPIA,0.011497106344523575,0.0,0.04801603499799967,0.04801603499799967,,186,True,
cdf_plateau,0.05,63,Penalized monotone B-spline,0.011520325177687514,0.0,0.05448859301395714,0.0026522889966145158,0.01,14,True,Optimization terminated successfully
cdf_plateau,0.05,63,pyGAM,0.01192487217825812,0.0,0.12693694996414706,0.02058472903445363,0.1,3,True,
cdf_plateau,0.05,64,MonotoneLSPIA,0.017154989708928203,0.0,0.045650514017324895,0.045650514017324895,,173,True,
cdf_plateau,0.05,64,Penalized monotone B-spline,0.0172390673216695,0.0,0.055009720963425934,0.0026285829953849316,0.01,15,True,Optimization terminated successfully
cdf_plateau,0.05,64,pyGAM,0.023830498486657494,0.0,0.12999043002491817,0.01671435998287052,1.0,3,True,
cdf_plateau,0.05,65,MonotoneLSPIA,0.0106638271900297,3.3273384048016694e-13,0.03569708997383714,0.03569708997383714,,106,True,
cdf_plateau,0.05,65,Penalized monotone B-spline,0.01906467728684867,3.3273384048016694e-13,0.04947717901086435,0.0020778520265594125,1.0,10,True,Optimization terminated successfully
cdf_plateau,0.05,65,pyGAM,0.019055411664662212,3.789339342308276e-09,0.13721624499885365,0.021338146005291492,1.0,3,True,
cdf_plateau,0.05,66,MonotoneLSPIA,0.013171784540419812,5.545564008002657e-14,0.041384704993106425,0.041384704993106425,,144,True,
cdf_plateau,0.05,66,Penalized monotone B-spline,0.013098100499254684,4.159173006001993e-14,0.05141426098998636,0.0026962190167978406,0.01,13,True,Optimization terminated successfully
cdf_plateau,0.05,66,pyGAM,0.012757153288610672,5.357569388131376e-10,0.13028573704650626,0.021630193979945034,0.1,2,True,
cdf_plateau,0.05,67,MonotoneLSPIA,0.011969161798596204,3.3273384048016694e-13,0.029546633013524115,0.029546633013524115,,69,True,
cdf_plateau,0.05,67,Penalized monotone B-spline,0.01194869401022374,3.3273384048016694e-13,0.047559326980262995,0.001920279988553375,0.01,9,True,Optimization terminated successfully
cdf_plateau,0.05,67,pyGAM,0.012179990985322658,3.841634010903634e-09,0.12711502000456676,0.025304306007456034,0.1,2,True,
cdf_plateau,0.05,68,MonotoneLSPIA,0.015742256410509317,3.3273384048016694e-13,0.03562019200762734,0.03562019200762734,,106,True,
cdf_plateau,0.05,68,Penalized monotone B-spline,0.015297324487726489,3.3273384048016694e-13,0.04904556495603174,0.0023371799616143107,0.01,10,True,Optimization terminated successfully
cdf_plateau,0.05,68,pyGAM,0.014170020987977469,4.148081877986081e-10,0.13947715802351013,0.020985713053960353,0.01,2,True,
cdf_plateau,0.05,69,MonotoneLSPIA,0.011763098668583216,3.3273384048016694e-13,0.03601511201122776,0.03601511201122776,,107,True,
cdf_plateau,0.05,69,Penalized monotone B-spline,0.011610395029826899,4.4364512064022255e-13,0.05070966499624774,0.00272179301828146,0.01,14,True,Optimization terminated successfully
cdf_plateau,0.05,69,pyGAM,0.00994452054509677,8.48415837584322e-10,0.1432770669925958,0.02111047296784818,0.1,2,True,
cdf_plateau,0.05,70,MonotoneLSPIA,0.012238791123867141,4.1591730060020287e-14,0.03798564203316346,0.03798564203316346,,120,True,
cdf_plateau,0.05,70,Penalized monotone B-spline,0.01208169229056909,4.1591730060019996e-14,0.04882063204422593,0.002586555026937276,0.01,14,True,Optimization terminated successfully
cdf_plateau,0.05,70,pyGAM,0.012118230883150422,1.96296329191269e-09,0.1393676939769648,0.026326623978093266,0.01,2,True,
cdf_plateau,0.05,71,MonotoneLSPIA,0.020238227819795215,4.159173006001993e-14,0.0443249800009653,0.0443249800009653,,163,True,
cdf_plateau,0.05,71,Penalized monotone B-spline,0.020064972812275143,4.159173006001993e-14,0.05367013602517545,0.002591241034679115,0.01,13,True,Optimization terminated successfully
cdf_plateau,0.05,71,pyGAM,0.01958878233846152,1.035855901054811e-09,0.12321261398028582,0.020821224024984986,0.1,2,True,
cdf_plateau,0.05,72,MonotoneLSPIA,0.01454956044252651,2.2182256032011127e-13,0.03566985100042075,0.03566985100042075,,105,True,
cdf_plateau,0.05,72,Penalized monotone B-spline,0.014326096058304039,3.3273384048013003e-13,0.05100270203547552,0.0023329160176217556,0.01,10,True,Optimization terminated successfully
cdf_plateau,0.05,72,pyGAM,0.013739769440217667,7.734952678361422e-10,0.1278981599607505,0.026097946043591946,0.1,4,True,
cdf_plateau,0.05,73,MonotoneLSPIA,0.008705973725322445,2.7727820040013524e-14,0.03555653401417658,0.03555653401417658,,98,True,
cdf_plateau,0.05,73,Penalized monotone B-spline,0.008705003295324735,2.772782004001391e-14,0.050080680986866355,0.002157628012355417,0.0001,11,True,Optimization terminated successfully
cdf_plateau,0.05,73,pyGAM,0.008533754569368583,1.8049701733246955e-09,0.14491437398828566,0.02548651199322194,0.001,5,True,
cdf_plateau,0.05,74,MonotoneLSPIA,0.014571750281976272,3.3273384048016694e-13,0.03665333200478926,0.03665333200478926,,109,True,
cdf_plateau,0.05,74,Penalized monotone B-spline,0.014427310342722561,3.3273384048013003e-13,0.05295802699401975,0.0024297109921462834,0.01,9,True,Optimization terminated successfully
cdf_plateau,0.05,74,pyGAM,0.014249702851165153,2.0653898591404988e-09,0.15095012297388166,0.024928112979978323,0.1,5,True,
cdf_plateau,0.05,75,MonotoneLSPIA,0.01545480046454678,4.1591730060020287e-14,0.0407156870351173,0.0407156870351173,,135,True,
cdf_plateau,0.05,75,Penalized monotone B-spline,0.015373864409578048,2.772782004001391e-14,0.05413932999363169,0.002685708983335644,0.01,15,True,Optimization terminated successfully
cdf_plateau,0.05,75,pyGAM,0.015131003336194894,0.0,0.1397912179818377,0.021592881006654352,0.1,3,True,
cdf_plateau,0.05,76,MonotoneLSPIA,0.00961335184341786,2.772782004001314e-14,0.04125148197636008,0.04125148197636008,,135,True,
cdf_plateau,0.05,76,Penalized monotone B-spline,0.009292270082523424,2.772782004001314e-14,0.053578696970362216,0.0024765980197116733,0.01,13,True,Optimization terminated successfully
cdf_plateau,0.05,76,pyGAM,0.00922198181457956,1.1462126248140632e-09,0.13680875801946968,0.020359138026833534,0.01,2,True,
cdf_plateau,0.05,77,MonotoneLSPIA,0.012136898432285896,3.3273384048016694e-13,0.03174778801621869,0.03174778801621869,,79,True,
cdf_plateau,0.05,77,Penalized monotone B-spline,0.011980772974499935,3.3273384048016694e-13,0.04898171697277576,0.0021201539784669876,0.01,10,True,Optimization terminated successfully
cdf_plateau,0.05,77,pyGAM,0.012333848734136626,1.8711842075802987e-09,0.13197151198983192,0.026098511996679008,0.1,2,True,
cdf_plateau,0.05,78,MonotoneLSPIA,0.0092211076615656,3.3273384048016694e-13,0.04034312698058784,0.04034312698058784,,135,True,
cdf_plateau,0.05,78,Penalized monotone B-spline,0.009020877678300657,3.3273384048016694e-13,0.0516804899671115,0.0023205220350064337,0.01,12,True,Optimization terminated successfully
cdf_plateau,0.05,78,pyGAM,0.00900480940466991,1.0496643554347665e-09,0.13082123995991424,0.02514709299430251,0.01,2,True,
cdf_plateau,0.05,79,MonotoneLSPIA,0.010555102886100759,3.3273384048016694e-13,0.030645358958281577,0.030645358958281577,,72,True,
cdf_plateau,0.05,79,Penalized monotone B-spline,0.01053994984084169,3.3273384048016694e-13,0.050832608016207814,0.0022969520068727434,0.01,12,True,Optimization terminated successfully
cdf_plateau,0.05,79,pyGAM,0.010534794765206206,1.9472693457700968e-09,0.14849699300248176,0.028950200998224318,0.001,6,True,
cdf_plateau,0.05,80,MonotoneLSPIA,0.015696367401814033,3.3273384048016694e-13,0.03465179295744747,0.03465179295744747,,97,True,
cdf_plateau,0.05,80,Penalized monotone B-spline,0.014821450878224672,3.3273384048016694e-13,0.049157906032633036,0.001845585007686168,0.01,8,True,Optimization terminated successfully
cdf_plateau,0.05,80,pyGAM,0.01160838368801271,1.8984683824996196e-09,0.1345419610152021,0.020781142986379564,0.1,3,True,
cdf_plateau,0.05,81,MonotoneLSPIA,0.012275819358631578,4.4364512064022255e-13,0.04183054395252839,0.04183054395252839,,147,True,
cdf_plateau,0.05,81,Penalized monotone B-spline,0.012316939020130114,2.2182256032011127e-13,0.05424072302412242,0.002750014013145119,0.01,15,True,Optimization terminated successfully
cdf_plateau,0.05,81,pyGAM,0.012712667254023481,1.0689074625425065e-09,0.14210357202682644,0.020523954008240253,0.1,5,True,
cdf_plateau,0.05,82,MonotoneLSPIA,0.010496944581437677,4.159173006002087e-14,0.03614988399203867,0.03614988399203867,,105,True,
cdf_plateau,0.05,82,Penalized monotone B-spline,0.010162799659591234,4.159173006002087e-14,0.04783256503287703,0.0022621489479206502,0.01,12,True,Optimization terminated successfully
cdf_plateau,0.05,82,pyGAM,0.008408765250355272,1.582814879164132e-09,0.13601035595638677,0.020908308040816337,0.1,3,True,
cdf_plateau,0.05,83,MonotoneLSPIA,0.01848701874040904,0.0,0.043881153978873044,0.043881153978873044,,159,True,
cdf_plateau,0.05,83,Penalized monotone B-spline,0.018140341667766777,0.0,0.0557432709611021,0.002342982974369079,0.01,12,True,Optimization terminated successfully
cdf_plateau,0.05,83,pyGAM,0.01588455346072972,0.0,0.1249122089939192,0.0216835459577851,0.1,2,True,
cdf_plateau,0.05,84,MonotoneLSPIA,0.007502157337177808,2.772782004001391e-14,0.04173304495634511,0.04173304495634511,,143,True,
cdf_plateau,0.05,84,Penalized monotone B-spline,0.007464054287808697,4.159173006002087e-14,0.05264175502816215,0.002312803000677377,0.01,11,True,Optimization terminated successfully
cdf_plateau,0.05,84,pyGAM,0.007396255121769006,1.6796404267437895e-09,0.12768695096019655,0.026695200998801738,0.1,2,True,
cdf_plateau,0.05,85,MonotoneLSPIA,0.010066723931713492,4.4364512064022255e-13,0.03241065196925774,0.03241065196925774,,82,True,
cdf_plateau,0.05,85,Penalized monotone B-spline,0.010167151037549022,4.4364512064022255e-13,0.04637810698477551,0.0026097240042872727,0.01,12,True,Optimization terminated successfully
cdf_plateau,0.05,85,pyGAM,0.011006510286692006,1.8198322848661928e-09,0.14056026696925983,0.020494274969678372,0.1,3,True,
cdf_plateau,0.05,86,MonotoneLSPIA,0.009336452100587849,3.3273384048016694e-13,0.0399357529822737,0.0399357529822737,,124,True,
cdf_plateau,0.05,86,Penalized monotone B-spline,0.009356575419700395,3.3273384048016694e-13,0.049224527028854936,0.0025034069549292326,0.01,12,True,Optimization terminated successfully
cdf_plateau,0.05,86,pyGAM,0.016453443261981098,1.0863759891677449e-09,0.13676521996967494,0.021630580013152212,1.0,4,True,
cdf_plateau,0.05,87,MonotoneLSPIA,0.012848563792269124,3.3273384048016694e-13,0.032921919017098844,0.032921919017098844,,82,True,
cdf_plateau,0.05,87,Penalized monotone B-spline,0.012396400790822007,4.4364512064022255e-13,0.05309584498172626,0.0024198339669965208,0.01,12,True,Optimization terminated successfully
cdf_plateau,0.05,87,pyGAM,0.00949296121612986,3.3967134105416896e-09,0.13311220798641443,0.025331238983199,0.1,3,True,
cdf_plateau,0.05,88,MonotoneLSPIA,0.010322112861789412,0.0,0.048159166995901614,0.048159166995901614,,184,True,
cdf_plateau,0.05,88,Penalized monotone B-spline,0.010238622390492367,0.0,0.05475022300379351,0.0024543500039726496,0.01,12,True,Optimization terminated successfully
cdf_plateau,0.05,88,pyGAM,0.01010307118325317,0.0,0.12892804300645366,0.021414535003714263,0.1,2,True,
cdf_plateau,0.05,89,MonotoneLSPIA,0.010181963700413075,4.1591730060019996e-14,0.037344436976127326,0.037344436976127326,,113,True,
cdf_plateau,0.05,89,Penalized monotone B-spline,0.010071003271550805,4.159173006001993e-14,0.052574543049559,0.0025271890335716307,0.01,14,True,Optimization terminated successfully
cdf_plateau,0.05,89,pyGAM,0.00988434402490776,1.0603672939701824e-09,0.13452319102361798,0.024988066987134516,0.1,3,True,
cdf_plateau,0.05,90,MonotoneLSPIA,0.014983858042719914,4.1591730060020287e-14,0.03922452399274334,0.03922452399274334,,132,True,
cdf_plateau,0.05,90,Penalized monotone B-spline,0.01481858699198369,4.1591730060020287e-14,0.053103615005966276,0.0024697379558347166,0.01,13,True,Optimization terminated successfully
cdf_plateau,0.05,90,pyGAM,0.013567377436733792,1.4341937637496397e-09,0.14002834697021171,0.020766900037415326,0.1,2,True,
cdf_plateau,0.05,91,MonotoneLSPIA,0.009976712619200611,0.0,0.040723824000451714,0.040723824000451714,,139,True,
cdf_plateau,0.05,91,Penalized monotone B-spline,0.009919377521791919,0.0,0.05422505596652627,0.0030682500218972564,0.01,14,True,Optimization terminated successfully
cdf_plateau,0.05,91,pyGAM,0.009671573503324924,0.0,0.1273548310273327,0.01667468302184716,0.1,3,True,
cdf_plateau,0.05,92,MonotoneLSPIA,0.01271613952201233,3.3273384048016694e-13,0.0346953590051271,0.0346953590051271,,91,True,
cdf_plateau,0.05,92,Penalized monotone B-spline,0.012552321801099912,3.3273384048016694e-13,0.05057677399599925,0.0020745249930769205,0.01,10,True,Optimization terminated successfully
cdf_plateau,0.05,92,pyGAM,0.012241650795698096,1.3997003556199022e-09,0.14066738699330017,0.02489209600025788,0.1,2,True,
cdf_plateau,0.05,93,MonotoneLSPIA,0.010137436172664127,3.3273384048016694e-13,0.03033040399895981,0.03033040399895981,,72,True,
cdf_plateau,0.05,93,Penalized monotone B-spline,0.010073676543563658,3.3273384048016694e-13,0.047863446990959346,0.0020321260089986026,0.01,10,True,Optimization terminated successfully
cdf_plateau,0.05,93,pyGAM,0.010561333382732433,2.0580697146499924e-09,0.1356432319735177,0.022050337982364,0.1,2,True,
cdf_plateau,0.05,94,MonotoneLSPIA,0.013115362932534775,2.2182256032011127e-13,0.03685203497298062,0.03685203497298062,,109,True,
cdf_plateau,0.05,94,Penalized monotone B-spline,0.013115364375159495,3.3273384048016694e-13,0.04680083302082494,0.0018693740130402148,1e-08,8,True,Optimization terminated successfully
cdf_plateau,0.05,94,pyGAM,0.012914577535515254,2.217504679880011e-09,0.14487826800905168,0.025668325019069016,0.001,5,True,
cdf_plateau,0.05,95,MonotoneLSPIA,0.015204553444579475,2.2182256032011127e-13,0.03418081998825073,0.03418081998825073,,94,True,
cdf_plateau,0.05,95,Penalized monotone B-spline,0.014017844385528857,4.4364512064022255e-13,0.04998840595362708,0.002301026019267738,0.01,12,True,Optimization terminated successfully
cdf_plateau,0.05,95,pyGAM,0.009614188373435464,2.1766893287811117e-09,0.136546261026524,0.025323711044620723,0.1,2,True,
cdf_plateau,0.05,96,MonotoneLSPIA,0.011030613683925246,4.1591730060020287e-14,0.039655537984799594,0.039655537984799594,,133,True,
cdf_plateau,0.05,96,Penalized monotone B-spline,0.01092093457011995,4.1591730060020287e-14,0.05342466902220622,0.0025577149935998023,0.01,12,True,Optimization terminated successfully
cdf_plateau,0.05,96,pyGAM,0.01002690811115034,8.329991696420748e-10,0.1403569930116646,0.02120263100368902,0.1,4,True,
cdf_plateau,0.05,97,MonotoneLSPIA,0.006529749871898515,4.1591730060020287e-14,0.03860483999596909,0.03860483999596909,,122,True,
cdf_plateau,0.05,97,Penalized monotone B-spline,0.006649490862051303,2.772782004001391e-14,0.0527352339704521,0.002618536993395537,0.01,14,True,Optimization terminated successfully
cdf_plateau,0.05,97,pyGAM,0.016124640270364986,1.3314899183213203e-09,0.13145865901606157,0.020876008027698845,1.0,3,True,
cdf_plateau,0.05,98,MonotoneLSPIA,0.008766902148586005,2.2182256032011127e-13,0.033494857023470104,0.033494857023470104,,91,True,
cdf_plateau,0.05,98,Penalized monotone B-spline,0.008485274531214037,4.4364512064022255e-13,0.050695738987997174,0.0022547980188392103,0.01,12,True,Optimization terminated successfully
cdf_plateau,0.05,98,pyGAM,0.0071217093103317095,1.2049401476588444e-09,0.14020162797532976,0.020640468050260097,0.1,2,True,
cdf_plateau,0.05,99,MonotoneLSPIA,0.009492140527007021,4.4364512064022255e-13,0.034206448995973915,0.034206448995973915,,78,True,
cdf_plateau,0.05,99,Penalized monotone B-spline,0.009269585680737307,3.3273384048016694e-13,0.04784006596310064,0.0020230310037732124,0.01,9,True,Optimization terminated successfully
cdf_plateau,0.05,99,pyGAM,0.008216122453503217,2.3491009137899784e-09,0.13516159600112587,0.020814813033211976,0.1,2,True,
cdf_plateau,0.05,100,MonotoneLSPIA,0.010680420256829559,3.3273384048016694e-13,0.03360127395717427,0.03360127395717427,,91,True,
cdf_plateau,0.05,100,Penalized monotone B-spline,0.010702041934447277,3.3273384048016694e-13,0.0548318549990654,0.0023875560145825148,0.01,13,True,Optimization terminated successfully
cdf_plateau,0.05,100,pyGAM,0.010171461846068458,1.5370085204580511e-09,0.13631903799250722,0.026131432969123125,0.01,2,True,
cdf_plateau,0.1,1,MonotoneLSPIA,0.021143555193965123,5.545564008002705e-14,0.032691814994905144,0.032691814994905144,,84,True,
cdf_plateau,0.1,1,Penalized monotone B-spline,0.02100859334255106,5.545564008002628e-14,0.052378919965121895,0.0029066629940643907,0.01,13,True,Optimization terminated successfully
cdf_plateau,0.1,1,pyGAM,0.02033903870358239,4.734968916952884e-09,0.13367019599536434,0.02135036396794021,1.0,3,True,
cdf_plateau,0.1,2,MonotoneLSPIA,0.026762851341326818,4.159173006001971e-14,0.03484588203718886,0.03484588203718886,,94,True,
cdf_plateau,0.1,2,Penalized monotone B-spline,0.02748209058085614,4.159173006001993e-14,0.04659730498678982,0.0020975589868612587,1.0,9,True,Optimization terminated successfully
cdf_plateau,0.1,2,pyGAM,0.02748724353657817,4.781718021540346e-09,0.13567593204788864,0.0211642500362359,1.0,3,True,
cdf_plateau,0.1,3,MonotoneLSPIA,0.03273726644533271,3.3273384048016694e-13,0.03529970801901072,0.03529970801901072,,99,True,
cdf_plateau,0.1,3,Penalized monotone B-spline,0.032272169442515944,4.4364512064022255e-13,0.05302687198854983,0.0023513450287282467,0.01,12,True,Optimization terminated successfully
cdf_plateau,0.1,3,pyGAM,0.02959179814207937,6.921972994789073e-09,0.13311070599593222,0.024748861964326352,0.1,2,True,
cdf_plateau,0.1,4,MonotoneLSPIA,0.018293216041200936,4.159173006002087e-14,0.03438717202516273,0.03438717202516273,,97,True,
cdf_plateau,0.1,4,Penalized monotone B-spline,0.018232977901467384,5.545564008002705e-14,0.049923609010875225,0.002143290010280907,0.01,10,True,Optimization terminated successfully
cdf_plateau,0.1,4,pyGAM,0.01810057834654391,3.519325830758628e-09,0.13313139497768134,0.02635140100028366,0.1,2,True,
cdf_plateau,0.1,5,MonotoneLSPIA,0.024521599584892518,3.3273384048016694e-13,0.04183249798370525,0.04183249798370525,,137,True,
cdf_plateau,0.1,5,Penalized monotone B-spline,0.026899084742663417,4.4364512064022255e-13,0.04907836299389601,0.0024130429956130683,1.0,10,True,Optimization terminated successfully
cdf_plateau,0.1,5,pyGAM,0.02686431018060326,1.5402249475826927e-09,0.15581117500551045,0.021058558952063322,1.0,4,True,
cdf_plateau,0.1,6,MonotoneLSPIA,0.02395797974158911,2.772782004001314e-14,0.03783007903257385,0.03783007903257385,,116,True,
cdf_plateau,0.1,6,Penalized monotone B-spline,0.023949394349133714,2.772782004001314e-14,0.053167279984336346,0.0025678399833850563,0.01,14,True,Optimization terminated successfully
cdf_plateau,0.1,6,pyGAM,0.02591972738342703,1.1630711393984235e-09,0.1394358979887329,0.020497080986388028,1.0,3,True,
cdf_plateau,0.1,7,MonotoneLSPIA,0.02513541707259601,2.772782004001391e-14,0.037804259976837784,0.037804259976837784,,120,True,
cdf_plateau,0.1,7,Penalized monotone B-spline,0.02629787303084357,2.7727820040013285e-14,0.05107456701807678,0.0018420990090817213,1.0,8,True,Optimization terminated successfully
cdf_plateau,0.1,7,pyGAM,0.02630364458844922,1.5011841769663114e-09,0.14972716197371483,0.021747631020843983,1.0,4,True,
cdf_plateau,0.1,8,MonotoneLSPIA,0.029034032785694854,3.3273384048016694e-13,0.03157388500403613,0.03157388500403613,,76,True,
cdf_plateau,0.1,8,Penalized monotone B-spline,0.029058311293071834,3.3273384048016694e-13,0.04952424101065844,0.0021429979824461043,0.01,11,True,Optimization terminated successfully
cdf_plateau,0.1,8,pyGAM,0.031723627030997896,9.038548409723244e-09,0.14336816198192537,0.020707661984488368,1.0,3,True,
cdf_plateau,0.1,9,MonotoneLSPIA,0.012336092798635607,3.3273384048016694e-13,0.03546869900310412,0.03546869900310412,,106,True,
cdf_plateau,0.1,9,Penalized monotone B-spline,0.01735062781753156,4.1591730060020287e-14,0.051700951997190714,0.0019835340208373964,1.0,9,True,Optimization terminated successfully
cdf_plateau,0.1,9,pyGAM,0.017037359945448097,4.828910771248449e-09,0.13286205095937476,0.020630675018765032,1.0,2,True,
cdf_plateau,0.1,10,MonotoneLSPIA,0.025331894969710885,3.465977505001691e-14,0.04102444101590663,0.04102444101590663,,141,True,
cdf_plateau,0.1,10,Penalized monotone B-spline,0.0253318968592095,2.7727820040013524e-14,0.05017579102423042,0.0021686340332962573,1e-08,11,True,Optimization terminated successfully
cdf_plateau,0.1,10,pyGAM,0.024563628922573463,4.608530057570424e-09,0.13419130799593404,0.030030730995349586,0.01,2,True,
cdf_plateau,0.1,11,MonotoneLSPIA,0.0285798012453512,3.3273384048016694e-13,0.03984958300134167,0.03984958300134167,,132,True,
cdf_plateau,0.1,11,Penalized monotone B-spline,0.028325297131575167,3.3273384048016694e-13,0.05099088704446331,0.002445023041218519,0.01,14,True,Optimization terminated successfully
cdf_plateau,0.1,11,pyGAM,0.02518482740997043,0.0,0.14523455197922885,0.03754266002215445,0.1,4,True,
cdf_plateau,0.1,12,MonotoneLSPIA,0.02541103705326411,3.3273384048016694e-13,0.04442928696516901,0.04442928696516901,,145,True,
cdf_plateau,0.1,12,Penalized monotone B-spline,0.026958800556953225,0.0,0.052759048994630575,0.002828555996529758,1.0,13,True,Optimization terminated successfully
cdf_plateau,0.1,12,pyGAM,0.026577583004690816,0.0,0.11382418195717037,0.016623641015030444,1.0,3,True,
cdf_plateau,0.1,13,MonotoneLSPIA,0.01606958708685312,3.3273384048016694e-13,0.028889344015624374,0.028889344015624374,,60,True,
cdf_plateau,0.1,13,Penalized monotone B-spline,0.01567507682736968,3.3273384048016694e-13,0.050123152032028884,0.0018079300061799586,1.0,8,True,Optimization terminated successfully
cdf_plateau,0.1,13,pyGAM,0.012955154703438275,5.525599977573359e-09,0.12588556203991175,0.02951714099617675,0.1,2,True,
cdf_plateau,0.1,14,MonotoneLSPIA,0.015176513007930012,3.3273384048016694e-13,0.03285753104137257,0.03285753104137257,,87,True,
cdf_plateau,0.1,14,Penalized monotone B-spline,0.015576188314057101,3.3273384048016694e-13,0.04664378595771268,0.0021334380144253373,1.0,10,True,Optimization terminated successfully
cdf_plateau,0.1,14,pyGAM,0.015210988428449396,7.079134278775871e-09,0.13545117597095668,0.02545261598424986,0.01,2,True,
cdf_plateau,0.1,15,MonotoneLSPIA,0.023282692041179717,4.159173006002087e-14,0.03878334298497066,0.03878334298497066,,124,True,
cdf_plateau,0.1,15,Penalized monotone B-spline,0.02310129377357245,2.7727820040013524e-14,0.053425966994836926,0.0023323859786614776,0.01,11,True,Optimization terminated successfully
cdf_plateau,0.1,15,pyGAM,0.023117496731794744,1.8579857652412005e-09,0.13270331599051133,0.02536719001363963,0.01,2,True,
cdf_plateau,0.1,16,MonotoneLSPIA,0.016569942218607914,3.3273384048016694e-13,0.04444251098902896,0.04444251098902896,,94,True,
cdf_plateau,0.1,16,Penalized monotone B-spline,0.022105102494888815,3.3273384048013003e-13,0.0644463250064291,0.0019942880026064813,1.0,9,True,Optimization terminated successfully
cdf_plateau,0.1,16,pyGAM,0.02208606617306374,3.4948698934833362e-09,0.14518946898169816,0.017240776971448213,1.0,3,True,
cdf_plateau,0.1,17,MonotoneLSPIA,0.026321912609222006,3.3273384048016694e-13,0.03453718195669353,0.03453718195669353,,96,True,
cdf_plateau,0.1,17,Penalized monotone B-spline,0.02609285401280657,3.3273384048016694e-13,0.04887452902039513,0.0022740779677405953,0.01,11,True,Optimization terminated successfully
cdf_plateau,0.1,17,pyGAM,0.026124756959478652,2.9338251827937918e-09,0.13776090496685356,0.030055025010369718,0.01,2,True,
cdf_plateau,0.1,18,MonotoneLSPIA,0.022703036730586264,4.159173006002087e-14,0.034717547008767724,0.034717547008767724,,98,True,
cdf_plateau,0.1,18,Penalized monotone B-spline,0.022434352721564674,4.159173006002087e-14,0.044602544978260994,0.0018219969933852553,0.01,8,True,Optimization terminated successfully
cdf_plateau,0.1,18,pyGAM,0.020557681798806262,3.73438280298897e-09,0.1293794609955512,0.02143174601951614,0.1,2,True,
cdf_plateau,0.1,19,MonotoneLSPIA,0.02928737155520624,3.3273384048016694e-13,0.029109305003657937,0.029109305003657937,,60,True,
cdf_plateau,0.1,19,Penalized monotone B-spline,0.02928736391892308,3.3273384048016694e-13,0.0470371880219318,0.0023128570173867047,1e-08,13,True,Optimization terminated successfully
cdf_plateau,0.1,19,pyGAM,0.02906079667359791,2.228152162775407e-09,0.16184275003615767,0.034196256019640714,0.001,7,True,
cdf_plateau,0.1,20,MonotoneLSPIA,0.0187132919767393,3.3273384048016694e-13,0.03904851200059056,0.03904851200059056,,129,True,
cdf_plateau,0.1,20,Penalized monotone B-spline,0.024565699116488874,4.4364512064022255e-13,0.05128941702423617,0.002262912050355226,1.0,11,True,Optimization terminated successfully
cdf_plateau,0.1,20,pyGAM,0.024505027330556872,4.361918826134668e-09,0.13067150098504499,0.02066331304376945,1.0,3,True,
cdf_plateau,0.1,21,MonotoneLSPIA,0.0239398467557046,3.3273384048016694e-13,0.0335098669747822,0.0335098669747822,,90,True,
cdf_plateau,0.1,21,Penalized monotone B-spline,0.025436271161326577,3.3273384048016694e-13,0.05028028797823936,0.0021635890007019043,1.0,10,True,Optimization terminated successfully
cdf_plateau,0.1,21,pyGAM,0.02280873456214373,2.793189679550841e-09,0.12260689702816308,0.02178392600035295,0.1,2,True,
cdf_plateau,0.1,22,MonotoneLSPIA,0.02150038312983227,4.4364512064022255e-13,0.04370693798409775,0.04370693798409775,,147,True,
cdf_plateau,0.1,22,Penalized monotone B-spline,0.021500385435686914,2.2182256032011127e-13,0.050645692041143775,0.0022244680440053344,1e-08,12,True,Optimization terminated successfully
cdf_plateau,0.1,22,pyGAM,0.022550148892266045,2.182623082269735e-09,0.14571392303332686,0.025789275008719414,1.0,4,True,
cdf_plateau,0.1,23,MonotoneLSPIA,0.027876524957326818,4.159173006002087e-14,0.04213859903393313,0.04213859903393313,,147,True,
cdf_plateau,0.1,23,Penalized monotone B-spline,0.029863733856986888,2.7727820040013285e-14,0.04939333500806242,0.001773927011527121,1.0,8,True,Optimization terminated successfully
cdf_plateau,0.1,23,pyGAM,0.02984229007297373,1.4171688822450715e-09,0.13841067400062457,0.016303949989378452,1.0,4,True,
cdf_plateau,0.1,24,MonotoneLSPIA,0.019339016970437457,3.3273384048016694e-13,0.03462068398948759,0.03462068398948759,,95,True,
cdf_plateau,0.1,24,Penalized monotone B-spline,0.019339017791191467,3.3273384048016694e-13,0.04998299200087786,0.002083196013700217,1e-08,10,True,Optimization terminated successfully
cdf_plateau,0.1,24,pyGAM,0.019966785580876247,5.237507927358082e-09,0.12632557697361335,0.0254041759762913,1.0,2,True,
cdf_plateau,0.1,25,MonotoneLSPIA,0.01952308053152628,3.3273384048016694e-13,0.04181438602972776,0.04181438602972776,,143,True,
cdf_plateau,0.1,25,Penalized monotone B-spline,0.019252275423626914,2.2182256032011127e-13,0.04989081801613793,0.002235623018350452,0.01,11,True,Optimization terminated successfully
cdf_plateau,0.1,25,pyGAM,0.01775752665774139,2.015202504868131e-09,0.12946554803056642,0.021017014048993587,1.0,4,True,
cdf_plateau,0.1,26,MonotoneLSPIA,0.03901386444831939,0.0,0.042632305005099624,0.042632305005099624,,154,True,
cdf_plateau,0.1,26,Penalized monotone B-spline,0.0414563453666875,0.0,0.05157695501111448,0.002233465958852321,1.0,11,True,Optimization terminated successfully
cdf_plateau,0.1,26,pyGAM,0.041397382356504836,0.0,0.12155241594882682,0.01700535701820627,1.0,3,True,
cdf_plateau,0.1,27,MonotoneLSPIA,0.013190059431410085,3.3273384048016694e-13,0.038662573031615466,0.038662573031615466,,125,True,
cdf_plateau,0.1,27,Penalized monotone B-spline,0.015519886454160695,4.159173006002087e-14,0.05218286899616942,0.002088077017106116,1.0,10,True,Optimization terminated successfully
cdf_plateau,0.1,27,pyGAM,0.015053437149778788,2.6582106515960535e-09,0.15037720900727436,0.02081458701286465,1.0,4,True,
cdf_plateau,0.1,28,MonotoneLSPIA,0.023840757616843972,4.1591730060020287e-14,0.04526102897943929,0.04526102897943929,,172,True,
cdf_plateau,0.1,28,Penalized monotone B-spline,0.023840738791511475,2.772782004001391e-14,0.0541319620097056,0.0026424259995110333,1e-08,13,True,Optimization terminated successfully
cdf_plateau,0.1,28,pyGAM,0.02458394047409345,0.0,0.14067705400520936,0.020858558011241257,1.0,4,True,
cdf_plateau,0.1,29,MonotoneLSPIA,0.03285075750316962,0.0,0.051791513978969306,0.051791513978969306,,193,True,
cdf_plateau,0.1,29,Penalized monotone B-spline,0.032850787678167126,0.0,0.056284143996890634,0.0026307679945603013,1e-08,15,True,Optimization terminated successfully
cdf_plateau,0.1,29,pyGAM,0.030359443190596833,0.0,0.12299584498396143,0.017022143001668155,1.0,2,True,
cdf_plateau,0.1,30,MonotoneLSPIA,0.030336660224310474,2.7727820040013524e-14,0.039804308966267854,0.039804308966267854,,126,True,
cdf_plateau,0.1,30,Penalized monotone B-spline,0.0303206252505234,2.0795865030009856e-14,0.05241118196863681,0.0025088770198635757,0.01,15,True,Optimization terminated successfully
cdf_plateau,0.1,30,pyGAM,0.029879648683923742,4.618622984064989e-09,0.12943839200306684,0.025633726036176085,0.001,5,True,
cdf_plateau,0.1,31,MonotoneLSPIA,0.029074942404370058,3.3273384048016694e-13,0.03247797500807792,0.03247797500807792,,81,True,
cdf_plateau,0.1,31,Penalized monotone B-spline,0.02375015047798873,4.4364512064022255e-13,0.04616214503766969,0.0019234099891036749,1.0,8,True,Optimization terminated successfully
cdf_plateau,0.1,31,pyGAM,0.026480461876850728,5.158150906403636e-09,0.1366403729771264,0.025139297009445727,0.1,2,True,
cdf_plateau,0.1,32,MonotoneLSPIA,0.021354094312089934,2.772782004001391e-14,0.04865108500234783,0.04865108500234783,,193,True,
cdf_plateau,0.1,32,Penalized monotone B-spline,0.02125278618129266,2.772782004001391e-14,0.05446581699652597,0.0022647089790552855,0.01,11,True,Optimization terminated successfully
cdf_plateau,0.1,32,pyGAM,0.02016094282314786,9.176799320442495e-10,0.13299332099268213,0.025781427044421434,0.01,2,True,
cdf_plateau,0.1,33,MonotoneLSPIA,0.02501368296740356,3.3273384048016694e-13,0.04444860201328993,0.04444860201328993,,162,True,
cdf_plateau,0.1,33,Penalized monotone B-spline,0.01871918180202938,0.0,0.049642989004496485,0.00252970599103719,1.0,13,True,Optimization terminated successfully
cdf_plateau,0.1,33,pyGAM,0.02488245881125301,1.53501211741517e-09,0.13088016398251057,0.02614223799901083,0.001,5,True,
cdf_plateau,0.1,34,MonotoneLSPIA,0.029012696764401595,4.4364512064022255e-13,0.04629701399244368,0.04629701399244368,,169,True,
cdf_plateau,0.1,34,Penalized monotone B-spline,0.029038970007314167,3.3273384048016694e-13,0.05158344900701195,0.002831224992405623,0.01,14,True,Optimization terminated successfully
cdf_plateau,0.1,34,pyGAM,0.028841988115932228,2.7000242042163944e-09,0.13571039703674614,0.020885962003376335,0.01,2,True,
cdf_plateau,0.1,35,MonotoneLSPIA,0.0303287143553869,2.0795865030010143e-14,0.0406790740089491,0.0406790740089491,,137,True,
cdf_plateau,0.1,35,Penalized monotone B-spline,0.03182816193341628,0.0,0.05400387500412762,0.00227430701488629,1.0,11,True,Optimization terminated successfully
cdf_plateau,0.1,35,pyGAM,0.030998249765146937,0.0,0.1273219299619086,0.021005982998758554,1.0,2,True,
cdf_plateau,0.1,36,MonotoneLSPIA,0.017496063533006503,3.3273384048016694e-13,0.038155257992912084,0.038155257992912084,,96,True,
cdf_plateau,0.1,36,Penalized monotone B-spline,0.02077974284159641,4.4364512064022255e-13,0.05536070402013138,0.00251131400000304,1.0,10,True,Optimization terminated successfully
cdf_plateau,0.1,36,pyGAM,0.02053912212317742,2.9636048615167665e-09,0.1259834140073508,0.025704527972266078,1.0,3,True,
cdf_plateau,0.1,37,MonotoneLSPIA,0.020831999269209252,2.2182256032011127e-13,0.04248692700639367,0.04248692700639367,,153,True,
cdf_plateau,0.1,37,Penalized monotone B-spline,0.020832047613310842,4.4364512064022255e-13,0.04891047201817855,0.002342991007026285,1e-08,12,True,Optimization terminated successfully
cdf_plateau,0.1,37,pyGAM,0.020730259676653845,3.1861483451579185e-09,0.12710742402123287,0.025028488016687334,0.01,2,True,
cdf_plateau,0.1,38,MonotoneLSPIA,0.02109384163767974,3.3273384048016694e-13,0.03461425000568852,0.03461425000568852,,95,True,
cdf_plateau,0.1,38,Penalized monotone B-spline,0.01735759019418895,2.772782004001314e-14,0.05224749003536999,0.002276472980156541,1.0,10,True,Optimization terminated successfully
cdf_plateau,0.1,38,pyGAM,0.020449464656689027,1.226346024729718e-09,0.13992838200647384,0.02535248501226306,0.01,3,True,
cdf_plateau,0.1,39,MonotoneLSPIA,0.01764118591269904,3.3273384048016694e-13,0.031023825984448195,0.031023825984448195,,73,True,
cdf_plateau,0.1,39,Penalized monotone B-spline,0.017641245998837325,4.4364512064022255e-13,0.0490490390220657,0.00253422895912081,1e-08,13,True,Optimization terminated successfully
cdf_plateau,0.1,39,pyGAM,0.01627128130642063,2.5732526109934508e-09,0.14115675003267825,0.025315353996120393,0.01,2,True,
cdf_plateau,0.1,40,MonotoneLSPIA,0.015629955220884964,4.4364512064022255e-13,0.03621288196882233,0.03621288196882233,,109,True,
cdf_plateau,0.1,40,Penalized monotone B-spline,0.02132975202927279,3.3273384048016694e-13,0.05064586998196319,0.0023137779789976776,1.0,11,True,Optimization terminated successfully
cdf_plateau,0.1,40,pyGAM,0.021322003078986632,4.487193117075327e-09,0.1359949440229684,0.020778854028321803,1.0,4,True,
cdf_plateau,0.1,41,MonotoneLSPIA,0.032200248914037624,3.3273384048016694e-13,0.027845277974847704,0.027845277974847704,,53,True,
cdf_plateau,0.1,41,Penalized monotone B-spline,0.031988892912733664,3.3273384048016694e-13,0.044184610014781356,0.0020665889605879784,0.01,9,True,Optimization terminated successfully
cdf_plateau,0.1,41,pyGAM,0.03200975529796258,4.953741417068725e-09,0.13732112298021093,0.025331351964268833,0.01,2,True,
cdf_plateau,0.1,42,MonotoneLSPIA,0.01654255511205827,3.3273384048016694e-13,0.036772810970433056,0.036772810970433056,,113,True,
cdf_plateau,0.1,42,Penalized monotone B-spline,0.016068329853879414,3.3273384048016694e-13,0.048207693034783006,0.002246030024252832,0.01,11,True,Optimization terminated successfully
cdf_plateau,0.1,42,pyGAM,0.017496330004290878,2.629706452594919e-09,0.13499700202373788,0.016411703021731228,1.0,2,True,
cdf_plateau,0.1,43,MonotoneLSPIA,0.028447879473779702,3.3273384048016694e-13,0.042580547044053674,0.042580547044053674,,145,True,
cdf_plateau,0.1,43,Penalized monotone B-spline,0.03042485360211802,0.0,0.05362585902912542,0.002610384952276945,1.0,12,True,Optimization terminated successfully
cdf_plateau,0.1,43,pyGAM,0.027080283208548963,2.5108095602633396e-09,0.12458315200638026,0.025567865988705307,0.01,2,True,
cdf_plateau,0.1,44,MonotoneLSPIA,0.030275329248390402,0.0,0.04646096396027133,0.04646096396027133,,170,True,
cdf_plateau,0.1,44,Penalized monotone B-spline,0.03027532779175939,0.0,0.05384826799854636,0.0023817720357328653,1e-08,11,True,Optimization terminated successfully
cdf_plateau,0.1,44,pyGAM,0.0253534704311684,0.0,0.13702233001822606,0.02190583699848503,0.1,3,True,
cdf_plateau,0.1,45,MonotoneLSPIA,0.020940891699370266,3.3273384048016694e-13,0.036970442975871265,0.036970442975871265,,106,True,
cdf_plateau,0.1,45,Penalized monotone B-spline,0.020940939690964583,2.2182256032011127e-13,0.05176889500580728,0.0022157959756441414,1e-08,12,True,Optimization terminated successfully
cdf_plateau,0.1,45,pyGAM,0.015934490713827035,2.7064570584656775e-09,0.13683202699758112,0.02590383100323379,0.1,3,True,
cdf_plateau,0.1,46,MonotoneLSPIA,0.02399924764749925,2.772782004001391e-14,0.03966622002189979,0.03966622002189979,,133,True,
cdf_plateau,0.1,46,Penalized monotone B-spline,0.027162725332018807,4.159173006001971e-14,0.05122910701902583,0.0021616180310957134,1.0,10,True,Optimization terminated successfully
cdf_plateau,0.1,46,pyGAM,0.027146950253919458,1.7364270021857828e-09,0.136278900958132,0.021973997994791716,1.0,3,True,
cdf_plateau,0.1,47,MonotoneLSPIA,0.029020536451249645,4.159173006001971e-14,0.03798911499325186,0.03798911499325186,,114,True,
cdf_plateau,0.1,47,Penalized monotone B-spline,0.029808725258428433,2.772782004001391e-14,0.04986864497186616,0.002096607000567019,1.0,10,True,Optimization terminated successfully
cdf_plateau,0.1,47,pyGAM,0.029820286303148355,3.1723398907779914e-09,0.13582467200467363,0.021185450023040175,1.0,2,True,
cdf_plateau,0.1,48,MonotoneLSPIA,0.013266003346331564,4.1591730060020287e-14,0.03607259597629309,0.03607259597629309,,110,True,
cdf_plateau,0.1,48,Penalized monotone B-spline,0.01836801244956463,4.1591730060020287e-14,0.05455213296227157,0.002048014022875577,1.0,8,True,Optimization terminated successfully
cdf_plateau,0.1,48,pyGAM,0.01832341297104316,5.901644672956641e-09,0.1542580759851262,0.021168317005503923,1.0,4,True,
cdf_plateau,0.1,49,MonotoneLSPIA,0.0249618460842555,2.772782004001391e-14,0.04025011899648234,0.04025011899648234,,137,True,
cdf_plateau,0.1,49,Penalized monotone B-spline,0.024962005338808994,2.772782004001391e-14,0.050168785033747554,0.0024035099777393043,1e-08,12,True,Optimization terminated successfully
cdf_plateau,0.1,49,pyGAM,0.02363440859538911,2.3635748358507347e-09,0.1532898879959248,0.025571595004294068,0.01,5,True,
cdf_plateau,0.1,50,MonotoneLSPIA,0.032915375679335744,4.159173006002087e-14,0.0480751070426777,0.0480751070426777,,181,True,
cdf_plateau,0.1,50,Penalized monotone B-spline,0.03276624677100078,4.159173006002087e-14,0.05119024799205363,0.0024477819679304957,0.01,13,True,Optimization terminated successfully
cdf_plateau,0.1,50,pyGAM,0.033031086193867694,0.0,0.12684034398989752,0.01677671301877126,1.0,4,True,
cdf_plateau,0.1,51,MonotoneLSPIA,0.023402114299015675,3.4659775050016606e-14,0.04047921299934387,0.04047921299934387,,134,True,
cdf_plateau,0.1,51,Penalized monotone B-spline,0.020666451932000517,2.772782004001391e-14,0.04759884998202324,0.0020226010237820446,1.0,9,True,Optimization terminated successfully
cdf_plateau,0.1,51,pyGAM,0.02306174074678788,2.612016103409354e-09,0.13509330502711236,0.025821259012445807,0.01,2,True,
cdf_plateau,0.1,52,MonotoneLSPIA,0.03847343504655873,0.0,0.045359737996477634,0.045359737996477634,,167,True,
cdf_plateau,0.1,52,Penalized monotone B-spline,0.04223903769650547,0.0,0.05524859600700438,0.0021728440187871456,1.0,11,True,Optimization terminated successfully
cdf_plateau,0.1,52,pyGAM,0.0421063863351276,0.0,0.1217832260299474,0.01669000997208059,1.0,3,True,
cdf_plateau,0.1,53,MonotoneLSPIA,0.0189862171310188,2.772782004001391e-14,0.03855779400328174,0.03855779400328174,,126,True,
cdf_plateau,0.1,53,Penalized monotone B-spline,0.018638933313632637,2.772782004001391e-14,0.05371273501077667,0.0028292679926380515,0.01,13,True,Optimization terminated successfully
cdf_plateau,0.1,53,pyGAM,0.018533204614626732,1.981707298259794e-09,0.14470665797125548,0.02504578698426485,0.01,2,True,
cdf_plateau,0.1,54,MonotoneLSPIA,0.023447377930978845,3.3273384048016694e-13,0.03983601799700409,0.03983601799700409,,133,True,
cdf_plateau,0.1,54,Penalized monotone B-spline,0.023297533184026192,2.2182256032011127e-13,0.0516045109834522,0.0021863699657842517,0.01,11,True,Optimization terminated successfully
cdf_plateau,0.1,54,pyGAM,0.021787763943980583,3.4089136513592955e-09,0.1478619680274278,0.02147329499712214,0.1,3,True,
cdf_plateau,0.1,55,MonotoneLSPIA,0.015324213062778256,3.3273384048016694e-13,0.029415695986244828,0.029415695986244828,,65,True,
cdf_plateau,0.1,55,Penalized monotone B-spline,0.0182741380416564,2.2182256032011127e-13,0.04788368695881218,0.001933661988005042,1.0,8,True,Optimization terminated successfully
cdf_plateau,0.1,55,pyGAM,0.018287016454697415,4.796081032321206e-09,0.14120300998911262,0.029354411002714187,1.0,3,True,
cdf_plateau,0.1,56,MonotoneLSPIA,0.018176820008055525,3.3273384048016694e-13,0.0304549970314838,0.0304549970314838,,72,True,
cdf_plateau,0.1,56,Penalized monotone B-spline,0.018107850623230823,4.4364512064022255e-13,0.04318944300757721,0.0019476409652270377,0.01,10,True,Optimization terminated successfully
cdf_plateau,0.1,56,pyGAM,0.017565569681550135,4.15612294579757e-09,0.13480226101819426,0.025158650998491794,0.1,3,True,
cdf_plateau,0.1,57,MonotoneLSPIA,0.025563516483084362,3.3273384048016694e-13,0.03108337998855859,0.03108337998855859,,71,True,
cdf_plateau,0.1,57,Penalized monotone B-spline,0.025563524359848114,3.3273384048016694e-13,0.050140239007305354,0.0025867910007946193,1e-08,12,True,Optimization terminated successfully
cdf_plateau,0.1,57,pyGAM,0.024745613319440442,3.2215290435289762e-09,0.15157012798590586,0.029990593960974365,0.01,2,True,
cdf_plateau,0.1,58,MonotoneLSPIA,0.02409264161424686,3.3273384048016694e-13,0.038328666996676475,0.038328666996676475,,112,True,
cdf_plateau,0.1,58,Penalized monotone B-spline,0.02517939625652678,2.772782004001391e-14,0.04904801002703607,0.002460288000293076,1.0,13,True,Optimization terminated successfully
cdf_plateau,0.1,58,pyGAM,0.025196794264229008,2.148795141820918e-09,0.13502044597407803,0.021598648047074676,1.0,3,True,
cdf_plateau,0.1,59,MonotoneLSPIA,0.021939122049628258,5.545564008002782e-14,0.04653502197470516,0.04653502197470516,,172,True,
cdf_plateau,0.1,59,Penalized monotone B-spline,0.02117883961473306,4.159173006002087e-14,0.05615891900379211,0.002777959976810962,0.01,14,True,Optimization terminated successfully
cdf_plateau,0.1,59,pyGAM,0.01992442428129811,2.1774657077421717e-09,0.13653591700131074,0.021355464006774127,1.0,4,True,
cdf_plateau,0.1,60,MonotoneLSPIA,0.017946721558260412,3.3273384048016694e-13,0.026718632027041167,0.026718632027041167,,44,True,
cdf_plateau,0.1,60,Penalized monotone B-spline,0.017920506443772268,4.436451206401733e-13,0.04273992404341698,0.0018809910397976637,0.01,9,True,Optimization terminated successfully
cdf_plateau,0.1,60,pyGAM,0.017933493941713254,4.0901861897425315e-09,0.1315252099884674,0.020907343016006052,0.1,2,True,
cdf_plateau,0.1,61,MonotoneLSPIA,0.024186502554911882,4.159173006002087e-14,0.04506004898576066,0.04506004898576066,,158,True,
cdf_plateau,0.1,61,Penalized monotone B-spline,0.024125792959703497,4.159173006002087e-14,0.05055442004231736,0.0022698709508404136,0.01,12,True,Optimization terminated successfully
cdf_plateau,0.1,61,pyGAM,0.024128487223105958,2.7401186319942544e-09,0.13075911201303825,0.025332363962661475,0.1,2,True,
cdf_plateau,0.1,62,MonotoneLSPIA,0.03170043414876745,3.3273384048016694e-13,0.028069704014342278,0.028069704014342278,,52,True,
cdf_plateau,0.1,62,Penalized monotone B-spline,0.031238550449297176,3.3273384048016694e-13,0.055552065023221076,0.0015723120304755867,0.01,6,True,Optimization terminated successfully
cdf_plateau,0.1,62,pyGAM,0.03033182517113446,9.745607820743578e-09,0.14872238400857896,0.02943294495344162,0.01,2,True,
cdf_plateau,0.1,63,MonotoneLSPIA,0.020517787834328612,6.931955010003321e-14,0.035811937996186316,0.035811937996186316,,104,True,
cdf_plateau,0.1,63,Penalized monotone B-spline,0.020517878288615964,4.159173006002087e-14,0.04401259502628818,0.001761295017786324,1e-08,8,True,Optimization terminated successfully
cdf_plateau,0.1,63,pyGAM,0.017357802019093427,6.218462744733667e-09,0.1446017210255377,0.020884314028080553,0.1,2,True,
cdf_plateau,0.1,64,MonotoneLSPIA,0.02228824476395365,4.159173006002087e-14,0.03497724898625165,0.03497724898625165,,99,True,
cdf_plateau,0.1,64,Penalized monotone B-spline,0.021704427718973924,2.772782004001391e-14,0.0487706059939228,0.0024722699890844524,0.01,11,True,Optimization terminated successfully
cdf_plateau,0.1,64,pyGAM,0.021715923571822244,2.9388161904009127e-09,0.1356741189956665,0.025263222982175648,0.01,2,True,
cdf_plateau,0.1,65,MonotoneLSPIA,0.020758280344286333,3.3273384048016694e-13,0.041999317007139325,0.041999317007139325,,146,True,
cdf_plateau,0.1,65,Penalized monotone B-spline,0.02041809079348306,3.3273384048016694e-13,0.049575553042814136,0.0022195230121724308,0.01,11,True,Optimization terminated successfully
cdf_plateau,0.1,65,pyGAM,0.018158639904214555,1.3433019696584766e-09,0.13244049303466454,0.021304241032339633,0.1,4,True,
cdf_plateau,0.1,66,MonotoneLSPIA,0.022307471490602075,2.2182256032011127e-13,0.036751010979060084,0.036751010979060084,,112,True,
cdf_plateau,0.1,66,Penalized monotone B-spline,0.02601398691615872,3.3273384048016694e-13,0.05122321203816682,0.002287553041242063,1.0,11,True,Optimization terminated successfully
cdf_plateau,0.1,66,pyGAM,0.025975424479844897,5.551553217131348e-09,0.13115742901572958,0.021051425021141768,1.0,3,True,
cdf_plateau,0.1,67,MonotoneLSPIA,0.01839261400476926,2.772782004001391e-14,0.04029884503688663,0.04029884503688663,,135,True,
cdf_plateau,0.1,67,Penalized monotone B-spline,0.021359383328376932,0.0,0.05118791898712516,0.0025065470254048705,1.0,13,True,Optimization terminated successfully
cdf_plateau,0.1,67,pyGAM,0.021309101797191022,0.0,0.12797251698793843,0.01709769997978583,1.0,3,True,
cdf_plateau,0.1,68,MonotoneLSPIA,0.024453178569111753,3.3273384048016694e-13,0.03959636396029964,0.03959636396029964,,128,True,
cdf_plateau,0.1,68,Penalized monotone B-spline,0.02830553839132165,5.545564008002782e-14,0.051122996024787426,0.002352287992835045,1.0,12,True,Optimization terminated successfully
cdf_plateau,0.1,68,pyGAM,0.028319165447046286,3.1301381486770035e-09,0.1362170780193992,0.02560013602487743,1.0,3,True,
cdf_plateau,0.1,69,MonotoneLSPIA,0.020279297922497868,2.2182256032011127e-13,0.04562028404325247,0.04562028404325247,,165,True,
cdf_plateau,0.1,69,Penalized monotone B-spline,0.02373733041885333,2.2182256032011127e-13,0.051054751966148615,0.0021007339819334447,1.0,9,True,Optimization terminated successfully
cdf_plateau,0.1,69,pyGAM,0.023710340200734082,2.8876860902472084e-09,0.1366388100432232,0.02130888099782169,1.0,3,True,
cdf_plateau,0.1,70,MonotoneLSPIA,0.023856366789151356,3.3273384048016694e-13,0.04100875701988116,0.04100875701988116,,141,True,
cdf_plateau,0.1,70,Penalized monotone B-spline,0.023628891868018056,3.3273384048016694e-13,0.051335040014237165,0.0022683219867758453,0.01,12,True,Optimization terminated successfully
cdf_plateau,0.1,70,pyGAM,0.01691777384169162,1.9386182659176126e-09,0.14383537496905774,0.020620380993932486,1.0,4,True,
cdf_plateau,0.1,71,MonotoneLSPIA,0.023479944363674916,3.3273384048016694e-13,0.029875779000576586,0.029875779000576586,,66,True,
cdf_plateau,0.1,71,Penalized monotone B-spline,0.023437704020835327,2.2182256032011127e-13,0.046890146972145885,0.0015033030067570508,0.01,6,True,Optimization terminated successfully
cdf_plateau,0.1,71,pyGAM,0.02321916975637711,8.10068262468984e-09,0.14300384500529617,0.02669826801866293,0.1,2,True,
cdf_plateau,0.1,72,MonotoneLSPIA,0.02041516582871168,0.0,0.04684531799284741,0.04684531799284741,,170,True,
cdf_plateau,0.1,72,Penalized monotone B-spline,0.020364004211856447,0.0,0.05075233499519527,0.0025011489633470774,0.01,13,True,Optimization terminated successfully
cdf_plateau,0.1,72,pyGAM,0.022788788720904573,4.184516233518427e-09,0.12988586100982502,0.020902285003103316,1.0,3,True,
cdf_plateau,0.1,73,MonotoneLSPIA,0.016453578266285372,4.159173006001993e-14,0.04321794502902776,0.04321794502902776,,144,True,
cdf_plateau,0.1,73,Penalized monotone B-spline,0.013538152678666357,0.0,0.04980184498708695,0.0022565749823115766,1.0,11,True,Optimization terminated successfully
cdf_plateau,0.1,73,pyGAM,0.013484799738384486,9.892731633875956e-10,0.12794296501670033,0.021703016944229603,0.1,2,True,
cdf_plateau,0.1,74,MonotoneLSPIA,0.02286997166040242,3.3273384048016694e-13,0.029825314006302506,0.029825314006302506,,64,True,
cdf_plateau,0.1,74,Penalized monotone B-spline,0.022710522013634424,3.3273384048016694e-13,0.04774274700321257,0.0022261959966272116,0.01,11,True,Optimization terminated successfully
cdf_plateau,0.1,74,pyGAM,0.02173855650812656,6.907998173488714e-09,0.15731324098305777,0.02522242401028052,0.01,2,True,
cdf_plateau,0.1,75,MonotoneLSPIA,0.021835918174494057,2.2182256032011127e-13,0.03290728200227022,0.03290728200227022,,85,True,
cdf_plateau,0.1,75,Penalized monotone B-spline,0.019048375984216555,2.2182256032011127e-13,0.048230724001768976,0.0022170449956320226,1.0,11,True,Optimization terminated successfully
cdf_plateau,0.1,75,pyGAM,0.018705523926259623,3.9682946928465206e-09,0.13498872698983178,0.025121229991782457,1.0,3,True,
cdf_plateau,0.1,76,MonotoneLSPIA,0.030654998104205237,2.2182256032011127e-13,0.029932526987977326,0.029932526987977326,,67,True,
cdf_plateau,0.1,76,Penalized monotone B-spline,0.03030574188528096,3.3273384048016694e-13,0.04493588500190526,0.0018270560540258884,0.01,8,True,Optimization terminated successfully
cdf_plateau,0.1,76,pyGAM,0.02858591328341319,5.470255248774104e-09,0.13561088003916666,0.02467429597163573,0.1,2,True,
cdf_plateau,0.1,77,MonotoneLSPIA,0.020591037100294703,4.159173006002087e-14,0.042370612965896726,0.042370612965896726,,149,True,
cdf_plateau,0.1,77,Penalized monotone B-spline,0.01112023977884599,2.772782004001391e-14,0.04905528499512002,0.0021460920106619596,1.0,10,True,Optimization terminated successfully
cdf_plateau,0.1,77,pyGAM,0.014881851757412674,4.484253968150961e-09,0.12522079597692937,0.020995997008867562,0.1,2,True,
cdf_plateau,0.1,78,MonotoneLSPIA,0.021397304003764956,4.159173006001986e-14,0.03790951403789222,0.03790951403789222,,120,True,
cdf_plateau,0.1,78,Penalized monotone B-spline,0.02139730498323237,5.545564008002628e-14,0.05015815899241716,0.002378026954829693,1e-08,12,True,Optimization terminated successfully
cdf_plateau,0.1,78,pyGAM,0.019442536521193703,2.3010763294806105e-09,0.15405212104087695,0.024724375049117953,1.0,4,True,
cdf_plateau,0.1,79,MonotoneLSPIA,0.026514130264177517,3.3273384048016694e-13,0.03266293497290462,0.03266293497290462,,85,True,
cdf_plateau,0.1,79,Penalized monotone B-spline,0.027653661575742148,2.772782004001391e-14,0.0485166369471699,0.0025460729957558215,1.0,11,True,Optimization terminated successfully
cdf_plateau,0.1,79,pyGAM,0.027567217469646976,5.502585886940607e-09,0.1451188640203327,0.02546074998099357,1.0,4,True,
cdf_plateau,0.1,80,MonotoneLSPIA,0.018744778171026724,3.3273384048016694e-13,0.03646062297048047,0.03646062297048047,,106,True,
cdf_plateau,0.1,80,Penalized monotone B-spline,0.021492989599298525,4.436451206401733e-13,0.05094594799447805,0.0023875519982539117,1.0,12,True,Optimization terminated successfully
cdf_plateau,0.1,80,pyGAM,0.021467280885843282,4.591837909906463e-09,0.13064350897911936,0.024904718971811235,1.0,4,True,
cdf_plateau,0.1,81,MonotoneLSPIA,0.016473184734332017,3.3273384048016694e-13,0.029208332009147853,0.029208332009147853,,64,True,
cdf_plateau,0.1,81,Penalized monotone B-spline,0.019175770806157427,4.4364512064022255e-13,0.04718875698745251,0.0019143979880027473,1.0,8,True,Optimization terminated successfully
cdf_plateau,0.1,81,pyGAM,0.01901599551272879,6.2468560324548135e-09,0.12237322295550257,0.02103087300201878,1.0,2,True,
cdf_plateau,0.1,82,MonotoneLSPIA,0.01665559646593678,2.2182256032011127e-13,0.03437808097805828,0.03437808097805828,,91,True,
cdf_plateau,0.1,82,Penalized monotone B-spline,0.02265113459354744,3.3273384048016694e-13,0.04919449600856751,0.0019570370204746723,1.0,9,True,Optimization terminated successfully
cdf_plateau,0.1,82,pyGAM,0.022376621587692744,3.3575062730051112e-09,0.12538665998727083,0.020999455999117345,1.0,2,True,
cdf_plateau,0.1,83,MonotoneLSPIA,0.02270743784254306,3.3273384048016694e-13,0.03260823403252289,0.03260823403252289,,83,True,
cdf_plateau,0.1,83,Penalized monotone B-spline,0.02264573661952216,2.2182256032011127e-13,0.04864713503047824,0.002111151989083737,0.01,10,True,Optimization terminated successfully
cdf_plateau,0.1,83,pyGAM,0.021887637746115383,5.237840661198708e-09,0.14157741999952123,0.029356001992709935,0.1,3,True,
cdf_plateau,0.1,84,MonotoneLSPIA,0.03335696295897436,2.772782004001391e-14,0.041358596994541585,0.041358596994541585,,140,True,
cdf_plateau,0.1,84,Penalized monotone B-spline,0.031190019416662815,0.0,0.05237766896607354,0.0028533849981613457,1.0,12,True,Optimization terminated successfully
cdf_plateau,0.1,84,pyGAM,0.030938717568745472,8.502458737069865e-10,0.11777907202485949,0.02122939599212259,0.1,3,True,
cdf_plateau,0.1,85,MonotoneLSPIA,0.013819356590784496,5.545564008002705e-14,0.03756379894912243,0.03756379894912243,,118,True,
cdf_plateau,0.1,85,Penalized monotone B-spline,0.013578281672855231,2.772782004001391e-14,0.052264935977291316,0.002390601031947881,0.01,12,True,Optimization terminated successfully
cdf_plateau,0.1,85,pyGAM,0.017637961336076813,2.160939926998444e-09,0.1354185119853355,0.025228234997484833,1.0,3,True,
cdf_plateau,0.1,86,MonotoneLSPIA,0.028262763371946546,3.3273384048016694e-13,0.03399237501434982,0.03399237501434982,,85,True,
cdf_plateau,0.1,86,Penalized monotone B-spline,0.028262761955345137,4.4364512064022255e-13,0.044002156995702535,0.0018420210108160973,1e-08,8,True,Optimization terminated successfully
cdf_plateau,0.1,86,pyGAM,0.02811043843508213,7.750313890664234e-09,0.1325074519845657,0.024982767004985362,0.01,2,True,
cdf_plateau,0.1,87,MonotoneLSPIA,0.02553564505596911,2.2182256032011127e-13,0.032893367984797806,0.032893367984797806,,88,True,
cdf_plateau,0.1,87,Penalized monotone B-spline,0.025565149294988418,3.3273384048013003e-13,0.048640976019669324,0.001712380035314709,0.01,7,True,Optimization terminated successfully
cdf_plateau,0.1,87,pyGAM,0.025166850746386745,4.569544742594293e-09,0.14338565903017297,0.030323520011734217,0.001,6,True,
cdf_plateau,0.1,88,MonotoneLSPIA,0.03955715440150607,3.3273384048016694e-13,0.02943974599475041,0.02943974599475041,,62,True,
cdf_plateau,0.1,88,Penalized monotone B-spline,0.03955700745605777,3.3273384048016694e-13,0.04958413605345413,0.002090638969093561,1e-08,11,True,Optimization terminated successfully
cdf_plateau,0.1,88,pyGAM,0.03940687140317629,8.241872684333586e-09,0.13108260498847812,0.02471743803471327,0.001,5,True,
cdf_plateau,0.1,89,MonotoneLSPIA,0.02471980697049507,3.3273384048016694e-13,0.0318374969647266,0.0318374969647266,,82,True,
cdf_plateau,0.1,89,Penalized monotone B-spline,0.023977324426419408,2.2182256032011127e-13,0.05231572798220441,0.0023950099712237716,0.01,13,True,Optimization terminated successfully
cdf_plateau,0.1,89,pyGAM,0.024157358103155575,1.7134683671926996e-09,0.1289744540117681,0.029986477049533278,0.001,6,True,
cdf_plateau,0.1,90,MonotoneLSPIA,0.03131556865110016,4.159173006002087e-14,0.031718176032882184,0.031718176032882184,,76,True,
cdf_plateau,0.1,90,Penalized monotone B-spline,0.03131353467347706,4.159173006002087e-14,0.04830593499355018,0.0024203130160458386,0.0001,11,True,Optimization terminated successfully
cdf_plateau,0.1,90,pyGAM,0.030910410811642114,6.5500874724124054e-09,0.1314665440004319,0.025738789001479745,0.1,3,True,
cdf_plateau,0.1,91,MonotoneLSPIA,0.02488214189084732,4.436451206401733e-13,0.0458504679845646,0.0458504679845646,,164,True,
cdf_plateau,0.1,91,Penalized monotone B-spline,0.025963749521662537,3.3273384048016694e-13,0.0537121330271475,0.0022304000449366868,1.0,10,True,Optimization terminated successfully
cdf_plateau,0.1,91,pyGAM,0.024859193467561526,1.8434563875401826e-09,0.13485688401851803,0.030189263983629644,0.01,2,True,
cdf_plateau,0.1,92,MonotoneLSPIA,0.026799502171675836,2.772782004001391e-14,0.03839570702984929,0.03839570702984929,,126,True,
cdf_plateau,0.1,92,Penalized monotone B-spline,0.029383473597907522,2.772782004001391e-14,0.05229565396439284,0.0023466739803552628,1.0,10,True,Optimization terminated successfully
cdf_plateau,0.1,92,pyGAM,0.028774259856047153,9.396570022080154e-09,0.12718370300717652,0.01702110399492085,1.0,3,True,
cdf_plateau,0.1,93,MonotoneLSPIA,0.02518508106659312,3.3273384048016694e-13,0.04205140401609242,0.04205140401609242,,130,True,
cdf_plateau,0.1,93,Penalized monotone B-spline,0.02935282676309859,3.3273384048016694e-13,0.05091627000365406,0.0019511550199240446,1.0,8,True,Optimization terminated successfully
cdf_plateau,0.1,93,pyGAM,0.029385200961455367,2.1955997020484616e-09,0.13917233201209456,0.022242464998271316,1.0,2,True,
cdf_plateau,0.1,94,MonotoneLSPIA,0.02031853991714792,4.4364512064022255e-13,0.03877979196840897,0.03877979196840897,,115,True,
cdf_plateau,0.1,94,Penalized monotone B-spline,0.025323479147153178,3.3273384048016694e-13,0.050528021005447954,0.00209223001729697,1.0,9,True,Optimization terminated successfully
cdf_plateau,0.1,94,pyGAM,0.02529658843997405,2.600869519753305e-09,0.1369877639808692,0.01741251297062263,1.0,2,True,
cdf_plateau,0.1,95,MonotoneLSPIA,0.010929250623077978,3.3273384048016694e-13,0.030530332995112985,0.030530332995112985,,67,True,
cdf_plateau,0.1,95,Penalized monotone B-spline,0.013686800520909983,3.3273384048016694e-13,0.05039350298466161,0.0026260640006512403,1.0,13,True,Optimization terminated successfully
cdf_plateau,0.1,95,pyGAM,0.01347342486891891,5.6544788851199565e-09,0.14493167400360107,0.021748194994870573,1.0,3,True,
cdf_plateau,0.1,96,MonotoneLSPIA,0.02347777085866066,3.3273384048016694e-13,0.03575933299725875,0.03575933299725875,,96,True,
cdf_plateau,0.1,96,Penalized monotone B-spline,0.029286531890019587,2.2182256032011127e-13,0.047597644035704434,0.0023255199776031077,1.0,8,True,Optimization terminated successfully
cdf_plateau,0.1,96,pyGAM,0.029312236135440563,4.846933854274591e-09,0.12508160702418536,0.017153102031443268,1.0,2,True,
cdf_plateau,0.1,97,MonotoneLSPIA,0.016068888169913687,0.0,0.042522664996795356,0.042522664996795356,,140,True,
cdf_plateau,0.1,97,Penalized monotone B-spline,0.015852867372426235,0.0,0.053021974046714604,0.002254073042422533,0.01,11,True,Optimization terminated successfully
cdf_plateau,0.1,97,pyGAM,0.013801306567629451,6.562620447070492e-10,0.13590057502733544,0.022177566948812455,1.0,4,True,
cdf_plateau,0.1,98,MonotoneLSPIA,0.012875162445036552,3.3273384048016694e-13,0.03296195901930332,0.03296195901930332,,77,True,
cdf_plateau,0.1,98,Penalized monotone B-spline,0.019745135117974103,3.3273384048016694e-13,0.05008199095027521,0.0020194429671391845,1.0,8,True,Optimization terminated successfully
cdf_plateau,0.1,98,pyGAM,0.019758236066655138,5.930814339638571e-09,0.13497006701072678,0.021352016017772257,1.0,2,True,
cdf_plateau,0.1,99,MonotoneLSPIA,0.017202260920653127,3.3273384048016694e-13,0.03089933900628239,0.03089933900628239,,65,True,
cdf_plateau,0.1,99,Penalized monotone B-spline,0.016992102907525616,3.3273384048016694e-13,0.04956324602244422,0.0021044349996373057,0.01,10,True,Optimization terminated successfully
cdf_plateau,0.1,99,pyGAM,0.01542570226960026,5.166413796775489e-09,0.1399392579915002,0.022505254950374365,1.0,2,True,
cdf_plateau,0.1,100,MonotoneLSPIA,0.026648573850013846,3.3273384048016694e-13,0.03498960298020393,0.03498960298020393,,92,True,
cdf_plateau,0.1,100,Penalized monotone B-spline,0.022569982046339084,3.3273384048016694e-13,0.049659093958325684,0.0020821699872612953,1.0,9,True,Optimization terminated successfully
cdf_plateau,0.1,100,pyGAM,0.026221650486472133,3.644156476578767e-09,0.14209356100764126,0.022292167006526142,0.01,2,True,
