dataset,sigma,trial,method,recovery_rmse,maximum_negative_slope,end_to_end_seconds,refit_seconds,selected_parameter,iterations,converged,message
sensor_log,0.02,1,MonotoneLSPIA,0.006557860677110536,0.0,0.00810730003286153,0.00810730003286153,,45,True,
sensor_log,0.02,1,Penalized monotone B-spline,0.006496347592154622,0.0,0.03979431599145755,0.00287744402885437,0.01,13,True,Optimization terminated successfully
sensor_log,0.02,1,pyGAM,0.006944822387795536,0.0,0.0826276779989712,0.008931018004659563,1.0,2,True,
sensor_log,0.02,2,MonotoneLSPIA,0.007175734633239875,0.0,0.004577018960844725,0.004577018960844725,,32,True,
sensor_log,0.02,2,Penalized monotone B-spline,0.005853102381010971,0.0,0.011651679989881814,0.00042553397361189127,1.0,1,True,Optimization terminated successfully
sensor_log,0.02,2,pyGAM,0.006240488132421178,0.0,0.06714878103230149,0.009503161010798067,1.0,2,True,
sensor_log,0.02,3,MonotoneLSPIA,0.005178729590560229,0.0,0.005767199967522174,0.005767199967522174,,44,True,
sensor_log,0.02,3,Penalized monotone B-spline,0.003996223887162383,0.0,0.0165709339780733,0.00041442003566771746,1.0,1,True,Optimization terminated successfully
sensor_log,0.02,3,pyGAM,0.0058173190129688955,0.0,0.06762237299699336,0.009207073017023504,1.0,2,True,
sensor_log,0.02,4,MonotoneLSPIA,0.007406114495042477,0.0,0.004638951038941741,0.004638951038941741,,31,True,
sensor_log,0.02,4,Penalized monotone B-spline,0.0058945640884203844,0.0,0.023464940022677183,0.0004622879787348211,1.0,1,True,Optimization terminated successfully
sensor_log,0.02,4,pyGAM,0.005936383080107197,0.0,0.06633541896007955,0.009268263005651534,0.1,2,True,
sensor_log,0.02,5,MonotoneLSPIA,0.005798475648375809,0.0,0.0050569549784995615,0.0050569549784995615,,36,True,
sensor_log,0.02,5,Penalized monotone B-spline,0.005517343883813118,0.0,0.023360834980849177,0.0005125600146129727,1.0,1,True,Optimization terminated successfully
sensor_log,0.02,5,pyGAM,0.0055767336891543486,0.0,0.08000764000462368,0.010495919967070222,1.0,2,True,
sensor_log,0.02,6,MonotoneLSPIA,0.00664948217243204,0.0,0.00696153100579977,0.00696153100579977,,47,True,
sensor_log,0.02,6,Penalized monotone B-spline,0.006184730681057773,0.0,0.03326004202244803,0.0016605689888820052,0.01,13,True,Optimization terminated successfully
sensor_log,0.02,6,pyGAM,0.004637932587241351,0.0,0.07929265504935756,0.009127505007199943,0.1,3,True,
sensor_log,0.02,7,MonotoneLSPIA,0.00431743092675729,0.0,0.006713584007229656,0.006713584007229656,,55,True,
sensor_log,0.02,7,Penalized monotone B-spline,0.004443487400916803,0.0,0.02249755704542622,0.00042498100083321333,1.0,1,True,Optimization terminated successfully
sensor_log,0.02,7,pyGAM,0.003079853723029567,0.0,0.07406646001618356,0.008543977979570627,1.0,2,True,
sensor_log,0.02,8,MonotoneLSPIA,0.0060214615649662896,0.0,0.005749266012571752,0.005749266012571752,,47,True,
sensor_log,0.02,8,Penalized monotone B-spline,0.005435205809937336,0.0,0.025051233998965472,0.00142425496596843,0.01,10,True,Optimization terminated successfully
sensor_log,0.02,8,pyGAM,0.005464918954136348,0.0,0.07167967496206984,0.008514700981322676,1.0,2,True,
sensor_log,0.02,9,MonotoneLSPIA,0.0061775977704482555,0.0,0.004841674992348999,0.004841674992348999,,38,True,
sensor_log,0.02,9,Penalized monotone B-spline,0.005986139710347897,0.0,0.030948621046263725,0.0003896990092471242,1.0,1,True,Optimization terminated successfully
sensor_log,0.02,9,pyGAM,0.006153970937707817,0.0,0.0761410630075261,0.008837646048050374,1.0,2,True,
sensor_log,0.02,10,MonotoneLSPIA,0.005154449539539327,0.0,0.006825421005487442,0.006825421005487442,,47,True,
sensor_log,0.02,10,Penalized monotone B-spline,0.00537043378297681,0.0,0.012479610042646527,0.0005774600431323051,1.0,1,True,Optimization terminated successfully
sensor_log,0.02,10,pyGAM,0.004419018442505514,0.0,0.0663271690136753,0.008492090972140431,0.1,2,True,
sensor_log,0.02,11,MonotoneLSPIA,0.0036631222791586194,0.0,0.006379058002494276,0.006379058002494276,,55,True,
sensor_log,0.02,11,Penalized monotone B-spline,0.0038231192266919866,0.0,0.011106717982329428,0.0004056550096720457,1.0,1,True,Optimization terminated successfully
sensor_log,0.02,11,pyGAM,0.004886740391342818,0.0,0.06462700699921697,0.008867042022757232,1.0,2,True,
sensor_log,0.02,12,MonotoneLSPIA,0.007386983844247932,0.0,0.005254898977000266,0.005254898977000266,,39,True,
sensor_log,0.02,12,Penalized monotone B-spline,0.0057725182562095665,0.0,0.025858704990241677,0.00039211398689076304,1.0,1,True,Optimization terminated successfully
sensor_log,0.02,12,pyGAM,0.005226244981687127,0.0,0.0706770209944807,0.008553127001505345,0.1,3,True,
sensor_log,0.02,13,MonotoneLSPIA,0.00470529273055779,0.0,0.006449616979807615,0.006449616979807615,,55,True,
sensor_log,0.02,13,Penalized monotone B-spline,0.005155918834356145,0.0,0.029861825983971357,0.0003886669874191284,1.0,1,True,Optimization terminated successfully
sensor_log,0.02,13,pyGAM,0.004148352124181975,0.0,0.07134806201793253,0.009623193007428199,0.1,3,True,
sensor_log,0.02,14,MonotoneLSPIA,0.006112940947995378,0.0,0.00605759397149086,0.00605759397149086,,49,True,
sensor_log,0.02,14,Penalized monotone B-spline,0.003707545542051634,0.0,0.016028884041588753,0.00039724097587168217,1.0,1,True,Optimization terminated successfully
sensor_log,0.02,14,pyGAM,0.00557381724991378,0.0,0.07144911697832868,0.008510705025400966,1.0,2,True,
sensor_log,0.02,15,MonotoneLSPIA,0.008028788991357162,0.0,0.0064528819639235735,0.0064528819639235735,,49,True,
sensor_log,0.02,15,Penalized monotone B-spline,0.0061987451628661375,0.0,0.030345792009029537,0.0003951690159738064,1.0,1,True,Optimization terminated successfully
sensor_log,0.02,15,pyGAM,0.006799717810271777,0.0,0.07652871601749212,0.009267996996641159,0.1,2,True,
sensor_log,0.02,16,MonotoneLSPIA,0.005055792725424091,0.0,0.00700779800536111,0.00700779800536111,,51,True,
sensor_log,0.02,16,Penalized monotone B-spline,0.0035427691227474887,0.0,0.014961150998715311,0.0004154409980401397,1.0,1,True,Optimization terminated successfully
sensor_log,0.02,16,pyGAM,0.004710408665923902,0.0,0.06772872799774632,0.008466940955258906,1.0,2,True,
sensor_log,0.02,17,MonotoneLSPIA,0.009904785233255869,0.0,0.005991228041239083,0.005991228041239083,,50,True,
sensor_log,0.02,17,Penalized monotone B-spline,0.00992442921368872,0.0,0.02696753799682483,0.0016063039656728506,1e-08,13,True,Optimization terminated successfully
sensor_log,0.02,17,pyGAM,0.009898625601092255,0.0,0.08012110902927816,0.016558394010644406,0.001,4,True,
sensor_log,0.02,18,MonotoneLSPIA,0.007129635249568648,0.0,0.00507142097922042,0.00507142097922042,,41,True,
sensor_log,0.02,18,Penalized monotone B-spline,0.0071562156541844875,0.0,0.032212740974500775,0.000416063005104661,1.0,1,True,Optimization terminated successfully
sensor_log,0.02,18,pyGAM,0.0078023075265559,0.0,0.07723277504555881,0.009799027990084141,1.0,2,True,
sensor_log,0.02,19,MonotoneLSPIA,0.006159663697388971,0.0,0.005863304017111659,0.005863304017111659,,46,True,
sensor_log,0.02,19,Penalized monotone B-spline,0.00440673670041527,0.0,0.022114662977401167,0.0004434220027178526,1.0,1,True,Optimization terminated successfully
sensor_log,0.02,19,pyGAM,0.0036546055039116294,0.0,0.06604697101283818,0.008932141994591802,0.1,2,True,
sensor_log,0.02,20,MonotoneLSPIA,0.004566759617136037,0.0,0.006077912985347211,0.006077912985347211,,48,True,
sensor_log,0.02,20,Penalized monotone B-spline,0.004492613050693113,0.0,0.016384527029003948,0.0003982240450568497,1.0,1,True,Optimization terminated successfully
sensor_log,0.02,20,pyGAM,0.004279948858109901,0.0,0.06999861600343138,0.008485328988172114,0.1,2,True,
sensor_log,0.02,21,MonotoneLSPIA,0.005571759265445646,0.0,0.0058503010077401996,0.0058503010077401996,,45,True,
sensor_log,0.02,21,Penalized monotone B-spline,0.004936448609322459,0.0,0.018792383023537695,0.0003911140374839306,1.0,1,True,Optimization terminated successfully
sensor_log,0.02,21,pyGAM,0.004863467766406292,0.0,0.07173122698441148,0.008872465987224132,0.1,3,True,
sensor_log,0.02,22,MonotoneLSPIA,0.005108747215527186,0.0,0.005496409954503179,0.005496409954503179,,45,True,
sensor_log,0.02,22,Penalized monotone B-spline,0.00437048243248368,0.0,0.01132602198049426,0.00040851294761523604,1.0,1,True,Optimization terminated successfully
sensor_log,0.02,22,pyGAM,0.005289367586581987,0.0,0.06386255199322477,0.008834727050270885,1.0,2,True,
sensor_log,0.02,23,MonotoneLSPIA,0.005948086606370761,0.0,0.00668372301151976,0.00668372301151976,,54,True,
sensor_log,0.02,23,Penalized monotone B-spline,0.005736570527780547,0.0,0.014825567952357233,0.0004268410266377032,0.01,1,True,Optimization terminated successfully
sensor_log,0.02,23,pyGAM,0.004945732706074042,0.0,0.06643162301043049,0.009184469003230333,1.0,2,True,
sensor_log,0.02,24,MonotoneLSPIA,0.006830888753336049,0.0,0.00686652900185436,0.00686652900185436,,55,True,
sensor_log,0.02,24,Penalized monotone B-spline,0.006382202860259965,0.0,0.03107141802320257,0.0005040270043537021,1.0,1,True,Optimization terminated successfully
sensor_log,0.02,24,pyGAM,0.007082299403631747,0.0,0.07448951300466433,0.00889507500687614,1.0,2,True,
sensor_log,0.02,25,MonotoneLSPIA,0.0068425462555550725,0.0,0.0065974160097539425,0.0065974160097539425,,56,True,
sensor_log,0.02,25,Penalized monotone B-spline,0.005855364680853575,0.0,0.02615427999990061,0.00044445396633818746,1.0,1,True,Optimization terminated successfully
sensor_log,0.02,25,pyGAM,0.006033372847413075,0.0,0.07112469500862062,0.008375884965062141,1.0,2,True,
sensor_log,0.02,26,MonotoneLSPIA,0.005428183597060884,0.0,0.005202694970648736,0.005202694970648736,,42,True,
sensor_log,0.02,26,Penalized monotone B-spline,0.00532809186472717,0.0,0.011172564991284162,0.00039699103217571974,1.0,1,True,Optimization terminated successfully
sensor_log,0.02,26,pyGAM,0.0037056490921536286,0.0,0.06311172601999715,0.008744776016101241,0.1,2,True,
sensor_log,0.02,27,MonotoneLSPIA,0.0057553944216312105,0.0,0.005123801005538553,0.005123801005538553,,43,True,
sensor_log,0.02,27,Penalized monotone B-spline,0.005425834758725501,0.0,0.025018404005095363,0.0004063720116391778,0.01,1,True,Optimization terminated successfully
sensor_log,0.02,27,pyGAM,0.004666421048299059,0.0,0.06750757101690397,0.008872837002854794,0.1,2,True,
sensor_log,0.02,28,MonotoneLSPIA,0.005224023310593782,0.0,0.005936123023275286,0.005936123023275286,,48,True,
sensor_log,0.02,28,Penalized monotone B-spline,0.005168986164780659,0.0,0.023437592026311904,0.000459559028968215,1.0,1,True,Optimization terminated successfully
sensor_log,0.02,28,pyGAM,0.004259395067139761,0.0,0.07415725197643042,0.009133802028372884,0.1,3,True,
sensor_log,0.02,29,MonotoneLSPIA,0.00408954104430641,0.0,0.006537692970596254,0.006537692970596254,,56,True,
sensor_log,0.02,29,Penalized monotone B-spline,0.00460826626407637,0.0,0.011250726005528122,0.00040573696605861187,1.0,1,True,Optimization terminated successfully
sensor_log,0.02,29,pyGAM,0.0028949566242223034,0.0,0.06403138197492808,0.008436792995780706,0.1,2,True,
sensor_log,0.02,30,MonotoneLSPIA,0.0036961730900088303,0.0,0.006504336022771895,0.006504336022771895,,53,True,
sensor_log,0.02,30,Penalized monotone B-spline,0.0033435922247135094,0.0,0.02436854800907895,0.00039678195025771856,1.0,1,True,Optimization terminated successfully
sensor_log,0.02,30,pyGAM,0.00435948743663002,0.0,0.07020432100398466,0.008632824989035726,1.0,2,True,
sensor_log,0.02,31,MonotoneLSPIA,0.005979564839313847,0.0,0.005548955989070237,0.005548955989070237,,47,True,
sensor_log,0.02,31,Penalized monotone B-spline,0.005301776269434111,0.0,0.01777794596273452,0.00039698800537735224,1.0,1,True,Optimization terminated successfully
sensor_log,0.02,31,pyGAM,0.005794827279603147,0.0,0.06468034296995029,0.008629219024442136,1.0,2,True,
sensor_log,0.02,32,MonotoneLSPIA,0.005917105442348223,0.0,0.004844942013733089,0.004844942013733089,,37,True,
sensor_log,0.02,32,Penalized monotone B-spline,0.005466628082520802,0.0,0.022244413034059107,0.00039574597030878067,1.0,1,True,Optimization terminated successfully
sensor_log,0.02,32,pyGAM,0.004397256850894004,0.0,0.07316492398967966,0.008649646013509482,0.1,2,True,
sensor_log,0.02,33,MonotoneLSPIA,0.0057553356706179,0.0,0.004653940035495907,0.004653940035495907,,35,True,
sensor_log,0.02,33,Penalized monotone B-spline,0.005495006625487161,0.0,0.029822018987033516,0.0020905210403725505,0.01,13,True,Optimization terminated successfully
sensor_log,0.02,33,pyGAM,0.004735015774647989,0.0,0.07434218999696895,0.008743063022848219,1.0,2,True,
sensor_log,0.02,34,MonotoneLSPIA,0.005921106511167781,0.0,0.006671199982520193,0.006671199982520193,,55,True,
sensor_log,0.02,34,Penalized monotone B-spline,0.004192277804100333,0.0,0.011292910960037261,0.0003988990210928023,1.0,1,True,Optimization terminated successfully
sensor_log,0.02,34,pyGAM,0.004181992695798374,0.0,0.06621803296729922,0.008856456028297544,0.1,2,True,
sensor_log,0.02,35,MonotoneLSPIA,0.00559654338181671,0.0,0.0062847749795764685,0.0062847749795764685,,50,True,
sensor_log,0.02,35,Penalized monotone B-spline,0.004946562736760224,0.0,0.011551205010619015,0.0003982819616794586,1.0,1,True,Optimization terminated successfully
sensor_log,0.02,35,pyGAM,0.0033332915738273792,0.0,0.0637868299963884,0.008617365034297109,0.1,2,True,
sensor_log,0.02,36,MonotoneLSPIA,0.004783899816554326,0.0,0.005183682020287961,0.005183682020287961,,42,True,
sensor_log,0.02,36,Penalized monotone B-spline,0.005233114131460281,0.0,0.014544126985128969,0.0003986479714512825,1.0,1,True,Optimization terminated successfully
sensor_log,0.02,36,pyGAM,0.0060453776203973335,0.0,0.06427593401167542,0.008313918020576239,1.0,2,True,
sensor_log,0.02,37,MonotoneLSPIA,0.00405067747041269,0.0,0.005372493003960699,0.005372493003960699,,46,True,
sensor_log,0.02,37,Penalized monotone B-spline,0.0036409982735750215,0.0,0.02281903603579849,0.00039843597915023565,1.0,1,True,Optimization terminated successfully
sensor_log,0.02,37,pyGAM,0.0047830209189384165,0.0,0.06793362199096009,0.008898320025764406,1.0,2,True,
sensor_log,0.02,38,MonotoneLSPIA,0.004683745271403284,0.0,0.006249222962651402,0.006249222962651402,,50,True,
sensor_log,0.02,38,Penalized monotone B-spline,0.0033980882576125047,0.0,0.02045540598919615,0.00041097996290773153,1.0,1,True,Optimization terminated successfully
sensor_log,0.02,38,pyGAM,0.0046340301864506534,0.0,0.07354796200525016,0.008693134994246066,1.0,2,True,
sensor_log,0.02,39,MonotoneLSPIA,0.005521601966957484,0.0,0.004393565992359072,0.004393565992359072,,32,True,
sensor_log,0.02,39,Penalized monotone B-spline,0.0045495090803939035,0.0,0.023490009945817292,0.00040805398020893335,1.0,1,True,Optimization terminated successfully
sensor_log,0.02,39,pyGAM,0.004405128959809154,0.0,0.0707699210033752,0.008823567011859268,1.0,2,True,
sensor_log,0.02,40,MonotoneLSPIA,0.005088566297722883,0.0,0.006908599985763431,0.006908599985763431,,52,True,
sensor_log,0.02,40,Penalized monotone B-spline,0.004595477319953742,0.0,0.031123096006922424,0.00040145200910046697,1.0,1,True,Optimization terminated successfully
sensor_log,0.02,40,pyGAM,0.00352020592583656,0.0,0.07135787099832669,0.008501967997290194,0.1,3,True,
sensor_log,0.02,41,MonotoneLSPIA,0.003688345291729365,0.0,0.005837903008796275,0.005837903008796275,,49,True,
sensor_log,0.02,41,Penalized monotone B-spline,0.002765724130344347,0.0,0.029443153995089233,0.00039646599907428026,1.0,1,True,Optimization terminated successfully
sensor_log,0.02,41,pyGAM,0.003850369164942697,0.0,0.06975813501048833,0.00851652299752459,1.0,2,True,
sensor_log,0.02,42,MonotoneLSPIA,0.006210374040111312,0.0,0.004532994993496686,0.004532994993496686,,35,True,
sensor_log,0.02,42,Penalized monotone B-spline,0.006102472870316358,0.0,0.013774330960586667,0.0008114989614114165,1.0,1,True,Optimization terminated successfully
sensor_log,0.02,42,pyGAM,0.005780829082149015,0.0,0.06378181796753779,0.008475165988784283,1.0,2,True,
sensor_log,0.02,43,MonotoneLSPIA,0.007143663375013445,0.0,0.00466968904947862,0.00466968904947862,,35,True,
sensor_log,0.02,43,Penalized monotone B-spline,0.006508230131421113,0.0,0.032330078014638275,0.00038941000821068883,1.0,1,True,Optimization terminated successfully
sensor_log,0.02,43,pyGAM,0.007339667680041193,0.0,0.07741250703111291,0.008891760953702033,1.0,2,True,
sensor_log,0.02,44,MonotoneLSPIA,0.00432655931767903,0.0,0.006969415990170091,0.006969415990170091,,57,True,
sensor_log,0.02,44,Penalized monotone B-spline,0.0035624843375628365,0.0,0.021649932023137808,0.0004102909588254988,1.0,1,True,Optimization terminated successfully
sensor_log,0.02,44,pyGAM,0.004318640109642097,0.0,0.07239021599525586,0.008773230016231537,1.0,2,True,
sensor_log,0.02,45,MonotoneLSPIA,0.006561303599452082,0.0,0.005009869986679405,0.005009869986679405,,39,True,
sensor_log,0.02,45,Penalized monotone B-spline,0.005542181071392739,0.0,0.026306826039217412,0.00039073999505490065,1.0,1,True,Optimization terminated successfully
sensor_log,0.02,45,pyGAM,0.006442791462003124,0.0,0.07015170698286965,0.008500249008648098,1.0,2,True,
sensor_log,0.02,46,MonotoneLSPIA,0.006430281852637869,0.0,0.003984139009844512,0.003984139009844512,,27,True,
sensor_log,0.02,46,Penalized monotone B-spline,0.00476433130101347,0.0,0.021907469956204295,0.0004006079980172217,1.0,1,True,Optimization terminated successfully
sensor_log,0.02,46,pyGAM,0.00525101119605362,0.0,0.08816744800424203,0.00920587097061798,1.0,2,True,
sensor_log,0.02,47,MonotoneLSPIA,0.007382187193868312,0.0,0.006624369998462498,0.006624369998462498,,49,True,
sensor_log,0.02,47,Penalized monotone B-spline,0.005833914612340899,0.0,0.012048771022818983,0.00043890002416446805,1.0,1,True,Optimization terminated successfully
sensor_log,0.02,47,pyGAM,0.005846534445692813,0.0,0.06871293496806175,0.008627414994407445,0.1,2,True,
sensor_log,0.02,48,MonotoneLSPIA,0.006802750438391616,0.0,0.005632474028971046,0.005632474028971046,,46,True,
sensor_log,0.02,48,Penalized monotone B-spline,0.006158200279194475,0.0,0.025673234020359814,0.00040454400004819036,1.0,1,True,Optimization terminated successfully
sensor_log,0.02,48,pyGAM,0.00645684571746075,0.0,1.5980145730427466,1.5509883479680866,0.001,500,False,did not converge; did not converge
sensor_log,0.02,49,MonotoneLSPIA,0.00805841484180857,0.0,0.005867886007763445,0.005867886007763445,,45,True,
sensor_log,0.02,49,Penalized monotone B-spline,0.00609996399941189,0.0,0.014783026010263711,0.0004675809759646654,1.0,1,True,Optimization terminated successfully
sensor_log,0.02,49,pyGAM,0.006771466107043966,0.0,0.06495536101283506,0.008608987962361425,0.1,2,True,
sensor_log,0.02,50,MonotoneLSPIA,0.005856722959102923,0.0,0.0047614649520255625,0.0047614649520255625,,37,True,
sensor_log,0.02,50,Penalized monotone B-spline,0.0049148019764005116,0.0,0.028781851986423135,0.00039333500899374485,1.0,1,True,Optimization terminated successfully
sensor_log,0.02,50,pyGAM,0.005292762154943811,0.0,0.07275322399800643,0.00994032999733463,0.1,3,True,
sensor_log,0.02,51,MonotoneLSPIA,0.005396975159857574,0.0,0.00582785700680688,0.00582785700680688,,48,True,
sensor_log,0.02,51,Penalized monotone B-spline,0.004886298797977446,0.0,0.023459973046556115,0.00039187102811411023,1.0,1,True,Optimization terminated successfully
sensor_log,0.02,51,pyGAM,0.00584561232467797,0.0,0.06969125499017537,0.008790014951955527,1.0,2,True,
sensor_log,0.02,52,MonotoneLSPIA,0.004761645402592037,0.0,0.006069215014576912,0.006069215014576912,,42,True,
sensor_log,0.02,52,Penalized monotone B-spline,0.004911207802999209,0.0,0.021204988996032625,0.0004097889759577811,1.0,1,True,Optimization terminated successfully
sensor_log,0.02,52,pyGAM,0.005477884879214433,0.0,0.07385299302404746,0.008460650977212936,1.0,2,True,
sensor_log,0.02,53,MonotoneLSPIA,0.006934259016699133,0.0,0.00673166400520131,0.00673166400520131,,42,True,
sensor_log,0.02,53,Penalized monotone B-spline,0.006523674557634698,0.0,0.020198400015942752,0.00039549695793539286,1.0,1,True,Optimization terminated successfully
sensor_log,0.02,53,pyGAM,0.006147847307086027,0.0,0.06481663300655782,0.00843245000578463,0.1,2,True,
sensor_log,0.02,54,MonotoneLSPIA,0.005855931305947339,0.0,0.004056702950038016,0.004056702950038016,,31,True,
sensor_log,0.02,54,Penalized monotone B-spline,0.005674782866204809,0.0,0.025160857010632753,0.00040549400728195906,1.0,1,True,Optimization terminated successfully
sensor_log,0.02,54,pyGAM,0.0051346000359311725,0.0,0.07096396200358868,0.00978930399287492,1.0,2,True,
sensor_log,0.02,55,MonotoneLSPIA,0.004876410422581007,0.0,0.006251732003875077,0.006251732003875077,,52,True,
sensor_log,0.02,55,Penalized monotone B-spline,0.004160799397181884,0.0,0.029267437988892198,0.0004017010214738548,1.0,1,True,Optimization terminated successfully
sensor_log,0.02,55,pyGAM,0.005224708884612281,0.0,1.6092720170272514,0.008902644971385598,1.0,2,True,did not converge
sensor_log,0.02,56,MonotoneLSPIA,0.00798481965503945,0.0,0.006452964968048036,0.006452964968048036,,45,True,
sensor_log,0.02,56,Penalized monotone B-spline,0.005851822343047787,0.0,0.020107276970520616,0.0005345810204744339,1.0,1,True,Optimization terminated successfully
sensor_log,0.02,56,pyGAM,0.006406615021287351,0.0,0.07192303001647815,0.008781765005551279,0.1,2,True,
sensor_log,0.02,57,MonotoneLSPIA,0.003534971565828884,0.0,0.005784751963801682,0.005784751963801682,,46,True,
sensor_log,0.02,57,Penalized monotone B-spline,0.00341191438462242,0.0,0.023447088955435902,0.0004072579904459417,1.0,1,True,Optimization terminated successfully
sensor_log,0.02,57,pyGAM,0.00448299235334097,0.0,1.6152079550083727,0.009213133016601205,1.0,2,True,did not converge
sensor_log,0.02,58,MonotoneLSPIA,0.005082659708946635,0.0,0.005843850027304143,0.005843850027304143,,48,True,
sensor_log,0.02,58,Penalized monotone B-spline,0.0037312782313114277,0.0,0.016490417008753866,0.00039680697955191135,1.0,1,True,Optimization terminated successfully
sensor_log,0.02,58,pyGAM,0.005170597498245973,0.0,0.0654338679742068,0.010010663012508303,1.0,2,True,
sensor_log,0.02,59,MonotoneLSPIA,0.006496363852996194,0.0,0.005837220000103116,0.005837220000103116,,48,True,
sensor_log,0.02,59,Penalized monotone B-spline,0.005353412316586797,0.0,0.01159974402980879,0.000486006960272789,1.0,1,True,Optimization terminated successfully
sensor_log,0.02,59,pyGAM,0.0056027462515356565,0.0,0.06463619897840545,0.00861553696449846,0.1,2,True,
sensor_log,0.02,60,MonotoneLSPIA,0.005571017494328194,0.0,0.004545669013168663,0.004545669013168663,,35,True,
sensor_log,0.02,60,Penalized monotone B-spline,0.005165000147252253,0.0,0.027143524028360844,0.0004755220143124461,1.0,1,True,Optimization terminated successfully
sensor_log,0.02,60,pyGAM,0.004810989186383835,0.0,0.07475229701958597,0.008731989015359432,0.1,3,True,
sensor_log,0.02,61,MonotoneLSPIA,0.004103690221507141,0.0,0.004095283045899123,0.004095283045899123,,29,True,
sensor_log,0.02,61,Penalized monotone B-spline,0.004456639403412474,0.0,0.011378374008927494,0.0003978220047429204,1.0,1,True,Optimization terminated successfully
sensor_log,0.02,61,pyGAM,0.004336014795488921,0.0,0.06749296101043001,0.008545139979105443,1.0,2,True,
sensor_log,0.02,62,MonotoneLSPIA,0.0033708651571061955,0.0,0.006704619969241321,0.006704619969241321,,50,True,
sensor_log,0.02,62,Penalized monotone B-spline,0.0038845170384083335,0.0,0.01666258997283876,0.00041906500700861216,1.0,1,True,Optimization terminated successfully
sensor_log,0.02,62,pyGAM,0.003870917201201318,0.0,0.06719660497037694,0.008637512975838035,1.0,2,True,
sensor_log,0.02,63,MonotoneLSPIA,0.0044393945082118625,0.0,0.005329740990418941,0.005329740990418941,,44,True,
sensor_log,0.02,63,Penalized monotone B-spline,0.0038325384274499217,0.0,0.021781271032523364,0.0003997539752162993,1.0,1,True,Optimization terminated successfully
sensor_log,0.02,63,pyGAM,0.004983252428847819,0.0,0.07090249098837376,0.009906884981319308,1.0,2,True,
sensor_log,0.02,64,MonotoneLSPIA,0.007036482985299304,0.0,0.006233102991245687,0.006233102991245687,,47,True,
sensor_log,0.02,64,Penalized monotone B-spline,0.006946241760948877,0.0,0.0139977450016886,0.0006271169986575842,0.01,1,True,Optimization terminated successfully
sensor_log,0.02,64,pyGAM,0.006379610702353839,0.0,0.067757512035314,0.010139614983927459,0.1,2,True,
sensor_log,0.02,65,MonotoneLSPIA,0.0061900014422103244,0.0,0.0061430169735103846,0.0061430169735103846,,48,True,
sensor_log,0.02,65,Penalized monotone B-spline,0.005512063982005048,0.0,0.01590935094282031,0.00040731998160481453,1.0,1,True,Optimization terminated successfully
sensor_log,0.02,65,pyGAM,0.0047301493735764895,0.0,0.06396181002492085,0.00861591100692749,0.1,2,True,
sensor_log,0.02,66,MonotoneLSPIA,0.006462358381348636,0.0,0.0060854810290038586,0.0060854810290038586,,50,True,
sensor_log,0.02,66,Penalized monotone B-spline,0.004651649304693378,0.0,0.022383829986210912,0.00039769901195541024,1.0,1,True,Optimization terminated successfully
sensor_log,0.02,66,pyGAM,0.005464503038887389,0.0,0.07091099099488929,0.009043449012096971,0.1,3,True,
sensor_log,0.02,67,MonotoneLSPIA,0.0035095151621071683,0.0,0.005326140963006765,0.005326140963006765,,44,True,
sensor_log,0.02,67,Penalized monotone B-spline,0.0034417221112149005,0.0,0.02466823300346732,0.00040257704677060246,1.0,1,True,Optimization terminated successfully
sensor_log,0.02,67,pyGAM,0.004077536269028033,0.0,1.6224281640024856,0.008560595975723118,1.0,2,True,did not converge
sensor_log,0.02,68,MonotoneLSPIA,0.005989249457586271,0.0,0.005385608994401991,0.005385608994401991,,43,True,
sensor_log,0.02,68,Penalized monotone B-spline,0.0048832025861415395,0.0,0.01645788998575881,0.0004375379648990929,1.0,1,True,Optimization terminated successfully
sensor_log,0.02,68,pyGAM,0.00489340152052916,0.0,0.06838217400945723,0.00890340399928391,1.0,2,True,
sensor_log,0.02,69,MonotoneLSPIA,0.005686132555182511,0.0,0.005491458985488862,0.005491458985488862,,45,True,
sensor_log,0.02,69,Penalized monotone B-spline,0.005058735120569472,0.0,0.019822415022645146,0.0007326670456677675,1.0,1,True,Optimization terminated successfully
sensor_log,0.02,69,pyGAM,0.005980932258562566,0.0,0.06674162700073794,0.008561414026189595,1.0,2,True,
sensor_log,0.02,70,MonotoneLSPIA,0.007720411149673749,0.0,0.004038320970721543,0.004038320970721543,,30,True,
sensor_log,0.02,70,Penalized monotone B-spline,0.007175613895854895,0.0,0.030150653037708253,0.00039684795774519444,1.0,1,True,Optimization terminated successfully
sensor_log,0.02,70,pyGAM,0.006241986841277435,0.0,0.06985859601991251,0.008426991989836097,0.1,3,True,
sensor_log,0.02,71,MonotoneLSPIA,0.005455753006642148,0.0,0.005550941044930369,0.005550941044930369,,42,True,
sensor_log,0.02,71,Penalized monotone B-spline,0.004262112289103499,0.0,0.014427495014388114,0.00042319600470364094,1.0,1,True,Optimization terminated successfully
sensor_log,0.02,71,pyGAM,0.003927566870056652,0.0,0.06376238801749423,0.008630347030702978,0.1,2,True,
sensor_log,0.02,72,MonotoneLSPIA,0.005086054889144127,0.0,0.004862255998887122,0.004862255998887122,,39,True,
sensor_log,0.02,72,Penalized monotone B-spline,0.004465771364997307,0.0,0.015667254978325218,0.0004068600246682763,1.0,1,True,Optimization terminated successfully
sensor_log,0.02,72,pyGAM,0.005042923253174438,0.0,0.06480561901116744,0.008377877005841583,1.0,2,True,
sensor_log,0.02,73,MonotoneLSPIA,0.006668056624790786,0.0,0.005772325035650283,0.005772325035650283,,48,True,
sensor_log,0.02,73,Penalized monotone B-spline,0.006330459693656515,0.0,0.016138249018695205,0.00041013199370354414,0.01,1,True,Optimization terminated successfully
sensor_log,0.02,73,pyGAM,0.005010642861226362,0.0,0.06788789702113718,0.009909846994560212,1.0,2,True,
sensor_log,0.02,74,MonotoneLSPIA,0.006552929701167578,0.0,0.006311405042652041,0.006311405042652041,,49,True,
sensor_log,0.02,74,Penalized monotone B-spline,0.006393039182378058,0.0,0.030517565028276294,0.0016359519795514643,0.01,12,True,Optimization terminated successfully
sensor_log,0.02,74,pyGAM,0.005935883416866862,0.0,0.07392814895138144,0.009205772017594427,1.0,2,True,
sensor_log,0.02,75,MonotoneLSPIA,0.004177402953758006,0.0,0.00647346000187099,0.00647346000187099,,45,True,
sensor_log,0.02,75,Penalized monotone B-spline,0.0036473558906516697,0.0,0.011085715028457344,0.0003995409933850169,1.0,1,True,Optimization terminated successfully
sensor_log,0.02,75,pyGAM,0.00441804724218369,0.0,0.06872207601554692,0.009108435013331473,1.0,2,True,
sensor_log,0.02,76,MonotoneLSPIA,0.00612323569332581,0.0,0.005986180971376598,0.005986180971376598,,50,True,
sensor_log,0.02,76,Penalized monotone B-spline,0.00451791368300116,0.0,0.015290037961676717,0.0005005790153518319,1.0,1,True,Optimization terminated successfully
sensor_log,0.02,76,pyGAM,0.005415664721545888,0.0,0.06512727099470794,0.00868812098633498,1.0,2,True,
sensor_log,0.02,77,MonotoneLSPIA,0.006869126052629501,0.0,0.005820631980895996,0.005820631980895996,,49,True,
sensor_log,0.02,77,Penalized monotone B-spline,0.005079544884029428,0.0,0.02436030999524519,0.00040238298242911696,1.0,1,True,Optimization terminated successfully
sensor_log,0.02,77,pyGAM,0.005134142048034039,0.0,0.0725859819795005,0.008565319993067533,1.0,2,True,
sensor_log,0.02,78,MonotoneLSPIA,0.00441853905332995,0.0,0.005457660008687526,0.005457660008687526,,44,True,
sensor_log,0.02,78,Penalized monotone B-spline,0.004093281976535318,0.0,0.029935049009509385,0.0004380280151963234,1.0,1,True,Optimization terminated successfully
sensor_log,0.02,78,pyGAM,0.004223966553057677,0.0,0.07896301097935066,0.009108887985348701,1.0,2,True,
sensor_log,0.02,79,MonotoneLSPIA,0.005994242900239607,0.0,0.006964073982089758,0.006964073982089758,,51,True,
sensor_log,0.02,79,Penalized monotone B-spline,0.005749153255356295,0.0,0.016407823015470058,0.00040709401946514845,1.0,1,True,Optimization terminated successfully
sensor_log,0.02,79,pyGAM,0.006243786146306774,0.0,0.075512635987252,0.008554066997021437,1.0,2,True,
sensor_log,0.02,80,MonotoneLSPIA,0.006130334369516741,0.0,0.005376868997700512,0.005376868997700512,,44,True,
sensor_log,0.02,80,Penalized monotone B-spline,0.005632382008928368,0.0,0.016108445008285344,0.0004043380031362176,1.0,1,True,Optimization terminated successfully
sensor_log,0.02,80,pyGAM,0.006247154555209082,0.0,0.07029386499198154,0.008990759961307049,1.0,2,True,
sensor_log,0.02,81,MonotoneLSPIA,0.006467578036948393,0.0,0.0034491560072638094,0.0034491560072638094,,25,True,
sensor_log,0.02,81,Penalized monotone B-spline,0.006253906475718994,0.0,0.015958295029122382,0.00039764499524608254,1.0,1,True,Optimization terminated successfully
sensor_log,0.02,81,pyGAM,0.006514067752558015,0.0,0.07138962304452434,0.008676390978507698,1.0,2,True,
sensor_log,0.02,82,MonotoneLSPIA,0.006566199225839201,0.0,0.004851432982832193,0.004851432982832193,,39,True,
sensor_log,0.02,82,Penalized monotone B-spline,0.0062305244220359855,0.0,0.011060823046136647,0.00039783300599083304,1.0,1,True,Optimization terminated successfully
sensor_log,0.02,82,pyGAM,0.0062590924587132704,0.0,0.0662796669639647,0.008518048038240522,1.0,2,True,
sensor_log,0.02,83,MonotoneLSPIA,0.006244260088252375,0.0,0.005046779988333583,0.005046779988333583,,41,True,
sensor_log,0.02,83,Penalized monotone B-spline,0.005028374133976941,0.0,0.020905921992380172,0.0007383289630524814,1.0,1,True,Optimization terminated successfully
sensor_log,0.02,83,pyGAM,0.004171628016469666,0.0,0.06788469501771033,0.008786496997345239,0.1,2,True,
sensor_log,0.02,84,MonotoneLSPIA,0.008395326680009241,0.0,0.005637466965708882,0.005637466965708882,,43,True,
sensor_log,0.02,84,Penalized monotone B-spline,0.008485146125505626,0.0,0.029831028019543737,0.001741143991239369,1e-08,12,True,Optimization terminated successfully
sensor_log,0.02,84,pyGAM,0.006180399494919056,0.0,1.6075881799915805,0.00853772199479863,1.0,2,True,did not converge
sensor_log,0.02,85,MonotoneLSPIA,0.004682367415037518,0.0,0.005624961049761623,0.005624961049761623,,46,True,
sensor_log,0.02,85,Penalized monotone B-spline,0.005229846548919351,0.0,0.031077289953827858,0.00039329699939116836,1.0,1,True,Optimization terminated successfully
sensor_log,0.02,85,pyGAM,0.005838673118113356,0.0,0.07109912397572771,0.008533323998562992,1.0,2,True,
sensor_log,0.02,86,MonotoneLSPIA,0.005484609470611907,0.0,0.006170144013594836,0.006170144013594836,,52,True,
sensor_log,0.02,86,Penalized monotone B-spline,0.004894818958448596,0.0,0.023279851011466235,0.001364363997709006,0.01,10,True,Optimization terminated successfully
sensor_log,0.02,86,pyGAM,0.0035913955994584944,0.0,0.0761546710273251,0.008895184029825032,0.1,3,True,
sensor_log,0.02,87,MonotoneLSPIA,0.005979430188152453,0.0,0.003955319989472628,0.003955319989472628,,29,True,
sensor_log,0.02,87,Penalized monotone B-spline,0.004753152199436474,0.0,0.016046326025389135,0.00041257799603044987,1.0,1,True,Optimization terminated successfully
sensor_log,0.02,87,pyGAM,0.005419471530205315,0.0,0.06658879102906212,0.008908621966838837,1.0,2,True,
sensor_log,0.02,88,MonotoneLSPIA,0.006715870775869188,0.0,0.0051952070207335055,0.0051952070207335055,,39,True,
sensor_log,0.02,88,Penalized monotone B-spline,0.006349894632238778,0.0,0.028739064000546932,0.0015074959956109524,0.01,12,True,Optimization terminated successfully
sensor_log,0.02,88,pyGAM,0.006331900864393867,0.0,0.07314868899993598,0.012286202982068062,0.001,3,True,
sensor_log,0.02,89,MonotoneLSPIA,0.006754908631731609,0.0,0.005625894002150744,0.005625894002150744,,48,True,
sensor_log,0.02,89,Penalized monotone B-spline,0.005061914310350739,0.0,0.018029130005743355,0.00039142300374805927,1.0,1,True,Optimization terminated successfully
sensor_log,0.02,89,pyGAM,0.006276300384717453,0.0,0.06685167201794684,0.008943803026340902,1.0,2,True,
sensor_log,0.02,90,MonotoneLSPIA,0.004490185230974308,0.0,0.005747560004238039,0.005747560004238039,,47,True,
sensor_log,0.02,90,Penalized monotone B-spline,0.004075366289144438,0.0,0.030440839007496834,0.00039656803710386157,1.0,1,True,Optimization terminated successfully
sensor_log,0.02,90,pyGAM,0.004314332717060566,0.0,0.07092142896726727,0.011814893980044872,0.01,2,True,
sensor_log,0.02,91,MonotoneLSPIA,0.004920921302587353,0.0,0.005194358003791422,0.005194358003791422,,41,True,
sensor_log,0.02,91,Penalized monotone B-spline,0.0033637232046499765,0.0,0.01798206497915089,0.0003897600108757615,1.0,1,True,Optimization terminated successfully
sensor_log,0.02,91,pyGAM,0.00290498911672711,0.0,0.06699691398534924,0.009878529992420226,0.1,2,True,
sensor_log,0.02,92,MonotoneLSPIA,0.006705185196291351,0.0,0.007569654029794037,0.007569654029794037,,46,True,
sensor_log,0.02,92,Penalized monotone B-spline,0.00634323639682659,0.0,0.022271763999015093,0.0003932249965146184,0.01,1,True,Optimization terminated successfully
sensor_log,0.02,92,pyGAM,0.005137505350968769,0.0,0.07662745099514723,0.008514221990481019,1.0,2,True,
sensor_log,0.02,93,MonotoneLSPIA,0.004382159348296013,0.0,0.005309881002176553,0.005309881002176553,,43,True,
sensor_log,0.02,93,Penalized monotone B-spline,0.004425275858419243,0.0,0.028252124960999936,0.00040846801130101085,1.0,1,True,Optimization terminated successfully
sensor_log,0.02,93,pyGAM,0.0027599548322956836,0.0,0.07000760600203648,0.008377885038498789,0.1,2,True,
sensor_log,0.02,94,MonotoneLSPIA,0.004798043181020719,0.0,0.0061463789897970855,0.0061463789897970855,,53,True,
sensor_log,0.02,94,Penalized monotone B-spline,0.004464302510833988,0.0,0.01688785501755774,0.0005042589618824422,1.0,1,True,Optimization terminated successfully
sensor_log,0.02,94,pyGAM,0.0047785599544107925,0.0,0.06372462899889797,0.008648307004477829,1.0,2,True,
sensor_log,0.02,95,MonotoneLSPIA,0.00537549328099377,0.0,0.005098645982798189,0.005098645982798189,,42,True,
sensor_log,0.02,95,Penalized monotone B-spline,0.0055065618735290235,0.0,0.02083383296849206,0.00039810099406167865,1.0,1,True,Optimization terminated successfully
sensor_log,0.02,95,pyGAM,0.004385974161231451,0.0,0.06990783498622477,0.008596722967922688,0.1,3,True,
sensor_log,0.02,96,MonotoneLSPIA,0.008838431579971422,0.0,0.005689185985829681,0.005689185985829681,,47,True,
sensor_log,0.02,96,Penalized monotone B-spline,0.008148445194144734,0.0,0.01651365199359134,0.00039101100992411375,1.0,1,True,Optimization terminated successfully
sensor_log,0.02,96,pyGAM,0.009422350531248923,0.0,0.06303577200742438,0.008390924951527268,1.0,2,True,
sensor_log,0.02,97,MonotoneLSPIA,0.006257411244856527,0.0,0.005504038999788463,0.005504038999788463,,46,True,
sensor_log,0.02,97,Penalized monotone B-spline,0.00540855659895282,0.0,0.011489116004668176,0.0004884109948761761,1.0,1,True,Optimization terminated successfully
sensor_log,0.02,97,pyGAM,0.005586314942408738,0.0,0.06361631496110931,0.009486809954978526,1.0,2,True,
sensor_log,0.02,98,MonotoneLSPIA,0.004266100879240791,0.0,0.005869507964234799,0.005869507964234799,,45,True,
sensor_log,0.02,98,Penalized monotone B-spline,0.0038594866816770157,0.0,0.01153942896053195,0.0003993900027126074,1.0,1,True,Optimization terminated successfully
sensor_log,0.02,98,pyGAM,0.003656849647723964,0.0,0.069381519977469,0.009139741014223546,1.0,2,True,
sensor_log,0.02,99,MonotoneLSPIA,0.004166511245810945,0.0,0.006515929009765387,0.006515929009765387,,52,True,
sensor_log,0.02,99,Penalized monotone B-spline,0.00460948591546489,0.0,0.015004838001914322,0.00040901399916037917,1.0,1,True,Optimization terminated successfully
sensor_log,0.02,99,pyGAM,0.0039109757221327274,0.0,0.06730955804232508,0.008261424023658037,1.0,2,True,
sensor_log,0.02,100,MonotoneLSPIA,0.008342392871218445,0.0,0.006295425002463162,0.006295425002463162,,52,True,
sensor_log,0.02,100,Penalized monotone B-spline,0.007890214221207361,0.0,0.020530159992631525,0.0003980320179834962,1.0,1,True,Optimization terminated successfully
sensor_log,0.02,100,pyGAM,0.007512935143367687,0.0,0.06430265703238547,0.008535012020729482,0.01,2,True,
sensor_log,0.05,1,MonotoneLSPIA,0.016451592571710156,0.0,0.009890460991300642,0.009890460991300642,,50,True,
sensor_log,0.05,1,Penalized monotone B-spline,0.013049305823934806,0.0,0.03243984101573005,0.0006244970136322081,1.0,1,True,Optimization terminated successfully
sensor_log,0.05,1,pyGAM,0.012948291076952568,0.0,0.07702279498334974,0.009382462943904102,1.0,2,True,
sensor_log,0.05,2,MonotoneLSPIA,0.016940912886112672,0.0,0.006382749998010695,0.006382749998010695,,48,True,
sensor_log,0.05,2,Penalized monotone B-spline,0.01694701315328144,0.0,0.0351420670049265,0.0017227570060640574,1e-08,14,True,Optimization terminated successfully
sensor_log,0.05,2,pyGAM,0.016976009003300742,0.0,0.08452781097730622,0.018299816001672298,0.001,5,True,
sensor_log,0.05,3,MonotoneLSPIA,0.012506107075613674,0.0,0.005509587004780769,0.005509587004780769,,44,True,
sensor_log,0.05,3,Penalized monotone B-spline,0.012487230125586139,0.0,0.03202799800783396,0.0014109620242379606,1e-08,10,True,Optimization terminated successfully
sensor_log,0.05,3,pyGAM,0.01177575754395957,0.0,0.0715922549716197,0.00843284500297159,10.0,2,True,
sensor_log,0.05,4,MonotoneLSPIA,0.012468614391350956,0.0,0.006513206986710429,0.006513206986710429,,55,True,
sensor_log,0.05,4,Penalized monotone B-spline,0.010122778967528261,0.0,0.018949789984617382,0.0003990849945694208,1.0,1,True,Optimization terminated successfully
sensor_log,0.05,4,pyGAM,0.01365766891227862,0.0,0.06398161902325228,0.00830371695337817,10.0,2,True,
sensor_log,0.05,5,MonotoneLSPIA,0.013754777674475973,0.0,0.004417584976181388,0.004417584976181388,,35,True,
sensor_log,0.05,5,Penalized monotone B-spline,0.008445945336437017,0.0,0.026827062014490366,0.0003921340103261173,1.0,1,True,Optimization terminated successfully
sensor_log,0.05,5,pyGAM,0.009259852165677632,0.0,0.06537230999674648,0.008513389970175922,1.0,2,True,
sensor_log,0.05,6,MonotoneLSPIA,0.009823007261935699,0.0,0.006556316977366805,0.006556316977366805,,49,True,
sensor_log,0.05,6,Penalized monotone B-spline,0.007519421001756345,0.0,0.031020252034068108,0.0003999330219812691,1.0,1,True,Optimization terminated successfully
sensor_log,0.05,6,pyGAM,0.009274445154361528,0.0,0.07386945094913244,0.008930269978009164,10.0,2,True,
sensor_log,0.05,7,MonotoneLSPIA,0.007705867090559221,0.0,0.006436834984924644,0.006436834984924644,,52,True,
sensor_log,0.05,7,Penalized monotone B-spline,0.006449532632033265,0.0,0.03450140403583646,0.0010362750035710633,1.0,5,True,Optimization terminated successfully
sensor_log,0.05,7,pyGAM,0.011765010310473318,0.0,0.0770484329550527,0.010084852983709425,10.0,2,True,
sensor_log,0.05,8,MonotoneLSPIA,0.009527822910339925,0.0,0.007493834011256695,0.007493834011256695,,57,True,
sensor_log,0.05,8,Penalized monotone B-spline,0.006287520188008555,0.0,0.03299380297539756,0.0004126210114918649,1.0,1,True,Optimization terminated successfully
sensor_log,0.05,8,pyGAM,0.0063152981018965906,0.0,0.07813870802056044,0.009110165003221482,1.0,3,True,
sensor_log,0.05,9,MonotoneLSPIA,0.018763143268195916,0.0,0.005556539981625974,0.005556539981625974,,46,True,
sensor_log,0.05,9,Penalized monotone B-spline,0.015459073123218257,0.0,0.02085332100978121,0.00040493602864444256,1.0,1,True,Optimization terminated successfully
sensor_log,0.05,9,pyGAM,0.013674595877654211,0.0,0.0667872850317508,0.008457646996248513,1.0,2,True,
sensor_log,0.05,10,MonotoneLSPIA,0.014883576983652112,0.0,0.007400764967314899,0.007400764967314899,,58,True,
sensor_log,0.05,10,Penalized monotone B-spline,0.009796807875558396,0.0,0.02835323801264167,0.00040648499270901084,1.0,1,True,Optimization terminated successfully
sensor_log,0.05,10,pyGAM,0.009997954517179967,0.0,0.07728687603957951,0.009488117997534573,0.1,3,True,
sensor_log,0.05,11,MonotoneLSPIA,0.013244789415494316,0.0,0.007139790977817029,0.007139790977817029,,53,True,
sensor_log,0.05,11,Penalized monotone B-spline,0.008892374288174649,0.0,0.03036119299940765,0.00041256198892369866,1.0,1,True,Optimization terminated successfully
sensor_log,0.05,11,pyGAM,0.012085297367990163,0.0,0.07787193503463641,0.008796260983217508,10.0,2,True,
sensor_log,0.05,12,MonotoneLSPIA,0.013370981112685287,0.0,0.006348352995701134,0.006348352995701134,,53,True,
sensor_log,0.05,12,Penalized monotone B-spline,0.008778994745126912,0.0,0.0257632999564521,0.0003940340247936547,1.0,1,True,Optimization terminated successfully
sensor_log,0.05,12,pyGAM,0.0062597069653874005,0.0,0.07568172295577824,0.011166484968271106,1.0,2,True,
sensor_log,0.05,13,MonotoneLSPIA,0.014968709772844624,0.0,0.00631450698710978,0.00631450698710978,,53,True,
sensor_log,0.05,13,Penalized monotone B-spline,0.012156052845035297,0.0,0.029627673036884516,0.0004104340332560241,1.0,1,True,Optimization terminated successfully
sensor_log,0.05,13,pyGAM,0.013937819725367595,0.0,0.07818194897845387,0.008637930965051055,10.0,2,True,
sensor_log,0.05,14,MonotoneLSPIA,0.015196840941195246,0.0,0.006594020989723504,0.006594020989723504,,56,True,
sensor_log,0.05,14,Penalized monotone B-spline,0.011568864247829573,0.0,0.026142628979869187,0.0003978509921580553,1.0,1,True,Optimization terminated successfully
sensor_log,0.05,14,pyGAM,0.010681184446357319,0.0,0.07131675799610093,0.008641448977869004,1.0,2,True,
sensor_log,0.05,15,MonotoneLSPIA,0.01555850052937838,0.0,0.00590968900360167,0.00590968900360167,,36,True,
sensor_log,0.05,15,Penalized monotone B-spline,0.011683161833294283,0.0,0.02717440895503387,0.0003916780115105212,1.0,1,True,Optimization terminated successfully
sensor_log,0.05,15,pyGAM,0.011913849086045439,0.0,0.0796971539966762,0.010920254047960043,1.0,2,True,
sensor_log,0.05,16,MonotoneLSPIA,0.01404706407911462,0.0,0.005044790974352509,0.005044790974352509,,41,True,
sensor_log,0.05,16,Penalized monotone B-spline,0.010245603333811656,0.0,0.03396561503177509,0.00041233497904613614,1.0,1,True,Optimization terminated successfully
sensor_log,0.05,16,pyGAM,0.008158548247361749,0.0,0.08018226601416245,0.008704263949766755,1.0,3,True,
sensor_log,0.05,17,MonotoneLSPIA,0.01510502130474511,0.0,0.004628114984370768,0.004628114984370768,,36,True,
sensor_log,0.05,17,Penalized monotone B-spline,0.015122958187159283,0.0,0.030418356996960938,0.0016391979879699647,1e-08,10,True,Optimization terminated successfully
sensor_log,0.05,17,pyGAM,0.011923305290015906,0.0,0.08235690102446824,0.011029464018065482,1.0,4,True,
sensor_log,0.05,18,MonotoneLSPIA,0.01787215465877232,0.0,0.00405718496767804,0.00405718496767804,,26,True,
sensor_log,0.05,18,Penalized monotone B-spline,0.015505446075860317,0.0,0.03625888499664143,0.00039569701766595244,1.0,1,True,Optimization terminated successfully
sensor_log,0.05,18,pyGAM,0.015814428541892554,0.0,0.07758971099974588,0.00886008603265509,1.0,2,True,
sensor_log,0.05,19,MonotoneLSPIA,0.014867770184289806,0.0,0.00500796502456069,0.00500796502456069,,38,True,
sensor_log,0.05,19,Penalized monotone B-spline,0.009829564844046533,0.0,0.02534392400411889,0.0005171929951757193,1.0,1,True,Optimization terminated successfully
sensor_log,0.05,19,pyGAM,0.00978737800064636,0.0,0.07766784797422588,0.009468603995628655,1.0,2,True,
sensor_log,0.05,20,MonotoneLSPIA,0.016210358966888706,0.0,0.005870118038728833,0.005870118038728833,,48,True,
sensor_log,0.05,20,Penalized monotone B-spline,0.015278131070358195,0.0,0.01908157899742946,0.00040883402107283473,1.0,1,True,Optimization terminated successfully
sensor_log,0.05,20,pyGAM,0.01415046326717972,0.0,0.06548758695134893,0.008527093974407762,1.0,2,True,
sensor_log,0.05,21,MonotoneLSPIA,0.011823821240425723,0.0,0.006955513032153249,0.006955513032153249,,57,True,
sensor_log,0.05,21,Penalized monotone B-spline,0.010003677094440031,0.0,0.03485021000960842,0.0006773049826733768,1.0,1,True,Optimization terminated successfully
sensor_log,0.05,21,pyGAM,0.010686586160882057,0.0,0.07260243402561173,0.009629864012822509,10.0,2,True,
sensor_log,0.05,22,MonotoneLSPIA,0.01738738380616705,0.0,0.006085933011490852,0.006085933011490852,,45,True,
sensor_log,0.05,22,Penalized monotone B-spline,0.015056150119590895,0.0,0.0329823840293102,0.00045900995610281825,1.0,1,True,Optimization terminated successfully
sensor_log,0.05,22,pyGAM,0.012719536831664068,0.0,0.07542104105232283,0.008735041017644107,1.0,3,True,
sensor_log,0.05,23,MonotoneLSPIA,0.00939940438110071,0.0,0.005978630972094834,0.005978630972094834,,50,True,
sensor_log,0.05,23,Penalized monotone B-spline,0.008091185059872198,0.0,0.020607431011740118,0.0003988270182162523,1.0,1,True,Optimization terminated successfully
sensor_log,0.05,23,pyGAM,0.009701669500397463,0.0,0.06855570198968053,0.00897058699047193,10.0,2,True,
sensor_log,0.05,24,MonotoneLSPIA,0.01762936656729803,0.0,0.007193099998403341,0.007193099998403341,,55,True,
sensor_log,0.05,24,Penalized monotone B-spline,0.01357701076599813,0.0,0.03366215800633654,0.0004103229730390012,1.0,1,True,Optimization terminated successfully
sensor_log,0.05,24,pyGAM,0.013814008153487161,0.0,0.07367745699593797,0.008700250007677823,0.1,3,True,
sensor_log,0.05,25,MonotoneLSPIA,0.012920802992251712,0.0,0.006409360037650913,0.006409360037650913,,52,True,
sensor_log,0.05,25,Penalized monotone B-spline,0.006339664967858036,0.0,0.03146884002489969,0.00041003600927069783,1.0,1,True,Optimization terminated successfully
sensor_log,0.05,25,pyGAM,0.008774235294023396,0.0,0.07831863802857697,0.008835324959363788,10.0,2,True,
sensor_log,0.05,26,MonotoneLSPIA,0.012913676076205945,0.0,0.0055395999806933105,0.0055395999806933105,,40,True,
sensor_log,0.05,26,Penalized monotone B-spline,0.009810274685821994,0.0,0.035683438007254153,0.00041353399865329266,1.0,1,True,Optimization terminated successfully
sensor_log,0.05,26,pyGAM,0.012654169620015976,0.0,0.07659541699104011,0.009550453978590667,10.0,2,True,
sensor_log,0.05,27,MonotoneLSPIA,0.013017945748661068,0.0,0.005500063009094447,0.005500063009094447,,41,True,
sensor_log,0.05,27,Penalized monotone B-spline,0.010596252108769674,0.0,0.029032983002252877,0.0004159359959885478,1.0,1,True,Optimization terminated successfully
sensor_log,0.05,27,pyGAM,0.011253200082305527,0.0,0.07276417600223795,0.008551254984922707,1.0,2,True,
sensor_log,0.05,28,MonotoneLSPIA,0.013022039089831242,0.0,0.006617798004299402,0.006617798004299402,,55,True,
sensor_log,0.05,28,Penalized monotone B-spline,0.01130843975403372,0.0,0.034733424021396786,0.001255290990229696,1.0,8,True,Optimization terminated successfully
sensor_log,0.05,28,pyGAM,0.011662474807749061,0.0,0.07194053998682648,0.009733860963024199,1.0,3,True,
sensor_log,0.05,29,MonotoneLSPIA,0.01569520878352308,0.0,0.0061408840119838715,0.0061408840119838715,,50,True,
sensor_log,0.05,29,Penalized monotone B-spline,0.011355972165232285,0.0,0.02975662803510204,0.0004208069876767695,1.0,1,True,Optimization terminated successfully
sensor_log,0.05,29,pyGAM,0.011642907150360973,0.0,0.07387018902227283,0.009042250050697476,1.0,2,True,
sensor_log,0.05,30,MonotoneLSPIA,0.013878865361453652,0.0,0.006014871003571898,0.006014871003571898,,48,True,
sensor_log,0.05,30,Penalized monotone B-spline,0.010321649515322965,0.0,0.026675219007302076,0.00040656497003510594,1.0,1,True,Optimization terminated successfully
sensor_log,0.05,30,pyGAM,0.010054468625969698,0.0,0.07381954498123378,0.008650166972074658,1.0,2,True,
sensor_log,0.05,31,MonotoneLSPIA,0.01717583121443059,0.0,0.006999995035585016,0.006999995035585016,,52,True,
sensor_log,0.05,31,Penalized monotone B-spline,0.011917643302182236,0.0,0.026204149005934596,0.00040726695442572236,1.0,1,True,Optimization terminated successfully
sensor_log,0.05,31,pyGAM,0.010723938921956484,0.0,0.07682884600944817,0.008818224945571274,1.0,2,True,
sensor_log,0.05,32,MonotoneLSPIA,0.011446888464876629,0.0,0.006228537007700652,0.006228537007700652,,50,True,
sensor_log,0.05,32,Penalized monotone B-spline,0.008083231362372812,0.0,0.033817728981375694,0.00041128002339974046,1.0,1,True,Optimization terminated successfully
sensor_log,0.05,32,pyGAM,0.009228640067080627,0.0,0.07771548704477027,0.008916306018363684,1.0,3,True,
sensor_log,0.05,33,MonotoneLSPIA,0.014282376651965537,0.0,0.0055168839753605425,0.0055168839753605425,,44,True,
sensor_log,0.05,33,Penalized monotone B-spline,0.010477476043557152,0.0,0.030332691967487335,0.00041546201100572944,1.0,1,True,Optimization terminated successfully
sensor_log,0.05,33,pyGAM,0.009009729615985559,0.0,0.07160314999055117,0.008669059025123715,1.0,2,True,
sensor_log,0.05,34,MonotoneLSPIA,0.01923562644502973,0.0,0.005509164009708911,0.005509164009708911,,44,True,
sensor_log,0.05,34,Penalized monotone B-spline,0.01668676821677445,0.0,0.022323830984532833,0.00039654801366850734,1.0,1,True,Optimization terminated successfully
sensor_log,0.05,34,pyGAM,0.01311196668285845,0.0,0.06980344298062846,0.008757853007409722,1.0,2,True,
sensor_log,0.05,35,MonotoneLSPIA,0.014169928455428273,0.0,0.008230015984736383,0.008230015984736383,,54,True,
sensor_log,0.05,35,Penalized monotone B-spline,0.009581198856957325,0.0,0.031571002036798745,0.0004056100151501596,1.0,1,True,Optimization terminated successfully
sensor_log,0.05,35,pyGAM,0.00805255991943192,0.0,0.08015765598975122,0.008500616007950157,1.0,2,True,
sensor_log,0.05,36,MonotoneLSPIA,0.012501104555818696,0.0,0.006209963001310825,0.006209963001310825,,50,True,
sensor_log,0.05,36,Penalized monotone B-spline,0.008568604091725971,0.0,0.033035097003448755,0.00080757902469486,1.0,1,True,Optimization terminated successfully
sensor_log,0.05,36,pyGAM,0.011638595975191224,0.0,1.8057621879852377,0.01335225795628503,10.0,2,True,did not converge
sensor_log,0.05,37,MonotoneLSPIA,0.017189012486708847,0.0,0.007907180988695472,0.007907180988695472,,43,True,
sensor_log,0.05,37,Penalized monotone B-spline,0.014266439559863594,0.0,0.042457775969523937,0.0005343870143406093,1.0,1,True,Optimization terminated successfully
sensor_log,0.05,37,pyGAM,0.01375278315151732,0.0,0.09866884996881709,0.00974976597353816,10.0,2,True,
sensor_log,0.05,38,MonotoneLSPIA,0.011817396031726093,0.0,0.01040521397953853,0.01040521397953853,,57,True,
sensor_log,0.05,38,Penalized monotone B-spline,0.008432832774003866,0.0,0.026658642978873104,0.0004377259756438434,1.0,1,True,Optimization terminated successfully
sensor_log,0.05,38,pyGAM,0.00956009386809626,0.0,0.07787236402509734,0.009208125993609428,10.0,2,True,
sensor_log,0.05,39,MonotoneLSPIA,0.013840111324229494,0.0,0.006728382024448365,0.006728382024448365,,53,True,
sensor_log,0.05,39,Penalized monotone B-spline,0.011681481648905735,0.0,0.025692361989058554,0.00041671498911455274,1.0,1,True,Optimization terminated successfully
sensor_log,0.05,39,pyGAM,0.009018510266469769,0.0,0.06594488903647289,0.00882120500318706,1.0,2,True,
sensor_log,0.05,40,MonotoneLSPIA,0.009368870750682613,0.0,0.007034131966065615,0.007034131966065615,,58,True,
sensor_log,0.05,40,Penalized monotone B-spline,0.007359997997878539,0.0,0.0324668109533377,0.0005714360158890486,1.0,1,True,Optimization terminated successfully
sensor_log,0.05,40,pyGAM,0.011888481393881847,0.0,0.0920905849779956,0.00943308399291709,10.0,2,True,
sensor_log,0.05,41,MonotoneLSPIA,0.011912956141268917,0.0,0.006903821951709688,0.006903821951709688,,49,True,
sensor_log,0.05,41,Penalized monotone B-spline,0.00849725922631057,0.0,0.03449052496580407,0.0004257669788785279,1.0,1,True,Optimization terminated successfully
sensor_log,0.05,41,pyGAM,0.011271388984608166,0.0,0.0796635759761557,0.008716259035281837,10.0,2,True,
sensor_log,0.05,42,MonotoneLSPIA,0.016245722272755222,0.0,0.006763915007468313,0.006763915007468313,,51,True,
sensor_log,0.05,42,Penalized monotone B-spline,0.01323425711747286,0.0,0.031173147028312087,0.0007486959802918136,1.0,1,True,Optimization terminated successfully
sensor_log,0.05,42,pyGAM,0.011567705127462729,0.0,0.08299443399300799,0.00884934701025486,1.0,2,True,
sensor_log,0.05,43,MonotoneLSPIA,0.01561425247765581,0.0,0.005496781028341502,0.005496781028341502,,44,True,
sensor_log,0.05,43,Penalized monotone B-spline,0.01132086459701361,0.0,0.030344227969180793,0.0004060810315422714,1.0,1,True,Optimization terminated successfully
sensor_log,0.05,43,pyGAM,0.010862040467936544,0.0,0.07962073100497946,0.009592882008291781,1.0,2,True,
sensor_log,0.05,44,MonotoneLSPIA,0.011774342833009451,0.0,0.009285348001867533,0.009285348001867533,,57,True,
sensor_log,0.05,44,Penalized monotone B-spline,0.00851553100578153,0.0,0.0414994049933739,0.0008301709895022213,1.0,1,True,Optimization terminated successfully
sensor_log,0.05,44,pyGAM,0.012278420554516058,0.0,0.08099461602978408,0.010397022007964551,10.0,2,True,
sensor_log,0.05,45,MonotoneLSPIA,0.012892369295374097,0.0,0.007602336991112679,0.007602336991112679,,61,True,
sensor_log,0.05,45,Penalized monotone B-spline,0.010477431911108856,0.0,0.04038979101460427,0.00041785096982493997,1.0,1,True,Optimization terminated successfully
sensor_log,0.05,45,pyGAM,0.014078499346796456,0.0,0.09436319902306423,0.011205225018784404,10.0,2,True,
sensor_log,0.05,46,MonotoneLSPIA,0.01477475357686081,0.0,0.006526890036184341,0.006526890036184341,,38,True,
sensor_log,0.05,46,Penalized monotone B-spline,0.011565764746641298,0.0,0.030966249003540725,0.00044611498015001416,1.0,1,True,Optimization terminated successfully
sensor_log,0.05,46,pyGAM,0.011398700421279816,0.0,0.0832255280110985,0.009136101987678558,1.0,2,True,
sensor_log,0.05,47,MonotoneLSPIA,0.012513412325376765,0.0,0.004460600030142814,0.004460600030142814,,30,True,
sensor_log,0.05,47,Penalized monotone B-spline,0.007804229912030288,0.0,0.026952232990879565,0.0004411489935591817,1.0,1,True,Optimization terminated successfully
sensor_log,0.05,47,pyGAM,0.009888081497804681,0.0,0.0762444760184735,0.008936512982472777,10.0,2,True,
sensor_log,0.05,48,MonotoneLSPIA,0.011136778970757,0.0,0.006780323979910463,0.006780323979910463,,54,True,
sensor_log,0.05,48,Penalized monotone B-spline,0.007768349928489786,0.0,0.031883111980278045,0.00040916999569162726,1.0,1,True,Optimization terminated successfully
sensor_log,0.05,48,pyGAM,0.005368555762718004,0.0,0.07666010997490957,0.008609972021076828,1.0,2,True,
sensor_log,0.05,49,MonotoneLSPIA,0.015048644392568934,0.0,0.006313682009931654,0.006313682009931654,,50,True,
sensor_log,0.05,49,Penalized monotone B-spline,0.008730056802591988,0.0,0.035885059973225,0.0003964930074289441,1.0,1,True,Optimization terminated successfully
sensor_log,0.05,49,pyGAM,0.009719626486678424,0.0,0.08831900398945436,0.010557121015153825,1.0,3,True,
sensor_log,0.05,50,MonotoneLSPIA,0.01285500897218825,0.0,0.007321871002204716,0.007321871002204716,,55,True,
sensor_log,0.05,50,Penalized monotone B-spline,0.010691578958375046,0.0,0.03987263498129323,0.0014584450400434434,1.0,8,True,Optimization terminated successfully
sensor_log,0.05,50,pyGAM,0.013985998283351949,0.0,0.08567574201151729,0.009818003047257662,10.0,2,True,
sensor_log,0.05,51,MonotoneLSPIA,0.01248642602458446,0.0,0.007025435043033212,0.007025435043033212,,58,True,
sensor_log,0.05,51,Penalized monotone B-spline,0.00962321073406867,0.0,0.019523213035427034,0.00041461398359388113,1.0,1,True,Optimization terminated successfully
sensor_log,0.05,51,pyGAM,0.010428585234403803,0.0,0.07035560300573707,0.009043789992574602,1.0,2,True,
sensor_log,0.05,52,MonotoneLSPIA,0.018955085259711017,0.0,0.005676240019965917,0.005676240019965917,,42,True,
sensor_log,0.05,52,Penalized monotone B-spline,0.018947709950609692,0.0,0.03923539299285039,0.001780532009433955,1e-08,10,True,Optimization terminated successfully
sensor_log,0.05,52,pyGAM,0.019168095340230822,0.0,0.10493416804820299,0.020630530023481697,0.001,4,True,
sensor_log,0.05,53,MonotoneLSPIA,0.015798050394336356,0.0,0.0059478519833646715,0.0059478519833646715,,36,True,
sensor_log,0.05,53,Penalized monotone B-spline,0.013240150562180017,0.0,0.0410353250335902,0.0005159780266694725,1.0,1,True,Optimization terminated successfully
sensor_log,0.05,53,pyGAM,0.011737670012838522,0.0,0.09610970300855115,0.011114799999631941,1.0,2,True,
sensor_log,0.05,54,MonotoneLSPIA,0.010234913963116994,0.0,0.007695318025071174,0.007695318025071174,,52,True,
sensor_log,0.05,54,Penalized monotone B-spline,0.007159937869708091,0.0,0.026106495992280543,0.0004378469893708825,1.0,1,True,Optimization terminated successfully
sensor_log,0.05,54,pyGAM,0.006428043358631591,0.0,0.07918676402186975,0.010485680017154664,1.0,2,True,
sensor_log,0.05,55,MonotoneLSPIA,0.01110099739093772,0.0,0.005677187000401318,0.005677187000401318,,35,True,
sensor_log,0.05,55,Penalized monotone B-spline,0.00947522864902822,0.0,0.035677094012498856,0.0005260439938865602,1.0,1,True,Optimization terminated successfully
sensor_log,0.05,55,pyGAM,0.013226447415906848,0.0,0.0908246019971557,0.010533264023251832,10.0,2,True,
sensor_log,0.05,56,MonotoneLSPIA,0.01402415715803785,0.0,0.006757355004083365,0.006757355004083365,,42,True,
sensor_log,0.05,56,Penalized monotone B-spline,0.008517101462916473,0.0,0.02658608800265938,0.0005020590033382177,1.0,1,True,Optimization terminated successfully
sensor_log,0.05,56,pyGAM,0.011211852813940978,0.0,0.09293618699302897,0.011597239994443953,10.0,2,True,
sensor_log,0.05,57,MonotoneLSPIA,0.022027876608496276,0.0,0.008357701008208096,0.008357701008208096,,54,True,
sensor_log,0.05,57,Penalized monotone B-spline,0.01989915456010724,0.0,0.037648818048182875,0.0004960300284437835,1.0,1,True,Optimization terminated successfully
sensor_log,0.05,57,pyGAM,0.01958260360344899,0.0,0.08552951301680878,0.009482859051786363,1.0,2,True,
sensor_log,0.05,58,MonotoneLSPIA,0.009619103786669818,0.0,0.004402437014505267,0.004402437014505267,,32,True,
sensor_log,0.05,58,Penalized monotone B-spline,0.009277660557250086,0.0,0.035277403017971665,0.0005075990338809788,1.0,1,True,Optimization terminated successfully
sensor_log,0.05,58,pyGAM,0.012335007506586332,0.0,0.11175408703275025,0.011243565008044243,10.0,2,True,
sensor_log,0.05,59,MonotoneLSPIA,0.01445399363570274,0.0,0.019402600009925663,0.019402600009925663,,44,True,
sensor_log,0.05,59,Penalized monotone B-spline,0.008937042131235315,0.0,0.06416584795806557,0.0005701670306734741,1.0,1,True,Optimization terminated successfully
sensor_log,0.05,59,pyGAM,0.011042865945654502,0.0,0.10678665700834244,0.01176369102904573,0.1,3,True,
sensor_log,0.05,60,MonotoneLSPIA,0.01624603298247619,0.0,0.0075231079827062786,0.0075231079827062786,,46,True,
sensor_log,0.05,60,Penalized monotone B-spline,0.016275334123407786,0.0,0.04216121701756492,0.0022002850309945643,0.0001,15,True,Optimization terminated successfully
sensor_log,0.05,60,pyGAM,0.013563617029521541,0.0,0.09745277196634561,0.011856683006044477,10.0,2,True,
sensor_log,0.05,61,MonotoneLSPIA,0.012881453650409954,0.0,0.008211345004383475,0.008211345004383475,,55,True,
sensor_log,0.05,61,Penalized monotone B-spline,0.006790752110229179,0.0,0.03940235200570896,0.0005011180182918906,1.0,1,True,Optimization terminated successfully
sensor_log,0.05,61,pyGAM,0.007962188509112565,0.0,0.08674642402911559,0.010324907023459673,1.0,2,True,
sensor_log,0.05,62,MonotoneLSPIA,0.016574085854412127,0.0,0.0050632680067792535,0.0050632680067792535,,33,True,
sensor_log,0.05,62,Penalized monotone B-spline,0.012560035986202964,0.0,0.03328707301989198,0.0004182240227237344,1.0,1,True,Optimization terminated successfully
sensor_log,0.05,62,pyGAM,0.015164451039376683,0.0,0.09952386701479554,0.011322044010739774,10.0,2,True,
sensor_log,0.05,63,MonotoneLSPIA,0.005749444635939571,0.0,0.007031307963188738,0.007031307963188738,,45,True,
sensor_log,0.05,63,Penalized monotone B-spline,0.0048074174013966655,0.0,0.03890106099424884,0.0005108299665153027,1.0,1,True,Optimization terminated successfully
sensor_log,0.05,63,pyGAM,0.004119546171965947,0.0,0.09682045900262892,0.011988504964392632,1.0,3,True,
sensor_log,0.05,64,MonotoneLSPIA,0.01587603255937944,0.0,0.009424802963621914,0.009424802963621914,,52,True,
sensor_log,0.05,64,Penalized monotone B-spline,0.013375413281483707,0.0,0.04485896899132058,0.0007014689617790282,1.0,1,True,Optimization terminated successfully
sensor_log,0.05,64,pyGAM,0.01431276001753039,0.0,0.10389942501205951,0.011847519024740905,10.0,2,True,
sensor_log,0.05,65,MonotoneLSPIA,0.012543871985382817,0.0,0.008377488004043698,0.008377488004043698,,53,True,
sensor_log,0.05,65,Penalized monotone B-spline,0.012167236632141695,0.0,0.04384773800848052,0.001810693007428199,0.01,13,True,Optimization terminated successfully
sensor_log,0.05,65,pyGAM,0.011681693977412495,0.0,0.0999939069733955,0.015683045028708875,0.1,2,True,
sensor_log,0.05,66,MonotoneLSPIA,0.014173169836794489,0.0,0.008686401008162647,0.008686401008162647,,53,True,
sensor_log,0.05,66,Penalized monotone B-spline,0.01098382336263403,0.0,0.045611633046064526,0.0019365399493835866,1.0,9,True,Optimization terminated successfully
sensor_log,0.05,66,pyGAM,0.012254107985008842,0.0,0.09230273601133376,0.014253025990910828,0.1,2,True,
sensor_log,0.05,67,MonotoneLSPIA,0.01186098280710591,0.0,0.007696811982896179,0.007696811982896179,,54,True,
sensor_log,0.05,67,Penalized monotone B-spline,0.009841660499541195,0.0,0.04212680604541674,0.001398286025505513,1.0,8,True,Optimization terminated successfully
sensor_log,0.05,67,pyGAM,0.010385008105494812,0.0,0.0905048829736188,0.009897520998492837,1.0,3,True,
sensor_log,0.05,68,MonotoneLSPIA,0.016838871895323525,0.0,0.008807721023913473,0.008807721023913473,,56,True,
sensor_log,0.05,68,Penalized monotone B-spline,0.012534234374610502,0.0,0.034801242989487946,0.0004510610015131533,1.0,1,True,Optimization terminated successfully
sensor_log,0.05,68,pyGAM,0.015014589487734037,0.0,0.08437700697686523,0.011010178015567362,10.0,2,True,
sensor_log,0.05,69,MonotoneLSPIA,0.008816256849241127,0.0,0.0060566270258277655,0.0060566270258277655,,44,True,
sensor_log,0.05,69,Penalized monotone B-spline,0.00461584513070192,0.0,0.032940385048277676,0.00044591701589524746,1.0,1,True,Optimization terminated successfully
sensor_log,0.05,69,pyGAM,0.009930972998367099,0.0,0.08945513097569346,0.00934950599912554,10.0,2,True,
sensor_log,0.05,70,MonotoneLSPIA,0.009809282942756351,0.0,0.008070839976426214,0.008070839976426214,,57,True,
sensor_log,0.05,70,Penalized monotone B-spline,0.007134940352891949,0.0,0.03604237799299881,0.0004301730077713728,1.0,1,True,Optimization terminated successfully
sensor_log,0.05,70,pyGAM,0.010746100214701156,0.0,0.07824289897689596,0.009645059995818883,10.0,2,True,
sensor_log,0.05,71,MonotoneLSPIA,0.015980528497578285,0.0,0.006042928958777338,0.006042928958777338,,48,True,
sensor_log,0.05,71,Penalized monotone B-spline,0.009072670442950405,0.0,0.03388534497935325,0.00043538998579606414,1.0,1,True,Optimization terminated successfully
sensor_log,0.05,71,pyGAM,0.006805092860245089,0.0,0.08355279703391716,0.010936698003206402,1.0,2,True,
sensor_log,0.05,72,MonotoneLSPIA,0.017622400931968117,0.0,0.00762359396321699,0.00762359396321699,,52,True,
sensor_log,0.05,72,Penalized monotone B-spline,0.01762993986017638,0.0,0.033133394026663154,0.0015656269970349967,1e-08,10,True,Optimization terminated successfully
sensor_log,0.05,72,pyGAM,0.015639790302062345,0.0,0.09480621997499838,0.010867562028579414,10.0,2,True,
sensor_log,0.05,73,MonotoneLSPIA,0.0074203465328646035,0.0,0.007315030030440539,0.007315030030440539,,46,True,
sensor_log,0.05,73,Penalized monotone B-spline,0.005933455973971789,0.0,0.032709760998841375,0.0004991579917259514,1.0,1,True,Optimization terminated successfully
sensor_log,0.05,73,pyGAM,0.009687273199718039,0.0,0.09396427898900583,0.010276917018927634,10.0,2,True,
sensor_log,0.05,74,MonotoneLSPIA,0.01500302632247506,0.0,0.0068669350002892315,0.0068669350002892315,,52,True,
sensor_log,0.05,74,Penalized monotone B-spline,0.01225434928610167,0.0,0.02449817699380219,0.0005120450514368713,1.0,1,True,Optimization terminated successfully
sensor_log,0.05,74,pyGAM,0.00929797443075628,0.0,0.07949306699447334,0.009610729990527034,1.0,2,True,
sensor_log,0.05,75,MonotoneLSPIA,0.01273766258688355,0.0,0.003321073018014431,0.003321073018014431,,22,True,
sensor_log,0.05,75,Penalized monotone B-spline,0.011593343784648226,0.0,0.02679101302055642,0.0004192920168861747,1.0,1,True,Optimization terminated successfully
sensor_log,0.05,75,pyGAM,0.014890912816090209,0.0,0.08265993202803656,0.009533044009003788,10.0,2,True,
sensor_log,0.05,76,MonotoneLSPIA,0.011024735248209884,0.0,0.006589029042515904,0.006589029042515904,,48,True,
sensor_log,0.05,76,Penalized monotone B-spline,0.009179979352361966,0.0,0.03501911700004712,0.00042672501876950264,1.0,1,True,Optimization terminated successfully
sensor_log,0.05,76,pyGAM,0.008090743073720687,0.0,1.9620115470024757,0.011106994992587715,1.0,2,True,did not converge
sensor_log,0.05,77,MonotoneLSPIA,0.012669915087555106,0.0,0.0072537309606559575,0.0072537309606559575,,49,True,
sensor_log,0.05,77,Penalized monotone B-spline,0.009089284178761023,0.0,0.03745912597514689,0.0005127860349602997,1.0,1,True,Optimization terminated successfully
sensor_log,0.05,77,pyGAM,0.011131811813892964,0.0,0.10484620899660513,0.011311121983453631,10.0,2,True,
sensor_log,0.05,78,MonotoneLSPIA,0.01133338268390959,0.0,0.007804258028045297,0.007804258028045297,,48,True,
sensor_log,0.05,78,Penalized monotone B-spline,0.009469164587952049,0.0,0.03974571800790727,0.0005596920382231474,1.0,1,True,Optimization terminated successfully
sensor_log,0.05,78,pyGAM,0.010015595927712726,0.0,0.08337321295402944,0.00981062202481553,1.0,3,True,
sensor_log,0.05,79,MonotoneLSPIA,0.017815264309382323,0.0,0.005822355975396931,0.005822355975396931,,44,True,
sensor_log,0.05,79,Penalized monotone B-spline,0.014911441178512114,0.0,0.026626609032973647,0.0004253119695931673,1.0,1,True,Optimization terminated successfully
sensor_log,0.05,79,pyGAM,0.014818241454460312,0.0,0.07818556297570467,0.00907829898642376,1.0,2,True,
sensor_log,0.05,80,MonotoneLSPIA,0.014285358072884958,0.0,0.006610739044845104,0.006610739044845104,,46,True,
sensor_log,0.05,80,Penalized monotone B-spline,0.012313996230692075,0.0,0.04368335602339357,0.0011037240037694573,1.0,1,True,Optimization terminated successfully
sensor_log,0.05,80,pyGAM,0.014629994013350215,0.0,0.17230082000605762,0.012839544040616602,10.0,2,True,
sensor_log,0.05,81,MonotoneLSPIA,0.018429193467919536,0.0,0.0058275380288250744,0.0058275380288250744,,36,True,
sensor_log,0.05,81,Penalized monotone B-spline,0.013604758569082024,0.0,0.04654911201214418,0.000594708020798862,1.0,1,True,Optimization terminated successfully
sensor_log,0.05,81,pyGAM,0.014577545079236654,0.0,0.09767366596497595,0.011849096044898033,1.0,2,True,
sensor_log,0.05,82,MonotoneLSPIA,0.010210552966239494,0.0,0.008551517967134714,0.008551517967134714,,57,True,
sensor_log,0.05,82,Penalized monotone B-spline,0.007319313449586414,0.0,0.03338777198223397,0.0007460599881596863,1.0,1,True,Optimization terminated successfully
sensor_log,0.05,82,pyGAM,0.005825329613620208,0.0,0.08577141200657934,0.01075060898438096,1.0,2,True,
sensor_log,0.05,83,MonotoneLSPIA,0.011263837934046922,0.0,0.007095225038938224,0.007095225038938224,,45,True,
sensor_log,0.05,83,Penalized monotone B-spline,0.009893374527553409,0.0,0.03238571202382445,0.0005252790288068354,1.0,1,True,Optimization terminated successfully
sensor_log,0.05,83,pyGAM,0.008968725056464224,0.0,0.09234804596053436,0.011605695995967835,1.0,2,True,
sensor_log,0.05,84,MonotoneLSPIA,0.011522608860280089,0.0,0.007239082013256848,0.007239082013256848,,45,True,
sensor_log,0.05,84,Penalized monotone B-spline,0.007810760967101732,0.0,0.03609632502775639,0.0005203339969739318,1.0,1,True,Optimization terminated successfully
sensor_log,0.05,84,pyGAM,0.011611735705723892,0.0,0.08503845304949209,0.011334871989674866,10.0,2,True,
sensor_log,0.05,85,MonotoneLSPIA,0.015437763385353308,0.0,0.008244675991591066,0.008244675991591066,,52,True,
sensor_log,0.05,85,Penalized monotone B-spline,0.012504787302698816,0.0,0.04772414203034714,0.0015127139631658792,1.0,8,True,Optimization terminated successfully
sensor_log,0.05,85,pyGAM,0.014087649247675377,0.0,0.1121515819686465,0.011192428995855153,10.0,2,True,
sensor_log,0.05,86,MonotoneLSPIA,0.01450771450299245,0.0,0.007843706000130624,0.007843706000130624,,51,True,
sensor_log,0.05,86,Penalized monotone B-spline,0.014076348927280494,0.0,0.03687132697086781,0.0004477109760046005,1.0,1,True,Optimization terminated successfully
sensor_log,0.05,86,pyGAM,0.013698171742785327,0.0,0.08271979098208249,0.009570643946062773,1.0,2,True,
sensor_log,0.05,87,MonotoneLSPIA,0.010722606902946616,0.0,0.007837179000489414,0.007837179000489414,,54,True,
sensor_log,0.05,87,Penalized monotone B-spline,0.008424245115291143,0.0,0.03622895199805498,0.0004361380124464631,1.0,1,True,Optimization terminated successfully
sensor_log,0.05,87,pyGAM,0.011286391895101161,0.0,0.0808544610044919,0.00876064004842192,10.0,2,True,
sensor_log,0.05,88,MonotoneLSPIA,0.011966619334853365,0.0,0.007330365013331175,0.007330365013331175,,63,True,
sensor_log,0.05,88,Penalized monotone B-spline,0.008752812954048882,0.0,0.02520680002635345,0.0004143580445088446,1.0,1,True,Optimization terminated successfully
sensor_log,0.05,88,pyGAM,0.011894413401612867,0.0,0.0724067140254192,0.008331616001669317,10.0,2,True,
sensor_log,0.05,89,MonotoneLSPIA,0.007613071024558896,0.0,0.007368211983703077,0.007368211983703077,,51,True,
sensor_log,0.05,89,Penalized monotone B-spline,0.005413581869985198,0.0,0.025370484974700958,0.00040563999209553003,1.0,1,True,Optimization terminated successfully
sensor_log,0.05,89,pyGAM,0.006005676897554973,0.0,0.0765409329906106,0.00867225299589336,1.0,2,True,
sensor_log,0.05,90,MonotoneLSPIA,0.01935974177888925,0.0,0.007089624006766826,0.007089624006766826,,54,True,
sensor_log,0.05,90,Penalized monotone B-spline,0.014450848089528859,0.0,0.03644843399524689,0.0005461549735628068,1.0,1,True,Optimization terminated successfully
sensor_log,0.05,90,pyGAM,0.013944802013841148,0.0,0.09112696896772832,0.009516945981886238,1.0,2,True,
sensor_log,0.05,91,MonotoneLSPIA,0.01217976506542957,0.0,0.0057695560390129685,0.0057695560390129685,,42,True,
sensor_log,0.05,91,Penalized monotone B-spline,0.009460646496411122,0.0,0.03280223603360355,0.00041794503340497613,1.0,1,True,Optimization terminated successfully
sensor_log,0.05,91,pyGAM,0.014124583357676508,0.0,0.10162659699562937,0.0102082789526321,10.0,2,True,
sensor_log,0.05,92,MonotoneLSPIA,0.017931783242257054,0.0,0.0066648589563556015,0.0066648589563556015,,49,True,
sensor_log,0.05,92,Penalized monotone B-spline,0.015499417780194995,0.0,0.03273585997521877,0.0004608539748005569,1.0,1,True,Optimization terminated successfully
sensor_log,0.05,92,pyGAM,0.017219428852112466,0.0,0.07891516300151125,0.009264529042411596,10.0,2,True,
sensor_log,0.05,93,MonotoneLSPIA,0.019433019030080205,0.0,0.006060161045752466,0.006060161045752466,,46,True,
sensor_log,0.05,93,Penalized monotone B-spline,0.015759210385728653,0.0,0.025383936008438468,0.00041300302837044,1.0,1,True,Optimization terminated successfully
sensor_log,0.05,93,pyGAM,0.01761516046298686,0.0,0.07325453602243215,0.009543525986373425,10.0,2,True,
sensor_log,0.05,94,MonotoneLSPIA,0.007884831216774113,0.0,0.007335675007198006,0.007335675007198006,,39,True,
sensor_log,0.05,94,Penalized monotone B-spline,0.007016118004176493,0.0,0.03685856703668833,0.0012770909816026688,1.0,8,True,Optimization terminated successfully
sensor_log,0.05,94,pyGAM,0.006075409944204323,0.0,0.07741778204217553,0.009083369979634881,1.0,3,True,
sensor_log,0.05,95,MonotoneLSPIA,0.012969502852797176,0.0,0.0061052810051478446,0.0061052810051478446,,47,True,
sensor_log,0.05,95,Penalized monotone B-spline,0.013002539326188969,0.0,0.03367441502632573,0.001607162004802376,1e-08,11,True,Optimization terminated successfully
sensor_log,0.05,95,pyGAM,0.009011913663451694,0.0,0.07935164700029418,0.00895568705163896,1.0,3,True,
sensor_log,0.05,96,MonotoneLSPIA,0.013764226751696295,0.0,0.006217749963980168,0.006217749963980168,,46,True,
sensor_log,0.05,96,Penalized monotone B-spline,0.011480244873434681,0.0,0.030646254948806018,0.0004076699842698872,1.0,1,True,Optimization terminated successfully
sensor_log,0.05,96,pyGAM,0.01370575332538227,0.0,0.07275975198717788,0.008863149967510253,10.0,2,True,
sensor_log,0.05,97,MonotoneLSPIA,0.012187265453406444,0.0,0.00520836201030761,0.00520836201030761,,41,True,
sensor_log,0.05,97,Penalized monotone B-spline,0.01097418502897638,0.0,0.025740265962667763,0.0003884969628416002,1.0,1,True,Optimization terminated successfully
sensor_log,0.05,97,pyGAM,0.010619703146554473,0.0,0.07044896297156811,0.01060798397520557,1.0,2,True,
sensor_log,0.05,98,MonotoneLSPIA,0.012105317110688602,0.0,0.00613530701957643,0.00613530701957643,,45,True,
sensor_log,0.05,98,Penalized monotone B-spline,0.008636639340979439,0.0,0.031342549016699195,0.0006941839819774032,1.0,1,True,Optimization terminated successfully
sensor_log,0.05,98,pyGAM,0.013138551550611487,0.0,1.6938689679955132,0.008443000027909875,10.0,2,True,did not converge
sensor_log,0.05,99,MonotoneLSPIA,0.00995815709723915,0.0,0.006486293976195157,0.006486293976195157,,51,True,
sensor_log,0.05,99,Penalized monotone B-spline,0.007154880698519013,0.0,0.03340036695590243,0.000398616015445441,1.0,1,True,Optimization terminated successfully
sensor_log,0.05,99,pyGAM,0.007534121118654651,0.0,0.08081534196389839,0.01007686898810789,1.0,3,True,
sensor_log,0.05,100,MonotoneLSPIA,0.015983085261534635,0.0,0.00532624899642542,0.00532624899642542,,41,True,
sensor_log,0.05,100,Penalized monotone B-spline,0.015866193810029537,0.0,0.035313579021021724,0.0015945830382406712,0.01,12,True,Optimization terminated successfully
sensor_log,0.05,100,pyGAM,0.015812587126647574,0.0,0.07041320600546896,0.012007008015643805,0.01,2,True,
sensor_log,0.1,1,MonotoneLSPIA,0.02813267269608371,0.0,0.009275630989577621,0.009275630989577621,,51,True,
sensor_log,0.1,1,Penalized monotone B-spline,0.025334927770787274,0.0,0.03459430095972493,0.0005710169789381325,100.0,1,True,Optimization terminated successfully
sensor_log,0.1,1,pyGAM,0.02221810192095002,0.0,0.08171428699279204,0.008676774043124169,10.0,2,True,
sensor_log,0.1,2,MonotoneLSPIA,0.018263659291852436,0.0,0.0062162449466995895,0.0062162449466995895,,43,True,
sensor_log,0.1,2,Penalized monotone B-spline,0.01192858343160215,0.0,0.030115608009509742,0.0004158749943599105,1.0,1,True,Optimization terminated successfully
sensor_log,0.1,2,pyGAM,0.012357376507724121,0.0,0.08319364703493193,0.008693456999026239,10.0,2,True,
sensor_log,0.1,3,MonotoneLSPIA,0.01649047239408575,0.0,0.005004108999855816,0.005004108999855816,,39,True,
sensor_log,0.1,3,Penalized monotone B-spline,0.016501265176900985,0.0,0.032818017003592104,0.0015684679965488613,1e-08,12,True,Optimization terminated successfully
sensor_log,0.1,3,pyGAM,0.014459768465192754,0.0,0.07876194000709802,0.009116267028730363,10.0,2,True,
sensor_log,0.1,4,MonotoneLSPIA,0.03253179606271483,0.0,0.006891886005178094,0.006891886005178094,,57,True,
sensor_log,0.1,4,Penalized monotone B-spline,0.02189217405913894,0.0,0.03744114999426529,0.0015299830120056868,1.0,8,True,Optimization terminated successfully
sensor_log,0.1,4,pyGAM,0.017876830837164945,0.0,0.08386735600652173,0.009096017049159855,10.0,2,True,
sensor_log,0.1,5,MonotoneLSPIA,0.023862572414050914,0.0,0.007105042051989585,0.007105042051989585,,53,True,
sensor_log,0.1,5,Penalized monotone B-spline,0.020546313288162994,0.0,0.03433011000743136,0.0004766049678437412,1.0,1,True,Optimization terminated successfully
sensor_log,0.1,5,pyGAM,0.02048999238572522,0.0,0.07918486901326105,0.008784589997958392,10.0,2,True,
sensor_log,0.1,6,MonotoneLSPIA,0.034921773391271824,0.0,0.0035342120099812746,0.0035342120099812746,,25,True,
sensor_log,0.1,6,Penalized monotone B-spline,0.03074473780694443,0.0,0.032492186001036316,0.00040616001933813095,1.0,1,True,Optimization terminated successfully
sensor_log,0.1,6,pyGAM,0.03147280962340882,0.0,0.07528559700585902,0.008997463970445096,10.0,2,True,
sensor_log,0.1,7,MonotoneLSPIA,0.026573696231263603,0.0,0.006676846009213477,0.006676846009213477,,39,True,
sensor_log,0.1,7,Penalized monotone B-spline,0.02326341249104792,0.0,0.03163319401210174,0.0004009399563074112,100.0,1,True,Optimization terminated successfully
sensor_log,0.1,7,pyGAM,0.017367385120265692,0.0,0.08381392399314791,0.008842043986078352,10.0,2,True,
sensor_log,0.1,8,MonotoneLSPIA,0.02859057572718238,0.0,0.006657542020548135,0.006657542020548135,,48,True,
sensor_log,0.1,8,Penalized monotone B-spline,0.018352321365936536,0.0,0.03879678499652073,0.0013896399759687483,1.0,9,True,Optimization terminated successfully
sensor_log,0.1,8,pyGAM,0.020147083433454633,0.0,0.08943952800473198,0.008835241023916751,10.0,2,True,
sensor_log,0.1,9,MonotoneLSPIA,0.023623269203127677,0.0,0.005874612019397318,0.005874612019397318,,46,True,
sensor_log,0.1,9,Penalized monotone B-spline,0.0198764872684982,0.0,0.03024755499791354,0.00043243501568213105,1.0,1,True,Optimization terminated successfully
sensor_log,0.1,9,pyGAM,0.021610076188524768,0.0,0.0771585390320979,0.01012535096378997,10.0,2,True,
sensor_log,0.1,10,MonotoneLSPIA,0.022127993445608743,0.0,0.007246539986226708,0.007246539986226708,,58,True,
sensor_log,0.1,10,Penalized monotone B-spline,0.02093064216454235,0.0,0.03828161902492866,0.00039819901576265693,100.0,1,True,Optimization terminated successfully
sensor_log,0.1,10,pyGAM,0.014420644295737412,0.0,0.08322723704623058,0.009406732977367938,10.0,2,True,
sensor_log,0.1,11,MonotoneLSPIA,0.024943877869193123,0.0,0.006495837995316833,0.006495837995316833,,52,True,
sensor_log,0.1,11,Penalized monotone B-spline,0.023572328713573863,0.0,0.025613618025090545,0.0004107169806957245,1.0,1,True,Optimization terminated successfully
sensor_log,0.1,11,pyGAM,0.016178775639022473,0.0,0.08075403299881145,0.008527327969204634,10.0,2,True,
sensor_log,0.1,12,MonotoneLSPIA,0.016800344516279722,0.0,0.0061017629923298955,0.0061017629923298955,,47,True,
sensor_log,0.1,12,Penalized monotone B-spline,0.014084814606871955,0.0,0.03263105102814734,0.0003824940067715943,100.0,1,True,Optimization terminated successfully
sensor_log,0.1,12,pyGAM,0.012705673715029129,0.0,0.08010326197836548,0.008799576957244426,10.0,2,True,
sensor_log,0.1,13,MonotoneLSPIA,0.02869617944864322,0.0,0.006397129036486149,0.006397129036486149,,54,True,
sensor_log,0.1,13,Penalized monotone B-spline,0.020578564458632254,0.0,0.03093322302447632,0.00042390398448333144,100.0,1,True,Optimization terminated successfully
sensor_log,0.1,13,pyGAM,0.016435498576105427,0.0,0.08006368100177497,0.008283920004032552,10.0,2,True,
sensor_log,0.1,14,MonotoneLSPIA,0.028031866329616944,0.0,0.005180344975087792,0.005180344975087792,,41,True,
sensor_log,0.1,14,Penalized monotone B-spline,0.029108071361580997,0.0,0.03111587296007201,0.0003820160054601729,100.0,1,True,Optimization terminated successfully
sensor_log,0.1,14,pyGAM,0.020821453668226814,0.0,0.07812885398743674,0.0095208510174416,10.0,2,True,
sensor_log,0.1,15,MonotoneLSPIA,0.02002152190818162,0.0,0.007922397984657437,0.007922397984657437,,62,True,
sensor_log,0.1,15,Penalized monotone B-spline,0.009315849458309749,0.0,0.03560383099829778,0.000391405017580837,100.0,1,True,Optimization terminated successfully
sensor_log,0.1,15,pyGAM,0.013871026661452032,0.0,0.07973514997866005,0.008821357972919941,10.0,2,True,
sensor_log,0.1,16,MonotoneLSPIA,0.02283606582592749,0.0,0.0061953270342200994,0.0061953270342200994,,49,True,
sensor_log,0.1,16,Penalized monotone B-spline,0.027689887677641765,0.0,0.030440188013017178,0.00039676896994933486,100.0,1,True,Optimization terminated successfully
sensor_log,0.1,16,pyGAM,0.02007198444958214,0.0,0.07582325302064419,0.008633748977445066,10.0,2,True,
sensor_log,0.1,17,MonotoneLSPIA,0.02861160477831724,0.0,0.005898188974242657,0.005898188974242657,,47,True,
sensor_log,0.1,17,Penalized monotone B-spline,0.03266701502623218,0.0,0.03100119502050802,0.0004056489560753107,100.0,1,True,Optimization terminated successfully
sensor_log,0.1,17,pyGAM,0.02575805849288231,0.0,0.08146303700050339,0.009640976029913872,10.0,2,True,
sensor_log,0.1,18,MonotoneLSPIA,0.02782882538793836,0.0,0.006166730017866939,0.006166730017866939,,42,True,
sensor_log,0.1,18,Penalized monotone B-spline,0.027849929514980998,0.0,0.03078400599770248,0.001916256034746766,1e-08,13,True,Optimization terminated successfully
sensor_log,0.1,18,pyGAM,0.02509773332068521,0.0,0.07576248300028965,0.011879795987624675,0.1,2,True,
sensor_log,0.1,19,MonotoneLSPIA,0.020398969714949648,0.0,0.0046787059982307255,0.0046787059982307255,,36,True,
sensor_log,0.1,19,Penalized monotone B-spline,0.018201195499212015,0.0,0.03277147898916155,0.0013499620254151523,1.0,8,True,Optimization terminated successfully
sensor_log,0.1,19,pyGAM,0.015388566052839602,0.0,0.07703739596763626,0.00890403799712658,10.0,2,True,
sensor_log,0.1,20,MonotoneLSPIA,0.03146437011407726,0.0,0.006278780987486243,0.006278780987486243,,51,True,
sensor_log,0.1,20,Penalized monotone B-spline,0.03398021434387494,0.0,0.032085918996017426,0.00042560399742797017,100.0,1,True,Optimization terminated successfully
sensor_log,0.1,20,pyGAM,0.02806164317490151,0.0,0.08222573896637186,0.008485467988066375,10.0,2,True,
sensor_log,0.1,21,MonotoneLSPIA,0.027249530619070494,0.0,0.005860550969373435,0.005860550969373435,,48,True,
sensor_log,0.1,21,Penalized monotone B-spline,0.030658455598498717,0.0,0.03170551301445812,0.00039056496461853385,100.0,1,True,Optimization terminated successfully
sensor_log,0.1,21,pyGAM,0.027030806696977314,0.0,0.07413376896874979,0.008769073989242315,10.0,2,True,
sensor_log,0.1,22,MonotoneLSPIA,0.03332954363249211,0.0,0.005947711004409939,0.005947711004409939,,48,True,
sensor_log,0.1,22,Penalized monotone B-spline,0.03333322553178102,0.0,0.03200536494841799,0.001461284002289176,1e-08,11,True,Optimization terminated successfully
sensor_log,0.1,22,pyGAM,0.0331121636233165,0.0,0.07882506103487685,0.01208684901939705,0.01,2,True,
sensor_log,0.1,23,MonotoneLSPIA,0.037669394966107286,0.0,0.0061535920249298215,0.0061535920249298215,,47,True,
sensor_log,0.1,23,Penalized monotone B-spline,0.03745351659392836,0.0,0.03290241496870294,0.0016613599727861583,0.01,13,True,Optimization terminated successfully
sensor_log,0.1,23,pyGAM,0.028013297587092843,0.0,0.07953136297874153,0.008612770994659513,10.0,2,True,
sensor_log,0.1,24,MonotoneLSPIA,0.016922733193696842,0.0,0.005325131991412491,0.005325131991412491,,42,True,
sensor_log,0.1,24,Penalized monotone B-spline,0.022243296783044143,0.0,0.031252978020347655,0.00039577001007273793,100.0,1,True,Optimization terminated successfully
sensor_log,0.1,24,pyGAM,0.015831197371738524,0.0,0.07054861501092091,0.008419898978900164,10.0,2,True,
sensor_log,0.1,25,MonotoneLSPIA,0.03419301477735975,0.0,0.007036239025183022,0.007036239025183022,,54,True,
sensor_log,0.1,25,Penalized monotone B-spline,0.02842865420962886,0.0,0.03498587798094377,0.0017547779716551304,1.0,11,True,Optimization terminated successfully
sensor_log,0.1,25,pyGAM,0.023341481668800998,0.0,0.08171897602733225,0.01231689500855282,1.0,2,True,
sensor_log,0.1,26,MonotoneLSPIA,0.025124366027338477,0.0,0.006534918036777526,0.006534918036777526,,50,True,
sensor_log,0.1,26,Penalized monotone B-spline,0.025102978723870947,0.0,0.03392438404262066,0.001559599011670798,1e-08,13,True,Optimization terminated successfully
sensor_log,0.1,26,pyGAM,0.025129695371935535,0.0,0.08371551596792415,0.014737113029696047,0.001,4,True,
sensor_log,0.1,27,MonotoneLSPIA,0.03640211608880705,0.0,0.004959887999575585,0.004959887999575585,,40,True,
sensor_log,0.1,27,Penalized monotone B-spline,0.030932984663580933,0.0,0.02830235700821504,0.0003945169737562537,1.0,1,True,Optimization terminated successfully
sensor_log,0.1,27,pyGAM,0.023388013021342476,0.0,0.08487260999390855,0.008925586997065693,10.0,2,True,
sensor_log,0.1,28,MonotoneLSPIA,0.027019508080655407,0.0,0.005399948975536972,0.005399948975536972,,44,True,
sensor_log,0.1,28,Penalized monotone B-spline,0.027022724424382454,0.0,0.03593488200567663,0.0018521040328778327,0.0001,10,True,Optimization terminated successfully
sensor_log,0.1,28,pyGAM,0.013524909778224748,0.0,0.07992990798084065,0.00843626499408856,10.0,2,True,
sensor_log,0.1,29,MonotoneLSPIA,0.018742426514439067,0.0,0.005961087008472532,0.005961087008472532,,49,True,
sensor_log,0.1,29,Penalized monotone B-spline,0.022960416449209497,0.0,0.03180562995839864,0.00037980801425874233,100.0,1,True,Optimization terminated successfully
sensor_log,0.1,29,pyGAM,0.014730392693926331,0.0,0.08005446201423183,0.008512032043654472,10.0,2,True,
sensor_log,0.1,30,MonotoneLSPIA,0.03276194048857767,0.0,0.005544262006878853,0.005544262006878853,,45,True,
sensor_log,0.1,30,Penalized monotone B-spline,0.026999005169487965,0.0,0.03721464000409469,0.0013367810170166194,1.0,9,True,Optimization terminated successfully
sensor_log,0.1,30,pyGAM,0.018554353655259745,0.0,0.08447028900263831,0.012600954971276224,1.0,3,True,
sensor_log,0.1,31,MonotoneLSPIA,0.02413058156310118,0.0,0.0070372860063798726,0.0070372860063798726,,56,True,
sensor_log,0.1,31,Penalized monotone B-spline,0.017509748925094486,0.0,0.030734755971934646,0.0003989820252172649,100.0,1,True,Optimization terminated successfully
sensor_log,0.1,31,pyGAM,0.012320991689143239,0.0,0.07008701999438927,0.008324318041559309,10.0,2,True,
sensor_log,0.1,32,MonotoneLSPIA,0.039049888541075606,0.0,0.004636356025002897,0.004636356025002897,,35,True,
sensor_log,0.1,32,Penalized monotone B-spline,0.03865861088048144,0.0,0.03315125702647492,0.0014279009774327278,0.01,12,True,Optimization terminated successfully
sensor_log,0.1,32,pyGAM,0.037505673996933005,0.0,0.07680453802458942,0.015875070996116847,0.1,2,True,
sensor_log,0.1,33,MonotoneLSPIA,0.02234960476829108,0.0,0.006775793037377298,0.006775793037377298,,52,True,
sensor_log,0.1,33,Penalized monotone B-spline,0.015221190501578266,0.0,0.03349532303400338,0.0004404440405778587,1.0,1,True,Optimization terminated successfully
sensor_log,0.1,33,pyGAM,0.013962285066386167,0.0,0.07987076399149373,0.008937878010328859,10.0,2,True,
sensor_log,0.1,34,MonotoneLSPIA,0.024514094229458418,0.0,0.005762609012890607,0.005762609012890607,,44,True,
sensor_log,0.1,34,Penalized monotone B-spline,0.020264391565209625,0.0,0.029380826046690345,0.00040708400774747133,1.0,1,True,Optimization terminated successfully
sensor_log,0.1,34,pyGAM,0.01517989051673682,0.0,0.07998745999066159,0.008815588953439146,10.0,2,True,
sensor_log,0.1,35,MonotoneLSPIA,0.01825641023380788,0.0,0.005236617987975478,0.005236617987975478,,40,True,
sensor_log,0.1,35,Penalized monotone B-spline,0.0168652378355906,0.0,0.030570162984076887,0.00045751500874757767,100.0,1,True,Optimization terminated successfully
sensor_log,0.1,35,pyGAM,0.013261486945115138,0.0,0.07696683099493384,0.008556157990824431,10.0,2,True,
sensor_log,0.1,36,MonotoneLSPIA,0.028870390372759566,0.0,0.006335698999464512,0.006335698999464512,,50,True,
sensor_log,0.1,36,Penalized monotone B-spline,0.021124810260837255,0.0,0.033073750033508986,0.0003929039812646806,1.0,1,True,Optimization terminated successfully
sensor_log,0.1,36,pyGAM,0.017906856765550698,0.0,0.07342057803180069,0.008728488988708705,10.0,2,True,
sensor_log,0.1,37,MonotoneLSPIA,0.027450543186595285,0.0,0.0063608569907955825,0.0063608569907955825,,51,True,
sensor_log,0.1,37,Penalized monotone B-spline,0.016127533185302596,0.0,0.030586567998398095,0.0003908989601768553,1.0,1,True,Optimization terminated successfully
sensor_log,0.1,37,pyGAM,0.013395629572761567,0.0,0.08244255400495604,0.00877352204406634,10.0,2,True,
sensor_log,0.1,38,MonotoneLSPIA,0.02426084662283202,0.0,0.00843125703977421,0.00843125703977421,,61,True,
sensor_log,0.1,38,Penalized monotone B-spline,0.020789184950032097,0.0,0.03680728696053848,0.0015432759537361562,1.0,8,True,Optimization terminated successfully
sensor_log,0.1,38,pyGAM,0.013819004451589758,0.0,0.08133162697777152,0.008908732968848199,10.0,2,True,
sensor_log,0.1,39,MonotoneLSPIA,0.024198724549569034,0.0,0.004536400025244802,0.004536400025244802,,34,True,
sensor_log,0.1,39,Penalized monotone B-spline,0.025503110124826065,0.0,0.029957376013044268,0.00040429597720503807,100.0,1,True,Optimization terminated successfully
sensor_log,0.1,39,pyGAM,0.018278538075843075,0.0,0.07471195003017783,0.008771875000093132,10.0,2,True,
sensor_log,0.1,40,MonotoneLSPIA,0.024884017216000236,0.0,0.006854263017885387,0.006854263017885387,,58,True,
sensor_log,0.1,40,Penalized monotone B-spline,0.021092167796013278,0.0,0.030825686000753194,0.0004974069888703525,1.0,1,True,Optimization terminated successfully
sensor_log,0.1,40,pyGAM,0.01805465279622599,0.0,0.0670663439668715,0.009142485971096903,10.0,2,True,
sensor_log,0.1,41,MonotoneLSPIA,0.022638456611190506,0.0,0.004873111029155552,0.004873111029155552,,36,True,
sensor_log,0.1,41,Penalized monotone B-spline,0.021221793472067832,0.0,0.032506413001101464,0.00043037300929427147,1.0,1,True,Optimization terminated successfully
sensor_log,0.1,41,pyGAM,0.01845502561840854,0.0,0.08890722901560366,0.00857018498936668,10.0,2,True,
sensor_log,0.1,42,MonotoneLSPIA,0.015500518306993512,0.0,0.007137474021874368,0.007137474021874368,,60,True,
sensor_log,0.1,42,Penalized monotone B-spline,0.012386957598334074,0.0,0.03163651598151773,0.0005052199703641236,1.0,1,True,Optimization terminated successfully
sensor_log,0.1,42,pyGAM,0.015393567940180023,0.0,0.07342524401610717,0.008456556999590248,10.0,2,True,
sensor_log,0.1,43,MonotoneLSPIA,0.024264496064606837,0.0,0.005418771994300187,0.005418771994300187,,44,True,
sensor_log,0.1,43,Penalized monotone B-spline,0.02275688764919427,0.0,0.029505760001484305,0.0003943819901905954,100.0,1,True,Optimization terminated successfully
sensor_log,0.1,43,pyGAM,0.0146673599297522,0.0,0.08213728800183162,0.008436431002337486,10.0,2,True,
sensor_log,0.1,44,MonotoneLSPIA,0.030382496636738247,0.0,0.006427454005461186,0.006427454005461186,,51,True,
sensor_log,0.1,44,Penalized monotone B-spline,0.023473823126926998,0.0,0.03210323199164122,0.00039873202331364155,1.0,1,True,Optimization terminated successfully
sensor_log,0.1,44,pyGAM,0.020134429818513103,0.0,0.07359965000068769,0.008330859011039138,10.0,2,True,
sensor_log,0.1,45,MonotoneLSPIA,0.023417197366436354,0.0,0.005777061975095421,0.005777061975095421,,49,True,
sensor_log,0.1,45,Penalized monotone B-spline,0.01921640887277687,0.0,0.029484421014785767,0.0003867270424962044,1.0,1,True,Optimization terminated successfully
sensor_log,0.1,45,pyGAM,0.014840647454307236,0.0,0.08151155401719734,0.009718369983602315,10.0,2,True,
sensor_log,0.1,46,MonotoneLSPIA,0.01905279975616523,0.0,0.00646863499423489,0.00646863499423489,,54,True,
sensor_log,0.1,46,Penalized monotone B-spline,0.01750143082668162,0.0,0.03233999898657203,0.00039390899473801255,100.0,1,True,Optimization terminated successfully
sensor_log,0.1,46,pyGAM,0.016390180745783474,0.0,0.07947610999690369,0.009502966015134007,10.0,2,True,
sensor_log,0.1,47,MonotoneLSPIA,0.031749390461307925,0.0,0.007627254002727568,0.007627254002727568,,59,True,
sensor_log,0.1,47,Penalized monotone B-spline,0.024303685376273157,0.0,0.030443135008681566,0.00041045498801395297,1.0,1,True,Optimization terminated successfully
sensor_log,0.1,47,pyGAM,0.01722247671341838,0.0,0.07555693399626762,0.008571222017053515,10.0,2,True,
sensor_log,0.1,48,MonotoneLSPIA,0.021525601250019524,0.0,0.006085356988478452,0.006085356988478452,,49,True,
sensor_log,0.1,48,Penalized monotone B-spline,0.017057224865885325,0.0,0.03342753404285759,0.0015841720160096884,1.0,11,True,Optimization terminated successfully
sensor_log,0.1,48,pyGAM,0.01736433967980556,0.0,0.08939384901896119,0.010027337004430592,10.0,4,True,
sensor_log,0.1,49,MonotoneLSPIA,0.02366012470758511,0.0,0.006925845984369516,0.006925845984369516,,55,True,
sensor_log,0.1,49,Penalized monotone B-spline,0.01704136605048747,0.0,0.031047807016875595,0.0007774740224704146,100.0,1,True,Optimization terminated successfully
sensor_log,0.1,49,pyGAM,0.017733694891554817,0.0,0.07650134200230241,0.009239244041964412,10.0,2,True,
sensor_log,0.1,50,MonotoneLSPIA,0.018239210400136388,0.0,0.006338648963719606,0.006338648963719606,,50,True,
sensor_log,0.1,50,Penalized monotone B-spline,0.014114196407446284,0.0,0.030210422992240638,0.0003908500075340271,100.0,1,True,Optimization terminated successfully
sensor_log,0.1,50,pyGAM,0.011984986111771104,0.0,0.07610529701923952,0.009246084024198353,10.0,2,True,
sensor_log,0.1,51,MonotoneLSPIA,0.01930228862519285,0.0,0.005636764049995691,0.005636764049995691,,46,True,
sensor_log,0.1,51,Penalized monotone B-spline,0.012296902499249763,0.0,0.03696377604501322,0.0014015380293130875,1.0,8,True,Optimization terminated successfully
sensor_log,0.1,51,pyGAM,0.019279079775883074,0.0,0.08609227801207453,0.015060366014949977,0.001,4,True,
sensor_log,0.1,52,MonotoneLSPIA,0.025693801595841954,0.0,0.006037304003257304,0.006037304003257304,,50,True,
sensor_log,0.1,52,Penalized monotone B-spline,0.03150180932479298,0.0,0.03001282102195546,0.000402728037443012,100.0,1,True,Optimization terminated successfully
sensor_log,0.1,52,pyGAM,0.036375322828161735,0.0,0.0764113930054009,0.00832540396368131,100.0,2,True,
sensor_log,0.1,53,MonotoneLSPIA,0.02968549542867075,0.0,0.007611471985001117,0.007611471985001117,,61,True,
sensor_log,0.1,53,Penalized monotone B-spline,0.024678370816464446,0.0,0.03221520205261186,0.00038918101927265525,1.0,1,True,Optimization terminated successfully
sensor_log,0.1,53,pyGAM,0.018967163872970743,0.0,0.08292466099373996,0.01016083499416709,10.0,2,True,
sensor_log,0.1,54,MonotoneLSPIA,0.02618460230381474,0.0,0.00595480902120471,0.00595480902120471,,47,True,
sensor_log,0.1,54,Penalized monotone B-spline,0.017666427400004712,0.0,0.03253440902335569,0.0003971330006606877,100.0,1,True,Optimization terminated successfully
sensor_log,0.1,54,pyGAM,0.015490304208663642,0.0,0.08711917599430308,0.009176880004815757,1.0,3,True,
sensor_log,0.1,55,MonotoneLSPIA,0.03055010705406257,0.0,0.0045137760462239385,0.0045137760462239385,,30,True,
sensor_log,0.1,55,Penalized monotone B-spline,0.02292040395440614,0.0,0.03339493600651622,0.001224346982780844,1.0,8,True,Optimization terminated successfully
sensor_log,0.1,55,pyGAM,0.019823778890450384,0.0,0.07882087398320436,0.008466829953249544,10.0,2,True,
sensor_log,0.1,56,MonotoneLSPIA,0.02116978809002238,0.0,0.0076798610389232635,0.0076798610389232635,,57,True,
sensor_log,0.1,56,Penalized monotone B-spline,0.026821573945262574,0.0,0.029844675969798118,0.000407656014431268,100.0,1,True,Optimization terminated successfully
sensor_log,0.1,56,pyGAM,0.01871257385817391,0.0,0.08553240797482431,0.010610513971187174,10.0,2,True,
sensor_log,0.1,57,MonotoneLSPIA,0.019742935254129387,0.0,0.008227411017287523,0.008227411017287523,,56,True,
sensor_log,0.1,57,Penalized monotone B-spline,0.013103199874619302,0.0,0.03552310599479824,0.000408549967687577,100.0,1,True,Optimization terminated successfully
sensor_log,0.1,57,pyGAM,0.016087639392293473,0.0,0.08247566100908443,0.008929874980822206,10.0,2,True,
sensor_log,0.1,58,MonotoneLSPIA,0.034846311973451644,0.0,0.005505192966666073,0.005505192966666073,,41,True,
sensor_log,0.1,58,Penalized monotone B-spline,0.02864500830836646,0.0,0.030772870988585055,0.0004164049751125276,1.0,1,True,Optimization terminated successfully
sensor_log,0.1,58,pyGAM,0.0343700277322691,0.0,0.0902408950496465,0.01844607701059431,0.001,5,True,
sensor_log,0.1,59,MonotoneLSPIA,0.016839393523609903,0.0,0.006141837046016008,0.006141837046016008,,50,True,
sensor_log,0.1,59,Penalized monotone B-spline,0.013264974464460233,0.0,0.03572111495304853,0.0013242699787952006,1.0,8,True,Optimization terminated successfully
sensor_log,0.1,59,pyGAM,0.013438919861675561,0.0,0.08180236699990928,0.009135122993029654,10.0,3,True,
sensor_log,0.1,60,MonotoneLSPIA,0.028171345835250775,0.0,0.006708789034746587,0.006708789034746587,,50,True,
sensor_log,0.1,60,Penalized monotone B-spline,0.024778406962218624,0.0,0.03164624498458579,0.00039947504410520196,1.0,1,True,Optimization terminated successfully
sensor_log,0.1,60,pyGAM,0.023943441795602958,0.0,0.07767298497492447,0.008640519983600825,10.0,2,True,
sensor_log,0.1,61,MonotoneLSPIA,0.015209105273869573,0.0,0.004908333998173475,0.004908333998173475,,35,True,
sensor_log,0.1,61,Penalized monotone B-spline,0.01215244685524442,0.0,0.03546337899751961,0.001869387982878834,1.0,12,True,Optimization terminated successfully
sensor_log,0.1,61,pyGAM,0.0122648484990752,0.0,0.08953629498137161,0.00912796996999532,10.0,4,True,
sensor_log,0.1,62,MonotoneLSPIA,0.02179857339985795,0.0,0.005270096997264773,0.005270096997264773,,41,True,
sensor_log,0.1,62,Penalized monotone B-spline,0.01777840448504374,0.0,0.03555522003443912,0.0014312699786387384,1.0,10,True,Optimization terminated successfully
sensor_log,0.1,62,pyGAM,0.017330859452251376,0.0,0.07494757097447291,0.008348263043444604,10.0,2,True,
sensor_log,0.1,63,MonotoneLSPIA,0.026289954245661454,0.0,0.005120415997225791,0.005120415997225791,,40,True,
sensor_log,0.1,63,Penalized monotone B-spline,0.02929135883065181,0.0,0.030961936980020255,0.0003884430043399334,100.0,1,True,Optimization terminated successfully
sensor_log,0.1,63,pyGAM,0.023297504878998912,0.0,0.07582557696150616,0.009513366036117077,10.0,2,True,
sensor_log,0.1,64,MonotoneLSPIA,0.01607732112996147,0.0,0.006563368020579219,0.006563368020579219,,57,True,
sensor_log,0.1,64,Penalized monotone B-spline,0.02158115904698731,0.0,0.03210943698650226,0.0009373549837619066,100.0,1,True,Optimization terminated successfully
sensor_log,0.1,64,pyGAM,0.013745975160742685,0.0,0.07716598699335009,0.010284608986694366,10.0,2,True,
sensor_log,0.1,65,MonotoneLSPIA,0.02066989643329096,0.0,0.007179203967098147,0.007179203967098147,,57,True,
sensor_log,0.1,65,Penalized monotone B-spline,0.019194229026670492,0.0,0.031228192965500057,0.0003987940144725144,100.0,1,True,Optimization terminated successfully
sensor_log,0.1,65,pyGAM,0.015203964057601006,0.0,0.07680615497520193,0.00834927597315982,10.0,2,True,
sensor_log,0.1,66,MonotoneLSPIA,0.023400171626870962,0.0,0.005411946040112525,0.005411946040112525,,44,True,
sensor_log,0.1,66,Penalized monotone B-spline,0.023396927473762118,0.0,0.03140891995280981,0.0018592120031826198,1e-08,14,True,Optimization terminated successfully
sensor_log,0.1,66,pyGAM,0.0146189911160142,0.0,0.08086999203078449,0.008552971994504333,10.0,2,True,
sensor_log,0.1,67,MonotoneLSPIA,0.02360166434503763,0.0,0.006427388987503946,0.006427388987503946,,49,True,
sensor_log,0.1,67,Penalized monotone B-spline,0.02704548172793225,0.0,0.03223277302458882,0.0006245859549380839,100.0,1,True,Optimization terminated successfully
sensor_log,0.1,67,pyGAM,0.022086808147738873,0.0,0.07599956297781318,0.008604288974311203,10.0,2,True,
sensor_log,0.1,68,MonotoneLSPIA,0.027100063594791432,0.0,0.005793205986265093,0.005793205986265093,,42,True,
sensor_log,0.1,68,Penalized monotone B-spline,0.02446086932178412,0.0,0.030233443016186357,0.00038348103407770395,100.0,1,True,Optimization terminated successfully
sensor_log,0.1,68,pyGAM,0.018157316618973993,0.0,0.08409410301828757,0.008669254020787776,10.0,2,True,
sensor_log,0.1,69,MonotoneLSPIA,0.036185441402708594,0.0,0.006825671007391065,0.006825671007391065,,53,True,
sensor_log,0.1,69,Penalized monotone B-spline,0.029758021321018027,0.0,0.039893331995699555,0.0014813089510425925,1.0,8,True,Optimization terminated successfully
sensor_log,0.1,69,pyGAM,0.03335697771515151,0.0,0.08567751001100987,0.01247208600398153,0.1,2,True,
sensor_log,0.1,70,MonotoneLSPIA,0.019675232577162857,0.0,0.005201863998081535,0.005201863998081535,,39,True,
sensor_log,0.1,70,Penalized monotone B-spline,0.020463223085852637,0.0,0.0321874960209243,0.00040091900154948235,100.0,1,True,Optimization terminated successfully
sensor_log,0.1,70,pyGAM,0.013821494208819675,0.0,0.0794383049942553,0.0086802450241521,10.0,2,True,
sensor_log,0.1,71,MonotoneLSPIA,0.02095314078216647,0.0,0.006282149988692254,0.006282149988692254,,48,True,
sensor_log,0.1,71,Penalized monotone B-spline,0.018269982022395354,0.0,0.035925192991271615,0.0012679739738814533,1.0,8,True,Optimization terminated successfully
sensor_log,0.1,71,pyGAM,0.018855582632683623,0.0,0.0887524849968031,0.008752034977078438,1.0,3,True,
sensor_log,0.1,72,MonotoneLSPIA,0.030380362202255196,0.0,0.006783805962186307,0.006783805962186307,,51,True,
sensor_log,0.1,72,Penalized monotone B-spline,0.022307079800091594,0.0,0.03053560497937724,0.0004431990091688931,1.0,1,True,Optimization terminated successfully
sensor_log,0.1,72,pyGAM,0.018797425700349746,0.0,0.06496030604466796,0.00993707001907751,1.0,2,True,
sensor_log,0.1,73,MonotoneLSPIA,0.021513470633212486,0.0,0.0061786959995515645,0.0061786959995515645,,48,True,
sensor_log,0.1,73,Penalized monotone B-spline,0.02622030025096273,0.0,0.02936780301388353,0.00039117096457630396,100.0,1,True,Optimization terminated successfully
sensor_log,0.1,73,pyGAM,0.017829029175626794,0.0,0.07989940902916715,0.008641120977699757,10.0,2,True,
sensor_log,0.1,74,MonotoneLSPIA,0.022006042966199475,0.0,0.006186820974107832,0.006186820974107832,,50,True,
sensor_log,0.1,74,Penalized monotone B-spline,0.018465203443499476,0.0,0.0365460179746151,0.0004232010105624795,1.0,1,True,Optimization terminated successfully
sensor_log,0.1,74,pyGAM,0.0184323064912742,0.0,0.08397057000547647,0.008827113953884691,10.0,2,True,
sensor_log,0.1,75,MonotoneLSPIA,0.04233474608619998,0.0,0.006457710987888277,0.006457710987888277,,53,True,
sensor_log,0.1,75,Penalized monotone B-spline,0.03863178547143094,0.0,0.03325724700698629,0.0015282199601642787,1.0,9,True,Optimization terminated successfully
sensor_log,0.1,75,pyGAM,0.03859222194725831,0.0,0.08521717099938542,0.012436275952495635,1.0,3,True,
sensor_log,0.1,76,MonotoneLSPIA,0.022383286960075043,0.0,0.006998137047048658,0.006998137047048658,,57,True,
sensor_log,0.1,76,Penalized monotone B-spline,0.0249278901707958,0.0,0.03040903405053541,0.0003859699936583638,100.0,1,True,Optimization terminated successfully
sensor_log,0.1,76,pyGAM,0.016855705826398927,0.0,0.08186075097182766,0.0087352329865098,10.0,2,True,
sensor_log,0.1,77,MonotoneLSPIA,0.021542179225000936,0.0,0.00769647303968668,0.00769647303968668,,57,True,
sensor_log,0.1,77,Penalized monotone B-spline,0.012707871591061374,0.0,0.03520081000169739,0.0017173270462080836,1.0,8,True,Optimization terminated successfully
sensor_log,0.1,77,pyGAM,0.009547831003051942,0.0,0.08129427401581779,0.008430707035586238,10.0,2,True,
sensor_log,0.1,78,MonotoneLSPIA,0.026924311310131045,0.0,0.006183229968883097,0.006183229968883097,,52,True,
sensor_log,0.1,78,Penalized monotone B-spline,0.03043748071334193,0.0,0.03135898703476414,0.00039052398642525077,100.0,1,True,Optimization terminated successfully
sensor_log,0.1,78,pyGAM,0.026104538981079617,0.0,0.08031019201735035,0.008868982957210392,10.0,3,True,
sensor_log,0.1,79,MonotoneLSPIA,0.03241387172396542,0.0,0.00631472998065874,0.00631472998065874,,49,True,
sensor_log,0.1,79,Penalized monotone B-spline,0.02266733824352915,0.0,0.036201973038259894,0.0016668380121700466,1.0,12,True,Optimization terminated successfully
sensor_log,0.1,79,pyGAM,0.021860303174519972,0.0,0.08359740499872714,0.009495978010818362,1.0,3,True,
sensor_log,0.1,80,MonotoneLSPIA,0.020034396122944206,0.0,0.006740932003594935,0.006740932003594935,,52,True,
sensor_log,0.1,80,Penalized monotone B-spline,0.02045232871153805,0.0,0.02942948299460113,0.00040843599708750844,100.0,1,True,Optimization terminated successfully
sensor_log,0.1,80,pyGAM,0.018201011378691477,0.0,0.08295262599131092,0.00856515800114721,10.0,2,True,
sensor_log,0.1,81,MonotoneLSPIA,0.022476220658456253,0.0,0.006344413035549223,0.006344413035549223,,54,True,
sensor_log,0.1,81,Penalized monotone B-spline,0.017376651260993616,0.0,0.03233980102231726,0.0012244909885339439,1.0,8,True,Optimization terminated successfully
sensor_log,0.1,81,pyGAM,0.01851106746566727,0.0,0.08068428101250902,0.008687037974596024,10.0,4,True,
sensor_log,0.1,82,MonotoneLSPIA,0.025652347283427537,0.0,0.00674469000659883,0.00674469000659883,,56,True,
sensor_log,0.1,82,Penalized monotone B-spline,0.028162362376469196,0.0,0.02937710896367207,0.000391624984331429,100.0,1,True,Optimization terminated successfully
sensor_log,0.1,82,pyGAM,0.022347323997823715,0.0,0.07358819298679009,0.008858052955474705,10.0,2,True,
sensor_log,0.1,83,MonotoneLSPIA,0.03134027894749878,0.0,0.007221954001579434,0.007221954001579434,,63,True,
sensor_log,0.1,83,Penalized monotone B-spline,0.027206471297880615,0.0,0.03191688499646261,0.0004121550009585917,1.0,1,True,Optimization terminated successfully
sensor_log,0.1,83,pyGAM,0.02447871567722159,0.0,0.08014962601009756,0.009061691001988947,1.0,3,True,
sensor_log,0.1,84,MonotoneLSPIA,0.02132842826046666,0.0,0.00726648501586169,0.00726648501586169,,61,True,
sensor_log,0.1,84,Penalized monotone B-spline,0.030031090586637457,0.0,0.030375551024917513,0.0003912000101990998,100.0,1,True,Optimization terminated successfully
sensor_log,0.1,84,pyGAM,0.0216608818274272,0.0,0.07430499704787508,0.008746632025577128,10.0,2,True,
sensor_log,0.1,85,MonotoneLSPIA,0.017005512057937905,0.0,0.0056290130014531314,0.0056290130014531314,,44,True,
sensor_log,0.1,85,Penalized monotone B-spline,0.02277475735378949,0.0,0.03574701497564092,0.00040074996650218964,100.0,1,True,Optimization terminated successfully
sensor_log,0.1,85,pyGAM,0.016985955158711607,0.0,0.07658339600311592,0.00857855100184679,10.0,2,True,
sensor_log,0.1,86,MonotoneLSPIA,0.024701694462043032,0.0,0.007110339007340372,0.007110339007340372,,63,True,
sensor_log,0.1,86,Penalized monotone B-spline,0.020314642493629343,0.0,0.03037048102123663,0.001336590969003737,1.0,8,True,Optimization terminated successfully
sensor_log,0.1,86,pyGAM,0.018004018960694833,0.0,0.0754701109835878,0.009496329992543906,10.0,2,True,
sensor_log,0.1,87,MonotoneLSPIA,0.026563077860081493,0.0,0.005838181008584797,0.005838181008584797,,48,True,
sensor_log,0.1,87,Penalized monotone B-spline,0.02217109347726407,0.0,0.0363343550125137,0.0013384759658947587,1.0,9,True,Optimization terminated successfully
sensor_log,0.1,87,pyGAM,0.021199127127940014,0.0,0.08624264399986714,0.008857108012307435,10.0,3,True,
sensor_log,0.1,88,MonotoneLSPIA,0.029034843137336442,0.0,0.006398085970431566,0.006398085970431566,,53,True,
sensor_log,0.1,88,Penalized monotone B-spline,0.020845807385460685,0.0,0.030258228012826294,0.000406311999540776,1.0,1,True,Optimization terminated successfully
sensor_log,0.1,88,pyGAM,0.021090345068969313,0.0,0.07846111303661019,0.008427158987615258,10.0,2,True,
sensor_log,0.1,89,MonotoneLSPIA,0.014148227121749988,0.0,0.005920289957430214,0.005920289957430214,,48,True,
sensor_log,0.1,89,Penalized monotone B-spline,0.014155619469475052,0.0,0.03125690302113071,0.0013557510101236403,1e-08,10,True,Optimization terminated successfully
sensor_log,0.1,89,pyGAM,0.010944642251356098,0.0,0.08425707701826468,0.009249939990695566,10.0,2,True,
sensor_log,0.1,90,MonotoneLSPIA,0.022160137561544592,0.0,0.006384929991327226,0.006384929991327226,,49,True,
sensor_log,0.1,90,Penalized monotone B-spline,0.020402235006126836,0.0,0.03567023400682956,0.0014566330355592072,1.0,10,True,Optimization terminated successfully
sensor_log,0.1,90,pyGAM,0.020434388017384897,0.0,0.08343410398811102,0.00985598104307428,10.0,4,True,
sensor_log,0.1,91,MonotoneLSPIA,0.022728975066768416,0.0,0.005339502007700503,0.005339502007700503,,43,True,
sensor_log,0.1,91,Penalized monotone B-spline,0.022204153184151906,0.0,0.031072065990883857,0.000398392032366246,100.0,1,True,Optimization terminated successfully
sensor_log,0.1,91,pyGAM,0.014171427005882012,0.0,0.07970867201220244,0.009521974949166179,10.0,2,True,
sensor_log,0.1,92,MonotoneLSPIA,0.022748602377675297,0.0,0.00468067399924621,0.00468067399924621,,29,True,
sensor_log,0.1,92,Penalized monotone B-spline,0.022712084910045532,0.0,0.033450647024437785,0.0017721739714033902,0.01,12,True,Optimization terminated successfully
sensor_log,0.1,92,pyGAM,0.017684552739142254,0.0,0.0940244629746303,0.009453794977162033,10.0,2,True,
sensor_log,0.1,93,MonotoneLSPIA,0.022427510410175325,0.0,0.008042267989367247,0.008042267989367247,,55,True,
sensor_log,0.1,93,Penalized monotone B-spline,0.01788568594765109,0.0,0.03601215302478522,0.00129482097690925,1.0,8,True,Optimization terminated successfully
sensor_log,0.1,93,pyGAM,0.018720252207582288,0.0,0.08644055499462411,0.008605390961747617,10.0,4,True,
sensor_log,0.1,94,MonotoneLSPIA,0.027853800292090548,0.0,0.00528619100805372,0.00528619100805372,,41,True,
sensor_log,0.1,94,Penalized monotone B-spline,0.013081088633466846,0.0,0.03248967899708077,0.0003947580116800964,100.0,1,True,Optimization terminated successfully
sensor_log,0.1,94,pyGAM,0.020952495417870143,0.0,0.0928997760056518,0.010837137000635266,10.0,2,True,
sensor_log,0.1,95,MonotoneLSPIA,0.023279742494192637,0.0,0.005151912977453321,0.005151912977453321,,31,True,
sensor_log,0.1,95,Penalized monotone B-spline,0.027603294932476947,0.0,0.03643882798496634,0.0004867180250585079,100.0,1,True,Optimization terminated successfully
sensor_log,0.1,95,pyGAM,0.02251264361478353,0.0,0.0833316519856453,0.009330013999715447,10.0,2,True,
sensor_log,0.1,96,MonotoneLSPIA,0.03441562322923061,0.0,0.006906733964569867,0.006906733964569867,,59,True,
sensor_log,0.1,96,Penalized monotone B-spline,0.024147778940903128,0.0,0.033181242004502565,0.00039814301999285817,1.0,1,True,Optimization terminated successfully
sensor_log,0.1,96,pyGAM,0.023349003158024625,0.0,0.08794829505495727,0.009293653012719005,1.0,3,True,
sensor_log,0.1,97,MonotoneLSPIA,0.029875504989568844,0.0,0.003856191993691027,0.003856191993691027,,27,True,
sensor_log,0.1,97,Penalized monotone B-spline,0.019799909229418943,0.0,0.030130994971841574,0.000418531009927392,1.0,1,True,Optimization terminated successfully
sensor_log,0.1,97,pyGAM,0.014731816849208313,0.0,0.07953682501101866,0.008513300970662385,10.0,2,True,
sensor_log,0.1,98,MonotoneLSPIA,0.015856632062416828,0.0,0.005533688003197312,0.005533688003197312,,45,True,
sensor_log,0.1,98,Penalized monotone B-spline,0.019611184636991148,0.0,0.031242869968991727,0.00038836500607430935,100.0,1,True,Optimization terminated successfully
sensor_log,0.1,98,pyGAM,0.014549696677248824,0.0,0.08336755202617496,0.008967028988990933,10.0,2,True,
sensor_log,0.1,99,MonotoneLSPIA,0.020538927432987828,0.0,0.006600007996894419,0.006600007996894419,,54,True,
sensor_log,0.1,99,Penalized monotone B-spline,0.01644299490689646,0.0,0.0359250099863857,0.0012894750107079744,1.0,9,True,Optimization terminated successfully
sensor_log,0.1,99,pyGAM,0.01838523824341479,0.0,0.09253958595218137,0.009018173965159804,10.0,3,True,
sensor_log,0.1,100,MonotoneLSPIA,0.030114464676523567,0.0,0.00659845897462219,0.00659845897462219,,54,True,
sensor_log,0.1,100,Penalized monotone B-spline,0.03486439617401617,0.0,0.0342967240139842,0.00040637602796778083,100.0,1,True,Optimization terminated successfully
sensor_log,0.1,100,pyGAM,0.040096798744149016,0.0,0.07956870197085664,0.00892166595440358,100.0,2,True,
dose_response,0.02,1,MonotoneLSPIA,0.00583823434947694,0.0,0.008375599049031734,0.008375599049031734,,40,True,
dose_response,0.02,1,Penalized monotone B-spline,0.005608871037172469,0.0,0.041716209962032735,0.0019395200069993734,0.01,13,True,Optimization terminated successfully
dose_response,0.02,1,pyGAM,0.005622614288887723,0.0,0.08571567700710148,0.016632598999422044,0.01,2,True,
dose_response,0.02,2,MonotoneLSPIA,0.0042135306330117585,0.0,0.005377254041377455,0.005377254041377455,,41,True,
dose_response,0.02,2,Penalized monotone B-spline,0.004201486036998315,0.0,0.03364269604207948,0.0015201750211417675,0.01,10,True,Optimization terminated successfully
dose_response,0.02,2,pyGAM,0.004149962444993982,0.0,0.09947003901470453,0.015776832005940378,0.001,4,True,
dose_response,0.02,3,MonotoneLSPIA,0.005898496116666706,0.0,0.005224080989137292,0.005224080989137292,,42,True,
dose_response,0.02,3,Penalized monotone B-spline,0.005584887531723537,0.0,0.033790740999393165,0.0015696610207669437,0.01,10,True,Optimization terminated successfully
dose_response,0.02,3,pyGAM,0.00555862214057917,0.0,0.09423478500684723,0.012378350016660988,0.01,2,True,
dose_response,0.02,4,MonotoneLSPIA,0.006428607023262306,0.0,0.005383451993111521,0.005383451993111521,,44,True,
dose_response,0.02,4,Penalized monotone B-spline,0.006329226856085763,0.0,0.032979952986352146,0.0015274470206350088,0.01,11,True,Optimization terminated successfully
dose_response,0.02,4,pyGAM,0.006223003237637451,0.0,0.08178523200331256,0.01872476196149364,0.001,5,True,
dose_response,0.02,5,MonotoneLSPIA,0.005277481092973727,0.0,0.0034185529802925885,0.0034185529802925885,,22,True,
dose_response,0.02,5,Penalized monotone B-spline,0.005322286245337777,0.0,0.03418961598072201,0.0014531849883496761,0.01,11,True,Optimization terminated successfully
dose_response,0.02,5,pyGAM,0.0059701877615061716,0.0,0.0797373839886859,0.012117634003516287,0.1,2,True,
dose_response,0.02,6,MonotoneLSPIA,0.005251453346758408,0.0,0.005336917005479336,0.005336917005479336,,42,True,
dose_response,0.02,6,Penalized monotone B-spline,0.005216573155482065,0.0,0.037615275010466576,0.0015927290078252554,0.01,12,True,Optimization terminated successfully
dose_response,0.02,6,pyGAM,0.005616574864953574,0.0,0.08647583500714973,0.0126587720005773,0.1,2,True,
dose_response,0.02,7,MonotoneLSPIA,0.005636027063530849,0.0,0.005866237974260002,0.005866237974260002,,45,True,
dose_response,0.02,7,Penalized monotone B-spline,0.00561872001485668,0.0,0.03513571101939306,0.001627108023967594,0.01,12,True,Optimization terminated successfully
dose_response,0.02,7,pyGAM,0.00577671940586948,0.0,0.08587311999872327,0.01463192398659885,0.1,2,True,
dose_response,0.02,8,MonotoneLSPIA,0.008408399146883629,0.0,0.00556451000738889,0.00556451000738889,,42,True,
dose_response,0.02,8,Penalized monotone B-spline,0.008416405728189335,0.0,0.03636212699348107,0.0017110480112023652,0.01,12,True,Optimization terminated successfully
dose_response,0.02,8,pyGAM,0.008236423553473907,0.0,0.10005477501545101,0.01611287600826472,0.01,2,True,
dose_response,0.02,9,MonotoneLSPIA,0.006648090456584857,0.0,0.004289341974072158,0.004289341974072158,,33,True,
dose_response,0.02,9,Penalized monotone B-spline,0.006584855905108432,0.0,0.037210678041446954,0.0015687010018154979,0.01,12,True,Optimization terminated successfully
dose_response,0.02,9,pyGAM,0.006687426225465241,0.0,0.0869264830253087,0.012086854956578463,0.1,2,True,
dose_response,0.02,10,MonotoneLSPIA,0.004573439251031378,0.0,0.0049110729596577585,0.0049110729596577585,,38,True,
dose_response,0.02,10,Penalized monotone B-spline,0.004508195568059858,0.0,0.032209716038778424,0.001547030988149345,0.01,13,True,Optimization terminated successfully
dose_response,0.02,10,pyGAM,0.004504979950780676,0.0,0.08701427595224231,0.01557264500297606,0.001,4,True,
dose_response,0.02,11,MonotoneLSPIA,0.006690663819307474,0.0,0.0052405999740585685,0.0052405999740585685,,42,True,
dose_response,0.02,11,Penalized monotone B-spline,0.006368970822961719,0.0,0.03484394698170945,0.0016101019573397934,0.01,13,True,Optimization terminated successfully
dose_response,0.02,11,pyGAM,0.006190708660101968,0.0,0.07707811199361458,0.015328604029491544,0.01,2,True,
dose_response,0.02,12,MonotoneLSPIA,0.007026695620158386,0.0,0.005508360976818949,0.005508360976818949,,44,True,
dose_response,0.02,12,Penalized monotone B-spline,0.006910525251105299,0.0,0.03349375101970509,0.0016824019839987159,0.01,10,True,Optimization terminated successfully
dose_response,0.02,12,pyGAM,0.006772092093549162,0.0,0.08483253698796034,0.012082492001354694,0.01,2,True,
dose_response,0.02,13,MonotoneLSPIA,0.005788871110162336,0.0,0.005606878956314176,0.005606878956314176,,41,True,
dose_response,0.02,13,Penalized monotone B-spline,0.005822519476694266,0.0,0.03614751301938668,0.0018779640085995197,0.01,12,True,Optimization terminated successfully
dose_response,0.02,13,pyGAM,0.0063303892282829234,0.0,0.09651951101841405,0.013634690025355667,0.1,3,True,
dose_response,0.02,14,MonotoneLSPIA,0.004762734989488408,0.0,0.004970201989635825,0.004970201989635825,,36,True,
dose_response,0.02,14,Penalized monotone B-spline,0.004502997286677175,0.0,0.03406821296084672,0.0017084970022551715,0.01,13,True,Optimization terminated successfully
dose_response,0.02,14,pyGAM,0.004492324791940256,0.0,0.08665495796594769,0.014737740973941982,0.01,2,True,
dose_response,0.02,15,MonotoneLSPIA,0.005066020678283533,0.0,0.0049393270164728165,0.0049393270164728165,,37,True,
dose_response,0.02,15,Penalized monotone B-spline,0.005055387860306071,0.0,0.03615197801264003,0.0013503240188583732,0.01,9,True,Optimization terminated successfully
dose_response,0.02,15,pyGAM,0.004938912450377535,0.0,0.09810989699326456,0.015438764996360987,0.01,2,True,
dose_response,0.02,16,MonotoneLSPIA,0.0043600646651690365,0.0,0.006614299025386572,0.006614299025386572,,42,True,
dose_response,0.02,16,Penalized monotone B-spline,0.004365067016691511,0.0,0.034656222036574036,0.0016027310048229992,1e-08,12,True,Optimization terminated successfully
dose_response,0.02,16,pyGAM,0.00402386219439612,0.0,0.093009238014929,0.011721619986929,0.01,2,True,
dose_response,0.02,17,MonotoneLSPIA,0.005753352886391222,0.0,0.005154247977770865,0.005154247977770865,,39,True,
dose_response,0.02,17,Penalized monotone B-spline,0.005567724445882498,0.0,0.031470980029553175,0.0014573889784514904,0.01,10,True,Optimization terminated successfully
dose_response,0.02,17,pyGAM,0.005076029438720484,0.0,0.09133204899262637,0.01425710297189653,0.1,3,True,
dose_response,0.02,18,MonotoneLSPIA,0.005889935867254914,0.0,0.006464506033807993,0.006464506033807993,,42,True,
dose_response,0.02,18,Penalized monotone B-spline,0.005847879469314291,0.0,0.040932580013759434,0.0018647779943421483,0.01,11,True,Optimization terminated successfully
dose_response,0.02,18,pyGAM,0.006249956309491021,0.0,0.11131462798221037,0.014724411012139171,0.1,3,True,
dose_response,0.02,19,MonotoneLSPIA,0.007313706976701929,0.0,0.006667736975941807,0.006667736975941807,,43,True,
dose_response,0.02,19,Penalized monotone B-spline,0.007001308116012981,0.0,0.04144148895284161,0.0018081660382449627,0.01,10,True,Optimization terminated successfully
dose_response,0.02,19,pyGAM,0.006984049858120539,0.0,0.10328489501262084,0.014368020987603813,0.01,2,True,
dose_response,0.02,20,MonotoneLSPIA,0.005396890716477761,4.4364512064022255e-13,0.005736705963499844,0.005736705963499844,,36,True,
dose_response,0.02,20,Penalized monotone B-spline,0.005375532623915869,4.4364512064022255e-13,0.039259859011508524,0.001748317969031632,0.01,11,True,Optimization terminated successfully
dose_response,0.02,20,pyGAM,0.0054080971257013544,1.1690048928868567e-10,0.10322482202900574,0.018012035987339914,0.01,2,True,
dose_response,0.02,21,MonotoneLSPIA,0.003309750068486701,0.0,0.005807230016216636,0.005807230016216636,,37,True,
dose_response,0.02,21,Penalized monotone B-spline,0.0033824761112754955,0.0,0.041056749993003905,0.0018965459894388914,0.01,12,True,Optimization terminated successfully
dose_response,0.02,21,pyGAM,0.004464342853159054,0.0,0.09833524201530963,0.014483992010354996,0.1,2,True,
dose_response,0.02,22,MonotoneLSPIA,0.0037915163912836916,3.3273384048016694e-13,0.005922980955801904,0.005922980955801904,,35,True,
dose_response,0.02,22,Penalized monotone B-spline,0.003997091108270591,3.3273384048016694e-13,0.03822819399647415,0.00209208601154387,0.01,11,True,Optimization terminated successfully
dose_response,0.02,22,pyGAM,0.005646264196163815,1.8011991897991037e-10,0.10183411702746525,0.014347554999403656,0.1,2,True,
dose_response,0.02,23,MonotoneLSPIA,0.004260761698723905,0.0,0.004339115985203534,0.004339115985203534,,25,True,
dose_response,0.02,23,Penalized monotone B-spline,0.004325220285399597,0.0,0.04138244199566543,0.0016270880005322397,0.01,9,True,Optimization terminated successfully
dose_response,0.02,23,pyGAM,0.004290894860645395,0.0,0.10830295894993469,0.017959574004635215,0.001,4,True,
dose_response,0.02,24,MonotoneLSPIA,0.006395974663017594,0.0,0.007278211007360369,0.007278211007360369,,47,True,
dose_response,0.02,24,Penalized monotone B-spline,0.006484308976762031,0.0,0.040218467998784035,0.0019510809797793627,0.01,12,True,Optimization terminated successfully
dose_response,0.02,24,pyGAM,0.0064887467769023125,0.0,0.10552359494613484,0.017991760978475213,0.01,2,True,
dose_response,0.02,25,MonotoneLSPIA,0.0060105799854491175,0.0,0.007007251959294081,0.007007251959294081,,47,True,
dose_response,0.02,25,Penalized monotone B-spline,0.005932462911345809,0.0,0.03970695601310581,0.0019745430327020586,0.01,13,True,Optimization terminated successfully
dose_response,0.02,25,pyGAM,0.006035575744770667,0.0,0.10212081804638728,0.018013986002188176,0.1,2,True,
dose_response,0.02,26,MonotoneLSPIA,0.003137667231306282,0.0,0.006593116035219282,0.006593116035219282,,44,True,
dose_response,0.02,26,Penalized monotone B-spline,0.003220570694042479,0.0,0.04165957000805065,0.0019651440088637173,0.01,12,True,Optimization terminated successfully
dose_response,0.02,26,pyGAM,0.004420179235709486,0.0,0.0979778949986212,0.017991380009334534,0.1,2,True,
dose_response,0.02,27,MonotoneLSPIA,0.006064883584310473,0.0,0.005680344009306282,0.005680344009306282,,36,True,
dose_response,0.02,27,Penalized monotone B-spline,0.005771900132508897,0.0,0.04076833603903651,0.0018713930039666593,0.01,12,True,Optimization terminated successfully
dose_response,0.02,27,pyGAM,0.005782779025228401,0.0,0.09723889402812347,0.01804067299235612,0.01,2,True,
dose_response,0.02,28,MonotoneLSPIA,0.005689699109483496,0.0,0.006941909960005432,0.006941909960005432,,45,True,
dose_response,0.02,28,Penalized monotone B-spline,0.005415746976129553,0.0,0.04141668800730258,0.001801987993530929,0.01,10,True,Optimization terminated successfully
dose_response,0.02,28,pyGAM,0.005401156427410242,0.0,0.10536876798141748,0.015389519045129418,0.01,2,True,
dose_response,0.02,29,MonotoneLSPIA,0.006117480395119271,0.0,0.007118013978470117,0.007118013978470117,,44,True,
dose_response,0.02,29,Penalized monotone B-spline,0.006104849578363913,0.0,0.0416414609644562,0.002044993976596743,0.01,13,True,Optimization terminated successfully
dose_response,0.02,29,pyGAM,0.006088920692697198,0.0,0.1090822679689154,0.018458510981872678,0.01,2,True,
dose_response,0.02,30,MonotoneLSPIA,0.004426384993288079,0.0,0.006255976972170174,0.006255976972170174,,40,True,
dose_response,0.02,30,Penalized monotone B-spline,0.00437871363450947,0.0,0.04034640599275008,0.001880144001916051,0.01,11,True,Optimization terminated successfully
dose_response,0.02,30,pyGAM,0.00439699362040298,0.0,0.10983941704034805,0.018374848004896194,0.001,4,True,
dose_response,0.02,31,MonotoneLSPIA,0.00574662453915429,0.0,0.005915524961892515,0.005915524961892515,,38,True,
dose_response,0.02,31,Penalized monotone B-spline,0.005659061641370137,0.0,0.04003561002900824,0.001967452000826597,0.01,13,True,Optimization terminated successfully
dose_response,0.02,31,pyGAM,0.005230018546452197,0.0,0.10336421796819195,0.0147431890363805,0.1,2,True,
dose_response,0.02,32,MonotoneLSPIA,0.003994311606959188,0.0,0.00552663003327325,0.00552663003327325,,34,True,
dose_response,0.02,32,Penalized monotone B-spline,0.0038373742656906827,0.0,0.0415834310115315,0.0018123009940609336,0.01,10,True,Optimization terminated successfully
dose_response,0.02,32,pyGAM,0.003732934057113854,0.0,0.10801428800914437,0.01848131901351735,0.01,2,True,
dose_response,0.02,33,MonotoneLSPIA,0.004734292392940434,4.4364512064022255e-13,0.00474960298743099,0.00474960298743099,,27,True,
dose_response,0.02,33,Penalized monotone B-spline,0.004649258484855478,3.3273384048016694e-13,0.04009041201788932,0.001868565974291414,0.01,11,True,Optimization terminated successfully
dose_response,0.02,33,pyGAM,0.004633730233218952,5.944844616578323e-11,0.10266750399023294,0.01798725698608905,0.01,2,True,
dose_response,0.02,34,MonotoneLSPIA,0.003548480025690562,4.4364512064022255e-13,0.0049079349846579134,0.0049079349846579134,,30,True,
dose_response,0.02,34,Penalized monotone B-spline,0.00362048927338373,3.3273384048016694e-13,0.04010773298796266,0.002094075025524944,0.01,13,True,Optimization terminated successfully
dose_response,0.02,34,pyGAM,0.005043563389827413,1.2965528650710504e-10,0.11143792798975483,0.022063066018745303,0.1,2,True,
dose_response,0.02,35,MonotoneLSPIA,0.00514806456930594,0.0,0.00505633105058223,0.00505633105058223,,31,True,
dose_response,0.02,35,Penalized monotone B-spline,0.004875917786243841,0.0,0.04079889302374795,0.001906040997710079,0.01,12,True,Optimization terminated successfully
dose_response,0.02,35,pyGAM,0.004852514768170404,0.0,0.10076823900453746,0.014309492020402104,0.01,2,True,
dose_response,0.02,36,MonotoneLSPIA,0.003827759805142244,0.0,0.0062370990053750575,0.0062370990053750575,,38,True,
dose_response,0.02,36,Penalized monotone B-spline,0.003941015702654129,0.0,0.0411133180023171,0.0017403759993612766,0.01,10,True,Optimization terminated successfully
dose_response,0.02,36,pyGAM,0.0052004721788787124,0.0,0.10519509698497131,0.010369112016633153,0.1,3,True,
dose_response,0.02,37,MonotoneLSPIA,0.00624984143823256,0.0,0.006251852959394455,0.006251852959394455,,41,True,
dose_response,0.02,37,Penalized monotone B-spline,0.005989686757957944,0.0,0.04039618500974029,0.0017520199762657285,0.01,10,True,Optimization terminated successfully
dose_response,0.02,37,pyGAM,0.0060017830477992595,0.0,0.09477360098389909,0.014352036989293993,0.1,2,True,
dose_response,0.02,38,MonotoneLSPIA,0.005075930170375373,4.4364512064022255e-13,0.005951317027211189,0.005951317027211189,,38,True,
dose_response,0.02,38,Penalized monotone B-spline,0.005104710550316707,4.4364512064022255e-13,0.04018129501491785,0.0017337989993393421,0.01,10,True,Optimization terminated successfully
dose_response,0.02,38,pyGAM,0.005102315182264459,1.6414869463688234e-10,0.10679612099193037,0.022370809980202466,0.01,2,True,
dose_response,0.02,39,MonotoneLSPIA,0.005850010922709246,0.0,0.006641463958658278,0.006641463958658278,,43,True,
dose_response,0.02,39,Penalized monotone B-spline,0.0057007506421416975,0.0,0.04101212602108717,0.0017490359605289996,0.01,10,True,Optimization terminated successfully
dose_response,0.02,39,pyGAM,0.0053199722453678286,0.0,0.09828996396390721,0.015486285032238811,0.01,2,True,
dose_response,0.02,40,MonotoneLSPIA,0.006359078717432847,0.0,0.006679218960925937,0.006679218960925937,,43,True,
dose_response,0.02,40,Penalized monotone B-spline,0.006457707615656558,0.0,0.03873020299943164,0.0018040830036625266,0.01,11,True,Optimization terminated successfully
dose_response,0.02,40,pyGAM,0.007579565990497025,0.0,0.1055737019632943,0.014226487022824585,0.1,2,True,
dose_response,0.02,41,MonotoneLSPIA,0.007647788304416111,0.0,0.006814377964474261,0.006814377964474261,,46,True,
dose_response,0.02,41,Penalized monotone B-spline,0.007508008208809456,0.0,0.040774436958599836,0.0020697209984064102,0.01,12,True,Optimization terminated successfully
dose_response,0.02,41,pyGAM,0.007418990770704993,0.0,0.10403645900078118,0.017902372987009585,0.01,2,True,
dose_response,0.02,42,MonotoneLSPIA,0.006451684788106833,0.0,0.0047604620340280235,0.0047604620340280235,,29,True,
dose_response,0.02,42,Penalized monotone B-spline,0.006461473098467162,0.0,0.04018268798245117,0.001976357016246766,0.01,13,True,Optimization terminated successfully
dose_response,0.02,42,pyGAM,0.006472804368306071,0.0,0.10935252899071202,0.018419260974042118,0.001,4,True,
dose_response,0.02,43,MonotoneLSPIA,0.005744332375461084,0.0,0.00550332700368017,0.00550332700368017,,34,True,
dose_response,0.02,43,Penalized monotone B-spline,0.005761296026137361,0.0,0.039355105021968484,0.0017885679844766855,0.01,10,True,Optimization terminated successfully
dose_response,0.02,43,pyGAM,0.006408149334572654,0.0,0.10718671802897006,0.018216004013083875,0.1,2,True,
dose_response,0.02,44,MonotoneLSPIA,0.004699177264494526,0.0,0.0050195770454593,0.0050195770454593,,30,True,
dose_response,0.02,44,Penalized monotone B-spline,0.004695411773520561,0.0,0.042837802961003035,0.0019870329997502267,0.0001,13,True,Optimization terminated successfully
dose_response,0.02,44,pyGAM,0.0043798017081769485,0.0,0.10641018504975364,0.014825885999016464,0.1,2,True,
dose_response,0.02,45,MonotoneLSPIA,0.00567652400297971,0.0,0.005783888977020979,0.005783888977020979,,37,True,
dose_response,0.02,45,Penalized monotone B-spline,0.005737919535095561,0.0,0.04044449096545577,0.0019803550094366074,0.01,13,True,Optimization terminated successfully
dose_response,0.02,45,pyGAM,0.005699447682332268,0.0,0.10907371196663007,0.018368582997936755,0.01,2,True,
dose_response,0.02,46,MonotoneLSPIA,0.004889480102887414,3.3273384048016694e-13,0.005761814012657851,0.005761814012657851,,36,True,
dose_response,0.02,46,Penalized monotone B-spline,0.00498938744416575,3.3273384048016694e-13,0.04121924703940749,0.0016427150112576783,0.01,9,True,Optimization terminated successfully
dose_response,0.02,46,pyGAM,0.004878868092555777,1.696942586448663e-10,0.10763339704135433,0.018618581001646817,0.001,5,True,
dose_response,0.02,47,MonotoneLSPIA,0.004412030445389736,0.0,0.005560783960390836,0.005560783960390836,,42,True,
dose_response,0.02,47,Penalized monotone B-spline,0.004485916669076968,0.0,0.033611009013839066,0.001489501039031893,0.01,10,True,Optimization terminated successfully
dose_response,0.02,47,pyGAM,0.004423321422140676,0.0,0.08612320601241663,0.0119319410296157,0.01,2,True,
dose_response,0.02,48,MonotoneLSPIA,0.005062704663822035,0.0,0.005091022001579404,0.005091022001579404,,40,True,
dose_response,0.02,48,Penalized monotone B-spline,0.004893034212787891,0.0,0.03493889601668343,0.0016710999771021307,0.01,14,True,Optimization terminated successfully
dose_response,0.02,48,pyGAM,0.004899358487856711,0.0,0.0909974540118128,0.02062070299871266,0.001,5,True,
dose_response,0.02,49,MonotoneLSPIA,0.005729386505900419,3.3273384048016694e-13,0.004219690978061408,0.004219690978061408,,28,True,
dose_response,0.02,49,Penalized monotone B-spline,0.0055917581860301015,5.545564008002782e-13,0.03435159497894347,0.0016697589890100062,0.01,13,True,Optimization terminated successfully
dose_response,0.02,49,pyGAM,0.005493811187496811,1.2865708498565027e-10,0.08940071798861027,0.016126766975503415,0.01,2,True,
dose_response,0.02,50,MonotoneLSPIA,0.00460221277291849,0.0,0.004937104997225106,0.004937104997225106,,31,True,
dose_response,0.02,50,Penalized monotone B-spline,0.004551629546808903,0.0,0.03400784794939682,0.0017726870137266815,0.01,13,True,Optimization terminated successfully
dose_response,0.02,50,pyGAM,0.004424620967521181,0.0,0.0869489960023202,0.015227623982354999,0.001,4,True,
dose_response,0.02,51,MonotoneLSPIA,0.005164165325073582,0.0,0.005343534983694553,0.005343534983694553,,42,True,
dose_response,0.02,51,Penalized monotone B-spline,0.005169325496433521,0.0,0.033443296037148684,0.0014834249741397798,0.0001,10,True,Optimization terminated successfully
dose_response,0.02,51,pyGAM,0.0050293276176221315,0.0,0.09267975203692913,0.014070998993702233,0.001,3,True,
dose_response,0.02,52,MonotoneLSPIA,0.0060954665580623835,0.0,0.006991505972109735,0.006991505972109735,,47,True,
dose_response,0.02,52,Penalized monotone B-spline,0.006106512447526389,0.0,0.039736995997373015,0.0019257559906691313,0.01,14,True,Optimization terminated successfully
dose_response,0.02,52,pyGAM,0.006429771823777333,0.0,0.12785025598714128,0.01453284895978868,0.1,2,True,
dose_response,0.02,53,MonotoneLSPIA,0.003624000666680223,0.0,0.0073700229986570776,0.0073700229986570776,,47,True,
dose_response,0.02,53,Penalized monotone B-spline,0.003613913986526687,0.0,0.03825602901633829,0.0016149660223163664,0.01,12,True,Optimization terminated successfully
dose_response,0.02,53,pyGAM,0.0035717182335423215,0.0,0.10952335997717455,0.014301568968221545,0.01,2,True,
dose_response,0.02,54,MonotoneLSPIA,0.007088015365184999,4.4364512064022255e-13,0.005818699020892382,0.005818699020892382,,37,True,
dose_response,0.02,54,Penalized monotone B-spline,0.006911346362550588,4.4364512064022255e-13,0.035057361994404346,0.0018571590189822018,0.01,11,True,Optimization terminated successfully
dose_response,0.02,54,pyGAM,0.006989939345022892,2.5309954132524695e-10,0.08679140399908647,0.015240359003655612,0.001,4,True,
dose_response,0.02,55,MonotoneLSPIA,0.00580377805869841,0.0,0.006453913985751569,0.006453913985751569,,50,True,
dose_response,0.02,55,Penalized monotone B-spline,0.005629444201094461,0.0,0.033391972014214844,0.0014885220443829894,0.01,12,True,Optimization terminated successfully
dose_response,0.02,55,pyGAM,0.004955198324932861,0.0,0.07691476598847657,0.011870868969708681,0.1,2,True,
dose_response,0.02,56,MonotoneLSPIA,0.006583507888958799,0.0,0.006451894994825125,0.006451894994825125,,38,True,
dose_response,0.02,56,Penalized monotone B-spline,0.006549148373298943,0.0,0.03773611702490598,0.0018569559906609356,0.01,12,True,Optimization terminated successfully
dose_response,0.02,56,pyGAM,0.006484202372488602,0.0,0.10761832998832688,0.018071914033498615,0.001,5,True,
dose_response,0.02,57,MonotoneLSPIA,0.0060338940379048136,0.0,0.005154517013579607,0.005154517013579607,,41,True,
dose_response,0.02,57,Penalized monotone B-spline,0.0058630557087686035,0.0,0.03289879800286144,0.0016413700068369508,0.01,13,True,Optimization terminated successfully
dose_response,0.02,57,pyGAM,0.005868672487936774,0.0,0.09084172401344404,0.014898418041411787,0.01,2,True,
dose_response,0.02,58,MonotoneLSPIA,0.006889573452387879,0.0,0.005069190985523164,0.005069190985523164,,36,True,
dose_response,0.02,58,Penalized monotone B-spline,0.006891121713745916,0.0,0.032887006003875285,0.0015149199753068388,0.0001,9,True,Optimization terminated successfully
dose_response,0.02,58,pyGAM,0.00655829036821954,0.0,0.09695802902569994,0.0160077849868685,0.01,2,True,
dose_response,0.02,59,MonotoneLSPIA,0.004978858787822016,3.3273384048016694e-13,0.005314219975844026,0.005314219975844026,,34,True,
dose_response,0.02,59,Penalized monotone B-spline,0.004930484882245504,4.4364512064022255e-13,0.0342065499862656,0.0015989500097930431,0.01,12,True,Optimization terminated successfully
dose_response,0.02,59,pyGAM,0.005040479028480286,1.6592327511944324e-10,0.09358388703549281,0.018076909997034818,0.01,3,True,
dose_response,0.02,60,MonotoneLSPIA,0.004755088881835567,0.0,0.005023029982112348,0.005023029982112348,,40,True,
dose_response,0.02,60,Penalized monotone B-spline,0.0047306249702417594,0.0,0.03890081599820405,0.001891441992484033,0.01,12,True,Optimization terminated successfully
dose_response,0.02,60,pyGAM,0.004741599493467508,0.0,0.10502554202685133,0.018010596046224236,0.01,2,True,
dose_response,0.02,61,MonotoneLSPIA,0.006017285965334791,0.0,0.0036102640442550182,0.0036102640442550182,,20,True,
dose_response,0.02,61,Penalized monotone B-spline,0.0061706115759516695,0.0,0.04193692497210577,0.0018413279904052615,0.01,11,True,Optimization terminated successfully
dose_response,0.02,61,pyGAM,0.007401519515777789,0.0,0.09715327003505081,0.017928729997947812,0.1,2,True,
dose_response,0.02,62,MonotoneLSPIA,0.003754994244723429,0.0,0.006667506007943302,0.006667506007943302,,44,True,
dose_response,0.02,62,Penalized monotone B-spline,0.0035242349903859735,0.0,0.04132919595576823,0.0019873579731211066,0.01,13,True,Optimization terminated successfully
dose_response,0.02,62,pyGAM,0.003494255966664457,0.0,0.1062179830041714,0.01827531203161925,0.01,2,True,
dose_response,0.02,63,MonotoneLSPIA,0.005409475939588039,0.0,0.006654078955762088,0.006654078955762088,,44,True,
dose_response,0.02,63,Penalized monotone B-spline,0.005231904871513068,0.0,0.042342490050941706,0.002099553996231407,0.01,14,True,Optimization terminated successfully
dose_response,0.02,63,pyGAM,0.005108944344728413,0.0,0.11340084095718339,0.014547742961440235,0.01,2,True,
dose_response,0.02,64,MonotoneLSPIA,0.005869123776873998,0.0,0.0055917310528457165,0.0055917310528457165,,35,True,
dose_response,0.02,64,Penalized monotone B-spline,0.005818927342458049,0.0,0.039486410038080066,0.001656553999055177,0.01,9,True,Optimization terminated successfully
dose_response,0.02,64,pyGAM,0.005791457929375591,0.0,0.10132161696674302,0.01440789201296866,0.01,2,True,
dose_response,0.02,65,MonotoneLSPIA,0.004081366337156347,3.3273384048016694e-13,0.00645857397466898,0.00645857397466898,,41,True,
dose_response,0.02,65,Penalized monotone B-spline,0.004105980859930574,4.4364512064022255e-13,0.040900694963056594,0.0018321549869142473,0.01,11,True,Optimization terminated successfully
dose_response,0.02,65,pyGAM,0.004567396122315459,4.0016789881743636e-10,0.10128674702718854,0.014636296953540295,0.1,2,True,
dose_response,0.02,66,MonotoneLSPIA,0.003510167868765812,4.4364512064022255e-13,0.006578045024070889,0.006578045024070889,,41,True,
dose_response,0.02,66,Penalized monotone B-spline,0.003355254903793824,4.4364512064022255e-13,0.03897627198603004,0.0018165839719586074,0.01,11,True,Optimization terminated successfully
dose_response,0.02,66,pyGAM,0.003705106348740366,1.2222423073638132e-10,0.1087544159963727,0.018816344963852316,0.1,2,True,
dose_response,0.02,67,MonotoneLSPIA,0.005673935029139122,3.3273384048016694e-13,0.006086360022891313,0.006086360022891313,,39,True,
dose_response,0.02,67,Penalized monotone B-spline,0.005830426744178466,3.3273384048016694e-13,0.0419749699649401,0.0017445969861000776,0.01,9,True,Optimization terminated successfully
dose_response,0.02,67,pyGAM,0.007315206546306136,2.1927160087640567e-10,0.10097461804980412,0.018398751970380545,0.1,2,True,
dose_response,0.02,68,MonotoneLSPIA,0.0036245817282363237,0.0,0.005912929016631097,0.005912929016631097,,36,True,
dose_response,0.02,68,Penalized monotone B-spline,0.00357576453145885,0.0,0.04199307400267571,0.001986225019209087,0.01,12,True,Optimization terminated successfully
dose_response,0.02,68,pyGAM,0.003541560515273113,0.0,0.11753286700695753,0.018631874001584947,0.01,2,True,
dose_response,0.02,69,MonotoneLSPIA,0.0053963017382310415,0.0,0.006781526957638562,0.006781526957638562,,45,True,
dose_response,0.02,69,Penalized monotone B-spline,0.005281943775700048,0.0,0.04135026305448264,0.001955815008841455,0.01,13,True,Optimization terminated successfully
dose_response,0.02,69,pyGAM,0.004998570700938347,0.0,0.09269927500281483,0.0145369169767946,0.1,2,True,
dose_response,0.02,70,MonotoneLSPIA,0.003929290839043235,0.0,0.004081388004124165,0.004081388004124165,,23,True,
dose_response,0.02,70,Penalized monotone B-spline,0.003998409028648429,0.0,0.043297260999679565,0.0021078390418551862,0.01,14,True,Optimization terminated successfully
dose_response,0.02,70,pyGAM,0.005232072742380193,0.0,0.11573401698842645,0.014359571970999241,0.1,3,True,
dose_response,0.02,71,MonotoneLSPIA,0.004789162675520089,0.0,0.0030192530248314142,0.0030192530248314142,,15,True,
dose_response,0.02,71,Penalized monotone B-spline,0.004849321600717953,0.0,0.04230738297337666,0.0020355599699541926,0.01,13,True,Optimization terminated successfully
dose_response,0.02,71,pyGAM,0.005908514012877939,0.0,0.10121357103344053,0.014295266999397427,0.1,3,True,
dose_response,0.02,72,MonotoneLSPIA,0.0058019595006607244,4.4364512064022255e-13,0.004190395993646234,0.004190395993646234,,24,True,
dose_response,0.02,72,Penalized monotone B-spline,0.005806710449130835,4.4364512064022255e-13,0.03845339402323589,0.0016267980099655688,0.0001,9,True,Optimization terminated successfully
dose_response,0.02,72,pyGAM,0.005699938156175933,2.2514989872488797e-10,0.1090524879982695,0.01791846501873806,0.01,2,True,
dose_response,0.02,73,MonotoneLSPIA,0.004727209291223745,0.0,0.005687675031367689,0.005687675031367689,,36,True,
dose_response,0.02,73,Penalized monotone B-spline,0.004809197455161806,0.0,0.03863720502704382,0.001841482997406274,0.01,11,True,Optimization terminated successfully
dose_response,0.02,73,pyGAM,0.00564100570713391,0.0,0.10612320201471448,0.018259837990626693,0.1,2,True,
dose_response,0.02,74,MonotoneLSPIA,0.005921947661297686,0.0,0.0077023840276524425,0.0077023840276524425,,51,True,
dose_response,0.02,74,Penalized monotone B-spline,0.005756898357590551,0.0,0.040916230995208025,0.001778594043571502,0.01,10,True,Optimization terminated successfully
dose_response,0.02,74,pyGAM,0.005693872179970085,0.0,0.10380819399142638,0.014626607007812709,0.01,2,True,
dose_response,0.02,75,MonotoneLSPIA,0.003229241039267888,0.0,0.005476035003084689,0.005476035003084689,,34,True,
dose_response,0.02,75,Penalized monotone B-spline,0.0031056730832233473,0.0,0.04065796994837001,0.001986429968383163,0.01,13,True,Optimization terminated successfully
dose_response,0.02,75,pyGAM,0.003204164211084087,0.0,0.11290941102197394,0.01798300602240488,0.001,4,True,
dose_response,0.02,76,MonotoneLSPIA,0.004382759170260101,3.3273384048016694e-13,0.005963184987194836,0.005963184987194836,,38,True,
dose_response,0.02,76,Penalized monotone B-spline,0.004272493005254548,4.4364512064022255e-13,0.04006260202731937,0.0016707279719412327,0.01,9,True,Optimization terminated successfully
dose_response,0.02,76,pyGAM,0.004179306608204796,3.7798564278546963e-10,0.11237067804904655,0.019214413012377918,0.01,2,True,
dose_response,0.02,77,MonotoneLSPIA,0.005758873797665501,0.0,0.007270529982633889,0.007270529982633889,,47,True,
dose_response,0.02,77,Penalized monotone B-spline,0.0058010616944576005,0.0,0.03881046600872651,0.0018075950210914016,0.01,10,True,Optimization terminated successfully
dose_response,0.02,77,pyGAM,0.006778317773134539,0.0,0.0903410500031896,0.011989919992629439,0.1,2,True,
dose_response,0.02,78,MonotoneLSPIA,0.005455660988619885,0.0,0.005897282040677965,0.005897282040677965,,46,True,
dose_response,0.02,78,Penalized monotone B-spline,0.005143743341453919,0.0,0.03402324201306328,0.0015661699580959976,0.01,12,True,Optimization terminated successfully
dose_response,0.02,78,pyGAM,0.005107501103517311,0.0,0.0832522299606353,0.015511628007516265,0.01,2,True,
dose_response,0.02,79,MonotoneLSPIA,0.006682268657499751,0.0,0.005105813965201378,0.005105813965201378,,36,True,
dose_response,0.02,79,Penalized monotone B-spline,0.006631836347647397,0.0,0.03568297601304948,0.001756433048285544,0.01,13,True,Optimization terminated successfully
dose_response,0.02,79,pyGAM,0.006483264890334962,0.0,0.10393480700440705,0.018602053984068334,0.01,2,True,
dose_response,0.02,80,MonotoneLSPIA,0.005063121814899505,4.4364512064022255e-13,0.004536369990091771,0.004536369990091771,,31,True,
dose_response,0.02,80,Penalized monotone B-spline,0.005058178437004739,3.3273384048016694e-13,0.036307731992565095,0.0013912669965066016,0.01,7,True,Optimization terminated successfully
dose_response,0.02,80,pyGAM,0.005047702892310966,6.521583273410549e-10,0.10379777202615514,0.01675602199975401,0.01,2,True,
dose_response,0.02,81,MonotoneLSPIA,0.006519474173656293,0.0,0.005517670011613518,0.005517670011613518,,43,True,
dose_response,0.02,81,Penalized monotone B-spline,0.006520642044345214,0.0,0.036840627959463745,0.0015508810174651444,0.01,12,True,Optimization terminated successfully
dose_response,0.02,81,pyGAM,0.006534978503860778,0.0,0.08179905900033191,0.018155863974243402,0.001,5,True,
dose_response,0.02,82,MonotoneLSPIA,0.004370713038765004,0.0,0.005023076024372131,0.005023076024372131,,39,True,
dose_response,0.02,82,Penalized monotone B-spline,0.004349641278370489,0.0,0.03261187701718882,0.0018686270341277122,0.0001,11,True,Optimization terminated successfully
dose_response,0.02,82,pyGAM,0.004198907025013582,0.0,0.0901656579808332,0.015597301011439413,0.01,2,True,
dose_response,0.02,83,MonotoneLSPIA,0.006401889447797459,0.0,0.0062833200208842754,0.0062833200208842754,,53,True,
dose_response,0.02,83,Penalized monotone B-spline,0.006140826653685631,0.0,0.0373694229638204,0.0017067889566533267,0.01,11,True,Optimization terminated successfully
dose_response,0.02,83,pyGAM,0.005519702907496333,0.0,0.0742786000482738,0.012256185000296682,0.1,2,True,
dose_response,0.02,84,MonotoneLSPIA,0.004158469521785604,0.0,0.005161960027180612,0.005161960027180612,,40,True,
dose_response,0.02,84,Penalized monotone B-spline,0.004299294935048931,0.0,0.03592041600495577,0.0015788940363563597,0.01,11,True,Optimization terminated successfully
dose_response,0.02,84,pyGAM,0.005618449448129141,0.0,0.08283475099597126,0.012501410965342075,0.1,2,True,
dose_response,0.02,85,MonotoneLSPIA,0.005357828362744751,0.0,0.004881637985818088,0.004881637985818088,,37,True,
dose_response,0.02,85,Penalized monotone B-spline,0.005346899007990339,0.0,0.031803963996935636,0.0013571989838965237,0.01,9,True,Optimization terminated successfully
dose_response,0.02,85,pyGAM,0.005934194271249769,0.0,0.09050809900509194,0.016653385013341904,0.1,2,True,
dose_response,0.02,86,MonotoneLSPIA,0.00814318108305739,0.0,0.005113392951898277,0.005113392951898277,,36,True,
dose_response,0.02,86,Penalized monotone B-spline,0.008139185281817533,0.0,0.03464020596584305,0.0016075439634732902,0.01,9,True,Optimization terminated successfully
dose_response,0.02,86,pyGAM,0.008555330967459182,0.0,0.09318510297453031,0.015807550051249564,0.1,2,True,
dose_response,0.02,87,MonotoneLSPIA,0.005008988129352442,2.2182256032011127e-13,0.005394609994255006,0.005394609994255006,,34,True,
dose_response,0.02,87,Penalized monotone B-spline,0.00501620438782803,2.2182256032011127e-13,0.03702913800952956,0.0019453339627943933,0.01,14,True,Optimization terminated successfully
dose_response,0.02,87,pyGAM,0.00489852819754702,7.896883147395086e-11,0.10028036998119205,0.016019017959479243,0.01,2,True,
dose_response,0.02,88,MonotoneLSPIA,0.004634972948165074,4.4364512064022255e-13,0.004680474987253547,0.004680474987253547,,35,True,
dose_response,0.02,88,Penalized monotone B-spline,0.004771973195751211,2.2182256032011127e-13,0.03489767597056925,0.0014235719572752714,0.01,9,True,Optimization terminated successfully
dose_response,0.02,88,pyGAM,0.005975463226889575,3.5935254771858025e-11,0.08891100203618407,0.015853844990488142,0.1,2,True,
dose_response,0.02,89,MonotoneLSPIA,0.007003767099568254,0.0,0.005492357013281435,0.005492357013281435,,39,True,
dose_response,0.02,89,Penalized monotone B-spline,0.0071710094823727874,0.0,0.0343274119659327,0.0015511350356973708,0.01,11,True,Optimization terminated successfully
dose_response,0.02,89,pyGAM,0.008461998474059389,0.0,0.09196315798908472,0.012405966990627348,0.1,3,True,
dose_response,0.02,90,MonotoneLSPIA,0.00449098062059825,3.3273384048016694e-13,0.005806745961308479,0.005806745961308479,,40,True,
dose_response,0.02,90,Penalized monotone B-spline,0.004504503438227958,3.3273384048016694e-13,0.034114800975658,0.0017458589863963425,0.0001,11,True,Optimization terminated successfully
dose_response,0.02,90,pyGAM,0.004771377874613332,2.1838431063512532e-10,0.09508803498465568,0.012466619024053216,0.1,3,True,
dose_response,0.02,91,MonotoneLSPIA,0.006359521522863074,0.0,0.005134238977916539,0.005134238977916539,,41,True,
dose_response,0.02,91,Penalized monotone B-spline,0.006023925160232697,0.0,0.03416537499288097,0.0017749430262483656,0.01,14,True,Optimization terminated successfully
dose_response,0.02,91,pyGAM,0.005993631628192805,0.0,0.08105247805360705,0.015196607972029597,0.01,2,True,
dose_response,0.02,92,MonotoneLSPIA,0.0046229403497654795,0.0,0.005034353001974523,0.005034353001974523,,38,True,
dose_response,0.02,92,Penalized monotone B-spline,0.0046001512163479615,0.0,0.03480342496186495,0.0016307549667544663,0.01,14,True,Optimization terminated successfully
dose_response,0.02,92,pyGAM,0.0045435070687815104,0.0,0.10157603700645268,0.015829426993150264,0.001,4,True,
dose_response,0.02,93,MonotoneLSPIA,0.0038716030191607,3.3273384048016694e-13,0.003810905967839062,0.003810905967839062,,28,True,
dose_response,0.02,93,Penalized monotone B-spline,0.00398338986316678,4.4364512064022255e-13,0.032034384028520435,0.0012582849594764411,0.01,8,True,Optimization terminated successfully
dose_response,0.02,93,pyGAM,0.005096008857682108,2.806055388049096e-10,0.1013270560069941,0.01711199601413682,0.1,2,True,
dose_response,0.02,94,MonotoneLSPIA,0.00453106864099212,0.0,0.005799154983833432,0.005799154983833432,,44,True,
dose_response,0.02,94,Penalized monotone B-spline,0.004479567428370927,0.0,0.032846905989572406,0.0013694250374101102,0.01,8,True,Optimization terminated successfully
dose_response,0.02,94,pyGAM,0.004626702114279275,0.0,0.09062955802073702,0.012135061959270388,0.1,2,True,
dose_response,0.02,95,MonotoneLSPIA,0.004219680194511304,4.4364512064022255e-13,0.004234221007209271,0.004234221007209271,,32,True,
dose_response,0.02,95,Penalized monotone B-spline,0.004040005258906629,4.4364512064022255e-13,0.03294172900496051,0.001608877966646105,0.01,13,True,Optimization terminated successfully
dose_response,0.02,95,pyGAM,0.00399728244264538,1.6614509767976335e-10,0.09029853699030355,0.015161297982558608,0.01,2,True,
dose_response,0.02,96,MonotoneLSPIA,0.00793063666972319,3.3273384048016694e-13,0.004237681976519525,0.004237681976519525,,32,True,
dose_response,0.02,96,Penalized monotone B-spline,0.007963139865387882,0.0,0.034570330986753106,0.0019298010156489909,0.01,12,True,Optimization terminated successfully
dose_response,0.02,96,pyGAM,0.007860175980126425,7.675060587074999e-11,0.09289549401728436,0.019849959993734956,0.001,5,True,
dose_response,0.02,97,MonotoneLSPIA,0.004210976411387427,3.3273384048016694e-13,0.0047760470188222826,0.0047760470188222826,,34,True,
dose_response,0.02,97,Penalized monotone B-spline,0.004289997865784002,3.3273384048016694e-13,0.03207509295316413,0.001262456993572414,0.01,8,True,Optimization terminated successfully
dose_response,0.02,97,pyGAM,0.004298489169069871,1.9076740187527454e-10,0.09521706402301788,0.01947583700530231,0.01,2,True,
dose_response,0.02,98,MonotoneLSPIA,0.005191218046364905,0.0,0.005136947031132877,0.005136947031132877,,39,True,
dose_response,0.02,98,Penalized monotone B-spline,0.005189607815126811,0.0,0.03470608900533989,0.001553360023535788,0.01,12,True,Optimization terminated successfully
dose_response,0.02,98,pyGAM,0.005717829279233697,0.0,0.09407314303098246,0.015209603996481746,0.1,3,True,
dose_response,0.02,99,MonotoneLSPIA,0.005800462566393074,4.4364512064022255e-13,0.004273972997907549,0.004273972997907549,,30,True,
dose_response,0.02,99,Penalized monotone B-spline,0.005797744723944897,3.3273384048016694e-13,0.0323025900288485,0.0013391029788181186,1e-08,9,True,Optimization terminated successfully
dose_response,0.02,99,pyGAM,0.005685152100752497,1.2433154505942236e-10,0.0877175799687393,0.015991927997674793,0.01,2,True,
dose_response,0.02,100,MonotoneLSPIA,0.006455073563563261,0.0,0.00305103202117607,0.00305103202117607,,21,True,
dose_response,0.02,100,Penalized monotone B-spline,0.006442352755438275,0.0,0.03458735300228,0.0016010589897632599,0.01,13,True,Optimization terminated successfully
dose_response,0.02,100,pyGAM,0.006440842182945782,0.0,0.0965804909938015,0.01891248399624601,0.01,2,True,
dose_response,0.05,1,MonotoneLSPIA,0.012270450313544604,0.0,0.009261536004487425,0.009261536004487425,,52,True,
dose_response,0.05,1,Penalized monotone B-spline,0.012156333027179436,0.0,0.04147363099036738,0.0017404570244252682,0.01,9,True,Optimization terminated successfully
dose_response,0.05,1,pyGAM,0.011951967076892445,0.0,0.09357399004511535,0.014209121989551932,0.01,2,True,
dose_response,0.05,2,MonotoneLSPIA,0.011818995129339671,4.4364512064022255e-13,0.005327579041477293,0.005327579041477293,,33,True,
dose_response,0.05,2,Penalized monotone B-spline,0.01155717205309942,4.4364512064022255e-13,0.038945492007769644,0.0017968750325962901,0.01,11,True,Optimization terminated successfully
dose_response,0.05,2,pyGAM,0.011551710795622281,1.102458124790953e-09,0.1107160149840638,0.021802896982990205,0.01,2,True,
dose_response,0.05,3,MonotoneLSPIA,0.013778681213461538,0.0,0.007537821016740054,0.007537821016740054,,49,True,
dose_response,0.05,3,Penalized monotone B-spline,0.013743185967703542,0.0,0.04078211297746748,0.0018845850136131048,0.01,11,True,Optimization terminated successfully
dose_response,0.05,3,pyGAM,0.01339761007344505,0.0,0.10086872603278607,0.01432393497088924,0.1,2,True,
dose_response,0.05,4,MonotoneLSPIA,0.013787856430309112,0.0,0.005765569978393614,0.005765569978393614,,37,True,
dose_response,0.05,4,Penalized monotone B-spline,0.013776674829247198,0.0,0.038976378040388227,0.0017498109955340624,0.0001,10,True,Optimization terminated successfully
dose_response,0.05,4,pyGAM,0.011841816226952531,0.0,0.0894724529935047,0.013955077971331775,0.1,2,True,
dose_response,0.05,5,MonotoneLSPIA,0.012974787143184502,0.0,0.005154778948053718,0.005154778948053718,,33,True,
dose_response,0.05,5,Penalized monotone B-spline,0.012986672190827702,0.0,0.03998469701036811,0.0018516919808462262,0.0001,11,True,Optimization terminated successfully
dose_response,0.05,5,pyGAM,0.012176638113675966,0.0,0.09938197099836543,0.01802147104172036,0.01,2,True,
dose_response,0.05,6,MonotoneLSPIA,0.010938839628719206,4.4364512064022255e-13,0.004818180983420461,0.004818180983420461,,28,True,
dose_response,0.05,6,Penalized monotone B-spline,0.010847232500298004,4.4364512064022255e-13,0.039349832048173994,0.001831347995903343,0.01,11,True,Optimization terminated successfully
dose_response,0.05,6,pyGAM,0.010742382991302596,1.1115528497640623e-09,0.10927034600172192,0.018129559990484267,0.1,2,True,
dose_response,0.05,7,MonotoneLSPIA,0.010550736009625342,3.3273384048016694e-13,0.004693335969932377,0.004693335969932377,,25,True,
dose_response,0.05,7,Penalized monotone B-spline,0.01058986320667797,3.3273384048016694e-13,0.04152032395359129,0.001976483967155218,0.01,13,True,Optimization terminated successfully
dose_response,0.05,7,pyGAM,0.00960118932879053,0.0,0.108801249996759,0.017854477046057582,0.1,2,True,
dose_response,0.05,8,MonotoneLSPIA,0.010703503950921126,3.4659775050016606e-15,0.004692173970397562,0.004692173970397562,,28,True,
dose_response,0.05,8,Penalized monotone B-spline,0.010618283753271647,3.4659775050016665e-15,0.03854441602015868,0.0014519019750878215,0.01,8,True,Optimization terminated successfully
dose_response,0.05,8,pyGAM,0.01031619566483577,1.197176358047624e-09,0.1095226570032537,0.014264201978221536,0.1,3,True,
dose_response,0.05,9,MonotoneLSPIA,0.014763519749816016,0.0,0.004799439979251474,0.004799439979251474,,29,True,
dose_response,0.05,9,Penalized monotone B-spline,0.014282953139173432,0.0,0.041881710989400744,0.0019408590160310268,0.01,12,True,Optimization terminated successfully
dose_response,0.05,9,pyGAM,0.012127351353180946,0.0,0.09797548298956826,0.01413100800709799,0.1,2,True,
dose_response,0.05,10,MonotoneLSPIA,0.013948499466294048,0.0,0.006325150025077164,0.006325150025077164,,42,True,
dose_response,0.05,10,Penalized monotone B-spline,0.01377186477732519,0.0,0.04000493895728141,0.0018773169722408056,0.01,12,True,Optimization terminated successfully
dose_response,0.05,10,pyGAM,0.019600422784715712,0.0,0.10983846301678568,0.018001128046307713,1.0,4,True,
dose_response,0.05,11,MonotoneLSPIA,0.012172853326437506,0.0,0.006744922022335231,0.006744922022335231,,45,True,
dose_response,0.05,11,Penalized monotone B-spline,0.01212248600853504,0.0,0.041108549979981035,0.0018575629801489413,0.01,11,True,Optimization terminated successfully
dose_response,0.05,11,pyGAM,0.011872940905795892,0.0,0.10328787798061967,0.013991404965054244,0.1,3,True,
dose_response,0.05,12,MonotoneLSPIA,0.00954315780054608,0.0,0.005653575004544109,0.005653575004544109,,37,True,
dose_response,0.05,12,Penalized monotone B-spline,0.009596940432225098,0.0,0.04007694101892412,0.002041152969468385,0.01,12,True,Optimization terminated successfully
dose_response,0.05,12,pyGAM,0.01019039527105477,0.0,0.111521148995962,0.014347562042530626,0.1,3,True,
dose_response,0.05,13,MonotoneLSPIA,0.013230425049748007,0.0,0.007199861982371658,0.007199861982371658,,46,True,
dose_response,0.05,13,Penalized monotone B-spline,0.01329756178931382,0.0,0.041432968981098384,0.001988954027183354,0.01,12,True,Optimization terminated successfully
dose_response,0.05,13,pyGAM,0.01385200418764059,0.0,0.09568206698168069,0.014176542987115681,0.1,2,True,
dose_response,0.05,14,MonotoneLSPIA,0.011832775669772347,4.4364512064022255e-13,0.004014929989352822,0.004014929989352822,,23,True,
dose_response,0.05,14,Penalized monotone B-spline,0.011899460856779606,4.4364512064022255e-13,0.04011935496237129,0.002041429979726672,0.01,14,True,Optimization terminated successfully
dose_response,0.05,14,pyGAM,0.012668209494305886,9.917686671912175e-10,0.10888408496975899,0.01813628798117861,0.1,2,True,
dose_response,0.05,15,MonotoneLSPIA,0.012940676411332702,4.4364512064022255e-13,0.006197993992827833,0.006197993992827833,,40,True,
dose_response,0.05,15,Penalized monotone B-spline,0.012835000473359977,3.3273384048016694e-13,0.03870454803109169,0.0016400290187448263,0.01,9,True,Optimization terminated successfully
dose_response,0.05,15,pyGAM,0.012335890858858247,5.851679141244536e-10,0.10801079502562061,0.018099655979312956,0.1,2,True,
dose_response,0.05,16,MonotoneLSPIA,0.012501436623004115,0.0,0.004489600018132478,0.004489600018132478,,26,True,
dose_response,0.05,16,Penalized monotone B-spline,0.012367513477628345,0.0,0.03865138301625848,0.0018336889916099608,0.01,11,True,Optimization terminated successfully
dose_response,0.05,16,pyGAM,0.012352151366465076,0.0,0.10346381895942613,0.017516171967145056,0.001,4,True,
dose_response,0.05,17,MonotoneLSPIA,0.01014405645550416,3.3273384048016694e-13,0.004203627991955727,0.004203627991955727,,25,True,
dose_response,0.05,17,Penalized monotone B-spline,0.009953504920903666,3.3273384048016694e-13,0.03994331503054127,0.0016452799900434911,0.01,10,True,Optimization terminated successfully
dose_response,0.05,17,pyGAM,0.009053063299820783,9.555006785787734e-10,0.10625656502088532,0.015105208032764494,0.1,2,True,
dose_response,0.05,18,MonotoneLSPIA,0.011429127852604115,4.4364512064022255e-13,0.004748842970002443,0.004748842970002443,,28,True,
dose_response,0.05,18,Penalized monotone B-spline,0.011056049554539068,4.4364512064022255e-13,0.040550323959905654,0.0020271260291337967,0.01,13,True,Optimization terminated successfully
dose_response,0.05,18,pyGAM,0.009314843519268807,3.7909475558702813e-10,0.10354547499446198,0.018415537022519857,0.1,3,True,
dose_response,0.05,19,MonotoneLSPIA,0.016937660876719614,0.0,0.006479693984147161,0.006479693984147161,,42,True,
dose_response,0.05,19,Penalized monotone B-spline,0.01679992364998842,0.0,0.039760933024808764,0.002159451018087566,0.01,14,True,Optimization terminated successfully
dose_response,0.05,19,pyGAM,0.01518729102772878,0.0,0.09306895901681855,0.01446870097424835,0.1,2,True,
dose_response,0.05,20,MonotoneLSPIA,0.018491626584848268,0.0,0.0056212120107375085,0.0056212120107375085,,36,True,
dose_response,0.05,20,Penalized monotone B-spline,0.018470713252136898,0.0,0.04120757104828954,0.00191192002967,0.01,13,True,Optimization terminated successfully
dose_response,0.05,20,pyGAM,0.01854463947442311,0.0,0.09418510604882613,0.01807753398315981,0.1,2,True,
dose_response,0.05,21,MonotoneLSPIA,0.013824487004438727,4.4364512064022255e-13,0.004846317984629422,0.004846317984629422,,29,True,
dose_response,0.05,21,Penalized monotone B-spline,0.013314915152920262,3.3273384048016694e-13,0.03968433802947402,0.001546784013044089,0.01,9,True,Optimization terminated successfully
dose_response,0.05,21,pyGAM,0.013086642716136201,5.770713906727695e-10,0.10455458599608392,0.018352849001530558,0.01,2,True,
dose_response,0.05,22,MonotoneLSPIA,0.009274955632491592,0.0,0.005958189954981208,0.005958189954981208,,37,True,
dose_response,0.05,22,Penalized monotone B-spline,0.009301737313808251,0.0,0.04022154200356454,0.001975980994757265,0.01,13,True,Optimization terminated successfully
dose_response,0.05,22,pyGAM,0.018294981655634226,3.214208899038056e-10,0.10372159199323505,0.017578125989530236,1.0,3,True,
dose_response,0.05,23,MonotoneLSPIA,0.012538908286831582,0.0,0.004673307004850358,0.004673307004850358,,29,True,
dose_response,0.05,23,Penalized monotone B-spline,0.012155280537143938,0.0,0.039300185977481306,0.00206314300885424,0.01,12,True,Optimization terminated successfully
dose_response,0.05,23,pyGAM,0.009880623347582865,0.0,0.08896493900101632,0.015104448015335947,0.1,2,True,
dose_response,0.05,24,MonotoneLSPIA,0.013224676059270244,3.3273384048016694e-13,0.003710618009790778,0.003710618009790778,,26,True,
dose_response,0.05,24,Penalized monotone B-spline,0.013089606759216834,4.4364512064022255e-13,0.0326658749836497,0.001702253008261323,0.01,13,True,Optimization terminated successfully
dose_response,0.05,24,pyGAM,0.013097594688389013,6.67685906563535e-10,0.09769202105235308,0.022428741969633847,0.01,2,True,
dose_response,0.05,25,MonotoneLSPIA,0.01573295010688318,4.4364512064022255e-13,0.005393120984081179,0.005393120984081179,,43,True,
dose_response,0.05,25,Penalized monotone B-spline,0.01572207888168429,4.4364512064022255e-13,0.03326335299061611,0.0013017129967920482,0.0001,9,True,Optimization terminated successfully
dose_response,0.05,25,pyGAM,0.014937158399104098,7.053957418179539e-11,0.08880725997732952,0.01182982901809737,0.01,2,True,
dose_response,0.05,26,MonotoneLSPIA,0.011965424842695159,0.0,0.005298283998854458,0.005298283998854458,,42,True,
dose_response,0.05,26,Penalized monotone B-spline,0.012035692970201657,0.0,0.03524678299436346,0.0015866809990257025,0.01,13,True,Optimization terminated successfully
dose_response,0.05,26,pyGAM,0.012492293090932922,0.0,0.0793252150178887,0.01585041597718373,0.1,2,True,
dose_response,0.05,27,MonotoneLSPIA,0.017157398891078653,0.0,0.005306109960656613,0.005306109960656613,,43,True,
dose_response,0.05,27,Penalized monotone B-spline,0.01702497293240677,0.0,0.034972393012139946,0.0013505099923349917,0.01,9,True,Optimization terminated successfully
dose_response,0.05,27,pyGAM,0.01640389102172911,0.0,0.09353549499064684,0.01437874895054847,0.1,3,True,
dose_response,0.05,28,MonotoneLSPIA,0.018039997226292858,0.0,0.005368890997488052,0.005368890997488052,,41,True,
dose_response,0.05,28,Penalized monotone B-spline,0.017465602293531578,0.0,0.035745530971325934,0.0016448330134153366,0.01,12,True,Optimization terminated successfully
dose_response,0.05,28,pyGAM,0.017808434912541776,0.0,0.0940880780108273,0.01493584900163114,0.001,4,True,
dose_response,0.05,29,MonotoneLSPIA,0.013131314066280856,0.0,0.005426095973234624,0.005426095973234624,,44,True,
dose_response,0.05,29,Penalized monotone B-spline,0.012972392053438132,0.0,0.035649558005388826,0.0016438079765066504,0.01,12,True,Optimization terminated successfully
dose_response,0.05,29,pyGAM,0.012271330593450286,0.0,0.08883551298640668,0.012180519988760352,0.1,2,True,
dose_response,0.05,30,MonotoneLSPIA,0.012605565036270076,0.0,0.006154690985567868,0.006154690985567868,,44,True,
dose_response,0.05,30,Penalized monotone B-spline,0.012296780192637424,0.0,0.035322756972163916,0.0016516169998794794,0.01,12,True,Optimization terminated successfully
dose_response,0.05,30,pyGAM,0.011410437281792028,0.0,0.08000797301065177,0.012582600000314415,0.1,3,True,
dose_response,0.05,31,MonotoneLSPIA,0.008391216811184906,3.3273384048016694e-13,0.0044362759799696505,0.0044362759799696505,,34,True,
dose_response,0.05,31,Penalized monotone B-spline,0.0080760281387297,2.2182256032011127e-13,0.035701066022738814,0.0014288679813034832,0.01,10,True,Optimization terminated successfully
dose_response,0.05,31,pyGAM,0.005909618787192382,7.307944249746066e-10,0.09291329700499773,0.016377098974771798,0.1,2,True,
dose_response,0.05,32,MonotoneLSPIA,0.015219573603189828,3.3273384048016694e-13,0.004585762042552233,0.004585762042552233,,36,True,
dose_response,0.05,32,Penalized monotone B-spline,0.014979294632725739,4.4364512064022255e-13,0.03303307801252231,0.0013330120127648115,0.01,10,True,Optimization terminated successfully
dose_response,0.05,32,pyGAM,0.014176550498948219,1.8629767728484548e-09,0.0905233399826102,0.016551385982893407,0.1,2,True,
dose_response,0.05,33,MonotoneLSPIA,0.010555256887915697,0.0,0.005120232002809644,0.005120232002809644,,31,True,
dose_response,0.05,33,Penalized monotone B-spline,0.010647074382244732,0.0,0.03778979799244553,0.001661863992922008,0.01,11,True,Optimization terminated successfully
dose_response,0.05,33,pyGAM,0.011457901509899044,0.0,0.09525217197369784,0.013882076949812472,0.1,3,True,
dose_response,0.05,34,MonotoneLSPIA,0.011428108904992644,0.0,0.005988285003695637,0.005988285003695637,,38,True,
dose_response,0.05,34,Penalized monotone B-spline,0.01891294754748104,0.0,0.039281764009501785,0.00164183002198115,1.0,7,True,Optimization terminated successfully
dose_response,0.05,34,pyGAM,0.01143351601968447,0.0,0.08682967099593952,0.012071784993167967,0.1,2,True,
dose_response,0.05,35,MonotoneLSPIA,0.006833255732105428,4.436451206401733e-13,0.0037759450497105718,0.0037759450497105718,,27,True,
dose_response,0.05,35,Penalized monotone B-spline,0.0065980310417172415,4.4364512064022255e-13,0.031177880009636283,0.001407847972586751,0.01,10,True,Optimization terminated successfully
dose_response,0.05,35,pyGAM,0.006318744648448651,7.719425099139872e-10,0.0867348539759405,0.014757951954379678,0.1,2,True,
dose_response,0.05,36,MonotoneLSPIA,0.012617860210561941,4.4364512064022255e-13,0.003822450991719961,0.003822450991719961,,27,True,
dose_response,0.05,36,Penalized monotone B-spline,0.01247887704869848,3.3273384048016694e-13,0.029933906975202262,0.0014630249934270978,0.01,10,True,Optimization terminated successfully
dose_response,0.05,36,pyGAM,0.0120398876786629,1.6580127271124877e-09,0.090804326988291,0.014786823012400419,0.1,2,True,
dose_response,0.05,37,MonotoneLSPIA,0.010629838073984552,0.0,0.005155982042197138,0.005155982042197138,,36,True,
dose_response,0.05,37,Penalized monotone B-spline,0.01064059493070241,0.0,0.032552024989854544,0.0016140619991347194,1e-08,13,True,Optimization terminated successfully
dose_response,0.05,37,pyGAM,0.010516109578933642,0.0,0.0894000640255399,0.015561899985186756,0.01,2,True,
dose_response,0.05,38,MonotoneLSPIA,0.011117509413833562,0.0,0.0036690980195999146,0.0036690980195999146,,26,True,
dose_response,0.05,38,Penalized monotone B-spline,0.0112409706030428,0.0,0.03338137100217864,0.0015691100270487368,0.01,13,True,Optimization terminated successfully
dose_response,0.05,38,pyGAM,0.012394419491109705,0.0,0.09331096604000777,0.016157372971065342,0.1,2,True,
dose_response,0.05,39,MonotoneLSPIA,0.015142400511080942,0.0,0.006418305041734129,0.006418305041734129,,50,True,
dose_response,0.05,39,Penalized monotone B-spline,0.014846429540071846,0.0,0.03545118501642719,0.00146243697963655,0.01,10,True,Optimization terminated successfully
dose_response,0.05,39,pyGAM,0.013113537753050297,0.0,0.08435550902504474,0.011964242963586003,0.1,2,True,
dose_response,0.05,40,MonotoneLSPIA,0.008415054395243843,0.0,0.0037163440138101578,0.0037163440138101578,,26,True,
dose_response,0.05,40,Penalized monotone B-spline,0.008189098274222723,0.0,0.0339257110026665,0.0014837099588476121,0.01,10,True,Optimization terminated successfully
dose_response,0.05,40,pyGAM,0.006838578413938873,0.0,0.08543804398505017,0.016900459013413638,0.1,2,True,
dose_response,0.05,41,MonotoneLSPIA,0.013351204081689876,3.3273384048016694e-13,0.004357222991529852,0.004357222991529852,,30,True,
dose_response,0.05,41,Penalized monotone B-spline,0.013211164223435561,4.4364512064022255e-13,0.03740009100874886,0.002038439968600869,0.01,13,True,Optimization terminated successfully
dose_response,0.05,41,pyGAM,0.012908225399562516,1.6769785560200412e-10,0.10860848997253925,0.016741368977818638,0.1,3,True,
dose_response,0.05,42,MonotoneLSPIA,0.008596384880755386,4.4364512064022255e-13,0.003677627013530582,0.003677627013530582,,26,True,
dose_response,0.05,42,Penalized monotone B-spline,0.008741379227073588,3.3273384048016694e-13,0.039148600946646184,0.0015993170090951025,0.01,12,True,Optimization terminated successfully
dose_response,0.05,42,pyGAM,0.009495178516229691,1.6880696840358596e-10,0.10289331601234153,0.01602638396434486,0.1,2,True,
dose_response,0.05,43,MonotoneLSPIA,0.011248866915583878,2.599483128751268e-15,0.004405318992212415,0.004405318992212415,,25,True,
dose_response,0.05,43,Penalized monotone B-spline,0.011131746143504062,1.7329887525008453e-15,0.03593756101327017,0.0011674020206555724,0.01,7,True,Optimization terminated successfully
dose_response,0.05,43,pyGAM,0.010668435066206704,4.910042372685595e-10,0.09656775003531948,0.015051488007884473,0.1,3,True,
dose_response,0.05,44,MonotoneLSPIA,0.012295498552424667,4.4364512064022255e-13,0.005534648022148758,0.005534648022148758,,44,True,
dose_response,0.05,44,Penalized monotone B-spline,0.012296530455978028,4.4364512064022255e-13,0.0314656289992854,0.0012262589880265296,0.01,8,True,Optimization terminated successfully
dose_response,0.05,44,pyGAM,0.012956051086016267,1.7546164521318856e-10,0.08493308204924688,0.015521587047260255,0.1,2,True,
dose_response,0.05,45,MonotoneLSPIA,0.014349146412408104,0.0,0.0042504879529587924,0.0042504879529587924,,32,True,
dose_response,0.05,45,Penalized monotone B-spline,0.02177940682300256,0.0,0.037401440960820764,0.0014159420388750732,1.0,9,True,Optimization terminated successfully
dose_response,0.05,45,pyGAM,0.015173894103769542,0.0,0.09510246501304209,0.014616346976254135,0.1,2,True,
dose_response,0.05,46,MonotoneLSPIA,0.015475522027935775,0.0,0.007096660032402724,0.007096660032402724,,46,True,
dose_response,0.05,46,Penalized monotone B-spline,0.015165165363830762,0.0,0.03800510201836005,0.0019869100069627166,0.01,13,True,Optimization terminated successfully
dose_response,0.05,46,pyGAM,0.013827723303815218,0.0,0.11010284605436027,0.014487688953522593,0.1,4,True,
dose_response,0.05,47,MonotoneLSPIA,0.009993713956588731,0.0,0.0058436759863980114,0.0058436759863980114,,36,True,
dose_response,0.05,47,Penalized monotone B-spline,0.009564040556649623,0.0,0.03933691798010841,0.0016324850148521364,0.01,9,True,Optimization terminated successfully
dose_response,0.05,47,pyGAM,0.00678450893680725,0.0,0.10917141498066485,0.01482722902437672,0.1,4,True,
dose_response,0.05,48,MonotoneLSPIA,0.015562536452688128,0.0,0.004522129020188004,0.004522129020188004,,26,True,
dose_response,0.05,48,Penalized monotone B-spline,0.01556799146671898,0.0,0.041759715997613966,0.002220262016635388,1e-08,15,True,Optimization terminated successfully
dose_response,0.05,48,pyGAM,0.015127531569642404,0.0,0.1027665400179103,0.018500122998375446,0.001,4,True,
dose_response,0.05,49,MonotoneLSPIA,0.013732537077575498,6.931955010003381e-15,0.006271314981859177,0.006271314981859177,,38,True,
dose_response,0.05,49,Penalized monotone B-spline,0.013728937226716587,6.931955010003333e-15,0.03843210398918018,0.0016252879868261516,0.01,9,True,Optimization terminated successfully
dose_response,0.05,49,pyGAM,0.013862911118945418,9.691427660385528e-10,0.10089253500336781,0.017896378005389124,0.1,2,True,
dose_response,0.05,50,MonotoneLSPIA,0.012952895686092132,0.0,0.006335655984003097,0.006335655984003097,,41,True,
dose_response,0.05,50,Penalized monotone B-spline,0.012795409023261298,0.0,0.040374414005782455,0.0020333799766376615,0.01,13,True,Optimization terminated successfully
dose_response,0.05,50,pyGAM,0.011431850937603972,0.0,0.1098303230246529,0.018059258989524096,0.1,4,True,
dose_response,0.05,51,MonotoneLSPIA,0.01082488662102178,0.0,0.003879868017975241,0.003879868017975241,,22,True,
dose_response,0.05,51,Penalized monotone B-spline,0.010776246747802901,0.0,0.04098478803643957,0.0020855379989370704,0.01,12,True,Optimization terminated successfully
dose_response,0.05,51,pyGAM,0.010478595835400641,0.0,0.10767952899914235,0.014447833993472159,0.1,3,True,
dose_response,0.05,52,MonotoneLSPIA,0.008184728600340634,0.0,0.007146490970626473,0.007146490970626473,,47,True,
dose_response,0.05,52,Penalized monotone B-spline,0.008010541154991425,0.0,0.04163647798122838,0.0017538420506753027,0.01,11,True,Optimization terminated successfully
dose_response,0.05,52,pyGAM,0.007492836066075682,0.0,0.10381895501632243,0.014699486026074737,0.1,2,True,
dose_response,0.05,53,MonotoneLSPIA,0.008341570596297277,4.4364512064022255e-13,0.004937262972816825,0.004937262972816825,,29,True,
dose_response,0.05,53,Penalized monotone B-spline,0.007809359879689099,3.3273384048016694e-13,0.04106978001073003,0.0017840950167737901,0.01,11,True,Optimization terminated successfully
dose_response,0.05,53,pyGAM,0.005748197310589854,2.0429857805482248e-10,0.10226706200046465,0.018351852020714432,0.1,2,True,
dose_response,0.05,54,MonotoneLSPIA,0.019009169264191623,0.0,0.006865875038783997,0.006865875038783997,,45,True,
dose_response,0.05,54,Penalized monotone B-spline,0.01880474900165266,0.0,0.04203213902655989,0.0016527720144949853,0.01,9,True,Optimization terminated successfully
dose_response,0.05,54,pyGAM,0.018011146100785407,0.0,0.10906589799560606,0.014930889999959618,0.1,2,True,
dose_response,0.05,55,MonotoneLSPIA,0.009592641942124485,0.0,0.007047545979730785,0.007047545979730785,,44,True,
dose_response,0.05,55,Penalized monotone B-spline,0.009366363958634567,0.0,0.040371069975662977,0.0021036850521340966,0.01,13,True,Optimization terminated successfully
dose_response,0.05,55,pyGAM,0.0066417845123058475,0.0,0.09663819998968393,0.015081555990036577,0.1,2,True,
dose_response,0.05,56,MonotoneLSPIA,0.01127402907201968,8.664943762504151e-16,0.004013017984107137,0.004013017984107137,,22,True,
dose_response,0.05,56,Penalized monotone B-spline,0.011262968061834267,8.664943762504226e-16,0.039551264024339616,0.0017798420158214867,1e-08,10,True,Optimization terminated successfully
dose_response,0.05,56,pyGAM,0.011177753275196057,5.573291828042641e-10,0.108858201012481,0.018486564978957176,0.1,3,True,
dose_response,0.05,57,MonotoneLSPIA,0.01474927320615147,0.0,0.007771630014758557,0.007771630014758557,,50,True,
dose_response,0.05,57,Penalized monotone B-spline,0.014602425477466372,0.0,0.04245758900651708,0.0020747320377267897,0.01,14,True,Optimization terminated successfully
dose_response,0.05,57,pyGAM,0.013817001415328638,0.0,0.10301337897544727,0.014902250026352704,0.1,2,True,
dose_response,0.05,58,MonotoneLSPIA,0.010683329577858931,0.0,0.0069652070524170995,0.0069652070524170995,,46,True,
dose_response,0.05,58,Penalized monotone B-spline,0.010261204366989808,0.0,0.04229527700226754,0.0020947579760104418,0.01,14,True,Optimization terminated successfully
dose_response,0.05,58,pyGAM,0.006996986815924222,0.0,0.1096538359997794,0.018459009006619453,0.1,3,True,
dose_response,0.05,59,MonotoneLSPIA,0.012544307458375252,0.0,0.006285972020123154,0.006285972020123154,,39,True,
dose_response,0.05,59,Penalized monotone B-spline,0.01252787470758271,0.0,0.04275859001791105,0.0021679040510207415,1e-08,14,True,Optimization terminated successfully
dose_response,0.05,59,pyGAM,0.010549275594023173,0.0,0.11573302198667079,0.014714850985910743,0.1,4,True,
dose_response,0.05,60,MonotoneLSPIA,0.008485154336024595,3.3273384048016694e-13,0.004605681984685361,0.004605681984685361,,25,True,
dose_response,0.05,60,Penalized monotone B-spline,0.008374494347359741,4.4364512064022255e-13,0.037744873960036784,0.0017257530125789344,0.01,11,True,Optimization terminated successfully
dose_response,0.05,60,pyGAM,0.008650001024261118,1.215365807993755e-09,0.10912209504749626,0.018244844977743924,0.1,2,True,
dose_response,0.05,61,MonotoneLSPIA,0.012267569309650077,0.0,0.0036528189666569233,0.0036528189666569233,,20,True,
dose_response,0.05,61,Penalized monotone B-spline,0.011992442728940272,0.0,0.041003049002029,0.0019050979753956199,0.01,12,True,Optimization terminated successfully
dose_response,0.05,61,pyGAM,0.011057234846813183,0.0,0.10128778504440561,0.014314371976070106,0.1,2,True,
dose_response,0.05,62,MonotoneLSPIA,0.01416510042797008,0.0,0.005920858005993068,0.005920858005993068,,37,True,
dose_response,0.05,62,Penalized monotone B-spline,0.014030683353453156,0.0,0.04118762898724526,0.002205975994002074,0.01,15,True,Optimization terminated successfully
dose_response,0.05,62,pyGAM,0.014065995378368074,0.0,0.10211275599431247,0.019073589995969087,0.001,5,True,
dose_response,0.05,63,MonotoneLSPIA,0.010621137415270945,4.4364512064022255e-13,0.006066257017664611,0.006066257017664611,,42,True,
dose_response,0.05,63,Penalized monotone B-spline,0.010446796854271334,2.2182256032011127e-13,0.033034671971108764,0.0014344140072353184,0.01,10,True,Optimization terminated successfully
dose_response,0.05,63,pyGAM,0.009578211758913222,6.341906999551981e-10,0.09114967001369223,0.01492831000359729,0.1,3,True,
dose_response,0.05,64,MonotoneLSPIA,0.013898466497830074,0.0,0.005398215027526021,0.005398215027526021,,42,True,
dose_response,0.05,64,Penalized monotone B-spline,0.01389059321022748,0.0,0.038403808954171836,0.0017554269870743155,0.01,13,True,Optimization terminated successfully
dose_response,0.05,64,pyGAM,0.01352105558660609,0.0,0.08538586995564401,0.011895517993252724,0.1,3,True,
dose_response,0.05,65,MonotoneLSPIA,0.009947599682108944,0.0,0.004791071987710893,0.004791071987710893,,36,True,
dose_response,0.05,65,Penalized monotone B-spline,0.009872103951472507,0.0,0.03348430199548602,0.0013800779706798494,0.01,10,True,Optimization terminated successfully
dose_response,0.05,65,pyGAM,0.009643650580631368,0.0,0.09207229904131964,0.017014376004226506,0.1,2,True,
dose_response,0.05,66,MonotoneLSPIA,0.013029328824667452,2.5994831287512498e-15,0.0024434900260530412,0.0024434900260530412,,13,True,
dose_response,0.05,66,Penalized monotone B-spline,0.013067812113670602,2.5994831287512498e-15,0.03379844198934734,0.0014854699838906527,0.01,11,True,Optimization terminated successfully
dose_response,0.05,66,pyGAM,0.01335535218275066,2.0795865030010144e-10,0.09620093903504312,0.018182803003583103,0.1,2,True,
dose_response,0.05,67,MonotoneLSPIA,0.009884713906757736,0.0,0.004708274966105819,0.004708274966105819,,30,True,
dose_response,0.05,67,Penalized monotone B-spline,0.009805694443055306,0.0,0.03907140297815204,0.0012821199488826096,0.01,9,True,Optimization terminated successfully
dose_response,0.05,67,pyGAM,0.00973956466988906,0.0,0.0780798330088146,0.011645891005173326,0.1,3,True,
dose_response,0.05,68,MonotoneLSPIA,0.005730106389221197,0.0,0.0047673690132796764,0.0047673690132796764,,37,True,
dose_response,0.05,68,Penalized monotone B-spline,0.00568111419759297,0.0,0.031190134992357343,0.0013339690049178898,0.01,10,True,Optimization terminated successfully
dose_response,0.05,68,pyGAM,0.005889874626815354,0.0,0.08811211900319904,0.013093638001009822,0.1,2,True,
dose_response,0.05,69,MonotoneLSPIA,0.009638153502841635,0.0,0.005410158017184585,0.005410158017184585,,34,True,
dose_response,0.05,69,Penalized monotone B-spline,0.009440805122634883,0.0,0.03779373498400673,0.001961679954547435,0.01,13,True,Optimization terminated successfully
dose_response,0.05,69,pyGAM,0.008359990482381745,0.0,0.0897343999822624,0.013868677022401243,0.1,2,True,
dose_response,0.05,70,MonotoneLSPIA,0.01620454031230341,0.0,0.004547613963950425,0.004547613963950425,,27,True,
dose_response,0.05,70,Penalized monotone B-spline,0.01624541651167395,0.0,0.03805307496804744,0.0019487899844534695,0.01,13,True,Optimization terminated successfully
dose_response,0.05,70,pyGAM,0.02296934594763813,0.0,0.08810006402200088,0.01287686504656449,1.0,2,True,
dose_response,0.05,71,MonotoneLSPIA,0.009136540245046895,4.4364512064022255e-13,0.004019983985926956,0.004019983985926956,,29,True,
dose_response,0.05,71,Penalized monotone B-spline,0.00910306923604091,3.3273384048016694e-13,0.030600274971220642,0.0015128620434552431,0.01,12,True,Optimization terminated successfully
dose_response,0.05,71,pyGAM,0.008956872731036567,1.359661383482122e-09,0.09002873097779229,0.015051277994643897,0.1,2,True,
dose_response,0.05,72,MonotoneLSPIA,0.012960593584992458,0.0,0.00496580998878926,0.00496580998878926,,39,True,
dose_response,0.05,72,Penalized monotone B-spline,0.012589278374267085,0.0,0.04047994397114962,0.003102086018770933,0.01,14,True,Optimization terminated successfully
dose_response,0.05,72,pyGAM,0.01045667893198971,0.0,0.10086692200275138,0.015516665996983647,0.1,3,True,
dose_response,0.05,73,MonotoneLSPIA,0.017206542043238054,0.0,0.006051391013897955,0.006051391013897955,,47,True,
dose_response,0.05,73,Penalized monotone B-spline,0.01714789476347651,0.0,0.0350448020035401,0.0016035460284911096,0.01,12,True,Optimization terminated successfully
dose_response,0.05,73,pyGAM,0.01694214289831713,0.0,0.08483362902188674,0.015252690005581826,0.1,2,True,
dose_response,0.05,74,MonotoneLSPIA,0.01689150167456722,0.0,0.0059129620203748345,0.0059129620203748345,,48,True,
dose_response,0.05,74,Penalized monotone B-spline,0.01664224390930861,0.0,0.030361622979398817,0.001992753997910768,0.01,9,True,Optimization terminated successfully
dose_response,0.05,74,pyGAM,0.015413980071330049,0.0,1.6360733690089546,0.012745263986289501,0.1,3,True,did not converge
dose_response,0.05,75,MonotoneLSPIA,0.01775060056000809,0.0,0.005696339008864015,0.005696339008864015,,42,True,
dose_response,0.05,75,Penalized monotone B-spline,0.017365010541754752,0.0,0.03928183199604973,0.0025603710091672838,0.01,10,True,Optimization terminated successfully
dose_response,0.05,75,pyGAM,0.014962188695957489,0.0,0.08829908596817404,0.014467158005572855,0.1,3,True,
dose_response,0.05,76,MonotoneLSPIA,0.011714581310630624,0.0,0.005781498970463872,0.005781498970463872,,34,True,
dose_response,0.05,76,Penalized monotone B-spline,0.011623640288867176,0.0,0.04105412197532132,0.002015852020122111,0.01,13,True,Optimization terminated successfully
dose_response,0.05,76,pyGAM,0.010159068190493328,4.88675100385195e-10,0.10112458001822233,0.018070697027724236,0.1,3,True,
dose_response,0.05,77,MonotoneLSPIA,0.010260301819075734,0.0,0.0060185829643160105,0.0060185829643160105,,39,True,
dose_response,0.05,77,Penalized monotone B-spline,0.010069724470773355,0.0,0.039568580978084356,0.001854631002061069,0.01,11,True,Optimization terminated successfully
dose_response,0.05,77,pyGAM,0.00934753169810792,0.0,0.10035870998399332,0.014150556002277881,0.1,2,True,
dose_response,0.05,78,MonotoneLSPIA,0.006598067609978533,0.0,0.0070809199823997915,0.0070809199823997915,,48,True,
dose_response,0.05,78,Penalized monotone B-spline,0.006619432721312576,1.7329887525008453e-15,0.03989918000297621,0.0019148660358041525,0.01,12,True,Optimization terminated successfully
dose_response,0.05,78,pyGAM,0.006743434219596911,4.778057949295097e-10,0.11389982898253947,0.018031380022875965,0.1,3,True,
dose_response,0.05,79,MonotoneLSPIA,0.010970300525919019,2.599483128751268e-15,0.004532138002105057,0.004532138002105057,,27,True,
dose_response,0.05,79,Penalized monotone B-spline,0.010770922284063553,2.5994831287512454e-15,0.03932737198192626,0.0016463350038975477,0.01,9,True,Optimization terminated successfully
dose_response,0.05,79,pyGAM,0.008642434879141991,5.256085566784964e-10,0.10226169100496918,0.01457170199137181,0.1,2,True,
dose_response,0.05,80,MonotoneLSPIA,0.01108757564152205,1.2997415643756249e-15,0.0040543259819969535,0.0040543259819969535,,22,True,
dose_response,0.05,80,Penalized monotone B-spline,0.01097785607769504,8.664943762504226e-16,0.03866726299747825,0.0015888509806245565,0.01,9,True,Optimization terminated successfully
dose_response,0.05,80,pyGAM,0.010970415887634297,1.609322675122385e-10,0.11315674195066094,0.018225834995973855,0.01,2,True,
dose_response,0.05,81,MonotoneLSPIA,0.014583828974602111,4.436451206401733e-13,0.005547505978029221,0.005547505978029221,,34,True,
dose_response,0.05,81,Penalized monotone B-spline,0.014648531155196017,4.4364512064022255e-13,0.034940937999635935,0.001627300982363522,0.01,9,True,Optimization terminated successfully
dose_response,0.05,81,pyGAM,0.014143979502939887,7.19592385678441e-10,0.10648529801983386,0.01869213202735409,0.01,2,True,
dose_response,0.05,82,MonotoneLSPIA,0.015079686002756679,0.0,0.0032719169976189733,0.0032719169976189733,,16,True,
dose_response,0.05,82,Penalized monotone B-spline,0.014931794385010863,0.0,0.04026468005031347,0.0015888980124145746,0.01,8,True,Optimization terminated successfully
dose_response,0.05,82,pyGAM,0.013668405799645063,0.0,0.09949719003634527,0.014214026974514127,0.1,2,True,
dose_response,0.05,83,MonotoneLSPIA,0.010281365155293057,0.0,0.004646841960493475,0.004646841960493475,,28,True,
dose_response,0.05,83,Penalized monotone B-spline,0.010264712049036248,0.0,0.04250536597101018,0.0019588490249589086,0.01,13,True,Optimization terminated successfully
dose_response,0.05,83,pyGAM,0.010049126019811132,0.0,0.11004866095026955,0.014676071994472295,0.1,2,True,
dose_response,0.05,84,MonotoneLSPIA,0.012693292218396319,2.599483128751268e-15,0.005509509996045381,0.005509509996045381,,33,True,
dose_response,0.05,84,Penalized monotone B-spline,0.012560957914609417,2.5994831287512498e-15,0.03897384600713849,0.001810610992833972,0.01,11,True,Optimization terminated successfully
dose_response,0.05,84,pyGAM,0.012328870099181651,3.2918467951504056e-10,0.09799565002322197,0.018656142987310886,0.1,2,True,
dose_response,0.05,85,MonotoneLSPIA,0.013132771280825194,0.0,0.005858602002263069,0.005858602002263069,,37,True,
dose_response,0.05,85,Penalized monotone B-spline,0.01293086447259544,0.0,0.0424408619874157,0.001762032974511385,0.01,10,True,Optimization terminated successfully
dose_response,0.05,85,pyGAM,0.012421194247132195,0.0,0.09601891797501594,0.014831840002443641,0.1,2,True,
dose_response,0.05,86,MonotoneLSPIA,0.012243272687456633,4.4364512064022255e-13,0.005907770013436675,0.005907770013436675,,37,True,
dose_response,0.05,86,Penalized monotone B-spline,0.012149177303976178,3.3273384048016694e-13,0.04126448597526178,0.0020804170053452253,0.01,14,True,Optimization terminated successfully
dose_response,0.05,86,pyGAM,0.01212602219101398,1.437410190874321e-10,0.09877684898674488,0.017805177019909024,0.01,2,True,
dose_response,0.05,87,MonotoneLSPIA,0.012824058228265508,4.4364512064022255e-13,0.005447661969810724,0.005447661969810724,,34,True,
dose_response,0.05,87,Penalized monotone B-spline,0.012551878293244823,4.4364512064022255e-13,0.03977119299815968,0.0018381699919700623,0.01,11,True,Optimization terminated successfully
dose_response,0.05,87,pyGAM,0.011887916751379029,9.18789044845799e-10,0.10657261498272419,0.018340319045819342,0.1,2,True,
dose_response,0.05,88,MonotoneLSPIA,0.013187810272903428,4.4364512064022255e-13,0.006697727949358523,0.006697727949358523,,43,True,
dose_response,0.05,88,Penalized monotone B-spline,0.013051624619576109,4.4364512064022255e-13,0.041315653012134135,0.0017485959688201547,0.01,10,True,Optimization terminated successfully
dose_response,0.05,88,pyGAM,0.012778389929816355,1.3548921984352397e-09,0.1022187769995071,0.017988146981224418,0.1,2,True,
dose_response,0.05,89,MonotoneLSPIA,0.011961340654870607,4.436451206401733e-13,0.004037190054077655,0.004037190054077655,,23,True,
dose_response,0.05,89,Penalized monotone B-spline,0.012011056433209948,3.3273384048016694e-13,0.03807359701022506,0.0013719649869017303,0.01,7,True,Optimization terminated successfully
dose_response,0.05,89,pyGAM,0.01166552694157981,8.946103857710088e-10,0.10356739000417292,0.01832252199528739,0.1,2,True,
dose_response,0.05,90,MonotoneLSPIA,0.016034142271804674,0.0,0.0037934670108370483,0.0037934670108370483,,27,True,
dose_response,0.05,90,Penalized monotone B-spline,0.015646588645940162,0.0,0.03387490299064666,0.0015791549813002348,0.01,14,True,Optimization terminated successfully
dose_response,0.05,90,pyGAM,0.01584550347408316,0.0,0.09176757402019575,0.017854992009233683,0.001,5,True,
dose_response,0.05,91,MonotoneLSPIA,0.014214474284633532,4.4364512064022255e-13,0.005188119015656412,0.005188119015656412,,41,True,
dose_response,0.05,91,Penalized monotone B-spline,0.014155778370333098,3.3273384048016694e-13,0.03375460294773802,0.0014296660083346069,0.01,11,True,Optimization terminated successfully
dose_response,0.05,91,pyGAM,0.014417282121378014,6.60254850792738e-10,0.09790223301388323,0.015207497985102236,0.1,3,True,
dose_response,0.05,92,MonotoneLSPIA,0.017487867075158935,0.0,0.004746906983200461,0.004746906983200461,,35,True,
dose_response,0.05,92,Penalized monotone B-spline,0.017487158981119896,0.0,0.03489385294960812,0.0016366920317523181,1e-08,12,True,Optimization terminated successfully
dose_response,0.05,92,pyGAM,0.015045226632965019,0.0,0.09507008199580014,0.012005753989797086,0.1,4,True,
dose_response,0.05,93,MonotoneLSPIA,0.013402319574371255,3.3273384048016694e-13,0.0031734329531900585,0.0031734329531900585,,20,True,
dose_response,0.05,93,Penalized monotone B-spline,0.013400087695562325,3.3273384048016694e-13,0.03899182705208659,0.002586341986898333,0.01,10,True,Optimization terminated successfully
dose_response,0.05,93,pyGAM,0.013509490614477678,7.01181113171794e-10,0.09491289698053151,0.018333646992687136,0.1,2,True,
dose_response,0.05,94,MonotoneLSPIA,0.015182909284590382,0.0,0.004527274984866381,0.004527274984866381,,34,True,
dose_response,0.05,94,Penalized monotone B-spline,0.015184970256539376,0.0,0.034808749973308295,0.0015162850031629205,0.01,11,True,Optimization terminated successfully
dose_response,0.05,94,pyGAM,0.015019050785758622,0.0,0.09304652700666338,0.014130333031062037,0.1,2,True,
dose_response,0.05,95,MonotoneLSPIA,0.014244542732921764,0.0,0.004370210983324796,0.004370210983324796,,32,True,
dose_response,0.05,95,Penalized monotone B-spline,0.013959185371642339,0.0,0.0328418449498713,0.0014708989765495062,0.01,11,True,Optimization terminated successfully
dose_response,0.05,95,pyGAM,0.012439106887823112,2.74727240956454e-10,0.08815134898759425,0.014909302000887692,0.1,3,True,
dose_response,0.05,96,MonotoneLSPIA,0.012805134887168985,0.0,0.006406714965123683,0.006406714965123683,,46,True,
dose_response,0.05,96,Penalized monotone B-spline,0.012437984946372455,0.0,0.033418581006117165,0.0012849749764427543,0.01,9,True,Optimization terminated successfully
dose_response,0.05,96,pyGAM,0.010104920920579337,0.0,1.612210531020537,0.012174563016742468,0.1,3,True,did not converge
dose_response,0.05,97,MonotoneLSPIA,0.007019457091301735,3.3273384048016694e-13,0.004613835015334189,0.004613835015334189,,24,True,
dose_response,0.05,97,Penalized monotone B-spline,0.007118610009376441,3.3273384048016694e-13,0.03079353302018717,0.0013836160069331527,0.01,9,True,Optimization terminated successfully
dose_response,0.05,97,pyGAM,0.008300138636849794,1.0973562059034688e-09,0.0907916990108788,0.012243419012520462,0.1,3,True,
dose_response,0.05,98,MonotoneLSPIA,0.01150313997618482,1.0397932515004982e-14,0.0037023970508016646,0.0037023970508016646,,24,True,
dose_response,0.05,98,Penalized monotone B-spline,0.011376423321290846,1.0397932515004999e-14,0.032338864053599536,0.0015110080130398273,0.01,11,True,Optimization terminated successfully
dose_response,0.05,98,pyGAM,0.01076020233862346,4.985462043194363e-10,0.08974406903143972,0.014791486028116196,0.1,2,True,
dose_response,0.05,99,MonotoneLSPIA,0.012493166679781698,4.4364512064022255e-13,0.003839637036435306,0.003839637036435306,,28,True,
dose_response,0.05,99,Penalized monotone B-spline,0.012464769980865903,4.4364512064022255e-13,0.031714787997771055,0.0014410479925572872,0.01,10,True,Optimization terminated successfully
dose_response,0.05,99,pyGAM,0.01304637865967521,1.5665109209806259e-09,0.09253058902686462,0.0206513199955225,0.1,2,True,
dose_response,0.05,100,MonotoneLSPIA,0.008699775758714506,5.1989662575024995e-15,0.004044856003019959,0.004044856003019959,,30,True,
dose_response,0.05,100,Penalized monotone B-spline,0.008518123564650917,6.931955010003321e-15,0.037066195043735206,0.001797419972717762,0.01,11,True,Optimization terminated successfully
dose_response,0.05,100,pyGAM,0.00847672277736705,3.873021903189089e-10,0.1419402629835531,0.02003453898942098,0.1,2,True,
dose_response,0.1,1,MonotoneLSPIA,0.013606466602867934,0.0,0.008851680962834507,0.008851680962834507,,45,True,
dose_response,0.1,1,Penalized monotone B-spline,0.018974990453373877,0.0,0.04510466201463714,0.0022507469984702766,1.0,13,True,Optimization terminated successfully
dose_response,0.1,1,pyGAM,0.018904879030633783,0.0,0.0932172360480763,0.012073924008291215,1.0,3,True,
dose_response,0.1,2,MonotoneLSPIA,0.021701905103822635,0.0,0.003257663978729397,0.003257663978729397,,19,True,
dose_response,0.1,2,Penalized monotone B-spline,0.02146824406484869,0.0,0.03121139801805839,0.0014721350162290037,0.01,12,True,Optimization terminated successfully
dose_response,0.1,2,pyGAM,0.02032253299177586,0.0,0.0800030649988912,0.015518115018494427,0.01,2,True,
dose_response,0.1,3,MonotoneLSPIA,0.020002335373631747,0.0,0.007157347979955375,0.007157347979955375,,53,True,
dose_response,0.1,3,Penalized monotone B-spline,0.025802311115415,0.0,0.03427471802569926,0.0016113559831865132,1.0,10,True,Optimization terminated successfully
dose_response,0.1,3,pyGAM,0.025768228740259698,0.0,0.09000248601660132,0.012545562000013888,1.0,4,True,
dose_response,0.1,4,MonotoneLSPIA,0.03141193326636751,0.0,0.007085842022206634,0.007085842022206634,,40,True,
dose_response,0.1,4,Penalized monotone B-spline,0.03339713334999041,0.0,0.03585816896520555,0.002589359995909035,1.0,13,True,Optimization terminated successfully
dose_response,0.1,4,pyGAM,0.031902632320847106,0.0,0.08834840101189911,0.012267219019122422,1.0,4,True,
dose_response,0.1,5,MonotoneLSPIA,0.019190774959808494,4.4364512064022255e-13,0.005079008988104761,0.005079008988104761,,38,True,
dose_response,0.1,5,Penalized monotone B-spline,0.019183917641354877,4.4364512064022255e-13,0.031143816013354808,0.0012995380093343556,0.0001,9,True,Optimization terminated successfully
dose_response,0.1,5,pyGAM,0.018903039336896264,5.74076786108448e-10,0.08886991802137345,0.015054329007398337,0.001,4,True,
dose_response,0.1,6,MonotoneLSPIA,0.03188299141708909,4.4364512064022255e-13,0.0031186830019578338,0.0031186830019578338,,20,True,
dose_response,0.1,6,Penalized monotone B-spline,0.03193267864854258,4.4364512064022255e-13,0.03006959002232179,0.0011265189968980849,0.01,6,True,Optimization terminated successfully
dose_response,0.1,6,pyGAM,0.031093430700599736,2.543417476630396e-09,0.0939624750171788,0.01993857603520155,0.01,2,True,
dose_response,0.1,7,MonotoneLSPIA,0.028544066822649216,3.3273384048016694e-13,0.004296033992432058,0.004296033992432058,,24,True,
dose_response,0.1,7,Penalized monotone B-spline,0.027372817404157184,4.436451206401733e-13,0.03936895204242319,0.0017588850460015237,1.0,9,True,Optimization terminated successfully
dose_response,0.1,7,pyGAM,0.026945013866212834,1.6472543329371464e-09,0.10933329298859462,0.01841599802719429,1.0,2,True,
dose_response,0.1,8,MonotoneLSPIA,0.020340207343790828,0.0,0.006912101001944393,0.006912101001944393,,41,True,
dose_response,0.1,8,Penalized monotone B-spline,0.025547055622904342,3.3273384048016694e-13,0.041015502996742725,0.0015945829800330102,1.0,9,True,Optimization terminated successfully
dose_response,0.1,8,pyGAM,0.025484423588172638,4.944424869534732e-10,0.10889248398598284,0.015012823045253754,1.0,4,True,
dose_response,0.1,9,MonotoneLSPIA,0.02014402864752012,6.654676809603339e-13,0.004501327988691628,0.004501327988691628,,26,True,
dose_response,0.1,9,Penalized monotone B-spline,0.02522254838174296,4.4364512064022255e-13,0.03691854601493105,0.001749704999383539,1.0,10,True,Optimization terminated successfully
dose_response,0.1,9,pyGAM,0.02520935597479393,2.1981506614920816e-09,0.10800223599653691,0.015081721998285502,1.0,2,True,
dose_response,0.1,10,MonotoneLSPIA,0.020827538759019826,0.0,0.006820868002250791,0.006820868002250791,,42,True,
dose_response,0.1,10,Penalized monotone B-spline,0.025936395372931267,0.0,0.042794506007339805,0.0015768430312164128,1.0,8,True,Optimization terminated successfully
dose_response,0.1,10,pyGAM,0.02585042463814755,0.0,0.11491914198268205,0.01457463001133874,1.0,4,True,
dose_response,0.1,11,MonotoneLSPIA,0.02107784630312879,4.436451206401733e-13,0.005750629003159702,0.005750629003159702,,36,True,
dose_response,0.1,11,Penalized monotone B-spline,0.023589396125020045,3.3273384048016694e-13,0.041156323975883424,0.0020391280413605273,1.0,12,True,Optimization terminated successfully
dose_response,0.1,11,pyGAM,0.023581270546447573,2.128942022672268e-09,0.1008484759950079,0.019263455003965646,1.0,2,True,
dose_response,0.1,12,MonotoneLSPIA,0.023376858764500442,4.4364512064022255e-13,0.006382482009939849,0.006382482009939849,,40,True,
dose_response,0.1,12,Penalized monotone B-spline,0.022920933680742293,4.4364512064022255e-13,0.04276142199523747,0.0020842409576289356,0.01,13,True,Optimization terminated successfully
dose_response,0.1,12,pyGAM,0.027692072210615908,0.0,0.10362357000121847,0.014268019993323833,1.0,2,True,
dose_response,0.1,13,MonotoneLSPIA,0.021241674004885636,0.0,0.0074969850247725844,0.0074969850247725844,,50,True,
dose_response,0.1,13,Penalized monotone B-spline,0.02791863962846613,0.0,0.04162955400533974,0.001978126005269587,1.0,11,True,Optimization terminated successfully
dose_response,0.1,13,pyGAM,0.027921176832101796,0.0,0.09382028499385342,0.01058832905255258,1.0,3,True,
dose_response,0.1,14,MonotoneLSPIA,0.025772467040287354,0.0,0.005858063988853246,0.005858063988853246,,37,True,
dose_response,0.1,14,Penalized monotone B-spline,0.026290901613064237,0.0,0.04340139700798318,0.0018472649971954525,1.0,11,True,Optimization terminated successfully
dose_response,0.1,14,pyGAM,0.026394424829851194,0.0,0.10155805095564574,0.01795951498206705,1.0,3,True,
dose_response,0.1,15,MonotoneLSPIA,0.018824655763506518,3.3273384048016694e-13,0.00461537204682827,0.00461537204682827,,27,True,
dose_response,0.1,15,Penalized monotone B-spline,0.01958318583607332,0.0,0.037556068040430546,0.001575250003952533,1.0,8,True,Optimization terminated successfully
dose_response,0.1,15,pyGAM,0.01761798585780797,1.662449178319051e-09,0.1049492169986479,0.01811677502701059,0.1,2,True,
dose_response,0.1,16,MonotoneLSPIA,0.015171325820002352,4.4364512064022255e-13,0.004861818975768983,0.004861818975768983,,29,True,
dose_response,0.1,16,Penalized monotone B-spline,0.015099539226247087,4.4364512064022255e-13,0.03919505997328088,0.002011228003539145,0.01,12,True,Optimization terminated successfully
dose_response,0.1,16,pyGAM,0.015968465178837505,0.0,0.09969648194964975,0.014613527979236096,1.0,3,True,
dose_response,0.1,17,MonotoneLSPIA,0.01950875535284682,4.4364512064022255e-13,0.003512711962684989,0.003512711962684989,,18,True,
dose_response,0.1,17,Penalized monotone B-spline,0.01598430783340933,3.3273384048016694e-13,0.03442131704650819,0.0014875829801894724,1.0,8,True,Optimization terminated successfully
dose_response,0.1,17,pyGAM,0.015989768629012076,6.138384800458279e-09,0.10501449095318094,0.018835184979252517,1.0,2,True,
dose_response,0.1,18,MonotoneLSPIA,0.020096858993731367,0.0,0.007401214039418846,0.007401214039418846,,48,True,
dose_response,0.1,18,Penalized monotone B-spline,0.019684916580098088,0.0,0.041655551991425455,0.0019185719429515302,0.01,12,True,Optimization terminated successfully
dose_response,0.1,18,pyGAM,0.019659596258601576,0.0,0.11022542300634086,0.02197065798100084,0.01,2,True,
dose_response,0.1,19,MonotoneLSPIA,0.0219879623651481,0.0,0.005703180970158428,0.005703180970158428,,35,True,
dose_response,0.1,19,Penalized monotone B-spline,0.026804118146163042,0.0,0.041476207959931344,0.0018425979651510715,1.0,10,True,Optimization terminated successfully
dose_response,0.1,19,pyGAM,0.026604562620632953,0.0,0.0954822029452771,0.01468065904919058,1.0,3,True,
dose_response,0.1,20,MonotoneLSPIA,0.013330160953038765,6.498707821878114e-16,0.0032202390138991177,0.0032202390138991177,,16,True,
dose_response,0.1,20,Penalized monotone B-spline,0.017823098140326777,1.0966569449419411e-15,0.04040608601644635,0.0019551849691197276,1.0,9,True,Optimization terminated successfully
dose_response,0.1,20,pyGAM,0.017787335422431466,2.25759910765787e-09,0.12069328402867541,0.01835935696726665,1.0,3,True,
dose_response,0.1,21,MonotoneLSPIA,0.015337074349293737,4.4364512064022255e-13,0.004977822012733668,0.004977822012733668,,29,True,
dose_response,0.1,21,Penalized monotone B-spline,0.014904375401102524,4.4364512064022255e-13,0.03541338903596625,0.0013825300266034901,0.01,7,True,Optimization terminated successfully
dose_response,0.1,21,pyGAM,0.017394830387000047,2.335126092489779e-09,0.11201893398538232,0.018534214003011584,1.0,2,True,
dose_response,0.1,22,MonotoneLSPIA,0.015253153753269017,4.4364512064022255e-13,0.004339214996434748,0.004339214996434748,,24,True,
dose_response,0.1,22,Penalized monotone B-spline,0.01525854466450999,3.3273384048016694e-13,0.037250161985866725,0.0014564489829353988,1e-08,8,True,Optimization terminated successfully
dose_response,0.1,22,pyGAM,0.015243673869354287,3.487716115912723e-09,0.11241944797802716,0.018462135980371386,0.01,2,True,
dose_response,0.1,23,MonotoneLSPIA,0.02001391048190323,0.0,0.005348993989173323,0.005348993989173323,,32,True,
dose_response,0.1,23,Penalized monotone B-spline,0.022597036677682952,1.0397932515004999e-14,0.03968443296616897,0.0016298120026476681,1.0,8,True,Optimization terminated successfully
dose_response,0.1,23,pyGAM,0.022613249614290138,8.034413134794264e-10,0.1105072750360705,0.014360075001604855,1.0,4,True,
dose_response,0.1,24,MonotoneLSPIA,0.014462428476724918,4.4364512064022255e-13,0.004827328026294708,0.004827328026294708,,28,True,
dose_response,0.1,24,Penalized monotone B-spline,0.014061953964775283,4.4364512064022255e-13,0.0384870829875581,0.0017299950122833252,0.01,10,True,Optimization terminated successfully
dose_response,0.1,24,pyGAM,0.011566944641307758,2.143027755252595e-09,0.10336556297261268,0.014682630018796772,0.1,2,True,
dose_response,0.1,25,MonotoneLSPIA,0.02387150289516819,0.0,0.007148542965296656,0.007148542965296656,,45,True,
dose_response,0.1,25,Penalized monotone B-spline,0.02386602480226836,0.0,0.03758855297928676,0.0020144269801676273,0.01,14,True,Optimization terminated successfully
dose_response,0.1,25,pyGAM,0.023875226504355387,0.0,0.10187850997317582,0.01910887600388378,0.01,2,True,
dose_response,0.1,26,MonotoneLSPIA,0.02275770711925945,0.0,0.00786858203355223,0.00786858203355223,,53,True,
dose_response,0.1,26,Penalized monotone B-spline,0.01779408739308144,0.0,0.039018677023705095,0.0005058780079707503,1.0,1,True,Optimization terminated successfully
dose_response,0.1,26,pyGAM,0.01734452094399879,0.0,0.08429184701526538,0.008686784014571458,1.0,2,True,
dose_response,0.1,27,MonotoneLSPIA,0.013383917771581197,0.0,0.005072930012829602,0.005072930012829602,,39,True,
dose_response,0.1,27,Penalized monotone B-spline,0.020500028594536937,0.0,0.03516523400321603,0.0016896009910851717,1.0,13,True,Optimization terminated successfully
dose_response,0.1,27,pyGAM,0.020496234351643952,0.0,0.08868245099438354,0.013289482041727751,1.0,2,True,
dose_response,0.1,28,MonotoneLSPIA,0.01917546286329263,0.0,0.0062613910413347185,0.0062613910413347185,,49,True,
dose_response,0.1,28,Penalized monotone B-spline,0.01869961496857593,0.0,0.03496099897893146,0.0017506119911558926,0.01,12,True,Optimization terminated successfully
dose_response,0.1,28,pyGAM,0.015573415650892422,4.0138792289924136e-10,0.1000204459996894,0.015047066961415112,0.1,3,True,
dose_response,0.1,29,MonotoneLSPIA,0.018495339701584557,0.0,0.005161056003998965,0.005161056003998965,,42,True,
dose_response,0.1,29,Penalized monotone B-spline,0.015913891421784565,4.4364512064022255e-13,0.03248256503138691,0.0013851330149918795,1.0,10,True,Optimization terminated successfully
dose_response,0.1,29,pyGAM,0.015403597461702877,6.829916632255468e-10,0.09278558095684275,0.011910530971363187,1.0,3,True,
dose_response,0.1,30,MonotoneLSPIA,0.023803130249761193,0.0,0.004423940961714834,0.004423940961714834,,31,True,
dose_response,0.1,30,Penalized monotone B-spline,0.02582212131943475,0.0,0.034506383002735674,0.001392610021866858,1.0,10,True,Optimization terminated successfully
dose_response,0.1,30,pyGAM,0.02579885474036181,0.0,0.0919100780156441,0.01207007997436449,1.0,3,True,
dose_response,0.1,31,MonotoneLSPIA,0.01554393120613584,0.0,0.004886485985480249,0.004886485985480249,,37,True,
dose_response,0.1,31,Penalized monotone B-spline,0.01550325640929621,0.0,0.03540455602342263,0.0016041480121202767,0.01,13,True,Optimization terminated successfully
dose_response,0.1,31,pyGAM,0.013454689498067654,0.0,0.09167849196819589,0.014874512038659304,1.0,3,True,
dose_response,0.1,32,MonotoneLSPIA,0.020646886412214446,4.4364512064022255e-13,0.004172874032519758,0.004172874032519758,,25,True,
dose_response,0.1,32,Penalized monotone B-spline,0.02022306959112837,2.2182256032011127e-13,0.033625388983637094,0.0014784500235691667,0.01,11,True,Optimization terminated successfully
dose_response,0.1,32,pyGAM,0.016632330601595025,2.6195026148201214e-09,0.09444744599750265,0.012312352017033845,1.0,2,True,
dose_response,0.1,33,MonotoneLSPIA,0.036672762455308344,0.0,0.0041284250328317285,0.0041284250328317285,,29,True,
dose_response,0.1,33,Penalized monotone B-spline,0.03975310568624765,0.0,0.036253638041671365,0.0014331749989651144,1.0,10,True,Optimization terminated successfully
dose_response,0.1,33,pyGAM,0.039657631817569955,0.0,0.0842585579957813,0.012390919029712677,1.0,3,True,
dose_response,0.1,34,MonotoneLSPIA,0.01228833084041714,3.3273384048016694e-13,0.005176819046027958,0.005176819046027958,,37,True,
dose_response,0.1,34,Penalized monotone B-spline,0.01096670793302776,3.3273384048016694e-13,0.032681286975275725,0.0015560389729216695,1.0,11,True,Optimization terminated successfully
dose_response,0.1,34,pyGAM,0.010387592896521155,2.501825746570375e-09,0.10663344099884853,0.018766406981740147,1.0,2,True,
dose_response,0.1,35,MonotoneLSPIA,0.020824906270605303,0.0,0.005852409987710416,0.005852409987710416,,37,True,
dose_response,0.1,35,Penalized monotone B-spline,0.02076061298875976,0.0,0.0364311879966408,0.0017148140468634665,0.01,10,True,Optimization terminated successfully
dose_response,0.1,35,pyGAM,0.018454815411556545,0.0,0.09063774801325053,0.014901824994012713,0.01,2,True,
dose_response,0.1,36,MonotoneLSPIA,0.02215675048697084,0.0,0.005871073983144015,0.005871073983144015,,47,True,
dose_response,0.1,36,Penalized monotone B-spline,0.024808865974163895,0.0,0.03223192103905603,0.0016552259912714362,1.0,12,True,Optimization terminated successfully
dose_response,0.1,36,pyGAM,0.021684114341872115,0.0,0.08843503997195512,0.021945815009530634,0.01,2,True,
dose_response,0.1,37,MonotoneLSPIA,0.03061796800815888,4.4364512064022255e-13,0.0045538709964603186,0.0045538709964603186,,27,True,
dose_response,0.1,37,Penalized monotone B-spline,0.0304724390660179,4.4364512064022255e-13,0.03647180297411978,0.0019913589931093156,0.01,11,True,Optimization terminated successfully
dose_response,0.1,37,pyGAM,0.03376955715308801,1.8080756891690264e-09,0.1008734250208363,0.012459667981602252,1.0,2,True,
dose_response,0.1,38,MonotoneLSPIA,0.013605886282190184,0.0,0.005057259986642748,0.005057259986642748,,39,True,
dose_response,0.1,38,Penalized monotone B-spline,0.013588441147233708,0.0,0.03494252101518214,0.0015382299898192286,0.0001,11,True,Optimization terminated successfully
dose_response,0.1,38,pyGAM,0.012707054255992922,0.0,0.08398569596465677,0.012807580002117902,1.0,2,True,
dose_response,0.1,39,MonotoneLSPIA,0.02302096830018202,0.0,0.005422286980319768,0.005422286980319768,,36,True,
dose_response,0.1,39,Penalized monotone B-spline,0.026874891007652273,0.0,0.035338840971235186,0.00142611499177292,1.0,10,True,Optimization terminated successfully
dose_response,0.1,39,pyGAM,0.026882564964312967,0.0,0.0927712389966473,0.011998507950920612,1.0,3,True,
dose_response,0.1,40,MonotoneLSPIA,0.02514609974707762,4.332471881252076e-15,0.005312138004228473,0.005312138004228473,,41,True,
dose_response,0.1,40,Penalized monotone B-spline,0.024805436702387947,3.4659775050016665e-15,0.033804806997068226,0.0015245939721353352,0.01,12,True,Optimization terminated successfully
dose_response,0.1,40,pyGAM,0.02308684824231885,1.4955277016781592e-09,0.08799898001598194,0.01581574894953519,1.0,3,True,
dose_response,0.1,41,MonotoneLSPIA,0.013166810523056693,3.3273384048016694e-13,0.004437613999471068,0.004437613999471068,,32,True,
dose_response,0.1,41,Penalized monotone B-spline,0.013171578920767108,3.3273384048016694e-13,0.03337321197614074,0.001379232038743794,1e-08,10,True,Optimization terminated successfully
dose_response,0.1,41,pyGAM,0.0130853185872024,2.4230787376567355e-09,0.09667228499893099,0.019339648017194122,0.01,2,True,
dose_response,0.1,42,MonotoneLSPIA,0.025235768692481127,0.0,0.00585769402096048,0.00585769402096048,,47,True,
dose_response,0.1,42,Penalized monotone B-spline,0.024823302124642094,0.0,0.03642365901032463,0.0016770940274000168,0.01,13,True,Optimization terminated successfully
dose_response,0.1,42,pyGAM,0.023676116337408317,0.0,0.09405875799711794,0.014904349984135479,0.1,2,True,
dose_response,0.1,43,MonotoneLSPIA,0.02487144557806663,0.0,0.005032137967646122,0.005032137967646122,,39,True,
dose_response,0.1,43,Penalized monotone B-spline,0.027276500299392624,0.0,0.03415753599256277,0.0012812470085918903,1.0,8,True,Optimization terminated successfully
dose_response,0.1,43,pyGAM,0.02664217253944542,0.0,0.08326163602760062,0.012282901967409998,1.0,3,True,
dose_response,0.1,44,MonotoneLSPIA,0.021363699568909753,0.0,0.0035069549921900034,0.0035069549921900034,,23,True,
dose_response,0.1,44,Penalized monotone B-spline,0.021388331623245643,0.0,0.031641864974517375,0.0013543490204028785,0.01,10,True,Optimization terminated successfully
dose_response,0.1,44,pyGAM,0.02140315424425102,1.3637651008478928e-09,0.09257938002701849,0.017933890980202705,0.01,2,True,
dose_response,0.1,45,MonotoneLSPIA,0.03196382100203451,0.0,0.005643425043672323,0.005643425043672323,,46,True,
dose_response,0.1,45,Penalized monotone B-spline,0.03199863609101906,0.0,0.03350560599938035,0.0014560340205207467,0.01,11,True,Optimization terminated successfully
dose_response,0.1,45,pyGAM,0.031715611850238426,0.0,0.08834276400739327,0.016106616996694356,0.1,3,True,
dose_response,0.1,46,MonotoneLSPIA,0.026574206602909767,3.3273384048016694e-13,0.003981575020588934,0.003981575020588934,,26,True,
dose_response,0.1,46,Penalized monotone B-spline,0.026290486051237922,3.3273384048016694e-13,0.03490617003990337,0.0015078989672474563,0.01,10,True,Optimization terminated successfully
dose_response,0.1,46,pyGAM,0.02422663211094958,1.4518286572951283e-09,0.08676120796008036,0.02015794499311596,0.1,3,True,
dose_response,0.1,47,MonotoneLSPIA,0.023419576699438862,4.4364512064022255e-13,0.004650138027500361,0.004650138027500361,,26,True,
dose_response,0.1,47,Penalized monotone B-spline,0.02315558617982868,5.545564008002782e-13,0.03756677295314148,0.0018090590019710362,0.01,11,True,Optimization terminated successfully
dose_response,0.1,47,pyGAM,0.023227589561575036,6.773351879374598e-10,0.10140819899970666,0.0183142630266957,0.001,4,True,
dose_response,0.1,48,MonotoneLSPIA,0.015428534541295091,0.0,0.005995262006763369,0.005995262006763369,,38,True,
dose_response,0.1,48,Penalized monotone B-spline,0.019450714938641513,0.0,0.040825447998940945,0.001725386013276875,1.0,10,True,Optimization terminated successfully
dose_response,0.1,48,pyGAM,0.019403468477823767,0.0,0.09740401600720361,0.014578686037566513,1.0,3,True,
dose_response,0.1,49,MonotoneLSPIA,0.029457305994099393,0.0,0.00788859196472913,0.00788859196472913,,52,True,
dose_response,0.1,49,Penalized monotone B-spline,0.03070105479889647,0.0,0.04179052700055763,0.0017136050155386329,1.0,9,True,Optimization terminated successfully
dose_response,0.1,49,pyGAM,0.030651408022773042,0.0,0.10366456297924742,0.01846911502070725,1.0,3,True,
dose_response,0.1,50,MonotoneLSPIA,0.01687060260652424,0.0,0.007424604031257331,0.007424604031257331,,50,True,
dose_response,0.1,50,Penalized monotone B-spline,0.020705044310720032,0.0,0.0410473519586958,0.0014420350198633969,1.0,8,True,Optimization terminated successfully
dose_response,0.1,50,pyGAM,0.02033786588656724,0.0,0.09606126800645143,0.010228218976408243,1.0,3,True,
dose_response,0.1,51,MonotoneLSPIA,0.021659949282206086,3.3273384048013003e-13,0.005085904034785926,0.005085904034785926,,32,True,
dose_response,0.1,51,Penalized monotone B-spline,0.021659522529999368,4.4364512064022255e-13,0.04067958501400426,0.0017367139807902277,1e-08,11,True,Optimization terminated successfully
dose_response,0.1,51,pyGAM,0.024766320521022647,7.686151715091856e-10,0.11549135798122734,0.014479712001048028,1.0,2,True,
dose_response,0.1,52,MonotoneLSPIA,0.02162454188490768,0.0,0.006349114002659917,0.006349114002659917,,40,True,
dose_response,0.1,52,Penalized monotone B-spline,0.021085315587426816,0.0,0.042857317021116614,0.0026097390218637884,0.01,12,True,Optimization terminated successfully
dose_response,0.1,52,pyGAM,0.017139011464908198,0.0,0.0948735679849051,0.014402964967302978,0.1,2,True,
dose_response,0.1,53,MonotoneLSPIA,0.01894956950658894,0.0,0.006788550002966076,0.006788550002966076,,44,True,
dose_response,0.1,53,Penalized monotone B-spline,0.018772219972075226,0.0,0.04143225000007078,0.0019449450192041695,0.01,12,True,Optimization terminated successfully
dose_response,0.1,53,pyGAM,0.018535937586392187,7.304616911340454e-10,0.11529157700715587,0.01911061001010239,1.0,3,True,
dose_response,0.1,54,MonotoneLSPIA,0.037936040226830614,4.436451206401733e-13,0.006105749984271824,0.006105749984271824,,39,True,
dose_response,0.1,54,Penalized monotone B-spline,0.03695596041877601,0.0,0.04259800905128941,0.0020992549834772944,1.0,13,True,Optimization terminated successfully
dose_response,0.1,54,pyGAM,0.03710158671909184,2.3646284930123863e-09,0.10776585096027702,0.01861282897880301,0.001,4,True,
dose_response,0.1,55,MonotoneLSPIA,0.019833055413299258,5.198966257502536e-15,0.00502203096402809,0.00502203096402809,,29,True,
dose_response,0.1,55,Penalized monotone B-spline,0.021981949784141162,0.0,0.040673648996744305,0.001891140011139214,1.0,10,True,Optimization terminated successfully
dose_response,0.1,55,pyGAM,0.019731322048066303,3.554706529129734e-10,0.11115033901296556,0.018632650026120245,0.1,3,True,
dose_response,0.1,56,MonotoneLSPIA,0.02202494169771989,0.0,0.005906371981836855,0.005906371981836855,,37,True,
dose_response,0.1,56,Penalized monotone B-spline,0.023103600730464222,0.0,0.04248649097280577,0.0017570650088600814,1.0,10,True,Optimization terminated successfully
dose_response,0.1,56,pyGAM,0.020374177295248763,0.0,0.09370656695682555,0.014321193972136825,0.1,2,True,
dose_response,0.1,57,MonotoneLSPIA,0.022955838911527433,4.4364512064022255e-13,0.004871173994615674,0.004871173994615674,,29,True,
dose_response,0.1,57,Penalized monotone B-spline,0.026753039175141807,2.2182256032011127e-13,0.0363777750171721,0.0015065529732964933,1.0,8,True,Optimization terminated successfully
dose_response,0.1,57,pyGAM,0.026738515076533142,9.119125454758764e-10,0.11296339199179783,0.014726204972248524,1.0,3,True,
dose_response,0.1,58,MonotoneLSPIA,0.029165640660324878,0.0,0.00797133898595348,0.00797133898595348,,45,True,
dose_response,0.1,58,Penalized monotone B-spline,0.030621845410096334,0.0,0.04225416498957202,0.0020189249771647155,1.0,11,True,Optimization terminated successfully
dose_response,0.1,58,pyGAM,0.030667113023844724,0.0,0.10814490099437535,0.018807659042067826,1.0,3,True,
dose_response,0.1,59,MonotoneLSPIA,0.024042374255510108,4.4364512064022255e-13,0.0034351100330241024,0.0034351100330241024,,17,True,
dose_response,0.1,59,Penalized monotone B-spline,0.02731711695770368,2.2182256032011127e-13,0.04152309300843626,0.001896511996164918,1.0,10,True,Optimization terminated successfully
dose_response,0.1,59,pyGAM,0.02397201182826355,1.7253358741698255e-09,0.10717645299155265,0.022144169022794813,0.1,2,True,
dose_response,0.1,60,MonotoneLSPIA,0.03209320916201393,4.436451206401733e-13,0.0036677999887615442,0.0036677999887615442,,19,True,
dose_response,0.1,60,Penalized monotone B-spline,0.035224363125001545,3.3273384048016694e-13,0.038979962992016226,0.001674377010203898,1.0,9,True,Optimization terminated successfully
dose_response,0.1,60,pyGAM,0.035241233188854845,2.967985857083089e-09,0.10682036698563024,0.018461042025592178,1.0,2,True,
dose_response,0.1,61,MonotoneLSPIA,0.02631072236974124,0.0,0.006917471997439861,0.006917471997439861,,44,True,
dose_response,0.1,61,Penalized monotone B-spline,0.026312645503124194,0.0,0.04056695499457419,0.001660701003856957,1e-08,9,True,Optimization terminated successfully
dose_response,0.1,61,pyGAM,0.024076814678982095,0.0,0.1050212379777804,0.014728360052686185,1.0,2,True,
dose_response,0.1,62,MonotoneLSPIA,0.027343154373859948,4.4364512064022255e-13,0.004382911021821201,0.004382911021821201,,24,True,
dose_response,0.1,62,Penalized monotone B-spline,0.0273319691441695,4.4364512064022255e-13,0.04007179301697761,0.0018187889945693314,1e-08,11,True,Optimization terminated successfully
dose_response,0.1,62,pyGAM,0.025549745429507966,1.1001289879074699e-09,0.1040156590170227,0.018552392022684216,0.1,2,True,
dose_response,0.1,63,MonotoneLSPIA,0.01679496761808566,4.4364512064022255e-13,0.003821863967459649,0.003821863967459649,,20,True,
dose_response,0.1,63,Penalized monotone B-spline,0.016509881392862715,2.2182256032011127e-13,0.038868153002113104,0.0015605770167894661,0.01,8,True,Optimization terminated successfully
dose_response,0.1,63,pyGAM,0.014777050444200416,0.0,0.10273255297215655,0.01431783998850733,1.0,2,True,
dose_response,0.1,64,MonotoneLSPIA,0.017606560830527182,4.4364512064022255e-13,0.004538572975434363,0.004538572975434363,,26,True,
dose_response,0.1,64,Penalized monotone B-spline,0.022328421163762883,4.4364512064022255e-13,0.03665954997995868,0.0017492379993200302,1.0,10,True,Optimization terminated successfully
dose_response,0.1,64,pyGAM,0.022332717685178506,1.8115139388541886e-09,0.1082027000375092,0.014707577007357031,1.0,3,True,
dose_response,0.1,65,MonotoneLSPIA,0.03622906971418233,6.654676809603339e-13,0.003957322041969746,0.003957322041969746,,21,True,
dose_response,0.1,65,Penalized monotone B-spline,0.03617617777277177,4.4364512064022255e-13,0.039137384039349854,0.0018278270144946873,0.01,11,True,Optimization terminated successfully
dose_response,0.1,65,pyGAM,0.03515502215221406,6.856535339494639e-10,0.1224063949775882,0.018539996992330998,0.1,3,True,
dose_response,0.1,66,MonotoneLSPIA,0.023201485091291177,3.3273384048016694e-13,0.006251828977838159,0.006251828977838159,,40,True,
dose_response,0.1,66,Penalized monotone B-spline,0.027976866363091286,3.3273384048016694e-13,0.03929300099844113,0.0018398600514046848,1.0,11,True,Optimization terminated successfully
dose_response,0.1,66,pyGAM,0.02798089485050266,9.773502007704104e-10,0.10246464895317331,0.01427347696153447,1.0,2,True,
dose_response,0.1,67,MonotoneLSPIA,0.02504734492823322,0.0,0.0077131419675424695,0.0077131419675424695,,53,True,
dose_response,0.1,67,Penalized monotone B-spline,0.024883937680238295,0.0,0.03988420695532113,0.0017374539747834206,0.01,10,True,Optimization terminated successfully
dose_response,0.1,67,pyGAM,0.02510663949246117,0.0,0.1038565700291656,0.01430239895125851,1.0,2,True,
dose_response,0.1,68,MonotoneLSPIA,0.021012464567386865,4.436451206401733e-13,0.005145428993273526,0.005145428993273526,,31,True,
dose_response,0.1,68,Penalized monotone B-spline,0.02020680961191423,4.4364512064022255e-13,0.03470832697348669,0.0017096250085160136,0.01,11,True,Optimization terminated successfully
dose_response,0.1,68,pyGAM,0.01593262841491379,3.859047081888548e-09,0.10417969402624294,0.014131289965007454,0.1,2,True,
dose_response,0.1,69,MonotoneLSPIA,0.04238543296830378,0.0,0.0064114409615285695,0.0064114409615285695,,43,True,
dose_response,0.1,69,Penalized monotone B-spline,0.04428517070189715,0.0,0.03984619700349867,0.0015415250090882182,1.0,8,True,Optimization terminated successfully
dose_response,0.1,69,pyGAM,0.04437146532895863,0.0,0.0899045949918218,0.014617451990488917,1.0,2,True,
dose_response,0.1,70,MonotoneLSPIA,0.019880651593893118,0.0,0.006402278959285468,0.006402278959285468,,41,True,
dose_response,0.1,70,Penalized monotone B-spline,0.015783111631774895,0.0,0.03813437500502914,0.0019402040052227676,1.0,11,True,Optimization terminated successfully
dose_response,0.1,70,pyGAM,0.015967122781782184,0.0,0.1030420110328123,0.014559301955159754,0.1,2,True,
dose_response,0.1,71,MonotoneLSPIA,0.022016729827954388,4.4364512064022255e-13,0.007137056032661349,0.007137056032661349,,46,True,
dose_response,0.1,71,Penalized monotone B-spline,0.021996460816426408,2.2182256032011127e-13,0.0390680959681049,0.0019192849867977202,1e-08,12,True,Optimization terminated successfully
dose_response,0.1,71,pyGAM,0.019573735837367157,5.088609533743353e-10,0.10645824199309573,0.018146138987503946,0.1,2,True,
dose_response,0.1,72,MonotoneLSPIA,0.025949028261880246,0.0,0.007381275994703174,0.007381275994703174,,46,True,
dose_response,0.1,72,Penalized monotone B-spline,0.030439608685733754,0.0,0.04280638601630926,0.002144387981388718,1.0,12,True,Optimization terminated successfully
dose_response,0.1,72,pyGAM,0.03059527424383355,0.0,0.10715309903025627,0.014260768017265946,1.0,2,True,
dose_response,0.1,73,MonotoneLSPIA,0.023389864933556652,4.436451206401733e-13,0.004500394978094846,0.004500394978094846,,26,True,
dose_response,0.1,73,Penalized monotone B-spline,0.0231004479368271,4.4364512064022255e-13,0.03681798401521519,0.0016915220185182989,0.01,11,True,Optimization terminated successfully
dose_response,0.1,73,pyGAM,0.023505043283428072,2.2154528211971115e-09,0.1161038379650563,0.02604019403224811,0.001,6,True,
dose_response,0.1,74,MonotoneLSPIA,0.02100426660173813,3.3273384048016694e-13,0.0035200489801354706,0.0035200489801354706,,22,True,
dose_response,0.1,74,Penalized monotone B-spline,0.020482538590155308,3.3273384048016694e-13,0.03272405598545447,0.0011380810174159706,0.01,7,True,Optimization terminated successfully
dose_response,0.1,74,pyGAM,0.020217105094507058,1.0889269486114263e-09,0.0920811879914254,0.014833300025202334,0.01,2,True,
dose_response,0.1,75,MonotoneLSPIA,0.021219609660426544,0.0,0.005955340981017798,0.005955340981017798,,49,True,
dose_response,0.1,75,Penalized monotone B-spline,0.02100898633978581,0.0,0.033693403005599976,0.0015962920151650906,0.01,12,True,Optimization terminated successfully
dose_response,0.1,75,pyGAM,0.021382436086264587,0.0,0.09252583998022601,0.01231676700990647,1.0,2,True,
dose_response,0.1,76,MonotoneLSPIA,0.01470498866351201,3.3273384048016694e-13,0.0041999759851023555,0.0041999759851023555,,30,True,
dose_response,0.1,76,Penalized monotone B-spline,0.01811073152389979,0.0,0.034906418004538864,0.0014661199529655278,1.0,9,True,Optimization terminated successfully
dose_response,0.1,76,pyGAM,0.018160673327247388,0.0,0.09669999597826973,0.01290751900523901,1.0,3,True,
dose_response,0.1,77,MonotoneLSPIA,0.025825488850028316,0.0,0.005585059989243746,0.005585059989243746,,40,True,
dose_response,0.1,77,Penalized monotone B-spline,0.027006913157939464,0.0,0.03440459101693705,0.0015922679449431598,1.0,11,True,Optimization terminated successfully
dose_response,0.1,77,pyGAM,0.02692032134902203,0.0,0.0836910989601165,0.013789885968435556,1.0,3,True,
dose_response,0.1,78,MonotoneLSPIA,0.0143198967118812,0.0,0.005110029014758766,0.005110029014758766,,33,True,
dose_response,0.1,78,Penalized monotone B-spline,0.01883226072953397,0.0,0.037976995983626693,0.0017810100107453763,1.0,9,True,Optimization terminated successfully
dose_response,0.1,78,pyGAM,0.018790186067672444,0.0,0.09595917904516682,0.012742857972625643,1.0,3,True,
dose_response,0.1,79,MonotoneLSPIA,0.025293136883503625,0.0,0.008770639018621296,0.008770639018621296,,47,True,
dose_response,0.1,79,Penalized monotone B-spline,0.028962976472971774,0.0,0.03688223601784557,0.0015321000246331096,1.0,10,True,Optimization terminated successfully
dose_response,0.1,79,pyGAM,0.02901996017839059,0.0,0.08338066801661626,0.011671059997752309,1.0,2,True,
dose_response,0.1,80,MonotoneLSPIA,0.01548766590404324,3.3273384048016694e-13,0.003107497002929449,0.003107497002929449,,21,True,
dose_response,0.1,80,Penalized monotone B-spline,0.018869524441279494,4.4364512064022255e-13,0.03303001797758043,0.0014414259931072593,1.0,10,True,Optimization terminated successfully
dose_response,0.1,80,pyGAM,0.01893650936908445,2.4469246628911473e-09,0.09140441898489371,0.015241439978126436,1.0,2,True,
dose_response,0.1,81,MonotoneLSPIA,0.02628023297051733,0.0,0.00542508001672104,0.00542508001672104,,43,True,
dose_response,0.1,81,Penalized monotone B-spline,0.025966860329121502,0.0,0.03372780798235908,0.0014824660029262304,0.01,12,True,Optimization terminated successfully
dose_response,0.1,81,pyGAM,0.023630228934250617,0.0,0.09146413899725303,0.012268150981981307,0.1,2,True,
dose_response,0.1,82,MonotoneLSPIA,0.02159442916622806,4.4364512064022255e-13,0.0033961990266107023,0.0033961990266107023,,21,True,
dose_response,0.1,82,Penalized monotone B-spline,0.017998837616433148,4.436451206401733e-13,0.028833199001383036,0.0012640010099858046,1.0,8,True,Optimization terminated successfully
dose_response,0.1,82,pyGAM,0.01953165180349879,1.466025301155595e-09,0.09038431697990745,0.017430067993700504,0.1,2,True,
dose_response,0.1,83,MonotoneLSPIA,0.016415867239673886,2.2182256032011127e-13,0.0057430589804425836,0.0057430589804425836,,44,True,
dose_response,0.1,83,Penalized monotone B-spline,0.01752872165181709,4.4364512064022255e-13,0.03338784602237865,0.001832588983234018,1.0,10,True,Optimization terminated successfully
dose_response,0.1,83,pyGAM,0.017527874229440132,1.8460073469837613e-09,0.09436644602101296,0.012295028020162135,1.0,3,True,
dose_response,0.1,84,MonotoneLSPIA,0.019132956161354946,3.3273384048016694e-13,0.004644279018975794,0.004644279018975794,,34,True,
dose_response,0.1,84,Penalized monotone B-spline,0.019135556410044365,3.3273384048016694e-13,0.03310329798841849,0.001566799997817725,0.01,12,True,Optimization terminated successfully
dose_response,0.1,84,pyGAM,0.019407573657938278,1.7189030199203515e-09,0.08911239897133783,0.015520323009695858,0.1,2,True,
dose_response,0.1,85,MonotoneLSPIA,0.03541252852505037,3.3273384048016694e-13,0.004612958990037441,0.004612958990037441,,34,True,
dose_response,0.1,85,Penalized monotone B-spline,0.03692959678613594,3.3273384048016694e-13,0.035692123987246305,0.0016502210055477917,1.0,11,True,Optimization terminated successfully
dose_response,0.1,85,pyGAM,0.036128241375649565,2.3256986336762068e-09,0.09314633294707164,0.016457043995615095,1.0,3,True,
dose_response,0.1,86,MonotoneLSPIA,0.023097506039094235,3.3273384048016694e-13,0.004318299994338304,0.004318299994338304,,27,True,
dose_response,0.1,86,Penalized monotone B-spline,0.023526790263449927,0.0,0.03167248499812558,0.0013223770074546337,1.0,9,True,Optimization terminated successfully
dose_response,0.1,86,pyGAM,0.02232705627800499,1.692617046522609e-09,0.0986788590089418,0.015183116018306464,0.1,2,True,
dose_response,0.1,87,MonotoneLSPIA,0.03454589739212675,0.0,0.005253167997580022,0.005253167997580022,,41,True,
dose_response,0.1,87,Penalized monotone B-spline,0.0357297536939977,0.0,0.033736186975147575,0.0012951359967701137,1.0,8,True,Optimization terminated successfully
dose_response,0.1,87,pyGAM,0.03555335788879943,0.0,0.08106478798436001,0.012002915027551353,1.0,2,True,
dose_response,0.1,88,MonotoneLSPIA,0.025647196799816762,3.3273384048016694e-13,0.004034097015392035,0.004034097015392035,,27,True,
dose_response,0.1,88,Penalized monotone B-spline,0.025610931174088095,3.3273384048016694e-13,0.033960497996304184,0.0014190839719958603,0.01,10,True,Optimization terminated successfully
dose_response,0.1,88,pyGAM,0.025008241309381417,9.631535569099232e-10,0.08831380697665736,0.014889528974890709,0.1,3,True,
dose_response,0.1,89,MonotoneLSPIA,0.021327383439515436,0.0,0.004797995963599533,0.004797995963599533,,35,True,
dose_response,0.1,89,Penalized monotone B-spline,0.021060870572091366,0.0,0.03633469104534015,0.0020646039629355073,0.01,13,True,Optimization terminated successfully
dose_response,0.1,89,pyGAM,0.014683912007211624,0.0,0.09136273799231276,0.014829178981017321,1.0,2,True,
dose_response,0.1,90,MonotoneLSPIA,0.027682848492741725,0.0,0.007016139978077263,0.007016139978077263,,47,True,
dose_response,0.1,90,Penalized monotone B-spline,0.028628812266365905,0.0,0.041155385959427804,0.0013684630393981934,1.0,9,True,Optimization terminated successfully
dose_response,0.1,90,pyGAM,0.02821817893277241,0.0,0.09353635599836707,0.011952517030294985,1.0,3,True,
dose_response,0.1,91,MonotoneLSPIA,0.021055570652412106,0.0,0.005729259981308132,0.005729259981308132,,44,True,
dose_response,0.1,91,Penalized monotone B-spline,0.021064032702785094,0.0,0.03176688397070393,0.0015748320147395134,1e-08,12,True,Optimization terminated successfully
dose_response,0.1,91,pyGAM,0.02340406432880966,0.0,0.09461883699987084,0.013123260985594243,1.0,3,True,
dose_response,0.1,92,MonotoneLSPIA,0.02183389637488017,0.0,0.005076343019027263,0.005076343019027263,,37,True,
dose_response,0.1,92,Penalized monotone B-spline,0.02183388249200623,0.0,0.03222180000739172,0.0014176449622027576,1e-08,9,True,Optimization terminated successfully
dose_response,0.1,92,pyGAM,0.02179820579780691,0.0,0.08936838700901717,0.015218321001157165,0.01,2,True,
dose_response,0.1,93,MonotoneLSPIA,0.02347941350391879,4.4364512064022255e-13,0.0029366049566306174,0.0029366049566306174,,18,True,
dose_response,0.1,93,Penalized monotone B-spline,0.02347219034209522,4.4364512064022255e-13,0.03176985197933391,0.001482273975852877,0.0001,12,True,Optimization terminated successfully
dose_response,0.1,93,pyGAM,0.023413628179438685,1.0155036811454414e-09,0.09437840798636898,0.017918027006089687,0.01,2,True,
dose_response,0.1,94,MonotoneLSPIA,0.031129518506385408,0.0,0.004460497992113233,0.004460497992113233,,33,True,
dose_response,0.1,94,Penalized monotone B-spline,0.03112379237019557,0.0,0.0327292819856666,0.0015875929966568947,1e-08,13,True,Optimization terminated successfully
dose_response,0.1,94,pyGAM,0.02804575357033461,0.0,0.11245506396517158,0.014254137000534683,0.1,2,True,
dose_response,0.1,95,MonotoneLSPIA,0.017072674929073307,0.0,0.0040159980417229235,0.0040159980417229235,,22,True,
dose_response,0.1,95,Penalized monotone B-spline,0.020957200251014326,0.0,0.041988318029325455,0.0020002199453301728,1.0,12,True,Optimization terminated successfully
dose_response,0.1,95,pyGAM,0.020918553336085974,0.0,0.10278600302990526,0.018761685001663864,1.0,2,True,
dose_response,0.1,96,MonotoneLSPIA,0.03088850064858553,0.0,0.006075556972064078,0.006075556972064078,,35,True,
dose_response,0.1,96,Penalized monotone B-spline,0.032099758954613235,0.0,0.03830972797004506,0.0017712399712763727,1.0,10,True,Optimization terminated successfully
dose_response,0.1,96,pyGAM,0.03206215743926734,0.0,0.10736720502609387,0.014209687011316419,1.0,4,True,
dose_response,0.1,97,MonotoneLSPIA,0.028058327721465704,0.0,0.0070267029805108905,0.0070267029805108905,,46,True,
dose_response,0.1,97,Penalized monotone B-spline,0.028070857481759384,0.0,0.0401750790188089,0.0019027359667234123,0.01,12,True,Optimization terminated successfully
dose_response,0.1,97,pyGAM,0.027905746466144146,0.0,0.10811857401859015,0.014943935966584831,0.1,3,True,
dose_response,0.1,98,MonotoneLSPIA,0.02069320224408321,0.0,0.006437611009459943,0.006437611009459943,,39,True,
dose_response,0.1,98,Penalized monotone B-spline,0.02400599923598066,0.0,0.03988266200758517,0.0017343219951726496,1.0,9,True,Optimization terminated successfully
dose_response,0.1,98,pyGAM,0.023639006971160968,0.0,0.10696986498078331,0.014974626014009118,1.0,3,True,
dose_response,0.1,99,MonotoneLSPIA,0.02314409222850383,4.436451206401733e-13,0.004549067001789808,0.004549067001789808,,26,True,
dose_response,0.1,99,Penalized monotone B-spline,0.022914989705689535,3.3273384048016694e-13,0.03944506502011791,0.0015349039458669722,0.01,8,True,Optimization terminated successfully
dose_response,0.1,99,pyGAM,0.021450551446533336,1.3928238562499787e-09,0.10376869601896033,0.018605027988087386,0.01,2,True,
dose_response,0.1,100,MonotoneLSPIA,0.01322894331710461,3.3273384048016694e-13,0.0058461870066821575,0.0058461870066821575,,36,True,
dose_response,0.1,100,Penalized monotone B-spline,0.01648764605549532,4.4364512064022255e-13,0.04027273802785203,0.0018370070029050112,1.0,10,True,Optimization terminated successfully
dose_response,0.1,100,pyGAM,0.016497886840639936,1.7000481022931442e-09,0.10176688199862838,0.014389686053618789,1.0,3,True,
cdf_plateau,0.02,1,MonotoneLSPIA,0.010987938872406832,4.159173006002087e-14,0.004702423000708222,0.004702423000708222,,19,True,
cdf_plateau,0.02,1,Penalized monotone B-spline,0.011003943422502096,4.159173006001971e-14,0.03950261702993885,0.0018231769790872931,0.01,10,True,Optimization terminated successfully
cdf_plateau,0.02,1,pyGAM,0.010970751501162654,4.944424869535281e-10,0.13277654501143843,0.02618463698308915,0.01,2,True,
cdf_plateau,0.02,2,MonotoneLSPIA,0.011119813350063965,4.4364512064022255e-13,0.002334779012016952,0.002334779012016952,,9,True,
cdf_plateau,0.02,2,Penalized monotone B-spline,0.011112040226739372,3.3273384048016694e-13,0.03319721797015518,0.0015649960259906948,0.01,9,True,Optimization terminated successfully
cdf_plateau,0.02,2,pyGAM,0.011094316968999375,6.585357259503304e-10,0.12741696694865823,0.02187377098016441,0.01,2,True,
cdf_plateau,0.02,3,MonotoneLSPIA,0.011674351146818454,3.3273384048016694e-13,0.0035720669548027217,0.0035720669548027217,,18,True,
cdf_plateau,0.02,3,Penalized monotone B-spline,0.011675197741220307,3.3273384048016694e-13,0.03471051499946043,0.0014624210307374597,1e-08,9,True,Optimization terminated successfully
cdf_plateau,0.02,3,pyGAM,0.011733063409391196,7.470983831581348e-10,0.12444118299754336,0.022000757046043873,0.01,2,True,
cdf_plateau,0.02,4,MonotoneLSPIA,0.010342467624608593,3.3273384048016694e-13,0.0036235330044291914,0.0036235330044291914,,19,True,
cdf_plateau,0.02,4,Penalized monotone B-spline,0.010344079528823867,3.3273384048016694e-13,0.03668816905701533,0.0017010419978760183,1e-08,10,True,Optimization terminated successfully
cdf_plateau,0.02,4,pyGAM,0.010314353556760386,5.703058025830061e-10,0.13188913295743987,0.021744989964645356,0.001,5,True,
cdf_plateau,0.02,5,MonotoneLSPIA,0.010829213938060809,0.0,0.004375349031761289,0.004375349031761289,,25,True,
cdf_plateau,0.02,5,Penalized monotone B-spline,0.010831456196594882,0.0,0.0379052659845911,0.0019284799927845597,1e-08,12,True,Optimization terminated successfully
cdf_plateau,0.02,5,pyGAM,0.011057245666056965,0.0,0.11850566801149398,0.018258890020661056,0.01,3,True,
cdf_plateau,0.02,6,MonotoneLSPIA,0.010847856406599089,3.3273384048016694e-13,0.004239866975694895,0.004239866975694895,,22,True,
cdf_plateau,0.02,6,Penalized monotone B-spline,0.010853137124467064,3.3273384048016694e-13,0.03713033895473927,0.001575170026626438,0.01,9,True,Optimization terminated successfully
cdf_plateau,0.02,6,pyGAM,0.010851269164236095,3.604616605201808e-10,0.11976286902790889,0.018432025040965527,0.01,2,True,
cdf_plateau,0.02,7,MonotoneLSPIA,0.010275727395385665,4.4364512064022255e-13,0.004378877987619489,0.004378877987619489,,24,True,
cdf_plateau,0.02,7,Penalized monotone B-spline,0.010277281617281572,3.3273384048016694e-13,0.034829651995096356,0.0015904019819572568,1e-08,10,True,Optimization terminated successfully
cdf_plateau,0.02,7,pyGAM,0.01029420474523109,3.552488303526582e-10,0.12542603799374774,0.02213703194865957,0.01,2,True,
cdf_plateau,0.02,8,MonotoneLSPIA,0.010448754120548302,3.3273384048016694e-13,0.004038794024381787,0.004038794024381787,,22,True,
cdf_plateau,0.02,8,Penalized monotone B-spline,0.010443977486324684,2.2182256032011127e-13,0.03454642801079899,0.0016639379900880158,1e-08,10,True,Optimization terminated successfully
cdf_plateau,0.02,8,pyGAM,0.01046421639092382,6.247077855015047e-10,0.1221215789555572,0.02550549601437524,0.01,2,True,
cdf_plateau,0.02,9,MonotoneLSPIA,0.010741871349956151,3.3273384048016694e-13,0.002878826984670013,0.002878826984670013,,12,True,
cdf_plateau,0.02,9,Penalized monotone B-spline,0.01073694780295244,3.3273384048016694e-13,0.035580023017246276,0.0015812870115041733,1e-08,10,True,Optimization terminated successfully
cdf_plateau,0.02,9,pyGAM,0.010671068803516122,6.442836264497632e-10,0.1272283960133791,0.021833461010828614,0.001,5,True,
cdf_plateau,0.02,10,MonotoneLSPIA,0.010540019585847804,4.4364512064022255e-13,0.0029881650116294622,0.0029881650116294622,,14,True,
cdf_plateau,0.02,10,Penalized monotone B-spline,0.01054037531101194,3.3273384048016694e-13,0.03541717602638528,0.0014057150110602379,1e-08,8,True,Optimization terminated successfully
cdf_plateau,0.02,10,pyGAM,0.010553971172063921,8.156415542970492e-10,0.1314351069740951,0.025880531000439078,0.01,2,True,
cdf_plateau,0.02,11,MonotoneLSPIA,0.010862114875718651,3.3273384048016694e-13,0.004845504998229444,0.004845504998229444,,28,True,
cdf_plateau,0.02,11,Penalized monotone B-spline,0.010867483621852707,4.436451206401733e-13,0.037294656969606876,0.0017081279656849802,1e-08,10,True,Optimization terminated successfully
cdf_plateau,0.02,11,pyGAM,0.010790443872780088,1.0898142388527067e-09,0.13971272396156564,0.01838360697729513,0.01,4,True,
cdf_plateau,0.02,12,MonotoneLSPIA,0.011173076599797913,0.0,0.005066449986770749,0.005066449986770749,,29,True,
cdf_plateau,0.02,12,Penalized monotone B-spline,0.011166545401732243,0.0,0.04033220000565052,0.001953433034941554,1e-08,12,True,Optimization terminated successfully
cdf_plateau,0.02,12,pyGAM,0.011105036593222024,0.0,0.12787041498813778,0.0218993840389885,0.01,2,True,
cdf_plateau,0.02,13,MonotoneLSPIA,0.01100391551853201,4.159173006001993e-14,0.005112778046168387,0.005112778046168387,,30,True,
cdf_plateau,0.02,13,Penalized monotone B-spline,0.01100518614528712,2.7727820040013524e-14,0.033972759963944554,0.001477210025768727,1e-08,8,True,Optimization terminated successfully
cdf_plateau,0.02,13,pyGAM,0.011066882288470485,4.409277942762951e-10,0.11746318999212235,0.018381030997261405,0.01,2,True,
cdf_plateau,0.02,14,MonotoneLSPIA,0.010997885888989376,4.436451206401733e-13,0.0028677249792963266,0.0028677249792963266,,13,True,
cdf_plateau,0.02,14,Penalized monotone B-spline,0.010992062242820722,4.4364512064022255e-13,0.03269303002161905,0.001301768992561847,0.0001,7,True,Optimization terminated successfully
cdf_plateau,0.02,14,pyGAM,0.010977657692605107,7.000720003702712e-10,0.11432259000139311,0.022429628006648272,0.01,2,True,
cdf_plateau,0.02,15,MonotoneLSPIA,0.011136306322010629,3.3273384048016694e-13,0.0025889200042001903,0.0025889200042001903,,11,True,
cdf_plateau,0.02,15,Penalized monotone B-spline,0.011129903642974405,3.3273384048016694e-13,0.03484980796929449,0.0014462050166912377,0.01,8,True,Optimization terminated successfully
cdf_plateau,0.02,15,pyGAM,0.011124910305908928,5.963699534206192e-10,0.10176332795526832,0.01649668300524354,0.01,2,True,
cdf_plateau,0.02,16,MonotoneLSPIA,0.010766742200555875,3.3273384048016694e-13,0.0031733069918118417,0.0031733069918118417,,17,True,
cdf_plateau,0.02,16,Penalized monotone B-spline,0.010768614924399395,3.3273384048016694e-13,0.029148289002478123,0.00124927400611341,1e-08,9,True,Optimization terminated successfully
cdf_plateau,0.02,16,pyGAM,0.010765845597863139,4.2667569477573404e-10,0.107571909960825,0.021315225982107222,0.001,6,True,
cdf_plateau,0.02,17,MonotoneLSPIA,0.010361503631835018,3.3273384048016694e-13,0.0028541230130940676,0.0028541230130940676,,18,True,
cdf_plateau,0.02,17,Penalized monotone B-spline,0.010363832428833203,4.4364512064022255e-13,0.03059793298598379,0.001284692029003054,1e-08,9,True,Optimization terminated successfully
cdf_plateau,0.02,17,pyGAM,0.010333859907048121,4.493015959283854e-10,0.10743313399143517,0.021325149980839342,0.01,2,True,
cdf_plateau,0.02,18,MonotoneLSPIA,0.010537344405791153,3.3273384048016694e-13,0.002272968995384872,0.002272968995384872,,12,True,
cdf_plateau,0.02,18,Penalized monotone B-spline,0.010537112575334094,3.3273384048016694e-13,0.02766599302412942,0.0010893389699049294,1e-08,7,True,Optimization terminated successfully
cdf_plateau,0.02,18,pyGAM,0.010504767452843,4.692101707171153e-10,0.1006224419688806,0.018820661993231624,0.01,2,True,
cdf_plateau,0.02,19,MonotoneLSPIA,0.01021553719681897,3.3273384048016694e-13,0.003171403019223362,0.003171403019223362,,14,True,
cdf_plateau,0.02,19,Penalized monotone B-spline,0.010226431623863845,3.3273384048013003e-13,0.028132760024163872,0.0009972229599952698,0.01,6,True,Optimization terminated successfully
cdf_plateau,0.02,19,pyGAM,0.010229302804865247,1.0040798192889559e-09,0.10202223801752552,0.020580902986694127,0.01,2,True,
cdf_plateau,0.02,20,MonotoneLSPIA,0.010373804309536912,3.3273384048016694e-13,0.0030427059973590076,0.0030427059973590076,,19,True,
cdf_plateau,0.02,20,Penalized monotone B-spline,0.010371324156949968,3.3273384048016694e-13,0.031083788024261594,0.0012636189931072295,1e-08,8,True,Optimization terminated successfully
cdf_plateau,0.02,20,pyGAM,0.010402927000570121,3.002368353932373e-10,0.10530813399236649,0.01772439101478085,0.01,2,True,
cdf_plateau,0.02,21,MonotoneLSPIA,0.010414387346659884,4.159173006001993e-14,0.004352370975539088,0.004352370975539088,,29,True,
cdf_plateau,0.02,21,Penalized monotone B-spline,0.01041267517325801,2.7727820040013524e-14,0.030265756999142468,0.0016986270202323794,1e-08,8,True,Optimization terminated successfully
cdf_plateau,0.02,21,pyGAM,0.010421944745540566,4.671583120341414e-10,0.12328913394594565,0.018371823010966182,0.01,2,True,
cdf_plateau,0.02,22,MonotoneLSPIA,0.010637274149645116,4.4364512064022255e-13,0.0027092910022474825,0.0027092910022474825,,13,True,
cdf_plateau,0.02,22,Penalized monotone B-spline,0.0106408805637433,3.3273384048016694e-13,0.03179043700220063,0.0013051590067334473,1e-08,7,True,Optimization terminated successfully
cdf_plateau,0.02,22,pyGAM,0.010637601913413937,4.509098094907062e-10,0.11537769000278786,0.018644308962393552,0.01,2,True,
cdf_plateau,0.02,23,MonotoneLSPIA,0.011045928768020711,4.4364512064022255e-13,0.003854975977446884,0.003854975977446884,,27,True,
cdf_plateau,0.02,23,Penalized monotone B-spline,0.011047198706462045,3.3273384048016694e-13,0.030911503999959677,0.0016066060052253306,1e-08,12,True,Optimization terminated successfully
cdf_plateau,0.02,23,pyGAM,0.010857813961503798,1.8633095066889346e-10,0.11307866196148098,0.018804899009410292,0.01,2,True,
cdf_plateau,0.02,24,MonotoneLSPIA,0.011398954207818952,4.4364512064022255e-13,0.00387482502264902,0.00387482502264902,,21,True,
cdf_plateau,0.02,24,Penalized monotone B-spline,0.011405190648732725,3.3273384048016694e-13,0.03517714102054015,0.0014106039889156818,1e-08,8,True,Optimization terminated successfully
cdf_plateau,0.02,24,pyGAM,0.011374194607184869,6.671313501627346e-10,0.12494775501545519,0.022712567006237805,0.01,2,True,
cdf_plateau,0.02,25,MonotoneLSPIA,0.010837965078266306,0.0,0.003219282953068614,0.003219282953068614,,16,True,
cdf_plateau,0.02,25,Penalized monotone B-spline,0.010844975478693742,0.0,0.03058630903251469,0.001352998020593077,1e-08,9,True,Optimization terminated successfully
cdf_plateau,0.02,25,pyGAM,0.010864284345933681,0.0,0.10614898201311007,0.011729582969564945,0.01,2,True,
cdf_plateau,0.02,26,MonotoneLSPIA,0.010834373476664615,3.3273384048016694e-13,0.003678796987514943,0.003678796987514943,,25,True,
cdf_plateau,0.02,26,Penalized monotone B-spline,0.010832635802047045,3.3273384048016694e-13,0.03140681399963796,0.0014342389767989516,1e-08,11,True,Optimization terminated successfully
cdf_plateau,0.02,26,pyGAM,0.010817790673742328,5.432434502239525e-10,0.10174081899458542,0.01890045398613438,0.01,2,True,
cdf_plateau,0.02,27,MonotoneLSPIA,0.01065176421469598,4.1591730060019996e-14,0.0040214520413428545,0.0040214520413428545,,27,True,
cdf_plateau,0.02,27,Penalized monotone B-spline,0.010666189086519508,2.7727820040013524e-14,0.031139304977841675,0.0015602189814671874,0.01,10,True,Optimization terminated successfully
cdf_plateau,0.02,27,pyGAM,0.010661313655133713,2.435057155913988e-10,0.10085302800871432,0.01773378299549222,0.01,2,True,
cdf_plateau,0.02,28,MonotoneLSPIA,0.011405160687051231,0.0,0.0052850699867121875,0.0052850699867121875,,39,True,
cdf_plateau,0.02,28,Penalized monotone B-spline,0.011405838450549488,0.0,0.028504317975603044,0.0013825020287185907,1e-08,10,True,Optimization terminated successfully
cdf_plateau,0.02,28,pyGAM,0.01139006237547963,0.0,0.10352266096742824,0.015284591994713992,0.01,2,True,
cdf_plateau,0.02,29,MonotoneLSPIA,0.010424513740452125,3.3273384048016694e-13,0.0028215760248713195,0.0028215760248713195,,18,True,
cdf_plateau,0.02,29,Penalized monotone B-spline,0.010424509282397682,3.3273384048016694e-13,0.029623185051605105,0.0014175230171531439,1e-08,11,True,Optimization terminated successfully
cdf_plateau,0.02,29,pyGAM,0.010426449488279676,2.4489210659340286e-10,0.12001794896787032,0.015266886970493942,0.01,2,True,
cdf_plateau,0.02,30,MonotoneLSPIA,0.010794469085156836,4.159173006002087e-14,0.0039027990424074233,0.0039027990424074233,,28,True,
cdf_plateau,0.02,30,Penalized monotone B-spline,0.010798902444832467,4.159173006001971e-14,0.03015260200481862,0.001483776024542749,0.0001,11,True,Optimization terminated successfully
cdf_plateau,0.02,30,pyGAM,0.010755516947708607,4.948861320741683e-10,0.10658945102477446,0.01597033703001216,0.01,2,True,
cdf_plateau,0.02,31,MonotoneLSPIA,0.011115440755297907,4.159173006002087e-14,0.0033609370002523065,0.0033609370002523065,,20,True,
cdf_plateau,0.02,31,Penalized monotone B-spline,0.011137145068881782,4.159173006001971e-14,0.030489984957966954,0.0019651789916679263,0.01,9,True,Optimization terminated successfully
cdf_plateau,0.02,31,pyGAM,0.011105329559922604,3.8702491211851416e-10,0.09829977300250903,0.01454878697404638,0.01,2,True,
cdf_plateau,0.02,32,MonotoneLSPIA,0.011096275508172982,2.7727820040013524e-14,0.0033919489942491055,0.0033919489942491055,,24,True,
cdf_plateau,0.02,32,Penalized monotone B-spline,0.011104112532369582,2.7727820040013332e-14,0.02867754700127989,0.0012570200487971306,0.01,9,True,Optimization terminated successfully
cdf_plateau,0.02,32,pyGAM,0.01109219868669293,3.479286858620897e-10,0.10350072698201984,0.018559237010776997,0.01,2,True,
cdf_plateau,0.02,33,MonotoneLSPIA,0.011670930943162197,5.545564008002782e-14,0.0041002980433404446,0.0041002980433404446,,27,True,
cdf_plateau,0.02,33,Penalized monotone B-spline,0.011666456620802377,4.159173006002087e-14,0.03080721100559458,0.001148499024566263,0.01,7,True,Optimization terminated successfully
cdf_plateau,0.02,33,pyGAM,0.01167323509764354,3.352847999238482e-10,0.10969068901613355,0.01844369398895651,0.01,2,True,
cdf_plateau,0.02,34,MonotoneLSPIA,0.011327119763676442,3.3273384048016694e-13,0.0033323969691991806,0.0033323969691991806,,21,True,
cdf_plateau,0.02,34,Penalized monotone B-spline,0.01135584739334957,4.4364512064022255e-13,0.030589037050958723,0.0013713299995288253,0.01,10,True,Optimization terminated successfully
cdf_plateau,0.02,34,pyGAM,0.011274834438139016,6.277578457059149e-10,0.11207080003805459,0.020454532001167536,0.01,2,True,
cdf_plateau,0.02,35,MonotoneLSPIA,0.010347069953564552,3.3273384048016694e-13,0.003926287987269461,0.003926287987269461,,21,True,
cdf_plateau,0.02,35,Penalized monotone B-spline,0.010346982832064129,3.3273384048016694e-13,0.02957287698518485,0.0014256860013119876,0.0001,10,True,Optimization terminated successfully
cdf_plateau,0.02,35,pyGAM,0.010340752217781333,5.088609533743353e-10,0.10732838400872424,0.018471247982233763,0.01,2,True,
cdf_plateau,0.02,36,MonotoneLSPIA,0.011485533845464902,4.4364512064022255e-13,0.0030818410450592637,0.0030818410450592637,,20,True,
cdf_plateau,0.02,36,Penalized monotone B-spline,0.011477083438942116,3.3273384048016694e-13,0.028116505010984838,0.0011591799557209015,0.0001,9,True,Optimization terminated successfully
cdf_plateau,0.02,36,pyGAM,0.011455634584024078,7.377818356246901e-10,0.10628742398694158,0.01541855395771563,0.01,2,True,
cdf_plateau,0.02,37,MonotoneLSPIA,0.010288678923868916,4.4364512064022255e-13,0.002319089020602405,0.002319089020602405,,12,True,
cdf_plateau,0.02,37,Penalized monotone B-spline,0.01027977061360129,4.4364512064022255e-13,0.0270515339798294,0.0011400420335121453,0.01,6,True,Optimization terminated successfully
cdf_plateau,0.02,37,pyGAM,0.010260090071924842,7.704452076318265e-10,0.09831426403252408,0.015078916039783508,0.01,2,True,
cdf_plateau,0.02,38,MonotoneLSPIA,0.010247034579958157,4.159173006002087e-14,0.003419016022235155,0.003419016022235155,,23,True,
cdf_plateau,0.02,38,Penalized monotone B-spline,0.010249248109703851,2.772782004001391e-14,0.028168707038275898,0.0013081869692541659,0.01,8,True,Optimization terminated successfully
cdf_plateau,0.02,38,pyGAM,0.010297720897829325,4.1009445839180573e-10,0.09918631502659991,0.01600737398257479,0.1,2,True,
cdf_plateau,0.02,39,MonotoneLSPIA,0.011276089588840013,3.3273384048016694e-13,0.0033965370384976268,0.0033965370384976268,,22,True,
cdf_plateau,0.02,39,Penalized monotone B-spline,0.011256545523168819,4.4364512064022255e-13,0.03375574800884351,0.001675698033068329,0.01,11,True,Optimization terminated successfully
cdf_plateau,0.02,39,pyGAM,0.011169397749686274,2.522122510839665e-10,0.10628917597932741,0.01548810297390446,0.01,2,True,
cdf_plateau,0.02,40,MonotoneLSPIA,0.010971904330139785,4.159173006001993e-14,0.0039211600087583065,0.0039211600087583065,,27,True,
cdf_plateau,0.02,40,Penalized monotone B-spline,0.01112594272336737,5.545564008002657e-14,0.029619208013173193,0.0012290729791857302,0.01,9,True,Optimization terminated successfully
cdf_plateau,0.02,40,pyGAM,0.01112292215805974,5.74021330468352e-10,0.0987161030061543,0.020064286014530808,0.01,2,True,
cdf_plateau,0.02,41,MonotoneLSPIA,0.010668654835953513,0.0,0.00430754100671038,0.00430754100671038,,29,True,
cdf_plateau,0.02,41,Penalized monotone B-spline,0.010665516162380151,0.0,0.036033386015333235,0.001652219973038882,1e-08,10,True,Optimization terminated successfully
cdf_plateau,0.02,41,pyGAM,0.010655685027218264,0.0,0.12157140800263733,0.018249992979690433,0.01,2,True,
cdf_plateau,0.02,42,MonotoneLSPIA,0.01101197224801388,0.0,0.0051175979897379875,0.0051175979897379875,,30,True,
cdf_plateau,0.02,42,Penalized monotone B-spline,0.011012251829871037,0.0,0.03707836999092251,0.001707971969153732,0.01,10,True,Optimization terminated successfully
cdf_plateau,0.02,42,pyGAM,0.01099753717632731,0.0,0.11799276201054454,0.017977673967834562,0.01,2,True,
cdf_plateau,0.02,43,MonotoneLSPIA,0.01050721408580843,3.3273384048016694e-13,0.003535890020430088,0.003535890020430088,,18,True,
cdf_plateau,0.02,43,Penalized monotone B-spline,0.010501654511001452,3.3273384048016694e-13,0.03337682003621012,0.0014639690052717924,1e-08,8,True,Optimization terminated successfully
cdf_plateau,0.02,43,pyGAM,0.010464044254761532,6.076829039969448e-10,0.1182564829941839,0.017940353020094335,0.01,2,True,
cdf_plateau,0.02,44,MonotoneLSPIA,0.011011879642803339,0.0,0.0051973420195281506,0.0051973420195281506,,32,True,
cdf_plateau,0.02,44,Penalized monotone B-spline,0.010995202085713108,0.0,0.038543843023944646,0.001989387033972889,0.01,13,True,Optimization terminated successfully
cdf_plateau,0.02,44,pyGAM,0.010989041433961701,0.0,0.1283705829991959,0.021894456003792584,0.001,5,True,
cdf_plateau,0.02,45,MonotoneLSPIA,0.010750936468553173,2.772782004001391e-14,0.0032186550088226795,0.0032186550088226795,,16,True,
cdf_plateau,0.02,45,Penalized monotone B-spline,0.01074759019245135,4.159173006002087e-14,0.03574278799351305,0.0014963559806346893,0.01,9,True,Optimization terminated successfully
cdf_plateau,0.02,45,pyGAM,0.010696789408626688,1.0599791044896518e-09,0.1186818010173738,0.026506413996685296,0.01,2,True,
cdf_plateau,0.02,46,MonotoneLSPIA,0.011112035721678409,2.7727820040013524e-14,0.004261306952685118,0.004261306952685118,,23,True,
cdf_plateau,0.02,46,Penalized monotone B-spline,0.011112241955414054,2.7727820040013524e-14,0.03718270797980949,0.0017363169463351369,1e-08,10,True,Optimization terminated successfully
cdf_plateau,0.02,46,pyGAM,0.011023172742855485,3.534187942300124e-10,0.12715246697189286,0.02262508904095739,0.01,2,True,
cdf_plateau,0.02,47,MonotoneLSPIA,0.010326491681147923,4.436451206401733e-13,0.0035659639979712665,0.0035659639979712665,,18,True,
cdf_plateau,0.02,47,Penalized monotone B-spline,0.01032401087233642,4.4364512064022255e-13,0.034640867030248046,0.001794355979654938,1e-08,11,True,Optimization terminated successfully
cdf_plateau,0.02,47,pyGAM,0.010336548002005414,5.206175490713011e-10,0.11716849700314924,0.0181377119733952,0.01,2,True,
cdf_plateau,0.02,48,MonotoneLSPIA,0.011086284850752234,3.3273384048016694e-13,0.0027167630032636225,0.0027167630032636225,,12,True,
cdf_plateau,0.02,48,Penalized monotone B-spline,0.011088625882044031,4.4364512064022255e-13,0.030536771984770894,0.0012655510217882693,1e-08,7,True,Optimization terminated successfully
cdf_plateau,0.02,48,pyGAM,0.011119162434046606,7.437155891132531e-10,0.123616116004996,0.02734943403629586,0.01,2,True,
cdf_plateau,0.02,49,MonotoneLSPIA,0.011182242662980194,0.0,0.0064785610302351415,0.0064785610302351415,,39,True,
cdf_plateau,0.02,49,Penalized monotone B-spline,0.011205562046670019,0.0,0.04186700499849394,0.0016377340070903301,0.01,9,True,Optimization terminated successfully
cdf_plateau,0.02,49,pyGAM,0.011160414147305538,0.0,0.12627808301476762,0.019489735015667975,0.01,2,True,
cdf_plateau,0.02,50,MonotoneLSPIA,0.010300231850381524,4.4364512064022255e-13,0.004971448041033,0.004971448041033,,26,True,
cdf_plateau,0.02,50,Penalized monotone B-spline,0.010298958608777734,3.3273384048016694e-13,0.03300459700403735,0.0017826749826781452,1e-08,7,True,Optimization terminated successfully
cdf_plateau,0.02,50,pyGAM,0.010302331574570403,6.04022831751663e-10,0.12732912099454552,0.01869426399935037,0.01,2,True,
cdf_plateau,0.02,51,MonotoneLSPIA,0.011712000841420232,2.772782004001391e-14,0.0029470889712683856,0.0029470889712683856,,12,True,
cdf_plateau,0.02,51,Penalized monotone B-spline,0.011709579121341329,4.159173006001971e-14,0.03775142499944195,0.0017153790104202926,0.0001,10,True,Optimization terminated successfully
cdf_plateau,0.02,51,pyGAM,0.011947498938008448,3.2519187342928314e-10,0.12171331897843629,0.02325204003136605,0.1,2,True,
cdf_plateau,0.02,52,MonotoneLSPIA,0.01059206089192192,3.3273384048016694e-13,0.003465832967776805,0.003465832967776805,,15,True,
cdf_plateau,0.02,52,Penalized monotone B-spline,0.01059500809353809,3.3273384048016694e-13,0.036886814050376415,0.0014357379986904562,1e-08,8,True,Optimization terminated successfully
cdf_plateau,0.02,52,pyGAM,0.010518418510287335,4.1913372772485027e-10,0.13300118496408686,0.02260993397794664,0.01,2,True,
cdf_plateau,0.02,53,MonotoneLSPIA,0.010760432275929297,4.159173006001971e-14,0.004115708987228572,0.004115708987228572,,22,True,
cdf_plateau,0.02,53,Penalized monotone B-spline,0.010771678237013225,4.159173006001971e-14,0.03251398500287905,0.0014637269778177142,0.01,8,True,Optimization terminated successfully
cdf_plateau,0.02,53,pyGAM,0.010776870242604066,6.294769705483609e-10,0.12494475801941007,0.01930977398296818,0.01,2,True,
cdf_plateau,0.02,54,MonotoneLSPIA,0.010666855332435143,4.159173006001993e-14,0.00352801097324118,0.00352801097324118,,17,True,
cdf_plateau,0.02,54,Penalized monotone B-spline,0.01064218411186765,2.772782004001391e-14,0.03352239402011037,0.0014189640060067177,0.01,6,True,Optimization terminated successfully
cdf_plateau,0.02,54,pyGAM,0.010431592109072898,1.0096253832969585e-09,0.1132567289751023,0.01839136896887794,0.1,2,True,
cdf_plateau,0.02,55,MonotoneLSPIA,0.010372354593573638,4.4364512064022255e-13,0.0029012960148975253,0.0029012960148975253,,12,True,
cdf_plateau,0.02,55,Penalized monotone B-spline,0.010352250572652249,4.4364512064022255e-13,0.03170622402103618,0.0012501510209403932,0.01,6,True,Optimization terminated successfully
cdf_plateau,0.02,55,pyGAM,0.01035273820229271,4.66492844353194e-10,0.12295526097295806,0.022642139985691756,0.01,2,True,
cdf_plateau,0.02,56,MonotoneLSPIA,0.01096152959394823,4.1591730060019996e-14,0.0037534000002779067,0.0037534000002779067,,20,True,
cdf_plateau,0.02,56,Penalized monotone B-spline,0.01096120879677045,2.7727820040013524e-14,0.035445769026409835,0.0015776689979247749,0.0001,9,True,Optimization terminated successfully
cdf_plateau,0.02,56,pyGAM,0.01099100795144167,3.5147784682721145e-10,0.12216382200131193,0.021973596012685448,0.01,2,True,
cdf_plateau,0.02,57,MonotoneLSPIA,0.010582476294437159,4.1591730060019996e-14,0.0037585209938697517,0.0037585209938697517,,20,True,
cdf_plateau,0.02,57,Penalized monotone B-spline,0.01058001638860706,4.1591730060019996e-14,0.0338476009783335,0.0014998940168879926,1e-08,9,True,Optimization terminated successfully
cdf_plateau,0.02,57,pyGAM,0.010590451110477158,1.9431656284041478e-10,0.12751814298098907,0.02705630997661501,0.001,6,True,
cdf_plateau,0.02,58,MonotoneLSPIA,0.010657876298308914,4.4364512064022255e-13,0.004803155025001615,0.004803155025001615,,27,True,
cdf_plateau,0.02,58,Penalized monotone B-spline,0.010661850220344575,3.3273384048016694e-13,0.03973377402871847,0.002141081029549241,1e-08,10,True,Optimization terminated successfully
cdf_plateau,0.02,58,pyGAM,0.010649226375250958,2.897002637780653e-10,0.1310683719930239,0.018728577997535467,0.01,2,True,
cdf_plateau,0.02,59,MonotoneLSPIA,0.010677614512433143,3.3273384048016694e-13,0.003344640019349754,0.003344640019349754,,16,True,
cdf_plateau,0.02,59,Penalized monotone B-spline,0.0106745777746988,3.3273384048016694e-13,0.03938483097590506,0.0017489230376668274,0.01,11,True,Optimization terminated successfully
cdf_plateau,0.02,59,pyGAM,0.010640512097329547,4.6560555411191357e-10,0.13074192201020196,0.0263866150053218,0.01,2,True,
cdf_plateau,0.02,60,MonotoneLSPIA,0.011017183152557663,4.4364512064022255e-13,0.004364182008430362,0.004364182008430362,,25,True,
cdf_plateau,0.02,60,Penalized monotone B-spline,0.011017027513418973,3.3273384048016694e-13,0.03871183097362518,0.0020468420116230845,1e-08,12,True,Optimization terminated successfully
cdf_plateau,0.02,60,pyGAM,0.011023472971956851,7.322362716166874e-10,0.1266487020184286,0.021727854968048632,0.01,2,True,
cdf_plateau,0.02,61,MonotoneLSPIA,0.0104752229657354,3.3273384048016694e-13,0.0032039039651863277,0.0032039039651863277,,14,True,
cdf_plateau,0.02,61,Penalized monotone B-spline,0.01047708805718566,3.3273384048016694e-13,0.0338714380050078,0.0014417709899134934,1e-08,8,True,Optimization terminated successfully
cdf_plateau,0.02,61,pyGAM,0.010445721151391474,7.368945453834097e-10,0.12967227800982073,0.02615127997705713,0.001,6,True,
cdf_plateau,0.02,62,MonotoneLSPIA,0.011821952758786395,0.0,0.004485965007916093,0.004485965007916093,,26,True,
cdf_plateau,0.02,62,Penalized monotone B-spline,0.0118636853555867,0.0,0.04290524497628212,0.0021069159847684205,0.01,13,True,Optimization terminated successfully
cdf_plateau,0.02,62,pyGAM,0.011854480482138245,0.0,0.12730170000577345,0.025230642000678927,0.01,2,True,
cdf_plateau,0.02,63,MonotoneLSPIA,0.011085775192894465,4.159173006002087e-14,0.003885706013534218,0.003885706013534218,,22,True,
cdf_plateau,0.02,63,Penalized monotone B-spline,0.011089474410474798,4.159173006001971e-14,0.03277934202924371,0.0014935440267436206,0.01,9,True,Optimization terminated successfully
cdf_plateau,0.02,63,pyGAM,0.01109559451003223,6.79387046620402e-10,0.12793888204032555,0.022639024013187736,0.01,2,True,
cdf_plateau,0.02,64,MonotoneLSPIA,0.010966895680176062,0.0,0.006166487000882626,0.006166487000882626,,36,True,
cdf_plateau,0.02,64,Penalized monotone B-spline,0.01096741160999037,0.0,0.03878942399751395,0.0018571699620224535,1e-08,12,True,Optimization terminated successfully
cdf_plateau,0.02,64,pyGAM,0.01093743030788515,0.0,0.12721069296821952,0.01950234401738271,0.01,2,True,
cdf_plateau,0.02,65,MonotoneLSPIA,0.010938023922119894,3.3273384048016694e-13,0.004195166984573007,0.004195166984573007,,21,True,
cdf_plateau,0.02,65,Penalized monotone B-spline,0.010914017619243871,3.3273384048016694e-13,0.0354186570039019,0.001511320995632559,0.01,8,True,Optimization terminated successfully
cdf_plateau,0.02,65,pyGAM,0.010903164231623342,5.878297848482949e-10,0.13170110597275198,0.02205709699774161,0.01,2,True,
cdf_plateau,0.02,66,MonotoneLSPIA,0.011737201710390353,0.0,0.005223464977461845,0.005223464977461845,,32,True,
cdf_plateau,0.02,66,Penalized monotone B-spline,0.011741624370258342,0.0,0.038517496024724096,0.0018785420106723905,1e-08,11,True,Optimization terminated successfully
cdf_plateau,0.02,66,pyGAM,0.011693888285200542,0.0,0.13061772799119353,0.022286585008259863,0.01,2,True,
cdf_plateau,0.02,67,MonotoneLSPIA,0.01038787001587153,3.3273384048016694e-13,0.003799944999627769,0.003799944999627769,,19,True,
cdf_plateau,0.02,67,Penalized monotone B-spline,0.010391009039487592,3.3273384048016694e-13,0.03478624497074634,0.0012106529902666807,1e-08,6,True,Optimization terminated successfully
cdf_plateau,0.02,67,pyGAM,0.010394392554287438,6.818825504240221e-10,0.12526004301616922,0.022815033968072385,0.01,2,True,
cdf_plateau,0.02,68,MonotoneLSPIA,0.010892031641359566,3.3273384048016694e-13,0.0024511480005457997,0.0024511480005457997,,10,True,
cdf_plateau,0.02,68,Penalized monotone B-spline,0.010887231121763529,3.3273384048016694e-13,0.034067609056364745,0.0013629409950226545,1e-08,8,True,Optimization terminated successfully
cdf_plateau,0.02,68,pyGAM,0.010859046330512306,4.659382879523938e-10,0.12145631603198126,0.022848947963211685,0.01,2,True,
cdf_plateau,0.02,69,MonotoneLSPIA,0.011074680580720166,0.0,0.005786816996987909,0.005786816996987909,,32,True,
cdf_plateau,0.02,69,Penalized monotone B-spline,0.011093481931937401,0.0,0.038477562949992716,0.002077425946481526,0.01,13,True,Optimization terminated successfully
cdf_plateau,0.02,69,pyGAM,0.011059985771479559,0.0,0.126334638975095,0.022084932017605752,0.01,2,True,
cdf_plateau,0.02,70,MonotoneLSPIA,0.01165824346964841,0.0,0.00416337902424857,0.00416337902424857,,24,True,
cdf_plateau,0.02,70,Penalized monotone B-spline,0.011661324754205428,0.0,0.03896915499353781,0.0020049370359629393,0.01,13,True,Optimization terminated successfully
cdf_plateau,0.02,70,pyGAM,0.011643107448971188,0.0,0.12980234698625281,0.021477894973941147,0.01,2,True,
cdf_plateau,0.02,71,MonotoneLSPIA,0.010663417093352591,4.159173006002087e-14,0.0035356199950911105,0.0035356199950911105,,19,True,
cdf_plateau,0.02,71,Penalized monotone B-spline,0.010668963456398535,4.1591730060019996e-14,0.03427887102589011,0.0014717699959874153,1e-08,9,True,Optimization terminated successfully
cdf_plateau,0.02,71,pyGAM,0.010700051648981485,5.065872721310541e-10,0.10364552098326385,0.018066873017232865,0.01,2,True,
cdf_plateau,0.02,72,MonotoneLSPIA,0.011362070178742027,4.4364512064022255e-13,0.002753617998678237,0.002753617998678237,,16,True,
cdf_plateau,0.02,72,Penalized monotone B-spline,0.01140131780508145,3.3273384048016694e-13,0.03332857898203656,0.0013615440111607313,0.01,8,True,Optimization terminated successfully
cdf_plateau,0.02,72,pyGAM,0.01132939464968699,4.976589140781696e-10,0.13552100799279287,0.020487782021518797,0.001,5,True,
cdf_plateau,0.02,73,MonotoneLSPIA,0.010660770474614176,4.4364512064022255e-13,0.002986474020872265,0.002986474020872265,,15,True,
cdf_plateau,0.02,73,Penalized monotone B-spline,0.010655180630329029,3.3273384048016694e-13,0.03379697701893747,0.001402468013111502,1e-08,9,True,Optimization terminated successfully
cdf_plateau,0.02,73,pyGAM,0.01062664659195336,8.359383185663393e-10,0.10874138900544494,0.019120812008623034,0.01,2,True,
cdf_plateau,0.02,74,MonotoneLSPIA,0.011072612148753616,5.545564008002657e-14,0.0037979820044711232,0.0037979820044711232,,26,True,
cdf_plateau,0.02,74,Penalized monotone B-spline,0.011069453008215721,4.1591730060019996e-14,0.02997602999676019,0.0015491690137423575,1e-08,9,True,Optimization terminated successfully
cdf_plateau,0.02,74,pyGAM,0.011083831161649897,8.983813692964382e-11,0.09949095401680097,0.022020792006514966,0.01,2,True,
cdf_plateau,0.02,75,MonotoneLSPIA,0.010570223747755387,3.3273384048016694e-13,0.002904675027821213,0.002904675027821213,,17,True,
cdf_plateau,0.02,75,Penalized monotone B-spline,0.010565183793125892,3.3273384048016694e-13,0.026044894999358803,0.001353530038613826,0.0001,10,True,Optimization terminated successfully
cdf_plateau,0.02,75,pyGAM,0.010577368368728109,7.681715263885453e-10,0.10890754900174215,0.020588097046129405,0.01,2,True,
cdf_plateau,0.02,76,MonotoneLSPIA,0.010736681399954508,0.0,0.004796084016561508,0.004796084016561508,,35,True,
cdf_plateau,0.02,76,Penalized monotone B-spline,0.010739950164908797,0.0,0.035700788954272866,0.0015489220386371017,1e-08,12,True,Optimization terminated successfully
cdf_plateau,0.02,76,pyGAM,0.010711206958793877,0.0,0.11016857397044078,0.02024928602622822,0.01,2,True,
cdf_plateau,0.02,77,MonotoneLSPIA,0.01100425660745029,3.3273384048016694e-13,0.002966069965623319,0.002966069965623319,,12,True,
cdf_plateau,0.02,77,Penalized monotone B-spline,0.011002512565972544,3.3273384048016694e-13,0.028873312985524535,0.0010668870527297258,1e-08,7,True,Optimization terminated successfully
cdf_plateau,0.02,77,pyGAM,0.011009257990066001,5.990318241444605e-10,0.11078753403853625,0.01813530398067087,0.01,2,True,
cdf_plateau,0.02,78,MonotoneLSPIA,0.011451112010379285,0.0,0.005069960025139153,0.005069960025139153,,38,True,
cdf_plateau,0.02,78,Penalized monotone B-spline,0.011489889756001669,0.0,0.03164363402174786,0.0017981190467253327,0.01,11,True,Optimization terminated successfully
cdf_plateau,0.02,78,pyGAM,0.011487995288072672,0.0,0.10721696499967948,0.019881903019268066,0.01,2,True,
cdf_plateau,0.02,79,MonotoneLSPIA,0.011282803611726193,0.0,0.0052735619829036295,0.0052735619829036295,,31,True,
cdf_plateau,0.02,79,Penalized monotone B-spline,0.011289208202095244,0.0,0.0369018450146541,0.0017095999792218208,0.01,11,True,Optimization terminated successfully
cdf_plateau,0.02,79,pyGAM,0.011271101760035276,0.0,0.11105796397896484,0.016365548013709486,0.01,2,True,
cdf_plateau,0.02,80,MonotoneLSPIA,0.010320339294230048,3.3273384048016694e-13,0.0035479619982652366,0.0035479619982652366,,18,True,
cdf_plateau,0.02,80,Penalized monotone B-spline,0.01032327398454056,3.3273384048016694e-13,0.0337404030142352,0.0016976940096355975,1e-08,10,True,Optimization terminated successfully
cdf_plateau,0.02,80,pyGAM,0.010302162493504432,5.397497448989108e-10,0.12368685199180618,0.02251719095511362,0.01,2,True,
cdf_plateau,0.02,81,MonotoneLSPIA,0.010692070997388165,0.0,0.0043974550208076835,0.0043974550208076835,,27,True,
cdf_plateau,0.02,81,Penalized monotone B-spline,0.01069164910748694,0.0,0.03544034803053364,0.0014641080051660538,1e-08,10,True,Optimization terminated successfully
cdf_plateau,0.02,81,pyGAM,0.010684752828341618,0.0,0.11371433298336342,0.017771734041161835,0.01,2,True,
cdf_plateau,0.02,82,MonotoneLSPIA,0.01065185149370295,4.159173006001993e-14,0.004886405018623918,0.004886405018623918,,30,True,
cdf_plateau,0.02,82,Penalized monotone B-spline,0.010670770380674923,2.7727820040013524e-14,0.03181734000099823,0.0014567739563062787,0.01,10,True,Optimization terminated successfully
cdf_plateau,0.02,82,pyGAM,0.010643892758775577,2.8814750585581655e-10,0.11233750300016254,0.01632286497624591,0.001,4,True,
cdf_plateau,0.02,83,MonotoneLSPIA,0.01097921225474037,3.3273384048016694e-13,0.003900947980582714,0.003900947980582714,,26,True,
cdf_plateau,0.02,83,Penalized monotone B-spline,0.011005618417840379,3.3273384048016694e-13,0.03225009999005124,0.0014975839876569808,0.01,11,True,Optimization terminated successfully
cdf_plateau,0.02,83,pyGAM,0.010971467032731856,8.65107985248434e-10,0.10805000900290906,0.018248041975311935,0.01,2,True,
cdf_plateau,0.02,84,MonotoneLSPIA,0.01157554654957662,3.3273384048016694e-13,0.004524576012045145,0.004524576012045145,,27,True,
cdf_plateau,0.02,84,Penalized monotone B-spline,0.011571823903246762,3.3273384048016694e-13,0.02993359201354906,0.0012379870167933404,1e-08,9,True,Optimization terminated successfully
cdf_plateau,0.02,84,pyGAM,0.011481328283437514,8.09430522608086e-10,0.11291143205016851,0.01616449496941641,0.01,2,True,
cdf_plateau,0.02,85,MonotoneLSPIA,0.011788959226477156,2.772782004001391e-14,0.0034657149808481336,0.0034657149808481336,,20,True,
cdf_plateau,0.02,85,Penalized monotone B-spline,0.011791149943259919,4.159173006002087e-14,0.03412952902726829,0.0016166860004886985,1e-08,10,True,Optimization terminated successfully
cdf_plateau,0.02,85,pyGAM,0.011746858159406388,3.414958316128113e-10,0.11495306098368019,0.01880981301655993,0.001,5,True,
cdf_plateau,0.02,86,MonotoneLSPIA,0.01067180082235901,4.4364512064022255e-13,0.0031552499858662486,0.0031552499858662486,,20,True,
cdf_plateau,0.02,86,Penalized monotone B-spline,0.01067336161663673,4.4364512064022255e-13,0.02776717400411144,0.0011831879965029657,1e-08,8,True,Optimization terminated successfully
cdf_plateau,0.02,86,pyGAM,0.01068607426484488,7.113849509465969e-10,0.11617392295738682,0.02140546403825283,0.001,6,True,
cdf_plateau,0.02,87,MonotoneLSPIA,0.010973588097919405,2.772782004001391e-14,0.002907831978518516,0.002907831978518516,,18,True,
cdf_plateau,0.02,87,Penalized monotone B-spline,0.010985879649044154,4.159173006001993e-14,0.026080659998115152,0.0011411139857955277,0.01,8,True,Optimization terminated successfully
cdf_plateau,0.02,87,pyGAM,0.011193244926523712,5.047017803683192e-10,0.1022120260167867,0.017513768980279565,0.1,2,True,
cdf_plateau,0.02,88,MonotoneLSPIA,0.010736764436118443,4.1591730060019996e-14,0.003919243987184018,0.003919243987184018,,21,True,
cdf_plateau,0.02,88,Penalized monotone B-spline,0.01073540542522777,4.159173006001993e-14,0.03325395699357614,0.0014297019806690514,0.01,8,True,Optimization terminated successfully
cdf_plateau,0.02,88,pyGAM,0.010683192704197068,6.949146258428093e-10,0.11986703000729904,0.021751372958533466,0.01,2,True,
cdf_plateau,0.02,89,MonotoneLSPIA,0.010495164031046788,0.0,0.00591286999406293,0.00591286999406293,,37,True,
cdf_plateau,0.02,89,Penalized monotone B-spline,0.010491699537772762,0.0,0.03720931499265134,0.001843901991378516,1e-08,11,True,Optimization terminated successfully
cdf_plateau,0.02,89,pyGAM,0.010478185642825327,0.0,0.1295677829766646,0.022363525989931077,0.001,5,True,
cdf_plateau,0.02,90,MonotoneLSPIA,0.012862528261373055,0.0,0.004439630953129381,0.004439630953129381,,25,True,
cdf_plateau,0.02,90,Penalized monotone B-spline,0.012855701351841532,0.0,0.0388591029914096,0.0018735829507932067,0.01,13,True,Optimization terminated successfully
cdf_plateau,0.02,90,pyGAM,0.012786182821130403,0.0,0.11751610698411241,0.017987139988690615,0.01,2,True,
cdf_plateau,0.02,91,MonotoneLSPIA,0.012319943922033562,3.3273384048016694e-13,0.004160620039328933,0.004160620039328933,,23,True,
cdf_plateau,0.02,91,Penalized monotone B-spline,0.012315927659167681,3.3273384048016694e-13,0.034554095997009426,0.0015870589995756745,1e-08,10,True,Optimization terminated successfully
cdf_plateau,0.02,91,pyGAM,0.012340794221990439,5.609892550495614e-10,0.12015264597721398,0.021655182994436473,0.01,2,True,
cdf_plateau,0.02,92,MonotoneLSPIA,0.010581880394871403,3.3273384048016694e-13,0.0034589790157042444,0.0034589790157042444,,18,True,
cdf_plateau,0.02,92,Penalized monotone B-spline,0.010606102245701252,4.4364512064022255e-13,0.03529496100964025,0.0016846609651111066,0.01,10,True,Optimization terminated successfully
cdf_plateau,0.02,92,pyGAM,0.010533421118972238,8.310582222392969e-10,0.12901149300159886,0.02594580000732094,0.01,2,True,
cdf_plateau,0.02,93,MonotoneLSPIA,0.010889276137760123,0.0,0.0063570470083504915,0.0063570470083504915,,39,True,
cdf_plateau,0.02,93,Penalized monotone B-spline,0.010908717415630905,0.0,0.03622218401869759,0.0014057119842618704,0.01,7,True,Optimization terminated successfully
cdf_plateau,0.02,93,pyGAM,0.010903137210296808,0.0,0.12091350596165285,0.014406047004740685,0.01,2,True,
cdf_plateau,0.02,94,MonotoneLSPIA,0.01054981944746475,4.4364512064022255e-13,0.003063814016059041,0.003063814016059041,,14,True,
cdf_plateau,0.02,94,Penalized monotone B-spline,0.01055242678129463,4.4364512064022255e-13,0.03848400304559618,0.0018130289972759783,1e-08,12,True,Optimization terminated successfully
cdf_plateau,0.02,94,pyGAM,0.010494714679426621,8.927248940082879e-10,0.13190204399870709,0.022267966996878386,0.01,2,True,
cdf_plateau,0.02,95,MonotoneLSPIA,0.01149549926322284,0.0,0.005086190009023994,0.005086190009023994,,29,True,
cdf_plateau,0.02,95,Penalized monotone B-spline,0.011500107445005639,0.0,0.038124745013192296,0.0017650819499976933,0.0001,11,True,Optimization terminated successfully
cdf_plateau,0.02,95,pyGAM,0.011446436601651674,0.0,0.1294172880006954,0.02260332799050957,0.01,2,True,
cdf_plateau,0.02,96,MonotoneLSPIA,0.011627087962023578,2.772782004001391e-14,0.00452969700563699,0.00452969700563699,,25,True,
cdf_plateau,0.02,96,Penalized monotone B-spline,0.011626147894823137,4.159173006001971e-14,0.039784649037756026,0.0017792099970392883,1e-08,11,True,Optimization terminated successfully
cdf_plateau,0.02,96,pyGAM,0.011610771789401862,3.3672664656591957e-10,0.1373073739814572,0.02208733803126961,0.001,5,True,
cdf_plateau,0.02,97,MonotoneLSPIA,0.010743019649299055,2.772782004001391e-14,0.003922496980521828,0.003922496980521828,,21,True,
cdf_plateau,0.02,97,Penalized monotone B-spline,0.01074584054080428,2.772782004001391e-14,0.03522308700485155,0.0016591470339335501,1e-08,10,True,Optimization terminated successfully
cdf_plateau,0.02,97,pyGAM,0.010707340024057505,2.655216047031732e-10,0.1283674250007607,0.025395889999344945,0.001,6,True,
cdf_plateau,0.02,98,MonotoneLSPIA,0.010398091164181581,3.3273384048016694e-13,0.004247960983775556,0.004247960983775556,,23,True,
cdf_plateau,0.02,98,Penalized monotone B-spline,0.01039873254919704,3.3273384048016694e-13,0.03276407002704218,0.0017131819622591138,1e-08,10,True,Optimization terminated successfully
cdf_plateau,0.02,98,pyGAM,0.010577856960183991,5.796223501164507e-10,0.13082311197649688,0.018527490028645843,0.1,3,True,
cdf_plateau,0.02,99,MonotoneLSPIA,0.010782303887461552,0.0,0.005854449002072215,0.005854449002072215,,35,True,
cdf_plateau,0.02,99,Penalized monotone B-spline,0.010794363624582269,0.0,0.03783119801664725,0.001854807953350246,0.01,12,True,Optimization terminated successfully
cdf_plateau,0.02,99,pyGAM,0.010796829514316167,0.0,0.1243112999945879,0.02217684598872438,0.01,2,True,
cdf_plateau,0.02,100,MonotoneLSPIA,0.011366478185260372,2.772782004001391e-14,0.004748645995277911,0.004748645995277911,,27,True,
cdf_plateau,0.02,100,Penalized monotone B-spline,0.011370950970159398,4.159173006001971e-14,0.034910727001260966,0.0014264099881984293,1e-08,7,True,Optimization terminated successfully
cdf_plateau,0.02,100,pyGAM,0.01136846684481534,0.0,0.122194005001802,0.02220341603970155,0.01,2,True,
cdf_plateau,0.05,1,MonotoneLSPIA,0.012479869716016941,3.3273384048016694e-13,0.004397104028612375,0.004397104028612375,,18,True,
cdf_plateau,0.05,1,Penalized monotone B-spline,0.012428205554612291,3.3273384048016694e-13,0.03555945196421817,0.0022362250019796193,0.01,10,True,Optimization terminated successfully
cdf_plateau,0.05,1,pyGAM,0.012000396992866065,1.078445832636301e-09,0.11876344197662547,0.021802422998007387,0.1,2,True,
cdf_plateau,0.05,2,MonotoneLSPIA,0.014105850208809431,0.0,0.005909044994041324,0.005909044994041324,,37,True,
cdf_plateau,0.05,2,Penalized monotone B-spline,0.01410308537680588,0.0,0.037749884999357164,0.0016384199843741953,1e-08,10,True,Optimization terminated successfully
cdf_plateau,0.05,2,pyGAM,0.014061979799845163,0.0,0.11172588897170499,0.01801955298287794,0.01,2,True,
cdf_plateau,0.05,3,MonotoneLSPIA,0.014743948330751802,2.7727820040013524e-14,0.004031491000205278,0.004031491000205278,,22,True,
cdf_plateau,0.05,3,Penalized monotone B-spline,0.014745261933061913,4.159173006001993e-14,0.036199277034029365,0.0015855980454944074,1e-08,9,True,Optimization terminated successfully
cdf_plateau,0.05,3,pyGAM,0.014784397591143354,1.5133289621438372e-09,0.11209024395793676,0.018165359972044826,0.01,2,True,
cdf_plateau,0.05,4,MonotoneLSPIA,0.01246465811677387,3.3273384048016694e-13,0.003085792006459087,0.003085792006459087,,14,True,
cdf_plateau,0.05,4,Penalized monotone B-spline,0.01245458127289113,3.3273384048016694e-13,0.03396510297898203,0.0014614140382036567,1e-08,8,True,Optimization terminated successfully
cdf_plateau,0.05,4,pyGAM,0.012455456098376868,7.750480257584581e-10,0.12412917701294646,0.02213835099246353,0.01,2,True,
cdf_plateau,0.05,5,MonotoneLSPIA,0.020520800057446265,2.772782004001391e-14,0.005312550987582654,0.005312550987582654,,32,True,
cdf_plateau,0.05,5,Penalized monotone B-spline,0.02051205805109572,2.772782004001391e-14,0.03603637299966067,0.0017178829875774682,1e-08,11,True,Optimization terminated successfully
cdf_plateau,0.05,5,pyGAM,0.020195944205105645,0.0,0.1186701999977231,0.01860516599845141,0.01,2,True,
cdf_plateau,0.05,6,MonotoneLSPIA,0.01554399455635486,2.772782004001391e-14,0.003264806990046054,0.003264806990046054,,16,True,
cdf_plateau,0.05,6,Penalized monotone B-spline,0.015514714202061061,4.159173006001993e-14,0.03004552301717922,0.0013965839752927423,0.01,8,True,Optimization terminated successfully
cdf_plateau,0.05,6,pyGAM,0.015468464654344882,1.3301589829595473e-09,0.1249077880056575,0.01866002002498135,0.01,2,True,
cdf_plateau,0.05,7,MonotoneLSPIA,0.013846789745408938,3.3273384048016694e-13,0.0032066070125438273,0.0032066070125438273,,15,True,
cdf_plateau,0.05,7,Penalized monotone B-spline,0.013872958530332926,4.4364512064022255e-13,0.03295593097573146,0.0014241940225474536,0.01,8,True,Optimization terminated successfully
cdf_plateau,0.05,7,pyGAM,0.013885844935464575,1.2728733067568432e-09,0.12601828598417342,0.02216446801321581,0.01,2,True,
cdf_plateau,0.05,8,MonotoneLSPIA,0.016126861035851918,0.0,0.005153677018824965,0.005153677018824965,,31,True,
cdf_plateau,0.05,8,Penalized monotone B-spline,0.01613151987996504,0.0,0.0385227240039967,0.0017517469823360443,1e-08,11,True,Optimization terminated successfully
cdf_plateau,0.05,8,pyGAM,0.016018670139393273,0.0,0.1132950609899126,0.022031316999346018,0.01,2,True,
cdf_plateau,0.05,9,MonotoneLSPIA,0.019133790829511586,3.3273384048016694e-13,0.002738025039434433,0.002738025039434433,,12,True,
cdf_plateau,0.05,9,Penalized monotone B-spline,0.018896588364246937,3.3273384048016694e-13,0.03187668399186805,0.0012744099949486554,0.01,7,True,Optimization terminated successfully
cdf_plateau,0.05,9,pyGAM,0.01889492869269509,3.2902940372282104e-09,0.11040262796450406,0.021624398010317236,0.01,2,True,
cdf_plateau,0.05,10,MonotoneLSPIA,0.016236190241289642,0.0,0.0062774550169706345,0.0062774550169706345,,40,True,
cdf_plateau,0.05,10,Penalized monotone B-spline,0.016229471068215498,0.0,0.03779797995230183,0.0020561949932016432,1e-08,14,True,Optimization terminated successfully
cdf_plateau,0.05,10,pyGAM,0.015866000825509895,0.0,0.1211301590083167,0.02163449500221759,0.01,2,True,
cdf_plateau,0.05,11,MonotoneLSPIA,0.012702502564283822,4.4364512064022255e-13,0.002926493005361408,0.002926493005361408,,14,True,
cdf_plateau,0.05,11,Penalized monotone B-spline,0.012698605390749537,3.3273384048016694e-13,0.03278041799785569,0.001640350033994764,1e-08,11,True,Optimization terminated successfully
cdf_plateau,0.05,11,pyGAM,0.012020743190938191,1.8929782741317495e-09,0.12410390697186813,0.022538824996445328,0.01,2,True,
cdf_plateau,0.05,12,MonotoneLSPIA,0.01555533934095713,4.159173006001993e-14,0.0041343579650856555,0.0041343579650856555,,23,True,
cdf_plateau,0.05,12,Penalized monotone B-spline,0.015515068858492057,4.159173006001971e-14,0.033536569972056895,0.0013317089760676026,0.01,7,True,Optimization terminated successfully
cdf_plateau,0.05,12,pyGAM,0.015190041314211375,2.4045565538699396e-09,0.11482911399798468,0.0221016849973239,0.1,2,True,
cdf_plateau,0.05,13,MonotoneLSPIA,0.012403303458592807,3.3273384048016694e-13,0.0026352099957875907,0.0026352099957875907,,11,True,
cdf_plateau,0.05,13,Penalized monotone B-spline,0.012449306415346667,4.4364512064022255e-13,0.033098804007750005,0.0012929219519719481,0.01,7,True,Optimization terminated successfully
cdf_plateau,0.05,13,pyGAM,0.012858438768886166,5.621538234912264e-10,0.11608424497535452,0.01804774097399786,0.1,2,True,
cdf_plateau,0.05,14,MonotoneLSPIA,0.015542808167780352,3.3273384048016694e-13,0.0029263169853948057,0.0029263169853948057,,14,True,
cdf_plateau,0.05,14,Penalized monotone B-spline,0.015557265564346816,4.4364512064022255e-13,0.03512554703047499,0.001518495031632483,0.0001,9,True,Optimization terminated successfully
cdf_plateau,0.05,14,pyGAM,0.015440796496472316,9.896613528681765e-10,0.1251156100188382,0.017843658046331257,0.01,2,True,
cdf_plateau,0.05,15,MonotoneLSPIA,0.012589254300743468,4.159173006002087e-14,0.003044946992304176,0.003044946992304176,,15,True,
cdf_plateau,0.05,15,Penalized monotone B-spline,0.012620701254007556,3.3273384048016694e-13,0.03451165102887899,0.0014360990026034415,0.01,8,True,Optimization terminated successfully
cdf_plateau,0.05,15,pyGAM,0.012549231994938112,9.100825093533365e-10,0.12511219503358006,0.021968200046103448,0.01,4,True,
cdf_plateau,0.05,16,MonotoneLSPIA,0.019032774510747523,4.159173006001971e-14,0.002872364013455808,0.002872364013455808,,13,True,
cdf_plateau,0.05,16,Penalized monotone B-spline,0.01898992945685843,2.772782004001391e-14,0.03429734997916967,0.0013872210402041674,0.01,7,True,Optimization terminated successfully
cdf_plateau,0.05,16,pyGAM,0.018815487406784813,1.3004902155167324e-09,0.11784291500225663,0.022640203998889774,0.01,2,True,
cdf_plateau,0.05,17,MonotoneLSPIA,0.015394928786755845,3.3273384048016694e-13,0.0029973199707455933,0.0029973199707455933,,16,True,
cdf_plateau,0.05,17,Penalized monotone B-spline,0.015366488552832624,3.3273384048016694e-13,0.03093007201096043,0.0011320269550196826,0.01,5,True,Optimization terminated successfully
cdf_plateau,0.05,17,pyGAM,0.015360477581358797,1.1271913402666455e-09,0.11409551999531686,0.019785112992394716,0.01,2,True,
cdf_plateau,0.05,18,MonotoneLSPIA,0.017811391958334873,3.3273384048016694e-13,0.004104807041585445,0.004104807041585445,,28,True,
cdf_plateau,0.05,18,Penalized monotone B-spline,0.017792070802673116,3.3273384048016694e-13,0.03385476203402504,0.0017093429923988879,1e-08,13,True,Optimization terminated successfully
cdf_plateau,0.05,18,pyGAM,0.017770524969943274,5.097482436156157e-10,0.10164478200022131,0.018275270995218307,0.01,2,True,
cdf_plateau,0.05,19,MonotoneLSPIA,0.016859398692391503,4.1591730060019996e-14,0.0048808889696374536,0.0048808889696374536,,34,True,
cdf_plateau,0.05,19,Penalized monotone B-spline,0.016869003283332382,2.7727820040013524e-14,0.031042415008414537,0.0017800659989006817,0.01,11,True,Optimization terminated successfully
cdf_plateau,0.05,19,pyGAM,0.016841267735259492,3.9423414532890955e-10,0.09360123000806198,0.020809734996873885,0.01,2,True,
cdf_plateau,0.05,20,MonotoneLSPIA,0.010951535151028752,3.3273384048016694e-13,0.0036670960253104568,0.0036670960253104568,,22,True,
cdf_plateau,0.05,20,Penalized monotone B-spline,0.010932780774790929,3.3273384048016694e-13,0.03030914004193619,0.0013441139599308372,0.01,8,True,Optimization terminated successfully
cdf_plateau,0.05,20,pyGAM,0.01093008657695408,1.204163768697724e-09,0.10256595397368073,0.018488068017177284,0.01,2,True,
cdf_plateau,0.05,21,MonotoneLSPIA,0.0129974951919363,3.3273384048016694e-13,0.002181792980991304,0.002181792980991304,,11,True,
cdf_plateau,0.05,21,Penalized monotone B-spline,0.012991032671244195,3.3273384048016694e-13,0.026162318012211472,0.0007720220019109547,0.01,4,True,Optimization terminated successfully
cdf_plateau,0.05,21,pyGAM,0.013008382042539242,1.852273834312958e-09,0.12153214099816978,0.022241788974497467,0.1,2,True,
cdf_plateau,0.05,22,MonotoneLSPIA,0.011543325762563504,4.436451206401733e-13,0.0029200059943832457,0.0029200059943832457,,15,True,
cdf_plateau,0.05,22,Penalized monotone B-spline,0.011675810332220453,3.3273384048016694e-13,0.03001144900918007,0.0013877979945391417,0.01,10,True,Optimization terminated successfully
cdf_plateau,0.05,22,pyGAM,0.013139319106898039,2.057570613889215e-09,0.10101395397214219,0.018325588025618345,0.1,2,True,
cdf_plateau,0.05,23,MonotoneLSPIA,0.014879228085216361,4.1591730060019996e-14,0.0034196630003862083,0.0034196630003862083,,22,True,
cdf_plateau,0.05,23,Penalized monotone B-spline,0.014887859655831745,4.159173006001993e-14,0.028670474013779312,0.0014420119696296751,1e-08,10,True,Optimization terminated successfully
cdf_plateau,0.05,23,pyGAM,0.016357447105893808,9.650390486726174e-10,0.09741929202573374,0.015526278002653271,0.1,2,True,
cdf_plateau,0.05,24,MonotoneLSPIA,0.014323469929283888,3.3273384048016694e-13,0.004133334034122527,0.004133334034122527,,26,True,
cdf_plateau,0.05,24,Penalized monotone B-spline,0.014354283165236088,4.4364512064022255e-13,0.02855827601160854,0.001293168985284865,0.01,6,True,Optimization terminated successfully
cdf_plateau,0.05,24,pyGAM,0.014697019682897395,1.1809833111442725e-09,0.09753511199960485,0.015140851028263569,0.1,2,True,
cdf_plateau,0.05,25,MonotoneLSPIA,0.014025302292846068,5.545564008002782e-13,0.002638725971337408,0.002638725971337408,,16,True,
cdf_plateau,0.05,25,Penalized monotone B-spline,0.013970070881451673,4.4364512064022255e-13,0.02686839597299695,0.0010968560236506164,0.01,8,True,Optimization terminated successfully
cdf_plateau,0.05,25,pyGAM,0.013843096620372693,2.050860481439589e-09,0.10623820300679654,0.015349041961599141,0.01,2,True,
cdf_plateau,0.05,26,MonotoneLSPIA,0.01749202992780252,3.3273384048016694e-13,0.004204237018711865,0.004204237018711865,,28,True,
cdf_plateau,0.05,26,Penalized monotone B-spline,0.01755615135488193,3.3273384048016694e-13,0.03156342700822279,0.001570915977936238,0.01,12,True,Optimization terminated successfully
cdf_plateau,0.05,26,pyGAM,0.017546934653384718,7.906865162610366e-10,0.0986010399647057,0.016711090982425958,0.01,2,True,
cdf_plateau,0.05,27,MonotoneLSPIA,0.012317069164090314,0.0,0.004528814984951168,0.004528814984951168,,33,True,
cdf_plateau,0.05,27,Penalized monotone B-spline,0.012324286875921494,0.0,0.030167894961778075,0.0016058830078691244,1e-08,12,True,Optimization terminated successfully
cdf_plateau,0.05,27,pyGAM,0.012440548690839062,0.0,0.11044424097053707,0.017438362003304064,0.1,4,True,
cdf_plateau,0.05,28,MonotoneLSPIA,0.014402631044003859,3.3273384048016694e-13,0.002251925994642079,0.002251925994642079,,12,True,
cdf_plateau,0.05,28,Penalized monotone B-spline,0.014415870020934519,3.3273384048016694e-13,0.026829544978681952,0.00078773801214993,1e-08,4,True,Optimization terminated successfully
cdf_plateau,0.05,28,pyGAM,0.01443444688060696,1.9341263590710767e-09,0.10328551300335675,0.01809234800748527,0.01,2,True,
cdf_plateau,0.05,29,MonotoneLSPIA,0.013875202526696178,0.0,0.004513552994467318,0.004513552994467318,,34,True,
cdf_plateau,0.05,29,Penalized monotone B-spline,0.013882416371473704,0.0,0.029827877995558083,0.0012226980179548264,0.0001,8,True,Optimization terminated successfully
cdf_plateau,0.05,29,pyGAM,0.013600497817631965,0.0,0.10373859101673588,0.015815467981155962,0.01,2,True,
cdf_plateau,0.05,30,MonotoneLSPIA,0.010388386052672652,4.1591730060019996e-14,0.004112327005714178,0.004112327005714178,,29,True,
cdf_plateau,0.05,30,Penalized monotone B-spline,0.01037622118958447,4.159173006001993e-14,0.030496670049615204,0.00144806201569736,0.01,9,True,Optimization terminated successfully
cdf_plateau,0.05,30,pyGAM,0.010429069876531359,4.675465015147048e-10,0.10777406400302425,0.01840184401953593,0.1,2,True,
cdf_plateau,0.05,31,MonotoneLSPIA,0.012255986011254584,3.3273384048016694e-13,0.0031609769794158638,0.0031609769794158638,,15,True,
cdf_plateau,0.05,31,Penalized monotone B-spline,0.012397424692428882,3.3273384048016694e-13,0.033160197956021875,0.0012789060128852725,0.01,6,True,Optimization terminated successfully
cdf_plateau,0.05,31,pyGAM,0.013635744262398875,3.107844981364833e-09,0.12319443002343178,0.01877669699024409,0.1,2,True,
cdf_plateau,0.05,32,MonotoneLSPIA,0.013969172886923781,3.3273384048016694e-13,0.003938051988370717,0.003938051988370717,,21,True,
cdf_plateau,0.05,32,Penalized monotone B-spline,0.014030584038078182,3.3273384048016694e-13,0.03430026996647939,0.001495847012847662,0.01,8,True,Optimization terminated successfully
cdf_plateau,0.05,32,pyGAM,0.014377426024529795,1.5713910173076682e-09,0.11813387204892933,0.014324411982670426,0.1,4,True,
cdf_plateau,0.05,33,MonotoneLSPIA,0.014828071245331448,3.3273384048016694e-13,0.0038048989954404533,0.0038048989954404533,,20,True,
cdf_plateau,0.05,33,Penalized monotone B-spline,0.01514137440109187,3.3273384048016694e-13,0.03578091796953231,0.001719883002806455,0.01,9,True,Optimization terminated successfully
cdf_plateau,0.05,33,pyGAM,0.017153044367196717,9.614898877075224e-10,0.12426883797161281,0.01801069703651592,0.1,4,True,
cdf_plateau,0.05,34,MonotoneLSPIA,0.015295781141535635,3.3273384048016694e-13,0.003719255968462676,0.003719255968462676,,20,True,
cdf_plateau,0.05,34,Penalized monotone B-spline,0.015290761818228147,4.4364512064022255e-13,0.038573933008592576,0.0016793579561635852,0.01,10,True,Optimization terminated successfully
cdf_plateau,0.05,34,pyGAM,0.015241176483569402,1.6671074520857964e-09,0.1257674660300836,0.02214989101048559,0.01,2,True,
cdf_plateau,0.05,35,MonotoneLSPIA,0.013405935291976562,3.3273384048016694e-13,0.004116012016311288,0.004116012016311288,,23,True,
cdf_plateau,0.05,35,Penalized monotone B-spline,0.013419817862847523,3.3273384048016694e-13,0.036150817992165685,0.0015579439932480454,0.0001,9,True,Optimization terminated successfully
cdf_plateau,0.05,35,pyGAM,0.013917929908774546,5.445743855858732e-10,0.11718384694540873,0.018574871006421745,0.1,2,True,
cdf_plateau,0.05,36,MonotoneLSPIA,0.016498992049780933,3.3273384048016694e-13,0.005289231019560248,0.005289231019560248,,32,True,
cdf_plateau,0.05,36,Penalized monotone B-spline,0.01660895910208591,3.3273384048016694e-13,0.038732387009076774,0.0017962799756787717,0.01,11,True,Optimization terminated successfully
cdf_plateau,0.05,36,pyGAM,0.01768050045535732,6.904227189962698e-10,0.11451096902601421,0.014559575996827334,0.1,2,True,
cdf_plateau,0.05,37,MonotoneLSPIA,0.018705681880233156,4.4364512064022255e-13,0.004320872016251087,0.004320872016251087,,24,True,
cdf_plateau,0.05,37,Penalized monotone B-spline,0.018709183267645816,4.4364512064022255e-13,0.03966686798958108,0.0018075910047627985,1e-08,12,True,Optimization terminated successfully
cdf_plateau,0.05,37,pyGAM,0.018551886996584516,4.48469761327185e-10,0.11596978298621252,0.021728598047047853,0.001,5,True,
cdf_plateau,0.05,38,MonotoneLSPIA,0.011558346928047188,4.1591730060019996e-14,0.003846700012218207,0.003846700012218207,,21,True,
cdf_plateau,0.05,38,Penalized monotone B-spline,0.011569306562804308,2.772782004001391e-14,0.03218047897098586,0.0013169720186851919,1e-08,7,True,Optimization terminated successfully
cdf_plateau,0.05,38,pyGAM,0.011585268995361438,2.7617463316253887e-09,0.12309158395510167,0.022262967948336154,0.01,2,True,
cdf_plateau,0.05,39,MonotoneLSPIA,0.015377836262799009,3.3273384048016694e-13,0.0024954969994723797,0.0024954969994723797,,10,True,
cdf_plateau,0.05,39,Penalized monotone B-spline,0.015276458426237965,3.3273384048016694e-13,0.028492354962509125,0.0012561319745145738,0.01,7,True,Optimization terminated successfully
cdf_plateau,0.05,39,pyGAM,0.014423564323273817,2.549628508319359e-09,0.11136762396199629,0.023042970977257937,0.1,2,True,
cdf_plateau,0.05,40,MonotoneLSPIA,0.016118756751854726,0.0,0.005972445011138916,0.005972445011138916,,37,True,
cdf_plateau,0.05,40,Penalized monotone B-spline,0.016145205882221264,0.0,0.035477764962706715,0.0017046990105882287,0.01,10,True,Optimization terminated successfully
cdf_plateau,0.05,40,pyGAM,0.01637134644449434,0.0,0.12217783398227766,0.01885319995926693,0.1,2,True,
cdf_plateau,0.05,41,MonotoneLSPIA,0.015744578135783262,0.0,0.00607225502608344,0.00607225502608344,,38,True,
cdf_plateau,0.05,41,Penalized monotone B-spline,0.015874529116356798,0.0,0.03725196601590142,0.001384225965011865,0.01,7,True,Optimization terminated successfully
cdf_plateau,0.05,41,pyGAM,0.01551584031442483,0.0,0.10976016602944583,0.017951939022168517,0.01,2,True,
cdf_plateau,0.05,42,MonotoneLSPIA,0.011561922712122355,4.4364512064022255e-13,0.002985584025736898,0.002985584025736898,,13,True,
cdf_plateau,0.05,42,Penalized monotone B-spline,0.011539961111713268,3.3273384048016694e-13,0.03331079502822831,0.0015977400471456349,0.01,10,True,Optimization terminated successfully
cdf_plateau,0.05,42,pyGAM,0.011445255435318463,2.334183346608451e-09,0.12487392697948962,0.029664999980013818,0.01,2,True,
cdf_plateau,0.05,43,MonotoneLSPIA,0.01528320089599604,5.545564008002628e-14,0.0033541369484737515,0.0033541369484737515,,17,True,
cdf_plateau,0.05,43,Penalized monotone B-spline,0.01528079733458938,5.545564008002657e-14,0.037288010003976524,0.001763014995958656,1e-08,11,True,Optimization terminated successfully
cdf_plateau,0.05,43,pyGAM,0.015301859392471152,6.572047905883915e-10,0.10258944396628067,0.017748743994161487,0.01,2,True,
cdf_plateau,0.05,44,MonotoneLSPIA,0.013363302181566443,3.3273384048016694e-13,0.004394268966279924,0.004394268966279924,,25,True,
cdf_plateau,0.05,44,Penalized monotone B-spline,0.013378442620150973,3.3273384048016694e-13,0.0356592700118199,0.001474855002015829,1e-08,8,True,Optimization terminated successfully
cdf_plateau,0.05,44,pyGAM,0.013436250128961522,3.6190350716226156e-10,0.12112461001379415,0.02237474301364273,0.01,2,True,
cdf_plateau,0.05,45,MonotoneLSPIA,0.013343089621423096,2.772782004001391e-14,0.0034352390212006867,0.0034352390212006867,,18,True,
cdf_plateau,0.05,45,Penalized monotone B-spline,0.013344339339457136,4.159173006001971e-14,0.03580028604483232,0.0018116519786417484,1e-08,12,True,Optimization terminated successfully
cdf_plateau,0.05,45,pyGAM,0.012727797673468821,1.5284683518857268e-09,0.11659034504555166,0.021859733969904482,0.01,2,True,
cdf_plateau,0.05,46,MonotoneLSPIA,0.017413150658592943,3.3273384048016694e-13,0.004311642027460039,0.004311642027460039,,24,True,
cdf_plateau,0.05,46,Penalized monotone B-spline,0.017300516856377634,4.436451206401733e-13,0.035422632994595915,0.0015885530156083405,0.01,10,True,Optimization terminated successfully
cdf_plateau,0.05,46,pyGAM,0.01721536711885855,1.5664000097004658e-09,0.11936573497951031,0.02217519999248907,0.001,5,True,
cdf_plateau,0.05,47,MonotoneLSPIA,0.015761333395223776,2.772782004001391e-14,0.003847816027700901,0.003847816027700901,,21,True,
cdf_plateau,0.05,47,Penalized monotone B-spline,0.01576961398960269,2.772782004001391e-14,0.03963183000450954,0.0019176510395482183,0.0001,11,True,Optimization terminated successfully
cdf_plateau,0.05,47,pyGAM,0.01481812049147267,1.0019170493258349e-09,0.11814541602507234,0.02536646102089435,0.01,2,True,
cdf_plateau,0.05,48,MonotoneLSPIA,0.011674327377665777,3.3273384048016694e-13,0.003867271007038653,0.003867271007038653,,21,True,
cdf_plateau,0.05,48,Penalized monotone B-spline,0.011686432363231351,3.3273384048016694e-13,0.031462722981814295,0.0013495300081558526,1e-08,10,True,Optimization terminated successfully
cdf_plateau,0.05,48,pyGAM,0.011682488150994798,1.4183334506867916e-09,0.1005464190384373,0.01833496702602133,0.01,2,True,
cdf_plateau,0.05,49,MonotoneLSPIA,0.013694444980137032,3.3273384048016694e-13,0.002281644963659346,0.002281644963659346,,12,True,
cdf_plateau,0.05,49,Penalized monotone B-spline,0.013726387694413245,4.4364512064022255e-13,0.027008795004803687,0.0013157270150259137,0.01,10,True,Optimization terminated successfully
cdf_plateau,0.05,49,pyGAM,0.013953329871604954,2.383816144480076e-09,0.0909789259894751,0.019227898970711976,0.1,2,True,
cdf_plateau,0.05,50,MonotoneLSPIA,0.01190653539861281,2.772782004001391e-14,0.003588580002542585,0.003588580002542585,,19,True,
cdf_plateau,0.05,50,Penalized monotone B-spline,0.011911219131683717,2.772782004001391e-14,0.03112199401948601,0.001281855977140367,1e-08,10,True,Optimization terminated successfully
cdf_plateau,0.05,50,pyGAM,0.011870738711252937,1.0076289802540776e-09,0.09908949001692235,0.019666402018629014,0.01,2,True,
cdf_plateau,0.05,51,MonotoneLSPIA,0.014832480786369527,5.545564008002628e-14,0.006029287993442267,0.006029287993442267,,39,True,
cdf_plateau,0.05,51,Penalized monotone B-spline,0.014889261475436743,2.772782004001314e-14,0.03435490699484944,0.001519004988949746,0.01,12,True,Optimization terminated successfully
cdf_plateau,0.05,51,pyGAM,0.01482532555037306,3.899640610427556e-10,0.1029491990339011,0.017932327988091856,0.01,2,True,
cdf_plateau,0.05,52,MonotoneLSPIA,0.0114046298844395,4.1591730060019996e-14,0.0026662099990062416,0.0026662099990062416,,17,True,
cdf_plateau,0.05,52,Penalized monotone B-spline,0.011397678987314034,4.159173006001993e-14,0.024206750968005508,0.001201517996378243,1e-08,9,True,Optimization terminated successfully
cdf_plateau,0.05,52,pyGAM,0.011416052827204233,9.98201521440487e-10,0.1043811189592816,0.018602386000566185,0.001,5,True,
cdf_plateau,0.05,53,MonotoneLSPIA,0.01626275140503415,0.0,0.005479926010593772,0.005479926010593772,,35,True,
cdf_plateau,0.05,53,Penalized monotone B-spline,0.01625987589849206,0.0,0.0321794239571318,0.0014496810035780072,1e-08,11,True,Optimization terminated successfully
cdf_plateau,0.05,53,pyGAM,0.016060079787504428,0.0,0.10321497998666018,0.012283099989872426,0.01,2,True,
cdf_plateau,0.05,54,MonotoneLSPIA,0.016863516822419634,4.4364512064022255e-13,0.002991429006215185,0.002991429006215185,,19,True,
cdf_plateau,0.05,54,Penalized monotone B-spline,0.01685709747054887,3.3273384048016694e-13,0.02949218003777787,0.0012968109804205596,1e-08,9,True,Optimization terminated successfully
cdf_plateau,0.05,54,pyGAM,0.01865414467254016,1.6874042163550865e-09,0.09613037604140118,0.014958578976802528,0.1,2,True,
cdf_plateau,0.05,55,MonotoneLSPIA,0.01576917489878573,4.4364512064022255e-13,0.0030318680219352245,0.0030318680219352245,,20,True,
cdf_plateau,0.05,55,Penalized monotone B-spline,0.015735068701926466,3.3273384048016694e-13,0.029000658949371427,0.0012002310249954462,0.01,8,True,Optimization terminated successfully
cdf_plateau,0.05,55,pyGAM,0.015351266839428853,2.802838960924766e-09,0.09983895404729992,0.022460625041276217,0.01,2,True,
cdf_plateau,0.05,56,MonotoneLSPIA,0.01468343068135218,4.159173006002087e-14,0.00311424199026078,0.00311424199026078,,15,True,
cdf_plateau,0.05,56,Penalized monotone B-spline,0.014684439204892005,4.1591730060019996e-14,0.03358942101476714,0.001652033010032028,1e-08,12,True,Optimization terminated successfully
cdf_plateau,0.05,56,pyGAM,0.014723848886955807,1.3090858397291004e-09,0.09994395496323705,0.01771687198197469,0.01,2,True,
cdf_plateau,0.05,57,MonotoneLSPIA,0.01476269702218504,4.4364512064022255e-13,0.0024462040164507926,0.0024462040164507926,,15,True,
cdf_plateau,0.05,57,Penalized monotone B-spline,0.014770018296421453,3.3273384048016694e-13,0.02650417695986107,0.0011023770202882588,1e-08,8,True,Optimization terminated successfully
cdf_plateau,0.05,57,pyGAM,0.014686701518689326,1.7126919882315317e-09,0.10353958100313321,0.016719979990739375,0.01,2,True,
cdf_plateau,0.05,58,MonotoneLSPIA,0.010752912839123612,0.0,0.005233608011621982,0.005233608011621982,,29,True,
cdf_plateau,0.05,58,Penalized monotone B-spline,0.010785844064572832,0.0,0.04122830496635288,0.0016576490015722811,0.01,11,True,Optimization terminated successfully
cdf_plateau,0.05,58,pyGAM,0.011152789200109604,1.8915918831296965e-10,0.11177303601289168,0.015351350011769682,0.1,2,True,
cdf_plateau,0.05,59,MonotoneLSPIA,0.011430775033316978,3.3273384048016694e-13,0.0023009810247458518,0.0023009810247458518,,13,True,
cdf_plateau,0.05,59,Penalized monotone B-spline,0.011438607745605277,4.4364512064022255e-13,0.025438547017984092,0.0010130300070159137,0.01,7,True,Optimization terminated successfully
cdf_plateau,0.05,59,pyGAM,0.011434578830724768,1.2922273251447725e-09,0.10524590598652139,0.0160838290466927,0.01,2,True,
cdf_plateau,0.05,60,MonotoneLSPIA,0.011892361342446423,3.3273384048016694e-13,0.002746918995399028,0.002746918995399028,,16,True,
cdf_plateau,0.05,60,Penalized monotone B-spline,0.011894246175659262,3.3273384048016694e-13,0.02690551005071029,0.0009325250284746289,0.01,5,True,Optimization terminated successfully
cdf_plateau,0.05,60,pyGAM,0.011877171927645916,1.0650810233770143e-09,0.09689680201699957,0.015041774953715503,0.01,2,True,
cdf_plateau,0.05,61,MonotoneLSPIA,0.011849431910302485,3.3273384048016694e-13,0.0025605770060792565,0.0025605770060792565,,15,True,
cdf_plateau,0.05,61,Penalized monotone B-spline,0.011843587524406412,3.3273384048016694e-13,0.025356964964885265,0.001273640024010092,1e-08,8,True,Optimization terminated successfully
cdf_plateau,0.05,61,pyGAM,0.011767396401377063,2.2974162572351376e-09,0.09962616598932073,0.016723340027965605,0.1,2,True,
cdf_plateau,0.05,62,MonotoneLSPIA,0.013900942512196564,0.0,0.004812753002624959,0.004812753002624959,,36,True,
cdf_plateau,0.05,62,Penalized monotone B-spline,0.013961747686199939,0.0,0.030809016025159508,0.0012907710042782128,0.01,9,True,Optimization terminated successfully
cdf_plateau,0.05,62,pyGAM,0.014544215987316159,0.0,0.09357458399608731,0.01624778803670779,0.1,3,True,
cdf_plateau,0.05,63,MonotoneLSPIA,0.014800073059698013,0.0,0.00482497998746112,0.00482497998746112,,37,True,
cdf_plateau,0.05,63,Penalized monotone B-spline,0.014848604747359223,0.0,0.033301407005637884,0.0013064040103927255,0.01,9,True,Optimization terminated successfully
cdf_plateau,0.05,63,pyGAM,0.015329902801419512,0.0,0.099211138964165,0.012882423005066812,0.1,2,True,
cdf_plateau,0.05,64,MonotoneLSPIA,0.018484801470699662,0.0,0.005410155979916453,0.005410155979916453,,33,True,
cdf_plateau,0.05,64,Penalized monotone B-spline,0.0187316407083027,0.0,0.03844327403930947,0.0017021350213326514,0.01,12,True,Optimization terminated successfully
cdf_plateau,0.05,64,pyGAM,0.01868525927462575,0.0,0.10707942204317078,0.018608411017339677,0.01,2,True,
cdf_plateau,0.05,65,MonotoneLSPIA,0.01345698377225151,4.1591730060019996e-14,0.004415744973812252,0.004415744973812252,,25,True,
cdf_plateau,0.05,65,Penalized monotone B-spline,0.013648954515432282,2.7727820040013332e-14,0.03281159803736955,0.0012898009736090899,0.01,6,True,Optimization terminated successfully
cdf_plateau,0.05,65,pyGAM,0.01363708295963439,1.7205666891228954e-09,0.10510875901672989,0.0194760249578394,0.01,2,True,
cdf_plateau,0.05,66,MonotoneLSPIA,0.015264983544490898,0.0,0.0057914630160667,0.0057914630160667,,38,True,
cdf_plateau,0.05,66,Penalized monotone B-spline,0.015328052124220939,0.0,0.034597519028466195,0.0014186620246618986,0.01,10,True,Optimization terminated successfully
cdf_plateau,0.05,66,pyGAM,0.015902988378192283,0.0,0.11408290802501142,0.014905422984156758,0.1,3,True,
cdf_plateau,0.05,67,MonotoneLSPIA,0.014087061679088636,3.3273384048016694e-13,0.0032977309892885387,0.0032977309892885387,,16,True,
cdf_plateau,0.05,67,Penalized monotone B-spline,0.014090660188822168,4.4364512064022255e-13,0.031064154987689108,0.0016554289613850415,1e-08,8,True,Optimization terminated successfully
cdf_plateau,0.05,67,pyGAM,0.01508720937833804,2.3487681799494983e-09,0.10076513199601322,0.01857208798173815,0.1,2,True,
cdf_plateau,0.05,68,MonotoneLSPIA,0.014088282732858283,4.436451206401733e-13,0.004028170020319521,0.004028170020319521,,27,True,
cdf_plateau,0.05,68,Penalized monotone B-spline,0.014120595105636267,2.2182256032011127e-13,0.030389681982342154,0.001293879991862923,0.01,9,True,Optimization terminated successfully
cdf_plateau,0.05,68,pyGAM,0.013601361056115426,1.994961196238921e-09,0.10087217600084841,0.018472290015779436,0.01,2,True,
cdf_plateau,0.05,69,MonotoneLSPIA,0.014474180541764935,3.3273384048016694e-13,0.002411904977634549,0.002411904977634549,,12,True,
cdf_plateau,0.05,69,Penalized monotone B-spline,0.014470816672915313,3.3273384048016694e-13,0.03032971901120618,0.0011457100044935942,1e-08,8,True,Optimization terminated successfully
cdf_plateau,0.05,69,pyGAM,0.012565184821011455,1.5095025229783573e-09,0.09941962698940188,0.018054269952699542,0.1,2,True,
cdf_plateau,0.05,70,MonotoneLSPIA,0.014725210514199486,4.159173006002087e-14,0.0027820279938168824,0.0027820279938168824,,17,True,
cdf_plateau,0.05,70,Penalized monotone B-spline,0.01477730258679915,4.159173006001993e-14,0.02830666198860854,0.0009019010467454791,0.01,5,True,Optimization terminated successfully
cdf_plateau,0.05,70,pyGAM,0.015244238233405333,1.1473771932557437e-09,0.10279607999837026,0.017839296022430062,0.1,2,True,
cdf_plateau,0.05,71,MonotoneLSPIA,0.021286721923367315,0.0,0.005803559033665806,0.005803559033665806,,39,True,
cdf_plateau,0.05,71,Penalized monotone B-spline,0.021264818033794642,0.0,0.030218218977097422,0.0015675959875807166,1e-08,12,True,Optimization terminated successfully
cdf_plateau,0.05,71,pyGAM,0.02129712596745182,0.0,0.09631286899093539,0.017591016017831862,0.01,2,True,
cdf_plateau,0.05,72,MonotoneLSPIA,0.015938106575647346,0.0,0.004221525974571705,0.004221525974571705,,30,True,
cdf_plateau,0.05,72,Penalized monotone B-spline,0.016094539905708236,0.0,0.031914357969071716,0.0014430820010602474,0.01,11,True,Optimization terminated successfully
cdf_plateau,0.05,72,pyGAM,0.015731030804193046,0.0,0.1131210140301846,0.018132031022105366,0.01,2,True,
cdf_plateau,0.05,73,MonotoneLSPIA,0.011372139324002117,3.3273384048016694e-13,0.0033819489763118327,0.0033819489763118327,,17,True,
cdf_plateau,0.05,73,Penalized monotone B-spline,0.011376972083199939,3.3273384048016694e-13,0.03625889902468771,0.0017148599727079272,1e-08,11,True,Optimization terminated successfully
cdf_plateau,0.05,73,pyGAM,0.011216910207507317,1.0265948091614465e-09,0.12697444902732968,0.022171926975715905,0.01,2,True,
cdf_plateau,0.05,74,MonotoneLSPIA,0.016977376631766874,3.3273384048016694e-13,0.004319667990785092,0.004319667990785092,,24,True,
cdf_plateau,0.05,74,Penalized monotone B-spline,0.016965527703650066,3.3273384048016694e-13,0.035410574986599386,0.001623425050638616,0.0001,9,True,Optimization terminated successfully
cdf_plateau,0.05,74,pyGAM,0.016877004659283604,1.2963864981507923e-09,0.11257427802775055,0.01782889198511839,0.01,2,True,
cdf_plateau,0.05,75,MonotoneLSPIA,0.01798351914847633,0.0,0.0050094660255126655,0.0050094660255126655,,30,True,
cdf_plateau,0.05,75,Penalized monotone B-spline,0.017910313309601095,0.0,0.03933544200845063,0.0021607439848594368,0.01,14,True,Optimization terminated successfully
cdf_plateau,0.05,75,pyGAM,0.017593537565827013,0.0,0.11752250499557704,0.018131321005057544,0.01,2,True,
cdf_plateau,0.05,76,MonotoneLSPIA,0.011906065340832318,2.772782004001391e-14,0.004203464952297509,0.004203464952297509,,24,True,
cdf_plateau,0.05,76,Penalized monotone B-spline,0.011946956572319398,2.772782004001391e-14,0.03803824499482289,0.0018117590225301683,0.01,12,True,Optimization terminated successfully
cdf_plateau,0.05,76,pyGAM,0.011909151832561258,8.440348420180234e-10,0.12475544097833335,0.021928453003056347,0.01,2,True,
cdf_plateau,0.05,77,MonotoneLSPIA,0.014927648329855128,3.3273384048016694e-13,0.00304871000116691,0.00304871000116691,,14,True,
cdf_plateau,0.05,77,Penalized monotone B-spline,0.014917817461013037,4.4364512064022255e-13,0.034812990052159876,0.0015008439659141004,1e-08,9,True,Optimization terminated successfully
cdf_plateau,0.05,77,pyGAM,0.015000888128631592,9.01154151300452e-10,0.11598341900389642,0.02261770097538829,0.01,2,True,
cdf_plateau,0.05,78,MonotoneLSPIA,0.01314159600143023,3.3273384048016694e-13,0.004066138993948698,0.004066138993948698,,22,True,
cdf_plateau,0.05,78,Penalized monotone B-spline,0.013100658765653144,4.4364512064022255e-13,0.03656185301952064,0.001625803008209914,0.01,9,True,Optimization terminated successfully
cdf_plateau,0.05,78,pyGAM,0.01307687689445052,6.813279940232218e-10,0.1261669599916786,0.018968268996104598,0.01,2,True,
cdf_plateau,0.05,79,MonotoneLSPIA,0.013761799908162418,3.3273384048016694e-13,0.0032319650053977966,0.0032319650053977966,,15,True,
cdf_plateau,0.05,79,Penalized monotone B-spline,0.013792598247382541,3.3273384048016694e-13,0.03463780600577593,0.001580780022777617,0.01,8,True,Optimization terminated successfully
cdf_plateau,0.05,79,pyGAM,0.013791977982200998,1.6316158424345785e-09,0.11706420697737485,0.018470657989382744,0.01,2,True,
cdf_plateau,0.05,80,MonotoneLSPIA,0.013956465684490472,4.436451206401733e-13,0.003527653985656798,0.003527653985656798,,17,True,
cdf_plateau,0.05,80,Penalized monotone B-spline,0.013962606316905976,4.4364512064022255e-13,0.034211474005132914,0.001536841969937086,0.0001,9,True,Optimization terminated successfully
cdf_plateau,0.05,80,pyGAM,0.01391517497214108,1.8775061505494217e-09,0.110507570032496,0.01838871999643743,0.01,2,True,
cdf_plateau,0.05,81,MonotoneLSPIA,0.015305282015880089,4.4364512064022255e-13,0.004650438029784709,0.004650438029784709,,27,True,
cdf_plateau,0.05,81,Penalized monotone B-spline,0.01531135627321867,3.3273384048016694e-13,0.03953584801638499,0.0018848380423150957,0.01,11,True,Optimization terminated successfully
cdf_plateau,0.05,81,pyGAM,0.015215294810808178,6.720114464897771e-10,0.11883944500004873,0.02187240798957646,0.01,2,True,
cdf_plateau,0.05,82,MonotoneLSPIA,0.012105847715651628,4.1591730060020287e-14,0.003582690958864987,0.003582690958864987,,19,True,
cdf_plateau,0.05,82,Penalized monotone B-spline,0.012146949479974562,4.159173006002087e-14,0.03560423600720242,0.0012427770416252315,0.01,6,True,Optimization terminated successfully
cdf_plateau,0.05,82,pyGAM,0.012467801284463731,1.0766712521537103e-09,0.11308122397167608,0.02173305198084563,0.1,2,True,
cdf_plateau,0.05,83,MonotoneLSPIA,0.017098604963410893,3.3273384048016694e-13,0.0047913219896145165,0.0047913219896145165,,28,True,
cdf_plateau,0.05,83,Penalized monotone B-spline,0.01704328420134116,4.436451206401733e-13,0.036104700004216284,0.0016149889561347663,0.01,10,True,Optimization terminated successfully
cdf_plateau,0.05,83,pyGAM,0.016638218763027648,6.731760149314577e-10,0.12785405694739893,0.022425110975746065,0.1,2,True,
cdf_plateau,0.05,84,MonotoneLSPIA,0.011476605522164274,2.772782004001391e-14,0.004595650010742247,0.004595650010742247,,24,True,
cdf_plateau,0.05,84,Penalized monotone B-spline,0.011478480652829519,2.772782004001391e-14,0.03409155597910285,0.0017207640339620411,1e-08,11,True,Optimization terminated successfully
cdf_plateau,0.05,84,pyGAM,0.011349732646255719,1.3761317085858903e-09,0.12075854302383959,0.02607028395868838,0.01,2,True,
cdf_plateau,0.05,85,MonotoneLSPIA,0.012432808077641955,3.3273384048016694e-13,0.003815213975030929,0.003815213975030929,,20,True,
cdf_plateau,0.05,85,Penalized monotone B-spline,0.012480672609205068,4.4364512064022255e-13,0.03206291695823893,0.001118791988119483,0.01,5,True,Optimization terminated successfully
cdf_plateau,0.05,85,pyGAM,0.012487379807604488,1.3591068270813218e-09,0.12092467298498377,0.022114297025837004,0.01,2,True,
cdf_plateau,0.05,86,MonotoneLSPIA,0.012512162980622802,2.7727820040013524e-14,0.004668847017455846,0.004668847017455846,,27,True,
cdf_plateau,0.05,86,Penalized monotone B-spline,0.012512191088191084,2.7727820040013524e-14,0.037531877984292805,0.0014758159522898495,1e-08,8,True,Optimization terminated successfully
cdf_plateau,0.05,86,pyGAM,0.012508096261934068,7.447692462747736e-10,0.11665251100203022,0.015778689994476736,0.01,2,True,
cdf_plateau,0.05,87,MonotoneLSPIA,0.01165968899633645,3.3273384048016694e-13,0.0025830150116235018,0.0025830150116235018,,16,True,
cdf_plateau,0.05,87,Penalized monotone B-spline,0.011610523432668336,4.4364512064022255e-13,0.03166269004577771,0.0013524990063160658,0.01,11,True,Optimization terminated successfully
cdf_plateau,0.05,87,pyGAM,0.011019335980331458,2.1495160651418987e-09,0.1102246439550072,0.022332342981826514,0.1,2,True,
cdf_plateau,0.05,88,MonotoneLSPIA,0.013593087932065479,0.0,0.004064829961862415,0.004064829961862415,,26,True,
cdf_plateau,0.05,88,Penalized monotone B-spline,0.013600390059281932,0.0,0.038690079003572464,0.0015051570371724665,1e-08,10,True,Optimization terminated successfully
cdf_plateau,0.05,88,pyGAM,0.013962978515896986,0.0,0.11521969101158902,0.021162125980481505,0.1,2,True,
cdf_plateau,0.05,89,MonotoneLSPIA,0.013359739624590982,4.159173006002087e-14,0.0034505039802752435,0.0034505039802752435,,24,True,
cdf_plateau,0.05,89,Penalized monotone B-spline,0.013384389434911393,4.159173006001971e-14,0.033999047009274364,0.0016307549667544663,0.01,10,True,Optimization terminated successfully
cdf_plateau,0.05,89,pyGAM,0.013794124088687569,9.198981576475015e-10,0.11511158099165186,0.019027071015443653,0.1,2,True,
cdf_plateau,0.05,90,MonotoneLSPIA,0.017193411431055773,2.772782004001391e-14,0.003937210014555603,0.003937210014555603,,22,True,
cdf_plateau,0.05,90,Penalized monotone B-spline,0.017191177951404787,2.772782004001391e-14,0.03219526499742642,0.0010640870314091444,1e-08,6,True,Optimization terminated successfully
cdf_plateau,0.05,90,pyGAM,0.016611949349598983,1.0392386950997213e-09,0.10898737201932818,0.018339599948376417,0.01,2,True,
cdf_plateau,0.05,91,MonotoneLSPIA,0.013885358175106517,3.3273384048016694e-13,0.004052467993460596,0.004052467993460596,,23,True,
cdf_plateau,0.05,91,Penalized monotone B-spline,0.013888613794383315,3.3273384048016694e-13,0.03139046300202608,0.0015759210218675435,1e-08,9,True,Optimization terminated successfully
cdf_plateau,0.05,91,pyGAM,0.01369337120467091,5.911571232530966e-10,0.10875764698721468,0.019332805008161813,0.001,5,True,
cdf_plateau,0.05,92,MonotoneLSPIA,0.014696422529741926,2.2182256032011127e-13,0.0032617299584671855,0.0032617299584671855,,14,True,
cdf_plateau,0.05,92,Penalized monotone B-spline,0.014794938114156737,3.3273384048013003e-13,0.03345797199290246,0.0011740849586203694,0.01,8,True,Optimization terminated successfully
cdf_plateau,0.05,92,pyGAM,0.016022260397894977,1.3135222909355389e-09,0.1085409339866601,0.021878636034671217,0.1,2,True,
cdf_plateau,0.05,93,MonotoneLSPIA,0.013199851926958394,3.3273384048016694e-13,0.0024842790444381535,0.0024842790444381535,,14,True,
cdf_plateau,0.05,93,Penalized monotone B-spline,0.013399383316063409,4.4364512064022255e-13,0.03030709596350789,0.001225063984747976,0.01,8,True,Optimization terminated successfully
cdf_plateau,0.05,93,pyGAM,0.015037505644101893,1.6666638069649713e-09,0.09615160699468106,0.016344275965820998,0.1,2,True,
cdf_plateau,0.05,94,MonotoneLSPIA,0.01513312690236065,2.7727820040013285e-14,0.00308759295148775,0.00308759295148775,,18,True,
cdf_plateau,0.05,94,Penalized monotone B-spline,0.015102685512969742,2.7727820040013332e-14,0.030586733017116785,0.0012304779957048595,0.01,8,True,Optimization terminated successfully
cdf_plateau,0.05,94,pyGAM,0.014779530591838808,1.0493316215942718e-09,0.10111664200667292,0.012411652016453445,0.1,3,True,
cdf_plateau,0.05,95,MonotoneLSPIA,0.011532538283113866,3.3273384048016694e-13,0.002908324997406453,0.002908324997406453,,19,True,
cdf_plateau,0.05,95,Penalized monotone B-spline,0.011524119058936287,3.3273384048016694e-13,0.028902178979478776,0.0013242430286481977,1e-08,10,True,Optimization terminated successfully
cdf_plateau,0.05,95,pyGAM,0.013725564953914731,2.2847723712971463e-09,0.0993728750036098,0.015564313973300159,0.1,2,True,
cdf_plateau,0.05,96,MonotoneLSPIA,0.014511510749863383,4.159173006002087e-14,0.003858876007143408,0.003858876007143408,,26,True,
cdf_plateau,0.05,96,Penalized monotone B-spline,0.014552336155561608,2.772782004001391e-14,0.038087980006821454,0.0021263459930196404,0.01,9,True,Optimization terminated successfully
cdf_plateau,0.05,96,pyGAM,0.014023045741555301,6.028028076698857e-10,0.13221244100714102,0.01929183502215892,0.01,2,True,
cdf_plateau,0.05,97,MonotoneLSPIA,0.011220041101401818,0.0,0.004997138981707394,0.004997138981707394,,32,True,
cdf_plateau,0.05,97,Penalized monotone B-spline,0.011214139628057097,0.0,0.03931939898757264,0.0017639010329730809,0.0001,11,True,Optimization terminated successfully
cdf_plateau,0.05,97,pyGAM,0.013108137271258237,5.339269026905078e-10,0.1217757900012657,0.02832617802778259,0.1,4,True,
cdf_plateau,0.05,98,MonotoneLSPIA,0.011667393854421964,4.436451206401733e-13,0.005487350979819894,0.005487350979819894,,25,True,
cdf_plateau,0.05,98,Penalized monotone B-spline,0.011664513302864792,3.3273384048016694e-13,0.04754890000913292,0.002250737976282835,1e-08,11,True,Optimization terminated successfully
cdf_plateau,0.05,98,pyGAM,0.011457090509612383,1.880057109993103e-09,0.14369868102949113,0.028902938996907324,0.01,4,True,
cdf_plateau,0.05,99,MonotoneLSPIA,0.011954357595292123,4.4364512064022255e-13,0.0028253759955987334,0.0028253759955987334,,12,True,
cdf_plateau,0.05,99,Penalized monotone B-spline,0.011973981308626199,3.3273384048016694e-13,0.03233589802403003,0.0012429850175976753,0.01,7,True,Optimization terminated successfully
cdf_plateau,0.05,99,pyGAM,0.012119333558182444,2.1754138490593315e-09,0.10954812000272796,0.019192622043192387,0.1,2,True,
cdf_plateau,0.05,100,MonotoneLSPIA,0.013523471420482693,3.3273384048016694e-13,0.003159835992846638,0.003159835992846638,,16,True,
cdf_plateau,0.05,100,Penalized monotone B-spline,0.013563243031509036,3.3273384048016694e-13,0.03263057698495686,0.0016591619933024049,0.01,12,True,Optimization terminated successfully
cdf_plateau,0.05,100,pyGAM,0.013392176483950581,1.1397243149247317e-09,0.11679808300687,0.01845898904139176,0.01,2,True,
cdf_plateau,0.1,1,MonotoneLSPIA,0.0198132998854033,5.545564008002628e-14,0.0051832839963026345,0.0051832839963026345,,22,True,
cdf_plateau,0.1,1,Penalized monotone B-spline,0.019858834732428984,4.159173006002087e-14,0.038727910025045276,0.0020894029876217246,0.01,12,True,Optimization terminated successfully
cdf_plateau,0.1,1,pyGAM,0.020031854865827044,3.4571046025887426e-09,0.11378450802294537,0.01887205702951178,0.1,2,True,
cdf_plateau,0.1,2,MonotoneLSPIA,0.02545167048517014,4.159173006001971e-14,0.0038508150028064847,0.0038508150028064847,,20,True,
cdf_plateau,0.1,2,Penalized monotone B-spline,0.025438257918131427,4.1591730060019996e-14,0.03411290800431743,0.00135695596691221,1e-08,9,True,Optimization terminated successfully
cdf_plateau,0.1,2,pyGAM,0.025322725605528874,2.1558934637511017e-09,0.1234700310160406,0.016904087038710713,0.01,2,True,
cdf_plateau,0.1,3,MonotoneLSPIA,0.03229204551447733,4.436451206401733e-13,0.00366087700240314,0.00366087700240314,,23,True,
cdf_plateau,0.1,3,Penalized monotone B-spline,0.03208421192512414,4.4364512064022255e-13,0.03150843095500022,0.0014090359909459949,0.01,6,True,Optimization terminated successfully
cdf_plateau,0.1,3,pyGAM,0.03028354958853531,5.039808570472928e-09,0.11354768398450688,0.018112938036210835,0.1,2,True,
cdf_plateau,0.1,4,MonotoneLSPIA,0.018217971360430508,4.1591730060019996e-14,0.005427160009276122,0.005427160009276122,,28,True,
cdf_plateau,0.1,4,Penalized monotone B-spline,0.018204164723283216,2.772782004001391e-14,0.039220241946168244,0.0018722820095717907,1e-08,12,True,Optimization terminated successfully
cdf_plateau,0.1,4,pyGAM,0.017938759488073816,2.0922858445793117e-09,0.11238959099864587,0.01765299797989428,0.01,2,True,
cdf_plateau,0.1,5,MonotoneLSPIA,0.023405052738302495,2.2182256032011127e-13,0.005156928964424878,0.005156928964424878,,37,True,
cdf_plateau,0.1,5,Penalized monotone B-spline,0.023386889520882345,4.4364512064022255e-13,0.030801346991211176,0.0015022549778223038,1e-08,10,True,Optimization terminated successfully
cdf_plateau,0.1,5,pyGAM,0.03558370349153443,1.3975930412967061e-09,0.12522478599566966,0.022651425970252603,1.0,5,True,
cdf_plateau,0.1,6,MonotoneLSPIA,0.02503394412090403,0.0,0.005553022027015686,0.005553022027015686,,28,True,
cdf_plateau,0.1,6,Penalized monotone B-spline,0.024965541958032324,0.0,0.04648017400177196,0.0018836910021491349,0.01,11,True,Optimization terminated successfully
cdf_plateau,0.1,6,pyGAM,0.02482377109068256,0.0,0.11917990603251383,0.02171307895332575,0.1,4,True,
cdf_plateau,0.1,7,MonotoneLSPIA,0.02452411391032338,2.0795865030009963e-14,0.0058913599932566285,0.0058913599932566285,,28,True,
cdf_plateau,0.1,7,Penalized monotone B-spline,0.02450871849638118,2.0795865030009998e-14,0.037604484998155385,0.001782876963261515,1e-08,10,True,Optimization terminated successfully
cdf_plateau,0.1,7,pyGAM,0.0251258864838963,5.434652727842726e-10,0.12511324597289786,0.021888762013986707,0.1,4,True,
cdf_plateau,0.1,8,MonotoneLSPIA,0.02938988635215992,5.545564008002657e-14,0.00381960702361539,0.00381960702361539,,15,True,
cdf_plateau,0.1,8,Penalized monotone B-spline,0.02938368972446342,4.1591730060019996e-14,0.042853568971622735,0.0024505499750375748,1e-08,10,True,Optimization terminated successfully
cdf_plateau,0.1,8,pyGAM,0.02923870716777263,4.617181137423036e-09,0.1309635549550876,0.02178722299868241,0.01,2,True,
cdf_plateau,0.1,9,MonotoneLSPIA,0.015304139538627533,4.4364512064022255e-13,0.0032028669957071543,0.0032028669957071543,,16,True,
cdf_plateau,0.1,9,Penalized monotone B-spline,0.015282591415496996,2.2182256032011127e-13,0.03249727503862232,0.0015849439660087228,0.01,8,True,Optimization terminated successfully
cdf_plateau,0.1,9,pyGAM,0.014727569005185867,2.487462735789579e-09,0.1104032009607181,0.018302590993698686,0.01,2,True,
cdf_plateau,0.1,10,MonotoneLSPIA,0.01952905695266658,2.7727820040013332e-14,0.00461214198730886,0.00461214198730886,,27,True,
cdf_plateau,0.1,10,Penalized monotone B-spline,0.019705397648959653,2.7727820040013524e-14,0.037065013020765036,0.0015304089756682515,0.01,9,True,Optimization terminated successfully
cdf_plateau,0.1,10,pyGAM,0.02100080785080457,2.7608590413841083e-09,0.10332221200224012,0.02132063900353387,0.1,2,True,
cdf_plateau,0.1,11,MonotoneLSPIA,0.02650490013761868,3.3273384048016694e-13,0.0041612699860706925,0.0041612699860706925,,23,True,
cdf_plateau,0.1,11,Penalized monotone B-spline,0.026210671689570832,3.3273384048016694e-13,0.03718013095203787,0.0016948840348049998,0.01,11,True,Optimization terminated successfully
cdf_plateau,0.1,11,pyGAM,0.0257901675184403,1.389551973485257e-09,0.12279062700690702,0.018515387026127428,0.01,2,True,
cdf_plateau,0.1,12,MonotoneLSPIA,0.025434329128219527,0.0,0.005800038983579725,0.005800038983579725,,35,True,
cdf_plateau,0.1,12,Penalized monotone B-spline,0.025435655061831788,0.0,0.0396410709945485,0.001875140005722642,1e-08,12,True,Optimization terminated successfully
cdf_plateau,0.1,12,pyGAM,0.025312970624256893,0.0,0.10804975201608613,0.018529565015342087,0.001,4,True,
cdf_plateau,0.1,13,MonotoneLSPIA,0.01628429332854611,3.3273384048016694e-13,0.0034625749685801566,0.0034625749685801566,,17,True,
cdf_plateau,0.1,13,Penalized monotone B-spline,0.01629230669504619,3.3273384048016694e-13,0.03491842397488654,0.001440548978280276,1e-08,8,True,Optimization terminated successfully
cdf_plateau,0.1,13,pyGAM,0.01597810734591837,4.403177822353721e-09,0.11661738198017702,0.021786138997413218,0.01,2,True,
cdf_plateau,0.1,14,MonotoneLSPIA,0.015629871615417464,3.3273384048016694e-13,0.004909878014586866,0.004909878014586866,,29,True,
cdf_plateau,0.1,14,Penalized monotone B-spline,0.015633253770838382,3.3273384048016694e-13,0.03348690900020301,0.0013301719445735216,0.01,8,True,Optimization terminated successfully
cdf_plateau,0.1,14,pyGAM,0.01581781014667537,4.838171863141947e-09,0.11653214902617037,0.020129091979470104,0.1,2,True,
cdf_plateau,0.1,15,MonotoneLSPIA,0.02290774094908443,0.0,0.008082190004643053,0.008082190004643053,,40,True,
cdf_plateau,0.1,15,Penalized monotone B-spline,0.02279412850681229,0.0,0.03979787399293855,0.0016995909973047674,0.01,10,True,Optimization terminated successfully
cdf_plateau,0.1,15,pyGAM,0.022391200160966632,8.583978527987327e-10,0.1260434950236231,0.020616279041860253,0.1,3,True,
cdf_plateau,0.1,16,MonotoneLSPIA,0.018393539727515694,3.3273384048016694e-13,0.005187053000554442,0.005187053000554442,,28,True,
cdf_plateau,0.1,16,Penalized monotone B-spline,0.01833933026238013,3.3273384048016694e-13,0.03384856699267402,0.0014386020484380424,0.01,8,True,Optimization terminated successfully
cdf_plateau,0.1,16,pyGAM,0.018318355159233017,1.8787261746311562e-09,0.12604770704638213,0.025140815996564925,0.01,2,True,
cdf_plateau,0.1,17,MonotoneLSPIA,0.025119569638739646,3.3273384048016694e-13,0.004282905021682382,0.004282905021682382,,23,True,
cdf_plateau,0.1,17,Penalized monotone B-spline,0.02518022561301786,3.3273384048016694e-13,0.03338458703365177,0.001465320005081594,0.01,8,True,Optimization terminated successfully
cdf_plateau,0.1,17,pyGAM,0.025704337495458526,3.157865968717104e-09,0.12402858398854733,0.022761208994779736,0.1,2,True,
cdf_plateau,0.1,18,MonotoneLSPIA,0.021499789603314622,4.1591730060019996e-14,0.0034527419484220445,0.0034527419484220445,,17,True,
cdf_plateau,0.1,18,Penalized monotone B-spline,0.021339972837894305,4.1591730060020287e-14,0.031056628038641065,0.0012039869907312095,0.01,6,True,Optimization terminated successfully
cdf_plateau,0.1,18,pyGAM,0.020222683764464237,2.778993035690277e-09,0.11321710899937898,0.017553002981003374,0.1,2,True,
cdf_plateau,0.1,19,MonotoneLSPIA,0.025595417426250055,3.3273384048016694e-13,0.004272448015399277,0.004272448015399277,,25,True,
cdf_plateau,0.1,19,Penalized monotone B-spline,0.025708565709757374,3.3273384048016694e-13,0.03597505099605769,0.001672634040005505,0.01,10,True,Optimization terminated successfully
cdf_plateau,0.1,19,pyGAM,0.025939997157652054,2.7141099367967216e-09,0.11360340804094449,0.02147474099183455,0.1,2,True,
cdf_plateau,0.1,20,MonotoneLSPIA,0.019414450380402445,3.3273384048016694e-13,0.005168161005713046,0.005168161005713046,,31,True,
cdf_plateau,0.1,20,Penalized monotone B-spline,0.01939442291039415,4.4364512064022255e-13,0.03913146600825712,0.001811878988519311,1e-08,12,True,Optimization terminated successfully
cdf_plateau,0.1,20,pyGAM,0.019453281354784135,1.7495145332447177e-09,0.11979147896636277,0.02595434500835836,0.01,2,True,
cdf_plateau,0.1,21,MonotoneLSPIA,0.02284611550822504,3.3273384048016694e-13,0.005821987986564636,0.005821987986564636,,34,True,
cdf_plateau,0.1,21,Penalized monotone B-spline,0.02286074662254141,3.3273384048016694e-13,0.04026906500803307,0.0018194089643657207,1e-08,11,True,Optimization terminated successfully
cdf_plateau,0.1,21,pyGAM,0.02286758293098243,1.6296194393916976e-09,0.113975282991305,0.01786232099402696,0.1,3,True,
cdf_plateau,0.1,22,MonotoneLSPIA,0.020018975218726875,3.3273384048016694e-13,0.004409749002661556,0.004409749002661556,,27,True,
cdf_plateau,0.1,22,Penalized monotone B-spline,0.020040922399193858,4.4364512064022255e-13,0.037351921026129276,0.001541741017717868,0.01,9,True,Optimization terminated successfully
cdf_plateau,0.1,22,pyGAM,0.019963636510902414,1.403360427865184e-09,0.11526554502779618,0.021843217022251338,0.01,2,True,
cdf_plateau,0.1,23,MonotoneLSPIA,0.027705751076608533,0.0,0.0059204690041951835,0.0059204690041951835,,37,True,
cdf_plateau,0.1,23,Penalized monotone B-spline,0.02769772827625881,0.0,0.03542529797414318,0.0016607999568805099,1e-08,11,True,Optimization terminated successfully
cdf_plateau,0.1,23,pyGAM,0.027668910677612284,0.0,0.11257926496909931,0.018447056005243212,0.01,2,True,
cdf_plateau,0.1,24,MonotoneLSPIA,0.02013604331819826,2.772782004001314e-14,0.0030116550042293966,0.0030116550042293966,,14,True,
cdf_plateau,0.1,24,Penalized monotone B-spline,0.020091918509218366,2.0795865030010434e-14,0.0349964460474439,0.0011110469931736588,0.01,5,True,Optimization terminated successfully
cdf_plateau,0.1,24,pyGAM,0.019629666953655662,2.8520281136756715e-09,0.12138783698901534,0.021845871990080923,0.1,2,True,
cdf_plateau,0.1,25,MonotoneLSPIA,0.017984834759197415,3.3273384048016694e-13,0.0032344700302928686,0.0032344700302928686,,16,True,
cdf_plateau,0.1,25,Penalized monotone B-spline,0.01798200446679231,3.3273384048016694e-13,0.0417609530268237,0.001771479961462319,0.0001,11,True,Optimization terminated successfully
cdf_plateau,0.1,25,pyGAM,0.017492204612602848,1.309363117929537e-09,0.11973181198118255,0.022770401963498443,0.001,5,True,
cdf_plateau,0.1,26,MonotoneLSPIA,0.03913697722121558,2.772782004001391e-14,0.005248308996669948,0.005248308996669948,,30,True,
cdf_plateau,0.1,26,Penalized monotone B-spline,0.03920961698643429,1.3863910020006955e-14,0.04330813296837732,0.0022183649707585573,0.01,12,True,Optimization terminated successfully
cdf_plateau,0.1,26,pyGAM,0.04011671604962762,1.2519110748065586e-09,0.1158454249962233,0.018440521031152457,0.1,2,True,
cdf_plateau,0.1,27,MonotoneLSPIA,0.015211106669229285,4.4364512064022255e-13,0.0034453619737178087,0.0034453619737178087,,17,True,
cdf_plateau,0.1,27,Penalized monotone B-spline,0.015221026905844218,3.3273384048016694e-13,0.035946635995060205,0.0014605169999413192,0.01,8,True,Optimization terminated successfully
cdf_plateau,0.1,27,pyGAM,0.014659785425457872,1.4226035349728748e-09,0.12467660196125507,0.01910692104138434,0.1,2,True,
cdf_plateau,0.1,28,MonotoneLSPIA,0.024548544188576583,2.7727820040013524e-14,0.005965443968307227,0.005965443968307227,,35,True,
cdf_plateau,0.1,28,Penalized monotone B-spline,0.024513951812950484,2.7727820040013332e-14,0.03622440597973764,0.001687604992184788,0.01,10,True,Optimization terminated successfully
cdf_plateau,0.1,28,pyGAM,0.024323892185418087,1.1498726970593608e-09,0.1231393360067159,0.02037193498108536,0.1,2,True,
cdf_plateau,0.1,29,MonotoneLSPIA,0.03120858007715011,0.0,0.005961456976365298,0.005961456976365298,,34,True,
cdf_plateau,0.1,29,Penalized monotone B-spline,0.03113122256794607,0.0,0.042042250046506524,0.0019840759923681617,0.01,13,True,Optimization terminated successfully
cdf_plateau,0.1,29,pyGAM,0.031113608569920986,0.0,0.10818578500766307,0.023464159981813282,0.01,2,True,
cdf_plateau,0.1,30,MonotoneLSPIA,0.030761320494444057,0.0,0.005212246964219958,0.005212246964219958,,30,True,
cdf_plateau,0.1,30,Penalized monotone B-spline,0.030767407981290355,0.0,0.040850617981050164,0.0019349450012668967,0.01,12,True,Optimization terminated successfully
cdf_plateau,0.1,30,pyGAM,0.029517256870206603,0.0,0.1051787490141578,0.01826984202489257,0.01,2,True,
cdf_plateau,0.1,31,MonotoneLSPIA,0.02705327497612538,3.3273384048016694e-13,0.003878479008562863,0.003878479008562863,,21,True,
cdf_plateau,0.1,31,Penalized monotone B-spline,0.026854242859656555,4.4364512064022255e-13,0.03364511800464243,0.0011112429783679545,0.01,5,True,Optimization terminated successfully
cdf_plateau,0.1,31,pyGAM,0.025380410998527662,3.402868986590667e-09,0.11550049798097461,0.018553866015281528,0.1,2,True,
cdf_plateau,0.1,32,MonotoneLSPIA,0.019359355782664636,4.4364512064022255e-13,0.004438962030690163,0.004438962030690163,,25,True,
cdf_plateau,0.1,32,Penalized monotone B-spline,0.01930916643323761,4.436451206401733e-13,0.038546931988094,0.0016832000110298395,0.01,11,True,Optimization terminated successfully
cdf_plateau,0.1,32,pyGAM,0.018412283648067802,2.3016863415215545e-09,0.12280133203603327,0.027640692016575485,0.01,2,True,
cdf_plateau,0.1,33,MonotoneLSPIA,0.020215361230370016,0.0,0.006310508993919939,0.006310508993919939,,33,True,
cdf_plateau,0.1,33,Penalized monotone B-spline,0.02017626511656834,0.0,0.04045893100555986,0.0017976840026676655,0.01,11,True,Optimization terminated successfully
cdf_plateau,0.1,33,pyGAM,0.020137427383383637,0.0,0.12248607899527997,0.02111108903773129,0.01,2,True,
cdf_plateau,0.1,34,MonotoneLSPIA,0.02961225806497939,4.4364512064022255e-13,0.0053269899799488485,0.0053269899799488485,,32,True,
cdf_plateau,0.1,34,Penalized monotone B-spline,0.02962277618794614,3.3273384048016694e-13,0.0367018380202353,0.0016562960227020085,0.01,10,True,Optimization terminated successfully
cdf_plateau,0.1,34,pyGAM,0.02938628395026549,1.199838228771482e-09,0.11765152798034251,0.022285423998255283,0.1,2,True,
cdf_plateau,0.1,35,MonotoneLSPIA,0.031287643991436756,0.0,0.005171497992705554,0.005171497992705554,,31,True,
cdf_plateau,0.1,35,Penalized monotone B-spline,0.031283692228735394,0.0,0.041080429044086486,0.001838111027609557,1e-08,13,True,Optimization terminated successfully
cdf_plateau,0.1,35,pyGAM,0.030490706971009574,0.0,0.09920410602353513,0.01708732999395579,0.01,2,True,
cdf_plateau,0.1,36,MonotoneLSPIA,0.018790087365208565,4.4364512064022255e-13,0.003404111019335687,0.003404111019335687,,18,True,
cdf_plateau,0.1,36,Penalized monotone B-spline,0.018805818804120775,3.3273384048016694e-13,0.03293984703486785,0.0013160989619791508,1e-08,8,True,Optimization terminated successfully
cdf_plateau,0.1,36,pyGAM,0.018779389663696733,1.7585538025777134e-09,0.11810328002320603,0.024998345994390547,0.001,6,True,
cdf_plateau,0.1,37,MonotoneLSPIA,0.017899254297041412,0.0,0.006057597987819463,0.006057597987819463,,40,True,
cdf_plateau,0.1,37,Penalized monotone B-spline,0.017903583291522467,0.0,0.03613890998531133,0.0017712360131554306,0.01,11,True,Optimization terminated successfully
cdf_plateau,0.1,37,pyGAM,0.018173163409244165,0.0,0.10954363003838807,0.014827690029051155,0.1,2,True,
cdf_plateau,0.1,38,MonotoneLSPIA,0.020599762567133986,2.2182256032011127e-13,0.0037454019766300917,0.0037454019766300917,,20,True,
cdf_plateau,0.1,38,Penalized monotone B-spline,0.020446723104000177,3.3273384048016694e-13,0.033517181989736855,0.0017156550311483443,0.01,11,True,Optimization terminated successfully
cdf_plateau,0.1,38,pyGAM,0.01829241598864618,5.979781669829399e-10,0.12138516898266971,0.021103823033627123,0.1,2,True,
cdf_plateau,0.1,39,MonotoneLSPIA,0.015133197852521839,4.4364512064022255e-13,0.003559814009349793,0.003559814009349793,,19,True,
cdf_plateau,0.1,39,Penalized monotone B-spline,0.01513413479065521,4.4364512064022255e-13,0.036827658012043685,0.0013541479711420834,1e-08,7,True,Optimization terminated successfully
cdf_plateau,0.1,39,pyGAM,0.014018202037254946,1.8108484711730275e-09,0.11643208400346339,0.026204002962913364,0.1,2,True,
cdf_plateau,0.1,40,MonotoneLSPIA,0.017847685670493035,4.4364512064022255e-13,0.003373631974682212,0.003373631974682212,,16,True,
cdf_plateau,0.1,40,Penalized monotone B-spline,0.018002172893418055,3.3273384048016694e-13,0.040173886984121054,0.0017741339979693294,0.01,11,True,Optimization terminated successfully
cdf_plateau,0.1,40,pyGAM,0.019475502238625854,2.3200976140280596e-09,0.12118642899440601,0.01925105002010241,0.1,2,True,
cdf_plateau,0.1,41,MonotoneLSPIA,0.02815026878197507,4.4364512064022255e-13,0.0030999319860711694,0.0030999319860711694,,14,True,
cdf_plateau,0.1,41,Penalized monotone B-spline,0.02816490085456801,4.4364512064022255e-13,0.03267065901309252,0.001303074008319527,0.01,7,True,Optimization terminated successfully
cdf_plateau,0.1,41,pyGAM,0.02844883961181401,5.26329479999544e-09,0.13105042796814814,0.022966249962337315,0.1,2,True,
cdf_plateau,0.1,42,MonotoneLSPIA,0.016287442149792428,3.3273384048016694e-13,0.004631461983080953,0.004631461983080953,,26,True,
cdf_plateau,0.1,42,Penalized monotone B-spline,0.01613801422525624,3.3273384048016694e-13,0.03852304304018617,0.0018220089841634035,0.01,11,True,Optimization terminated successfully
cdf_plateau,0.1,42,pyGAM,0.015401701718532241,1.3030966306004937e-09,0.11605955002596602,0.01773105701431632,0.1,2,True,
cdf_plateau,0.1,43,MonotoneLSPIA,0.026842548958962795,0.0,0.005064333032350987,0.005064333032350987,,33,True,
cdf_plateau,0.1,43,Penalized monotone B-spline,0.026872559941845408,0.0,0.03957239800365642,0.001744812005199492,0.01,11,True,Optimization terminated successfully
cdf_plateau,0.1,43,pyGAM,0.026113895266807182,0.0,0.10571059701032937,0.018092584039550275,0.01,2,True,
cdf_plateau,0.1,44,MonotoneLSPIA,0.026016157624872888,0.0,0.004706598003394902,0.004706598003394902,,28,True,
cdf_plateau,0.1,44,Penalized monotone B-spline,0.026060952752156752,0.0,0.0378308140207082,0.0018027049954980612,0.01,11,True,Optimization terminated successfully
cdf_plateau,0.1,44,pyGAM,0.025567772719326462,0.0,0.11520172900054604,0.0161917430232279,0.1,3,True,
cdf_plateau,0.1,45,MonotoneLSPIA,0.016464703772705206,3.3273384048016694e-13,0.004850315046496689,0.004850315046496689,,27,True,
cdf_plateau,0.1,45,Penalized monotone B-spline,0.016498663847467777,3.3273384048016694e-13,0.03623905300628394,0.0015728410216979682,0.01,9,True,Optimization terminated successfully
cdf_plateau,0.1,45,pyGAM,0.01592285531580892,1.4538250603380092e-09,0.11994061700534075,0.01865259895566851,0.1,2,True,
cdf_plateau,0.1,46,MonotoneLSPIA,0.023353350653000402,0.0,0.00667137501295656,0.00667137501295656,,40,True,
cdf_plateau,0.1,46,Penalized monotone B-spline,0.02334915766091064,0.0,0.04296599596273154,0.0018634629668667912,1e-08,12,True,Optimization terminated successfully
cdf_plateau,0.1,46,pyGAM,0.024738805872255347,0.0,0.11426687700441107,0.014486205007415265,0.1,2,True,
cdf_plateau,0.1,47,MonotoneLSPIA,0.029067225476063968,2.772782004001391e-14,0.0037903350312262774,0.0037903350312262774,,19,True,
cdf_plateau,0.1,47,Penalized monotone B-spline,0.029074226162453493,2.772782004001391e-14,0.035585019970312715,0.0017769749974831939,1e-08,12,True,Optimization terminated successfully
cdf_plateau,0.1,47,pyGAM,0.028562659707095827,1.5733874203505058e-09,0.11515161098213866,0.0225968059967272,0.01,2,True,
cdf_plateau,0.1,48,MonotoneLSPIA,0.014766494446066277,5.545564008002628e-14,0.0040146419778466225,0.0040146419778466225,,22,True,
cdf_plateau,0.1,48,Penalized monotone B-spline,0.014768853541809795,4.1591730060019996e-14,0.03297187597490847,0.0014871719758957624,1e-08,9,True,Optimization terminated successfully
cdf_plateau,0.1,48,pyGAM,0.01597653825684753,3.4595446507523597e-09,0.12509747099829838,0.025727144966367632,0.1,4,True,
cdf_plateau,0.1,49,MonotoneLSPIA,0.021701381599067527,4.4364512064022255e-13,0.0035936979693360627,0.0035936979693360627,,18,True,
cdf_plateau,0.1,49,Penalized monotone B-spline,0.021691733294423716,4.436451206401733e-13,0.033133992983493954,0.0015655290335416794,1e-08,9,True,Optimization terminated successfully
cdf_plateau,0.1,49,pyGAM,0.021214710533666456,3.756010502620076e-09,0.10942134901415557,0.023366772977169603,0.001,6,True,
cdf_plateau,0.1,50,MonotoneLSPIA,0.03224761154573506,6.931955010003478e-14,0.00455100805265829,0.00455100805265829,,32,True,
cdf_plateau,0.1,50,Penalized monotone B-spline,0.03220930098969809,5.545564008002628e-14,0.03692691895412281,0.0013003789936192334,0.01,10,True,Optimization terminated successfully
cdf_plateau,0.1,50,pyGAM,0.03195632946166039,2.9199058171337047e-09,0.10418169799959287,0.015881197003182024,0.01,2,True,
cdf_plateau,0.1,51,MonotoneLSPIA,0.022307137545717677,2.7727820040013332e-14,0.004623415996320546,0.004623415996320546,,27,True,
cdf_plateau,0.1,51,Penalized monotone B-spline,0.022057308608851803,2.7727820040013285e-14,0.032891612965613604,0.0014823870151303709,0.01,11,True,Optimization terminated successfully
cdf_plateau,0.1,51,pyGAM,0.020291691274293745,9.79235692533104e-10,0.10471148596843705,0.011945693986490369,0.1,2,True,
cdf_plateau,0.1,52,MonotoneLSPIA,0.03904964834466613,0.0,0.007606783998198807,0.007606783998198807,,50,True,
cdf_plateau,0.1,52,Penalized monotone B-spline,0.049196901134119994,0.0,0.04494746500859037,0.0017007350106723607,1.0,9,True,Optimization terminated successfully
cdf_plateau,0.1,52,pyGAM,0.04034262177660536,0.0,0.1095599050167948,0.01252296898746863,0.1,4,True,
cdf_plateau,0.1,53,MonotoneLSPIA,0.015218606040639269,4.4364512064022255e-13,0.0032192959915846586,0.0032192959915846586,,20,True,
cdf_plateau,0.1,53,Penalized monotone B-spline,0.01521063292442929,3.3273384048016694e-13,0.036000027030240744,0.0016651990008540452,1e-08,10,True,Optimization terminated successfully
cdf_plateau,0.1,53,pyGAM,0.014951246211727293,3.0785089477625844e-09,0.14220120199024677,0.022527566994540393,0.01,2,True,
cdf_plateau,0.1,54,MonotoneLSPIA,0.016262133413570957,3.3273384048016694e-13,0.0030224710353650153,0.0030224710353650153,,16,True,
cdf_plateau,0.1,54,Penalized monotone B-spline,0.016268275317917153,3.3273384048013003e-13,0.033521849021781236,0.0014372890000231564,0.01,11,True,Optimization terminated successfully
cdf_plateau,0.1,54,pyGAM,0.015945844116676874,3.3583935632464847e-09,0.12480735999997705,0.021880303043872118,0.001,5,True,
cdf_plateau,0.1,55,MonotoneLSPIA,0.0174641496016225,3.3273384048016694e-13,0.003240101970732212,0.003240101970732212,,16,True,
cdf_plateau,0.1,55,Penalized monotone B-spline,0.017472452244524823,3.3273384048016694e-13,0.0318034429801628,0.001223298953846097,1e-08,8,True,Optimization terminated successfully
cdf_plateau,0.1,55,pyGAM,0.016801247300975552,2.1370940017639727e-09,0.10294047597562894,0.026040627039037645,0.1,2,True,
cdf_plateau,0.1,56,MonotoneLSPIA,0.019119182623602973,3.3273384048016694e-13,0.0026967190206050873,0.0026967190206050873,,11,True,
cdf_plateau,0.1,56,Penalized monotone B-spline,0.019029094311907895,3.3273384048016694e-13,0.02794860297581181,0.0009017160045914352,0.01,4,True,Optimization terminated successfully
cdf_plateau,0.1,56,pyGAM,0.018353530133749296,3.359280853487765e-09,0.11397551401751116,0.020141654007602483,0.1,2,True,
cdf_plateau,0.1,57,MonotoneLSPIA,0.023327007183203723,3.3273384048013003e-13,0.0026952929911203682,0.0026952929911203682,,16,True,
cdf_plateau,0.1,57,Penalized monotone B-spline,0.023307169006238842,4.436451206401733e-13,0.03255187498871237,0.00141558499308303,1e-08,11,True,Optimization terminated successfully
cdf_plateau,0.1,57,pyGAM,0.023322053835256082,3.000205583969585e-09,0.11658364097820595,0.02365839696722105,0.1,2,True,
cdf_plateau,0.1,58,MonotoneLSPIA,0.025003545559768837,4.4364512064022255e-13,0.0036330760340206325,0.0036330760340206325,,18,True,
cdf_plateau,0.1,58,Penalized monotone B-spline,0.02501459056973778,3.3273384048016694e-13,0.03360796900233254,0.0012385520385578275,1e-08,8,True,Optimization terminated successfully
cdf_plateau,0.1,58,pyGAM,0.02487664328682131,1.0834922958835535e-09,0.11139927798649296,0.02153769403230399,0.01,2,True,
cdf_plateau,0.1,59,MonotoneLSPIA,0.020935965858448383,3.3273384048016694e-13,0.003658736008219421,0.003658736008219421,,24,True,
cdf_plateau,0.1,59,Penalized monotone B-spline,0.020863465545975006,3.3273384048016694e-13,0.030273663986008614,0.0011195389670319855,0.01,8,True,Optimization terminated successfully
cdf_plateau,0.1,59,pyGAM,0.020587908617927878,1.4516068347348081e-09,0.09752509096870199,0.02103919500950724,0.01,2,True,
cdf_plateau,0.1,60,MonotoneLSPIA,0.018789975822981593,3.3273384048016694e-13,0.0033028770121745765,0.0033028770121745765,,22,True,
cdf_plateau,0.1,60,Penalized monotone B-spline,0.018787164824973373,3.3273384048016694e-13,0.02692977403057739,0.0011343089863657951,1e-08,6,True,Optimization terminated successfully
cdf_plateau,0.1,60,pyGAM,0.01883748117746435,2.804391718847007e-09,0.09332532697590068,0.019067366956733167,0.01,2,True,
cdf_plateau,0.1,61,MonotoneLSPIA,0.025049824321786974,4.159173006002087e-14,0.004327529983129352,0.004327529983129352,,20,True,
cdf_plateau,0.1,61,Penalized monotone B-spline,0.025002501397452477,2.772782004001391e-14,0.033346095005981624,0.0016071069985628128,0.01,9,True,Optimization terminated successfully
cdf_plateau,0.1,61,pyGAM,0.024797770674913285,2.6361393068442026e-09,0.11523466400103644,0.02198821201454848,0.01,2,True,
cdf_plateau,0.1,62,MonotoneLSPIA,0.020371202774371565,4.4364512064022255e-13,0.003087843011599034,0.003087843011599034,,14,True,
cdf_plateau,0.1,62,Penalized monotone B-spline,0.020309368739137544,4.436451206401733e-13,0.030498286010697484,0.0011072229826822877,0.01,6,True,Optimization terminated successfully
cdf_plateau,0.1,62,pyGAM,0.017813720223639758,6.8314693901782774e-09,0.10657431196887046,0.026585311978124082,0.1,2,True,
cdf_plateau,0.1,63,MonotoneLSPIA,0.018200746431626287,4.4364512064022255e-13,0.002817538974341005,0.002817538974341005,,12,True,
cdf_plateau,0.1,63,Penalized monotone B-spline,0.018250336835082478,3.3273384048016694e-13,0.03056778502650559,0.0010341830202378333,0.01,4,True,Optimization terminated successfully
cdf_plateau,0.1,63,pyGAM,0.01875698944132676,4.013768317712142e-09,0.12007670401362702,0.018579698051325977,0.1,2,True,
cdf_plateau,0.1,64,MonotoneLSPIA,0.020169687238727745,4.159173006001993e-14,0.004970054025761783,0.004970054025761783,,28,True,
cdf_plateau,0.1,64,Penalized monotone B-spline,0.020184277927492757,2.7727820040013524e-14,0.03701439395081252,0.0015963700134307146,0.01,11,True,Optimization terminated successfully
cdf_plateau,0.1,64,pyGAM,0.02012463535839771,1.4262636072182157e-09,0.11142960196593776,0.018317622016184032,0.1,2,True,
cdf_plateau,0.1,65,MonotoneLSPIA,0.018790674899239353,2.7727820040013332e-14,0.003459681000094861,0.003459681000094861,,21,True,
cdf_plateau,0.1,65,Penalized monotone B-spline,0.01879458913853221,2.0795865030009963e-14,0.029097786988131702,0.0015525289927609265,1e-08,9,True,Optimization terminated successfully
cdf_plateau,0.1,65,pyGAM,0.01880319398606248,6.10899331121578e-10,0.11350826901616529,0.016482455015648156,0.01,2,True,
cdf_plateau,0.1,66,MonotoneLSPIA,0.020959799706854243,3.3273384048016694e-13,0.0037476299912668765,0.0037476299912668765,,28,True,
cdf_plateau,0.1,66,Penalized monotone B-spline,0.02105780822531993,3.3273384048016694e-13,0.03366695303702727,0.0015194810112006962,0.01,12,True,Optimization terminated successfully
cdf_plateau,0.1,66,pyGAM,0.022679350652442108,3.044126450912925e-09,0.12468454596819356,0.021342575026210397,0.1,3,True,
cdf_plateau,0.1,67,MonotoneLSPIA,0.018611309348683516,0.0,0.004556639003567398,0.004556639003567398,,32,True,
cdf_plateau,0.1,67,Penalized monotone B-spline,0.01861645482071183,0.0,0.04145073698600754,0.002140211989171803,0.01,12,True,Optimization terminated successfully
cdf_plateau,0.1,67,pyGAM,0.019494760633010266,0.0,0.12834727496374398,0.01893714803736657,0.1,2,True,
cdf_plateau,0.1,68,MonotoneLSPIA,0.02541631718332338,4.1591730060019996e-14,0.005280305980704725,0.005280305980704725,,26,True,
cdf_plateau,0.1,68,Penalized monotone B-spline,0.025488025658103756,4.159173006002087e-14,0.03562106000026688,0.0013328830245882273,0.01,6,True,Optimization terminated successfully
cdf_plateau,0.1,68,pyGAM,0.026259441531478918,1.5405022257830715e-09,0.10920007200911641,0.0194337890134193,0.1,2,True,
cdf_plateau,0.1,69,MonotoneLSPIA,0.022141251358775735,4.4364512064022255e-13,0.004838455002754927,0.004838455002754927,,32,True,
cdf_plateau,0.1,69,Penalized monotone B-spline,0.02215546409961852,4.4364512064022255e-13,0.029441421967931092,0.0013246400048956275,1e-08,10,True,Optimization terminated successfully
cdf_plateau,0.1,69,pyGAM,0.022083683378434034,1.5561961719257407e-09,0.1153375239809975,0.017678229021839797,0.01,2,True,
cdf_plateau,0.1,70,MonotoneLSPIA,0.021445938406486464,4.436451206401733e-13,0.0035280860029160976,0.0035280860029160976,,23,True,
cdf_plateau,0.1,70,Penalized monotone B-spline,0.021321769533802198,3.3273384048016694e-13,0.0314283809857443,0.0010963910026475787,0.01,6,True,Optimization terminated successfully
cdf_plateau,0.1,70,pyGAM,0.020267391444757768,2.166762769206847e-09,0.10280951502500102,0.017644427018240094,0.01,2,True,
cdf_plateau,0.1,71,MonotoneLSPIA,0.022847196361347747,4.4364512064022255e-13,0.0017397209885530174,0.0017397209885530174,,8,True,
cdf_plateau,0.1,71,Penalized monotone B-spline,0.02285429597574638,4.4364512064022255e-13,0.026591406960505992,0.0010968149872496724,0.01,8,True,Optimization terminated successfully
cdf_plateau,0.1,71,pyGAM,0.023093364086817506,6.190790380333734e-09,0.09689755499130115,0.014647750998847187,0.1,2,True,
cdf_plateau,0.1,72,MonotoneLSPIA,0.02131076757736779,0.0,0.0044216340174898505,0.0044216340174898505,,31,True,
cdf_plateau,0.1,72,Penalized monotone B-spline,0.02132513129195871,0.0,0.029223678982816637,0.0014719610335305333,1e-08,11,True,Optimization terminated successfully
cdf_plateau,0.1,72,pyGAM,0.021240251764731714,0.0,0.09834406996378675,0.01745248300721869,0.01,2,True,
cdf_plateau,0.1,73,MonotoneLSPIA,0.014971272881150932,3.3273384048016694e-13,0.003955282969400287,0.003955282969400287,,21,True,
cdf_plateau,0.1,73,Penalized monotone B-spline,0.014921098080051785,3.3273384048016694e-13,0.036975577007979155,0.001583085977472365,0.01,9,True,Optimization terminated successfully
cdf_plateau,0.1,73,pyGAM,0.01462032110473422,0.0,0.12665454699890688,0.020805972977541387,0.1,2,True,
cdf_plateau,0.1,74,MonotoneLSPIA,0.01990754449973788,3.3273384048016694e-13,0.0031482820049859583,0.0031482820049859583,,14,True,
cdf_plateau,0.1,74,Penalized monotone B-spline,0.01989055472812772,3.3273384048016694e-13,0.03616163699189201,0.001565530023071915,1e-08,8,True,Optimization terminated successfully
cdf_plateau,0.1,74,pyGAM,0.019063832897017623,4.926623609069455e-09,0.11100600502686575,0.024308111984282732,0.01,2,True,
cdf_plateau,0.1,75,MonotoneLSPIA,0.020644698927052587,3.3273384048016694e-13,0.00442589505109936,0.00442589505109936,,24,True,
cdf_plateau,0.1,75,Penalized monotone B-spline,0.020500151473615457,3.3273384048016694e-13,0.03737888304749504,0.0016971480217762291,0.01,10,True,Optimization terminated successfully
cdf_plateau,0.1,75,pyGAM,0.019366760676692837,2.5241743695224862e-09,0.11240913497749716,0.021904016030021012,0.1,2,True,
cdf_plateau,0.1,76,MonotoneLSPIA,0.030812603326404286,4.4364512064022255e-13,0.0023314140271395445,0.0023314140271395445,,9,True,
cdf_plateau,0.1,76,Penalized monotone B-spline,0.030812493084402693,4.4364512064022255e-13,0.027632015000563115,0.001192449009977281,1e-08,7,True,Optimization terminated successfully
cdf_plateau,0.1,76,pyGAM,0.0274849045319484,3.470635778768461e-09,0.1141738390433602,0.020329445018433034,0.1,2,True,
cdf_plateau,0.1,77,MonotoneLSPIA,0.01465446206157064,2.772782004001391e-14,0.004188980034086853,0.004188980034086853,,23,True,
cdf_plateau,0.1,77,Penalized monotone B-spline,0.01461582603563639,2.772782004001391e-14,0.040208138001617044,0.0016264999867416918,0.01,9,True,Optimization terminated successfully
cdf_plateau,0.1,77,pyGAM,0.014054439807530445,3.3194082482702252e-09,0.10344684397568926,0.015546248003374785,0.1,2,True,
cdf_plateau,0.1,78,MonotoneLSPIA,0.019778213468686436,3.3273384048013003e-13,0.0026478120125830173,0.0026478120125830173,,16,True,
cdf_plateau,0.1,78,Penalized monotone B-spline,0.01978273871778128,4.4364512064022255e-13,0.029614004015456885,0.0012115369900129735,1e-08,8,True,Optimization terminated successfully
cdf_plateau,0.1,78,pyGAM,0.019612899554673827,1.903237567546555e-09,0.10992592800175771,0.01636639196658507,0.1,2,True,
cdf_plateau,0.1,79,MonotoneLSPIA,0.023279486510076716,2.7727820040013524e-14,0.003883537952788174,0.003883537952788174,,26,True,
cdf_plateau,0.1,79,Penalized monotone B-spline,0.023379889174630877,2.7727820040013285e-14,0.03485409001586959,0.0015626649837940931,0.01,12,True,Optimization terminated successfully
cdf_plateau,0.1,79,pyGAM,0.02405206600044697,2.9598338779912428e-09,0.09857311501400545,0.01510510902153328,0.1,2,True,
cdf_plateau,0.1,80,MonotoneLSPIA,0.01710333861783446,4.4364512064022255e-13,0.004318625025916845,0.004318625025916845,,32,True,
cdf_plateau,0.1,80,Penalized monotone B-spline,0.017309360597574833,4.4364512064022255e-13,0.042938385042361915,0.0019008510280400515,0.01,12,True,Optimization terminated successfully
cdf_plateau,0.1,80,pyGAM,0.018598064126081768,2.8701621079819196e-09,0.11259555304422975,0.01978095603408292,0.1,3,True,
cdf_plateau,0.1,81,MonotoneLSPIA,0.018624794871075566,4.4364512064022255e-13,0.0029267570353113115,0.0029267570353113115,,18,True,
cdf_plateau,0.1,81,Penalized monotone B-spline,0.018459535988648374,4.4364512064022255e-13,0.02978014701511711,0.001341977040283382,0.01,10,True,Optimization terminated successfully
cdf_plateau,0.1,81,pyGAM,0.018208623382540905,3.942119630728857e-09,0.09414288605330512,0.01810506801120937,0.01,2,True,
cdf_plateau,0.1,82,MonotoneLSPIA,0.016843675859305664,2.772782004001391e-14,0.0036087320186197758,0.0036087320186197758,,25,True,
cdf_plateau,0.1,82,Penalized monotone B-spline,0.01705086803567233,2.772782004001391e-14,0.028908200038131326,0.001274787005968392,0.01,9,True,Optimization terminated successfully
cdf_plateau,0.1,82,pyGAM,0.01883792171968343,1.8750106467458205e-09,0.11632140004076064,0.015498897002544254,0.1,2,True,
cdf_plateau,0.1,83,MonotoneLSPIA,0.023096150217602196,3.3273384048016694e-13,0.00306454801466316,0.00306454801466316,,16,True,
cdf_plateau,0.1,83,Penalized monotone B-spline,0.022928321488164215,3.3273384048016694e-13,0.03997023997362703,0.0015432730433531106,0.01,9,True,Optimization terminated successfully
cdf_plateau,0.1,83,pyGAM,0.02289841420541549,3.2902385815880394e-09,0.11417594697559252,0.023485012003220618,0.01,2,True,
cdf_plateau,0.1,84,MonotoneLSPIA,0.03299222176969744,3.3273384048016694e-13,0.004653662035707384,0.004653662035707384,,34,True,
cdf_plateau,0.1,84,Penalized monotone B-spline,0.03286476244859375,3.3273384048016694e-13,0.031078738975338638,0.0011490369797684252,0.01,7,True,Optimization terminated successfully
cdf_plateau,0.1,84,pyGAM,0.03245401577818986,9.324311323055878e-10,0.11169022001558915,0.024046360049396753,0.001,5,True,
cdf_plateau,0.1,85,MonotoneLSPIA,0.0158314240255347,3.3273384048016694e-13,0.002390465000644326,0.002390465000644326,,8,True,
cdf_plateau,0.1,85,Penalized monotone B-spline,0.015884376305478308,3.3273384048016694e-13,0.037070707010570914,0.0014379809726960957,0.01,8,True,Optimization terminated successfully
cdf_plateau,0.1,85,pyGAM,0.01579211516792451,1.3667597054123656e-09,0.12941142002819106,0.018909545033238828,0.01,2,True,
cdf_plateau,0.1,86,MonotoneLSPIA,0.027313039535941955,3.3273384048016694e-13,0.004554724029731005,0.004554724029731005,,29,True,
cdf_plateau,0.1,86,Penalized monotone B-spline,0.027512869511569414,4.4364512064022255e-13,0.04482774203643203,0.001821341982576996,0.01,11,True,Optimization terminated successfully
cdf_plateau,0.1,86,pyGAM,0.029142314528061514,3.380076718517682e-09,0.11843263701302931,0.020984611997846514,0.1,3,True,
cdf_plateau,0.1,87,MonotoneLSPIA,0.02566522444314612,4.159173006002087e-14,0.004032418015412986,0.004032418015412986,,20,True,
cdf_plateau,0.1,87,Penalized monotone B-spline,0.025575385196948408,2.772782004001391e-14,0.03207321994705126,0.001297320006415248,0.01,7,True,Optimization terminated successfully
cdf_plateau,0.1,87,pyGAM,0.024441009781040583,3.850174179475958e-09,0.11260052199941128,0.021942819003015757,0.01,2,True,
cdf_plateau,0.1,88,MonotoneLSPIA,0.03568750419509411,4.436451206401733e-13,0.003461195039562881,0.003461195039562881,,18,True,
cdf_plateau,0.1,88,Penalized monotone B-spline,0.03538028757284039,3.3273384048016694e-13,0.03637349500786513,0.001688464020844549,0.01,11,True,Optimization terminated successfully
cdf_plateau,0.1,88,pyGAM,0.032442432541317026,3.6228615107881372e-09,0.1176940260338597,0.02717715100152418,0.1,2,True,
cdf_plateau,0.1,89,MonotoneLSPIA,0.022418729314284753,4.4364512064022255e-13,0.0037498220335692167,0.0037498220335692167,,20,True,
cdf_plateau,0.1,89,Penalized monotone B-spline,0.022412464678661335,4.4364512064022255e-13,0.038256529020145535,0.0017139299889095128,1e-08,10,True,Optimization terminated successfully
cdf_plateau,0.1,89,pyGAM,0.02063280684454646,2.533324550135831e-09,0.11061148898443207,0.022542605991475284,0.01,2,True,
cdf_plateau,0.1,90,MonotoneLSPIA,0.0314748176383276,4.4364512064022255e-13,0.0029635039973072708,0.0029635039973072708,,14,True,
cdf_plateau,0.1,90,Penalized monotone B-spline,0.031466805615074825,3.3273384048016694e-13,0.03593039599945769,0.0015666959807276726,1e-08,9,True,Optimization terminated successfully
cdf_plateau,0.1,90,pyGAM,0.032598369736110085,4.373509054911273e-09,0.13770530698820949,0.018812340043950826,0.1,2,True,
cdf_plateau,0.1,91,MonotoneLSPIA,0.025651080055750116,0.0,0.005239264981355518,0.005239264981355518,,32,True,
cdf_plateau,0.1,91,Penalized monotone B-spline,0.025603271522604647,0.0,0.03623688599327579,0.001587691018357873,0.01,9,True,Optimization terminated successfully
cdf_plateau,0.1,91,pyGAM,0.02560026062482515,0.0,0.11602543300250545,0.01986328000202775,0.01,2,True,
cdf_plateau,0.1,92,MonotoneLSPIA,0.028097317869247487,2.772782004001391e-14,0.004508773039560765,0.004508773039560765,,26,True,
cdf_plateau,0.1,92,Penalized monotone B-spline,0.028086865464226722,2.772782004001391e-14,0.04021614801604301,0.001717470004223287,1e-08,11,True,Optimization terminated successfully
cdf_plateau,0.1,92,pyGAM,0.027486744281973133,5.141736036940019e-09,0.11421167897060513,0.02247876499313861,0.01,2,True,
cdf_plateau,0.1,93,MonotoneLSPIA,0.024502668729602835,3.3273384048016694e-13,0.004951409995555878,0.004951409995555878,,29,True,
cdf_plateau,0.1,93,Penalized monotone B-spline,0.024507185534470597,3.3273384048016694e-13,0.03778959496412426,0.0015513430116698146,1e-08,9,True,Optimization terminated successfully
cdf_plateau,0.1,93,pyGAM,0.024677314156934096,8.626679370849127e-10,0.12067724397638813,0.021866954979486763,0.01,2,True,
cdf_plateau,0.1,94,MonotoneLSPIA,0.021769437521663618,4.4364512064022255e-13,0.005285680002998561,0.005285680002998561,,32,True,
cdf_plateau,0.1,94,Penalized monotone B-spline,0.021838995364079152,3.3273384048016694e-13,0.03741522005293518,0.0019130290020257235,0.01,10,True,Optimization terminated successfully
cdf_plateau,0.1,94,pyGAM,0.022304622971963305,1.2374371527456035e-09,0.11776814295444638,0.018708143034018576,0.1,2,True,
cdf_plateau,0.1,95,MonotoneLSPIA,0.013006727080814347,4.4364512064022255e-13,0.002982304955366999,0.002982304955366999,,13,True,
cdf_plateau,0.1,95,Penalized monotone B-spline,0.01305639897721576,3.3273384048016694e-13,0.04366045503411442,0.0017317250021733344,0.01,8,True,Optimization terminated successfully
cdf_plateau,0.1,95,pyGAM,0.012820739855280096,3.5295851241735305e-09,0.12243989401031286,0.021594245044980198,0.01,2,True,
cdf_plateau,0.1,96,MonotoneLSPIA,0.024676555457692664,3.3273384048016694e-13,0.003652159997727722,0.003652159997727722,,20,True,
cdf_plateau,0.1,96,Penalized monotone B-spline,0.02466760618525618,3.3273384048016694e-13,0.03249419399071485,0.001650436024647206,1e-08,11,True,Optimization terminated successfully
cdf_plateau,0.1,96,pyGAM,0.026600882678552727,2.740562277114819e-09,0.11536932602757588,0.01538466295460239,0.1,2,True,
cdf_plateau,0.1,97,MonotoneLSPIA,0.01599010815357539,3.3273384048016694e-13,0.004170469997916371,0.004170469997916371,,21,True,
cdf_plateau,0.1,97,Penalized monotone B-spline,0.015925947231450195,3.3273384048016694e-13,0.03972877300111577,0.001558810006827116,0.01,9,True,Optimization terminated successfully
cdf_plateau,0.1,97,pyGAM,0.015849861890934704,1.1657884657623448e-09,0.13038314995355904,0.02216476103058085,0.01,2,True,
cdf_plateau,0.1,98,MonotoneLSPIA,0.014436596562998847,3.3273384048016694e-13,0.003415376995690167,0.003415376995690167,,17,True,
cdf_plateau,0.1,98,Penalized monotone B-spline,0.014434838776015379,3.3273384048016694e-13,0.03333206399111077,0.001263447047676891,1e-08,6,True,Optimization terminated successfully
cdf_plateau,0.1,98,pyGAM,0.014612031719908021,3.082723576408624e-09,0.1284825920010917,0.026827924011740834,0.01,2,True,
cdf_plateau,0.1,99,MonotoneLSPIA,0.01849367029537871,4.436451206401733e-13,0.003421622037421912,0.003421622037421912,,17,True,
cdf_plateau,0.1,99,Penalized monotone B-spline,0.018493531236327486,4.4364512064022255e-13,0.034634239971637726,0.001397868967615068,1e-08,8,True,Optimization terminated successfully
cdf_plateau,0.1,99,pyGAM,0.016956428075688236,2.7787157574899538e-09,0.1235561219509691,0.022791459981817752,0.01,2,True,
cdf_plateau,0.1,100,MonotoneLSPIA,0.025721408365283,3.3273384048016694e-13,0.0031207529827952385,0.0031207529827952385,,15,True,
cdf_plateau,0.1,100,Penalized monotone B-spline,0.02549168764336309,3.3273384048016694e-13,0.035672281053848565,0.0013841160107403994,0.01,8,True,Optimization terminated successfully
cdf_plateau,0.1,100,pyGAM,0.025182113730566516,2.3756087097482315e-09,0.1273707610089332,0.02158132498152554,0.001,5,True,
