dataset,sigma,trial,method,recovery_rmse,maximum_negative_slope,end_to_end_seconds,refit_seconds,selected_parameter,iterations,converged,message
sensor_log,0.02,1,MonotoneLSPIA,0.006557860677110536,0.0,0.025297898973803967,0.025297898973803967,,45,True,
sensor_log,0.02,1,Penalized monotone B-spline,0.006496347592154606,0.0,0.03819736902369186,0.0017966129817068577,0.01,13,True,Optimization terminated successfully
sensor_log,0.02,1,pyGAM,0.006944822387795536,0.0,0.08854452101513743,0.010131501010619104,1.0,2,True,
sensor_log,0.02,2,MonotoneLSPIA,0.007175734633239875,0.0,0.021251327998470515,0.021251327998470515,,32,True,
sensor_log,0.02,2,Penalized monotone B-spline,0.005853102381010941,0.0,0.013182013004552573,0.00044323300244286656,1.0,1,True,Optimization terminated successfully
sensor_log,0.02,2,pyGAM,0.006240488132421178,0.0,0.07285906199831516,0.009013102971948683,1.0,2,True,
sensor_log,0.02,3,MonotoneLSPIA,0.005178729590560228,0.0,0.020205958047881722,0.020205958047881722,,44,True,
sensor_log,0.02,3,Penalized monotone B-spline,0.003996223887162362,0.0,0.017258515988942236,0.0004230770282447338,1.0,1,True,Optimization terminated successfully
sensor_log,0.02,3,pyGAM,0.0058173190129688955,0.0,0.07370689400704578,0.010078018996864557,1.0,2,True,
sensor_log,0.02,4,MonotoneLSPIA,0.007406114495042477,0.0,0.020739623985718936,0.020739623985718936,,31,True,
sensor_log,0.02,4,Penalized monotone B-spline,0.005894564088420345,0.0,0.026090701983775944,0.0006159309996291995,1.0,1,True,Optimization terminated successfully
sensor_log,0.02,4,pyGAM,0.005936383080107197,0.0,0.08126038103364408,0.010626975970808417,0.1,2,True,
sensor_log,0.02,5,MonotoneLSPIA,0.005798475648375809,0.0,0.02201706904452294,0.02201706904452294,,36,True,
sensor_log,0.02,5,Penalized monotone B-spline,0.0055173438838129725,0.0,0.022360327013302594,0.0006190470303408802,1.0,1,True,Optimization terminated successfully
sensor_log,0.02,5,pyGAM,0.0055767336891543486,0.0,0.07362822903087363,0.009564476960804313,1.0,2,True,
sensor_log,0.02,6,MonotoneLSPIA,0.00664948217243204,0.0,0.021268860960844904,0.021268860960844904,,47,True,
sensor_log,0.02,6,Penalized monotone B-spline,0.006184730681057127,0.0,0.03463746199849993,0.002082567021716386,0.01,13,True,Optimization terminated successfully
sensor_log,0.02,6,pyGAM,0.004637932587241351,0.0,0.08053922496037558,0.01020204002270475,0.1,3,True,
sensor_log,0.02,7,MonotoneLSPIA,0.004317430926757283,0.0,0.021499765978660434,0.021499765978660434,,55,True,
sensor_log,0.02,7,Penalized monotone B-spline,0.004443487400916651,0.0,0.023222530027851462,0.00042815000051632524,1.0,1,True,Optimization terminated successfully
sensor_log,0.02,7,pyGAM,0.003079853723029567,0.0,0.07917873002588749,0.00996412499807775,1.0,2,True,
sensor_log,0.02,8,MonotoneLSPIA,0.00602146156496629,0.0,0.020686862990260124,0.020686862990260124,,47,True,
sensor_log,0.02,8,Penalized monotone B-spline,0.005435205809938419,0.0,0.030724353971891105,0.001606221019756049,0.01,10,True,Optimization terminated successfully
sensor_log,0.02,8,pyGAM,0.005464918954136348,0.0,0.08116220298688859,0.009645218029618263,1.0,2,True,
sensor_log,0.02,9,MonotoneLSPIA,0.0061775977704482355,0.0,0.01969704998191446,0.01969704998191446,,38,True,
sensor_log,0.02,9,Penalized monotone B-spline,0.005986139710347934,0.0,0.03333750198362395,0.0004192389897070825,1.0,1,True,Optimization terminated successfully
sensor_log,0.02,9,pyGAM,0.006153970937707817,0.0,0.07875244197202846,0.010285348980687559,1.0,2,True,
sensor_log,0.02,10,MonotoneLSPIA,0.005154449539539327,0.0,0.020294250978622586,0.020294250978622586,,47,True,
sensor_log,0.02,10,Penalized monotone B-spline,0.005370433782976715,0.0,0.012790578999556601,0.0004184299614280462,1.0,1,True,Optimization terminated successfully
sensor_log,0.02,10,pyGAM,0.004419018442505514,0.0,0.07144779595546424,0.010446240019518882,0.1,2,True,
sensor_log,0.02,11,MonotoneLSPIA,0.003663122279158618,0.0,0.021397320029791445,0.021397320029791445,,55,True,
sensor_log,0.02,11,Penalized monotone B-spline,0.0038231192266917242,0.0,0.011699864000547677,0.0004179219831712544,1.0,1,True,Optimization terminated successfully
sensor_log,0.02,11,pyGAM,0.004886740391342818,0.0,0.07495223102159798,0.009108302008826286,1.0,2,True,
sensor_log,0.02,12,MonotoneLSPIA,0.00738698384424793,0.0,0.020018424023874104,0.020018424023874104,,39,True,
sensor_log,0.02,12,Penalized monotone B-spline,0.005772518256209374,0.0,0.030300181999336928,0.0004506870172917843,1.0,1,True,Optimization terminated successfully
sensor_log,0.02,12,pyGAM,0.005226244981687127,0.0,0.0851206979714334,0.011331207992043346,0.1,3,True,
sensor_log,0.02,13,MonotoneLSPIA,0.004705292730557789,0.0,0.02153255499433726,0.02153255499433726,,55,True,
sensor_log,0.02,13,Penalized monotone B-spline,0.005155918834356228,0.0,0.03398837096756324,0.00041729200165718794,1.0,1,True,Optimization terminated successfully
sensor_log,0.02,13,pyGAM,0.004148352124181975,0.0,0.08072506403550506,0.008996793010737747,0.1,3,True,
sensor_log,0.02,14,MonotoneLSPIA,0.00611294094799539,0.0,0.021148548985365778,0.021148548985365778,,49,True,
sensor_log,0.02,14,Penalized monotone B-spline,0.00370754554205176,0.0,0.01813652302371338,0.0004229200421832502,1.0,1,True,Optimization terminated successfully
sensor_log,0.02,14,pyGAM,0.00557381724991378,0.0,0.08266624098177999,0.010293957951944321,1.0,2,True,
sensor_log,0.02,15,MonotoneLSPIA,0.00802878899135716,0.0,0.02079204103210941,0.02079204103210941,,49,True,
sensor_log,0.02,15,Penalized monotone B-spline,0.006198745162866379,0.0,0.0335186300217174,0.00042150699300691485,1.0,1,True,Optimization terminated successfully
sensor_log,0.02,15,pyGAM,0.006799717810271777,0.0,0.0775604200316593,0.00947363901650533,0.1,2,True,
sensor_log,0.02,16,MonotoneLSPIA,0.005055792725424091,0.0,0.022036119014956057,0.022036119014956057,,51,True,
sensor_log,0.02,16,Penalized monotone B-spline,0.003542769122747374,0.0,0.015970713982824236,0.0004172300104983151,1.0,1,True,Optimization terminated successfully
sensor_log,0.02,16,pyGAM,0.004710408665923902,0.0,0.07242083101300523,0.009909761021845043,1.0,2,True,
sensor_log,0.02,17,MonotoneLSPIA,0.009904785233255876,0.0,0.02102297800593078,0.02102297800593078,,50,True,
sensor_log,0.02,17,Penalized monotone B-spline,0.00992442921368876,0.0,0.027518965012859553,0.002207605983130634,1e-08,13,True,Optimization terminated successfully
sensor_log,0.02,17,pyGAM,0.009898625601092255,0.0,0.09118503500940278,0.01692875102162361,0.001,4,True,
sensor_log,0.02,18,MonotoneLSPIA,0.007129635249568626,0.0,0.019785368000157177,0.019785368000157177,,41,True,
sensor_log,0.02,18,Penalized monotone B-spline,0.0071562156541844935,0.0,0.03297993796877563,0.0005036230431869626,1.0,1,True,Optimization terminated successfully
sensor_log,0.02,18,pyGAM,0.0078023075265559,0.0,0.08030807599425316,0.009134693013038486,1.0,2,True,
sensor_log,0.02,19,MonotoneLSPIA,0.006159663697388971,0.0,0.02137175400275737,0.02137175400275737,,46,True,
sensor_log,0.02,19,Penalized monotone B-spline,0.004406736700415,0.0,0.023284449998755008,0.0006076510180719197,1.0,1,True,Optimization terminated successfully
sensor_log,0.02,19,pyGAM,0.0036546055039116294,0.0,0.07196097797714174,0.00975331902736798,0.1,2,True,
sensor_log,0.02,20,MonotoneLSPIA,0.004566759617136037,0.0,0.020930361992213875,0.020930361992213875,,48,True,
sensor_log,0.02,20,Penalized monotone B-spline,0.004492613050693111,0.0,0.01853707298869267,0.0007483380031771958,1.0,1,True,Optimization terminated successfully
sensor_log,0.02,20,pyGAM,0.004279948858109901,0.0,0.0800130030256696,0.010323075985070318,0.1,2,True,
sensor_log,0.02,21,MonotoneLSPIA,0.005571759265445642,0.0,0.020763043023180217,0.020763043023180217,,45,True,
sensor_log,0.02,21,Penalized monotone B-spline,0.004936448609322274,0.0,0.020696560037322342,0.0004287830088287592,1.0,1,True,Optimization terminated successfully
sensor_log,0.02,21,pyGAM,0.004863467766406292,0.0,0.07933699002023786,0.009430048987269402,0.1,3,True,
sensor_log,0.02,22,MonotoneLSPIA,0.005108747215527186,0.0,0.02075754600809887,0.02075754600809887,,45,True,
sensor_log,0.02,22,Penalized monotone B-spline,0.004370482432483358,0.0,0.012689204013440758,0.00042676698649302125,1.0,1,True,Optimization terminated successfully
sensor_log,0.02,22,pyGAM,0.005289367586581987,0.0,0.07855592196574435,0.010702144005335867,1.0,2,True,
sensor_log,0.02,23,MonotoneLSPIA,0.0059480866063707765,0.0,0.024269165005534887,0.024269165005534887,,54,True,
sensor_log,0.02,23,Penalized monotone B-spline,0.0057365705277806905,0.0,0.01682585896924138,0.00043250899761915207,0.01,1,True,Optimization terminated successfully
sensor_log,0.02,23,pyGAM,0.004945732706074042,0.0,0.07365577796008438,0.010848562000319362,1.0,2,True,
sensor_log,0.02,24,MonotoneLSPIA,0.00683088875333605,0.0,0.022097959008533508,0.022097959008533508,,55,True,
sensor_log,0.02,24,Penalized monotone B-spline,0.006382202860260056,0.0,0.03490349696949124,0.0004414559807628393,1.0,1,True,Optimization terminated successfully
sensor_log,0.02,24,pyGAM,0.007082299403631747,0.0,0.08356648799963295,0.010494195972569287,1.0,2,True,
sensor_log,0.02,25,MonotoneLSPIA,0.0068425462555550725,0.0,0.022862593992613256,0.022862593992613256,,56,True,
sensor_log,0.02,25,Penalized monotone B-spline,0.00585536468085319,0.0,0.028976764995604753,0.00044741597957909107,1.0,1,True,Optimization terminated successfully
sensor_log,0.02,25,pyGAM,0.006033372847413075,0.0,0.08125817001564428,0.009837289981078357,1.0,2,True,
sensor_log,0.02,26,MonotoneLSPIA,0.005428183597060886,0.0,0.02125046303262934,0.02125046303262934,,42,True,
sensor_log,0.02,26,Penalized monotone B-spline,0.0053280918647269394,0.0,0.012560003029648215,0.0004201059928163886,1.0,1,True,Optimization terminated successfully
sensor_log,0.02,26,pyGAM,0.0037056490921536286,0.0,0.07894506497541443,0.0091979950084351,0.1,2,True,
sensor_log,0.02,27,MonotoneLSPIA,0.0057553944216312165,0.0,0.021050200040917844,0.021050200040917844,,43,True,
sensor_log,0.02,27,Penalized monotone B-spline,0.005425834758725348,0.0,0.027177755953744054,0.0004201620467938483,0.01,1,True,Optimization terminated successfully
sensor_log,0.02,27,pyGAM,0.004666421048299059,0.0,0.07077634404413402,0.00978983798995614,0.1,2,True,
sensor_log,0.02,28,MonotoneLSPIA,0.005224023310593795,0.0,0.020433814963325858,0.020433814963325858,,48,True,
sensor_log,0.02,28,Penalized monotone B-spline,0.00516898616478061,0.0,0.022625544981565326,0.0004296349943615496,1.0,1,True,Optimization terminated successfully
sensor_log,0.02,28,pyGAM,0.004259395067139761,0.0,0.08054293697932735,0.009077146998606622,0.1,3,True,
sensor_log,0.02,29,MonotoneLSPIA,0.00408954104430641,0.0,0.022719220025464892,0.022719220025464892,,56,True,
sensor_log,0.02,29,Penalized monotone B-spline,0.004608266264075993,0.0,0.012108972994610667,0.00043976400047540665,1.0,1,True,Optimization terminated successfully
sensor_log,0.02,29,pyGAM,0.0028949566242223034,0.0,0.07389778504148126,0.009034957038238645,0.1,2,True,
sensor_log,0.02,30,MonotoneLSPIA,0.0036961730900088256,0.0,0.023661237966734916,0.023661237966734916,,53,True,
sensor_log,0.02,30,Penalized monotone B-spline,0.003343592224713928,0.0,0.029613545048050582,0.0004183429991826415,1.0,1,True,Optimization terminated successfully
sensor_log,0.02,30,pyGAM,0.00435948743663002,0.0,0.07946993003133684,0.009325666003860533,1.0,2,True,
sensor_log,0.02,31,MonotoneLSPIA,0.0059795648393138464,0.0,0.02069595898501575,0.02069595898501575,,47,True,
sensor_log,0.02,31,Penalized monotone B-spline,0.005301776269434132,0.0,0.01960778998909518,0.0004362909821793437,1.0,1,True,Optimization terminated successfully
sensor_log,0.02,31,pyGAM,0.005794827279603147,0.0,0.0711013869731687,0.008912761986721307,1.0,2,True,
sensor_log,0.02,32,MonotoneLSPIA,0.005917105442348223,0.0,0.020133154990617186,0.020133154990617186,,37,True,
sensor_log,0.02,32,Penalized monotone B-spline,0.00546662808252061,0.0,0.02611343201715499,0.00042892899364233017,1.0,1,True,Optimization terminated successfully
sensor_log,0.02,32,pyGAM,0.004397256850894004,0.0,0.07852194498991594,0.010154557006899267,0.1,2,True,
sensor_log,0.02,33,MonotoneLSPIA,0.005755335670617901,0.0,0.019356428005266935,0.019356428005266935,,35,True,
sensor_log,0.02,33,Penalized monotone B-spline,0.005495006625487161,0.0,0.030049416003748775,0.0017885810229927301,0.01,13,True,Optimization terminated successfully
sensor_log,0.02,33,pyGAM,0.004735015774647989,0.0,0.07799935602815822,0.009785867994651198,1.0,2,True,
sensor_log,0.02,34,MonotoneLSPIA,0.005921106511167773,0.0,0.02140989201143384,0.02140989201143384,,55,True,
sensor_log,0.02,34,Penalized monotone B-spline,0.004192277804100079,0.0,0.012365842994768173,0.0004266629694029689,1.0,1,True,Optimization terminated successfully
sensor_log,0.02,34,pyGAM,0.004181992695798374,0.0,0.07097626000177115,0.00954746501520276,0.1,2,True,
sensor_log,0.02,35,MonotoneLSPIA,0.00559654338181671,0.0,0.020458014972973615,0.020458014972973615,,50,True,
sensor_log,0.02,35,Penalized monotone B-spline,0.004946562736759974,0.0,0.012565782992169261,0.00043434102553874254,1.0,1,True,Optimization terminated successfully
sensor_log,0.02,35,pyGAM,0.0033332915738273792,0.0,0.0713129710056819,0.00954246602486819,0.1,2,True,
sensor_log,0.02,36,MonotoneLSPIA,0.004783899816554326,0.0,0.019797736022155732,0.019797736022155732,,42,True,
sensor_log,0.02,36,Penalized monotone B-spline,0.005233114131460254,0.0,0.016026264987885952,0.00042610400123521686,1.0,1,True,Optimization terminated successfully
sensor_log,0.02,36,pyGAM,0.0060453776203973335,0.0,0.0738624960067682,0.010137520032003522,1.0,2,True,
sensor_log,0.02,37,MonotoneLSPIA,0.00405067747041269,0.0,0.020435363985598087,0.020435363985598087,,46,True,
sensor_log,0.02,37,Penalized monotone B-spline,0.0036409982735750137,0.0,0.022089333971962333,0.0004281009896658361,1.0,1,True,Optimization terminated successfully
sensor_log,0.02,37,pyGAM,0.0047830209189384165,0.0,0.07158653199439868,0.009824202978052199,1.0,2,True,
sensor_log,0.02,38,MonotoneLSPIA,0.004683745271403297,0.0,0.020690449979156256,0.020690449979156256,,50,True,
sensor_log,0.02,38,Penalized monotone B-spline,0.003398088257612558,0.0,0.02034368901513517,0.0004163209814578295,1.0,1,True,Optimization terminated successfully
sensor_log,0.02,38,pyGAM,0.0046340301864506534,0.0,0.07928922097198665,0.009294029034208506,1.0,2,True,
sensor_log,0.02,39,MonotoneLSPIA,0.005521601966957476,0.0,0.01909722900018096,0.01909722900018096,,32,True,
sensor_log,0.02,39,Penalized monotone B-spline,0.004549509080393745,0.0,0.026546174951363355,0.0004245849559083581,1.0,1,True,Optimization terminated successfully
sensor_log,0.02,39,pyGAM,0.004405128959809154,0.0,0.08209116902435198,0.009100789960939437,1.0,2,True,
sensor_log,0.02,40,MonotoneLSPIA,0.005088566297722883,0.0,0.022329322004225105,0.022329322004225105,,52,True,
sensor_log,0.02,40,Penalized monotone B-spline,0.004595477319953591,0.0,0.03661839501000941,0.0006234160391613841,1.0,1,True,Optimization terminated successfully
sensor_log,0.02,40,pyGAM,0.00352020592583656,0.0,0.07856509700650349,0.00977655197493732,0.1,3,True,
sensor_log,0.02,41,MonotoneLSPIA,0.0036883452917293594,0.0,0.020389124983921647,0.020389124983921647,,49,True,
sensor_log,0.02,41,Penalized monotone B-spline,0.0027657241303442165,0.0,0.0317459559882991,0.0007223570137284696,1.0,1,True,Optimization terminated successfully
sensor_log,0.02,41,pyGAM,0.003850369164942697,0.0,0.07996542501496151,0.010070722026284784,1.0,2,True,
sensor_log,0.02,42,MonotoneLSPIA,0.006210374040111312,0.0,0.021836387051735073,0.021836387051735073,,35,True,
sensor_log,0.02,42,Penalized monotone B-spline,0.006102472870316363,0.0,0.01317181100603193,0.00042441795812919736,1.0,1,True,Optimization terminated successfully
sensor_log,0.02,42,pyGAM,0.005780829082149015,0.0,0.0729653220041655,0.010017262015026063,1.0,2,True,
sensor_log,0.02,43,MonotoneLSPIA,0.007143663375013445,0.0,0.019564841000828892,0.019564841000828892,,35,True,
sensor_log,0.02,43,Penalized monotone B-spline,0.006508230131420898,0.0,0.033162799023557454,0.0005292710266076028,1.0,1,True,Optimization terminated successfully
sensor_log,0.02,43,pyGAM,0.007339667680041193,0.0,0.07897052000043914,0.009825595014262944,1.0,2,True,
sensor_log,0.02,44,MonotoneLSPIA,0.004326559317679029,0.0,0.021291898970957845,0.021291898970957845,,57,True,
sensor_log,0.02,44,Penalized monotone B-spline,0.003562484337562989,0.0,0.023829585989005864,0.0004263760056346655,1.0,1,True,Optimization terminated successfully
sensor_log,0.02,44,pyGAM,0.004318640109642097,0.0,0.07875904900720343,0.009917015966493636,1.0,2,True,
sensor_log,0.02,45,MonotoneLSPIA,0.006561303599452082,0.0,0.01935735298320651,0.01935735298320651,,39,True,
sensor_log,0.02,45,Penalized monotone B-spline,0.0055421810713930575,0.0,0.02847911900607869,0.0004187379963696003,1.0,1,True,Optimization terminated successfully
sensor_log,0.02,45,pyGAM,0.006442791462003124,0.0,0.08076851500663906,0.00999862904427573,1.0,2,True,
sensor_log,0.02,46,MonotoneLSPIA,0.006430281852637869,0.0,0.018912389990873635,0.018912389990873635,,27,True,
sensor_log,0.02,46,Penalized monotone B-spline,0.004764331301013479,0.0,0.02269603096647188,0.00043159601045772433,1.0,1,True,Optimization terminated successfully
sensor_log,0.02,46,pyGAM,0.00525101119605362,0.0,0.07180337398312986,0.009923443023581058,1.0,2,True,
sensor_log,0.02,47,MonotoneLSPIA,0.007382187193868312,0.0,0.020090500998776406,0.020090500998776406,,49,True,
sensor_log,0.02,47,Penalized monotone B-spline,0.0058339146123407345,0.0,0.012283800984732807,0.0004191839834675193,1.0,1,True,Optimization terminated successfully
sensor_log,0.02,47,pyGAM,0.005846534445692813,0.0,0.07114385103341192,0.010033614002168179,0.1,2,True,
sensor_log,0.02,48,MonotoneLSPIA,0.0068027504383916144,0.0,0.020929552032612264,0.020929552032612264,,46,True,
sensor_log,0.02,48,Penalized monotone B-spline,0.006158200279194439,0.0,0.029692580981645733,0.0006155730225145817,1.0,1,True,Optimization terminated successfully
sensor_log,0.02,48,pyGAM,0.00645684571746075,0.0,1.7520761160412803,1.6740543090272695,0.001,500,False,did not converge; did not converge
sensor_log,0.02,49,MonotoneLSPIA,0.00805841484180857,0.0,0.020262634032405913,0.020262634032405913,,45,True,
sensor_log,0.02,49,Penalized monotone B-spline,0.006099963999411545,0.0,0.016381824971176684,0.000490984006319195,1.0,1,True,Optimization terminated successfully
sensor_log,0.02,49,pyGAM,0.006771466107043966,0.0,0.07062770001357421,0.01009138801600784,0.1,2,True,
sensor_log,0.02,50,MonotoneLSPIA,0.005856722959102923,0.0,0.019351252994965762,0.019351252994965762,,37,True,
sensor_log,0.02,50,Penalized monotone B-spline,0.00491480197640083,0.0,0.03206127998419106,0.0004274380044080317,1.0,1,True,Optimization terminated successfully
sensor_log,0.02,50,pyGAM,0.005292762154943811,0.0,0.08647638495313004,0.010427097964566201,0.1,3,True,
sensor_log,0.02,51,MonotoneLSPIA,0.005396975159857573,0.0,0.02263747702818364,0.02263747702818364,,48,True,
sensor_log,0.02,51,Penalized monotone B-spline,0.00488629879797737,0.0,0.026383576972875744,0.0004238389665260911,1.0,1,True,Optimization terminated successfully
sensor_log,0.02,51,pyGAM,0.00584561232467797,0.0,0.07405000901781023,0.009265036031138152,1.0,2,True,
sensor_log,0.02,52,MonotoneLSPIA,0.004761645402592037,0.0,0.021017590013798326,0.021017590013798326,,42,True,
sensor_log,0.02,52,Penalized monotone B-spline,0.004911207802998942,0.0,0.02416287997039035,0.0007004690123721957,1.0,1,True,Optimization terminated successfully
sensor_log,0.02,52,pyGAM,0.005477884879214433,0.0,0.09329253400210291,0.011531291995197535,1.0,2,True,
sensor_log,0.02,53,MonotoneLSPIA,0.006934259016699133,0.0,0.023777611029800028,0.023777611029800028,,42,True,
sensor_log,0.02,53,Penalized monotone B-spline,0.006523674557634775,0.0,0.022480518033262342,0.0006627590046264231,1.0,1,True,Optimization terminated successfully
sensor_log,0.02,53,pyGAM,0.006147847307086027,0.0,0.07320994499605149,0.010558681969996542,0.1,2,True,
sensor_log,0.02,54,MonotoneLSPIA,0.005855931305947328,0.0,0.019538193999323994,0.019538193999323994,,31,True,
sensor_log,0.02,54,Penalized monotone B-spline,0.005674782866204759,0.0,0.03016781498445198,0.0004235130036249757,1.0,1,True,Optimization terminated successfully
sensor_log,0.02,54,pyGAM,0.0051346000359311725,0.0,0.08349788503255695,0.011267854017205536,1.0,2,True,
sensor_log,0.02,55,MonotoneLSPIA,0.004876410422581001,0.0,0.02219616196816787,0.02219616196816787,,52,True,
sensor_log,0.02,55,Penalized monotone B-spline,0.004160799397181673,0.0,0.032485354982782155,0.00041741004679352045,1.0,1,True,Optimization terminated successfully
sensor_log,0.02,55,pyGAM,0.005224708884612281,0.0,1.7517011919990182,0.010094037977978587,1.0,2,True,did not converge
sensor_log,0.02,56,MonotoneLSPIA,0.007984819655039449,0.0,0.019599860010202974,0.019599860010202974,,45,True,
sensor_log,0.02,56,Penalized monotone B-spline,0.005851822343047872,0.0,0.021646872046403587,0.00042291503632441163,1.0,1,True,Optimization terminated successfully
sensor_log,0.02,56,pyGAM,0.006406615021287351,0.0,0.07125138194533065,0.00997377501334995,0.1,2,True,
sensor_log,0.02,57,MonotoneLSPIA,0.0035349715658288838,0.0,0.020130286982748657,0.020130286982748657,,46,True,
sensor_log,0.02,57,Penalized monotone B-spline,0.003411914384622434,0.0,0.02513037802418694,0.00048471702029928565,1.0,1,True,Optimization terminated successfully
sensor_log,0.02,57,pyGAM,0.00448299235334097,0.0,1.7484378709923476,0.00936033099424094,1.0,2,True,did not converge
sensor_log,0.02,58,MonotoneLSPIA,0.005082659708946635,0.0,0.02208287501707673,0.02208287501707673,,48,True,
sensor_log,0.02,58,Penalized monotone B-spline,0.003731278231311259,0.0,0.020014650013763458,0.0004967049462720752,1.0,1,True,Optimization terminated successfully
sensor_log,0.02,58,pyGAM,0.005170597498245973,0.0,0.074809692974668,0.010573583014775068,1.0,2,True,
sensor_log,0.02,59,MonotoneLSPIA,0.006496363852996194,0.0,0.021570398996118456,0.021570398996118456,,48,True,
sensor_log,0.02,59,Penalized monotone B-spline,0.005353412316586677,0.0,0.012062503956258297,0.00052756501827389,1.0,1,True,Optimization terminated successfully
sensor_log,0.02,59,pyGAM,0.0056027462515356565,0.0,0.07357735000550747,0.009995853004511446,0.1,2,True,
sensor_log,0.02,60,MonotoneLSPIA,0.005571017494328194,0.0,0.020202224026434124,0.020202224026434124,,35,True,
sensor_log,0.02,60,Penalized monotone B-spline,0.005165000147252376,0.0,0.031121279986109585,0.0004197490052320063,1.0,1,True,Optimization terminated successfully
sensor_log,0.02,60,pyGAM,0.004810989186383835,0.0,0.08112311799777672,0.010087053989991546,0.1,3,True,
sensor_log,0.02,61,MonotoneLSPIA,0.004103690221507148,0.0,0.018423276022076607,0.018423276022076607,,29,True,
sensor_log,0.02,61,Penalized monotone B-spline,0.00445663940341227,0.0,0.012001161987427622,0.0004179539973847568,1.0,1,True,Optimization terminated successfully
sensor_log,0.02,61,pyGAM,0.004336014795488921,0.0,0.07009301701327786,0.009228945011273026,1.0,2,True,
sensor_log,0.02,62,MonotoneLSPIA,0.0033708651571061955,0.0,0.020371466991491616,0.020371466991491616,,50,True,
sensor_log,0.02,62,Penalized monotone B-spline,0.0038845170384080156,0.0,0.01632385200355202,0.0004169250023551285,1.0,1,True,Optimization terminated successfully
sensor_log,0.02,62,pyGAM,0.003870917201201318,0.0,0.07348736701533198,0.009986784018110484,1.0,2,True,
sensor_log,0.02,63,MonotoneLSPIA,0.004439394508211829,0.0,0.020568837004248053,0.020568837004248053,,44,True,
sensor_log,0.02,63,Penalized monotone B-spline,0.003832538427449919,0.0,0.024006597988773137,0.0004275530227459967,1.0,1,True,Optimization terminated successfully
sensor_log,0.02,63,pyGAM,0.004983252428847819,0.0,0.08142179303104058,0.010180604993365705,1.0,2,True,
sensor_log,0.02,64,MonotoneLSPIA,0.007036482985299304,0.0,0.020171432988718152,0.020171432988718152,,47,True,
sensor_log,0.02,64,Penalized monotone B-spline,0.006946241760948467,0.0,0.014443880994804204,0.00041785603389143944,0.01,1,True,Optimization terminated successfully
sensor_log,0.02,64,pyGAM,0.006379610702353839,0.0,0.07153456803644076,0.00903446803567931,0.1,2,True,
sensor_log,0.02,65,MonotoneLSPIA,0.006190001442210324,0.0,0.021634480042848736,0.021634480042848736,,48,True,
sensor_log,0.02,65,Penalized monotone B-spline,0.005512063982004508,0.0,0.01681730500422418,0.00042615499114617705,1.0,1,True,Optimization terminated successfully
sensor_log,0.02,65,pyGAM,0.0047301493735764895,0.0,0.0712005480309017,0.009513714001514018,0.1,2,True,
sensor_log,0.02,66,MonotoneLSPIA,0.006462358381348625,0.0,0.02068631094880402,0.02068631094880402,,50,True,
sensor_log,0.02,66,Penalized monotone B-spline,0.0046516493046934015,0.0,0.02250084700062871,0.0004225770244374871,1.0,1,True,Optimization terminated successfully
sensor_log,0.02,66,pyGAM,0.005464503038887389,0.0,0.08082237199414521,0.010989041009452194,0.1,3,True,
sensor_log,0.02,67,MonotoneLSPIA,0.003509515162107168,0.0,0.022763763030525297,0.022763763030525297,,44,True,
sensor_log,0.02,67,Penalized monotone B-spline,0.0034417221112149135,0.0,0.03109670599224046,0.00044192199129611254,1.0,1,True,Optimization terminated successfully
sensor_log,0.02,67,pyGAM,0.004077536269028033,0.0,1.7280378139694221,0.009149381017778069,1.0,2,True,did not converge
sensor_log,0.02,68,MonotoneLSPIA,0.005989249457586271,0.0,0.020450632961001247,0.020450632961001247,,43,True,
sensor_log,0.02,68,Penalized monotone B-spline,0.004883202586141386,0.0,0.01749058999121189,0.000421001052018255,1.0,1,True,Optimization terminated successfully
sensor_log,0.02,68,pyGAM,0.00489340152052916,0.0,0.07295494194841012,0.010052892961539328,1.0,2,True,
sensor_log,0.02,69,MonotoneLSPIA,0.005686132555182511,0.0,0.021705503051634878,0.021705503051634878,,45,True,
sensor_log,0.02,69,Penalized monotone B-spline,0.005058735120569192,0.0,0.019987985026091337,0.00042665802175179124,1.0,1,True,Optimization terminated successfully
sensor_log,0.02,69,pyGAM,0.005980932258562566,0.0,0.07241272600367665,0.009040493983775377,1.0,2,True,
sensor_log,0.02,70,MonotoneLSPIA,0.007720411149673749,0.0,0.01852406800026074,0.01852406800026074,,30,True,
sensor_log,0.02,70,Penalized monotone B-spline,0.007175613895854729,0.0,0.03279499302152544,0.00042190798558294773,1.0,1,True,Optimization terminated successfully
sensor_log,0.02,70,pyGAM,0.006241986841277435,0.0,0.07757465704344213,0.009511596988886595,0.1,3,True,
sensor_log,0.02,71,MonotoneLSPIA,0.005455753006642148,0.0,0.02017139905365184,0.02017139905365184,,42,True,
sensor_log,0.02,71,Penalized monotone B-spline,0.0042621122891031826,0.0,0.01719657302601263,0.00042869203025475144,1.0,1,True,Optimization terminated successfully
sensor_log,0.02,71,pyGAM,0.003927566870056652,0.0,0.07847563503310084,0.009519920975435525,0.1,2,True,
sensor_log,0.02,72,MonotoneLSPIA,0.00508605488914412,0.0,0.022097136010415852,0.022097136010415852,,39,True,
sensor_log,0.02,72,Penalized monotone B-spline,0.00446577136499701,0.0,0.016817294992506504,0.0004385639913380146,1.0,1,True,Optimization terminated successfully
sensor_log,0.02,72,pyGAM,0.005042923253174438,0.0,0.07658925995929167,0.010887684009503573,1.0,2,True,
sensor_log,0.02,73,MonotoneLSPIA,0.006668056624790786,0.0,0.02077753801131621,0.02077753801131621,,48,True,
sensor_log,0.02,73,Penalized monotone B-spline,0.00633045969365673,0.0,0.011820815037935972,0.0004828129895031452,0.01,1,True,Optimization terminated successfully
sensor_log,0.02,73,pyGAM,0.005010642861226362,0.0,0.07647608499974012,0.010319192020688206,1.0,2,True,
sensor_log,0.02,74,MonotoneLSPIA,0.006552929701167576,0.0,0.020878439012449235,0.020878439012449235,,49,True,
sensor_log,0.02,74,Penalized monotone B-spline,0.0063930391823780325,0.0,0.03256254899315536,0.0022050599800422788,0.01,12,True,Optimization terminated successfully
sensor_log,0.02,74,pyGAM,0.005935883416866862,0.0,0.08179989596828818,0.009381235984619707,1.0,2,True,
sensor_log,0.02,75,MonotoneLSPIA,0.004177402953758006,0.0,0.02134557900717482,0.02134557900717482,,45,True,
sensor_log,0.02,75,Penalized monotone B-spline,0.0036473558906512855,0.0,0.013381944969296455,0.0005134500097483397,1.0,1,True,Optimization terminated successfully
sensor_log,0.02,75,pyGAM,0.00441804724218369,0.0,0.07272608199855313,0.00975672499043867,1.0,2,True,
sensor_log,0.02,76,MonotoneLSPIA,0.006123235693325819,0.0,0.020491700037382543,0.020491700037382543,,50,True,
sensor_log,0.02,76,Penalized monotone B-spline,0.0045179136830009415,0.0,0.015742256015073508,0.0005189849762246013,1.0,1,True,Optimization terminated successfully
sensor_log,0.02,76,pyGAM,0.005415664721545888,0.0,0.07138508302159607,0.009896755975205451,1.0,2,True,
sensor_log,0.02,77,MonotoneLSPIA,0.006869126052629501,0.0,0.020806488988455385,0.020806488988455385,,49,True,
sensor_log,0.02,77,Penalized monotone B-spline,0.005079544884029398,0.0,0.026313565962482244,0.00042054394725710154,1.0,1,True,Optimization terminated successfully
sensor_log,0.02,77,pyGAM,0.005134142048034039,0.0,0.07970054901670665,0.009912904992233962,1.0,2,True,
sensor_log,0.02,78,MonotoneLSPIA,0.004418539053329949,0.0,0.021820724999997765,0.021820724999997765,,44,True,
sensor_log,0.02,78,Penalized monotone B-spline,0.004093281976535389,0.0,0.031469038978684694,0.00042781297815963626,1.0,1,True,Optimization terminated successfully
sensor_log,0.02,78,pyGAM,0.004223966553057677,0.0,0.08213124005123973,0.010181032004766166,1.0,2,True,
sensor_log,0.02,79,MonotoneLSPIA,0.005994242900239607,0.0,0.020714687008876354,0.020714687008876354,,51,True,
sensor_log,0.02,79,Penalized monotone B-spline,0.005749153255356404,0.0,0.01725762599380687,0.0004225310403853655,1.0,1,True,Optimization terminated successfully
sensor_log,0.02,79,pyGAM,0.006243786146306774,0.0,0.07850475300801918,0.010058592015411705,1.0,2,True,
sensor_log,0.02,80,MonotoneLSPIA,0.006130334369516745,0.0,0.019984351005405188,0.019984351005405188,,44,True,
sensor_log,0.02,80,Penalized monotone B-spline,0.005632382008928248,0.0,0.017255334998480976,0.00042026903247460723,1.0,1,True,Optimization terminated successfully
sensor_log,0.02,80,pyGAM,0.006247154555209082,0.0,0.07789336104178801,0.009158015018329024,1.0,2,True,
sensor_log,0.02,81,MonotoneLSPIA,0.006467578036948391,0.0,0.018062643997836858,0.018062643997836858,,25,True,
sensor_log,0.02,81,Penalized monotone B-spline,0.006253906475719064,0.0,0.01740981498733163,0.00042365799890831113,1.0,1,True,Optimization terminated successfully
sensor_log,0.02,81,pyGAM,0.006514067752558015,0.0,0.08241647394606844,0.009174862003419548,1.0,2,True,
sensor_log,0.02,82,MonotoneLSPIA,0.006566199225839202,0.0,0.02065786102320999,0.02065786102320999,,39,True,
sensor_log,0.02,82,Penalized monotone B-spline,0.0062305244220357235,0.0,0.012536568974610418,0.00042029801988974214,1.0,1,True,Optimization terminated successfully
sensor_log,0.02,82,pyGAM,0.0062590924587132704,0.0,0.07619650702690706,0.009445369010791183,1.0,2,True,
sensor_log,0.02,83,MonotoneLSPIA,0.006244260088252369,0.0,0.021019457024522126,0.021019457024522126,,41,True,
sensor_log,0.02,83,Penalized monotone B-spline,0.005028374133976748,0.0,0.02324946701992303,0.0007546900305896997,1.0,1,True,Optimization terminated successfully
sensor_log,0.02,83,pyGAM,0.004171628016469666,0.0,0.07466728502186015,0.009931712003890425,0.1,2,True,
sensor_log,0.02,84,MonotoneLSPIA,0.008395326680009259,0.0,0.019646737026050687,0.019646737026050687,,43,True,
sensor_log,0.02,84,Penalized monotone B-spline,0.008485146125505584,0.0,0.03132830798858777,0.0016778900171630085,1e-08,12,True,Optimization terminated successfully
sensor_log,0.02,84,pyGAM,0.006180399494919056,0.0,1.7368762830155902,0.009486250986810774,1.0,2,True,did not converge
sensor_log,0.02,85,MonotoneLSPIA,0.004682367415037524,0.0,0.020601329975761473,0.020601329975761473,,46,True,
sensor_log,0.02,85,Penalized monotone B-spline,0.005229846548919221,0.0,0.03383856499567628,0.0004736590199172497,1.0,1,True,Optimization terminated successfully
sensor_log,0.02,85,pyGAM,0.005838673118113356,0.0,0.07850024400977418,0.008962386986240745,1.0,2,True,
sensor_log,0.02,86,MonotoneLSPIA,0.005484609470611908,0.0,0.02120940200984478,0.02120940200984478,,52,True,
sensor_log,0.02,86,Penalized monotone B-spline,0.004894818958446863,0.0,0.026880475983489305,0.002254529041238129,0.01,10,True,Optimization terminated successfully
sensor_log,0.02,86,pyGAM,0.0035913955994584944,0.0,0.08373673300957307,0.009227914037182927,0.1,3,True,
sensor_log,0.02,87,MonotoneLSPIA,0.005979430188152453,0.0,0.021038651990238577,0.021038651990238577,,29,True,
sensor_log,0.02,87,Penalized monotone B-spline,0.0047531521994365195,0.0,0.018333012994844466,0.0005922069540247321,1.0,1,True,Optimization terminated successfully
sensor_log,0.02,87,pyGAM,0.005419471530205315,0.0,0.07361568801570684,0.009405023010913283,1.0,2,True,
sensor_log,0.02,88,MonotoneLSPIA,0.006715870775869188,0.0,0.020791234041098505,0.020791234041098505,,39,True,
sensor_log,0.02,88,Penalized monotone B-spline,0.0063498946322387935,0.0,0.03306442400207743,0.0016808300279080868,0.01,12,True,Optimization terminated successfully
sensor_log,0.02,88,pyGAM,0.006331900864393867,0.0,0.0823572599911131,0.01495255995541811,0.001,3,True,
sensor_log,0.02,89,MonotoneLSPIA,0.006754908631731609,0.0,0.023037462029606104,0.023037462029606104,,48,True,
sensor_log,0.02,89,Penalized monotone B-spline,0.005061914310350976,0.0,0.018825081002432853,0.0004367729998193681,1.0,1,True,Optimization terminated successfully
sensor_log,0.02,89,pyGAM,0.006276300384717453,0.0,0.07507012796122581,0.009996689041145146,1.0,2,True,
sensor_log,0.02,90,MonotoneLSPIA,0.004490185230974308,0.0,0.022523449966683984,0.022523449966683984,,47,True,
sensor_log,0.02,90,Penalized monotone B-spline,0.0040753662891442576,0.0,0.03534158499678597,0.0004254559753462672,1.0,1,True,Optimization terminated successfully
sensor_log,0.02,90,pyGAM,0.004314332717060566,0.0,0.07908733101794496,0.01272399298613891,0.01,2,True,
sensor_log,0.02,91,MonotoneLSPIA,0.004920921302587352,0.0,0.020458637969568372,0.020458637969568372,,41,True,
sensor_log,0.02,91,Penalized monotone B-spline,0.003363723204649909,0.0,0.01943420502357185,0.0004249229677952826,1.0,1,True,Optimization terminated successfully
sensor_log,0.02,91,pyGAM,0.00290498911672711,0.0,0.07154046901268885,0.009065706050023437,0.1,2,True,
sensor_log,0.02,92,MonotoneLSPIA,0.006705185196291395,0.0,0.020501127000898123,0.020501127000898123,,46,True,
sensor_log,0.02,92,Penalized monotone B-spline,0.006343236396826365,0.0,0.02379449998261407,0.00041336199501529336,0.01,1,True,Optimization terminated successfully
sensor_log,0.02,92,pyGAM,0.005137505350968769,0.0,0.0831321450532414,0.010860940965358168,1.0,2,True,
sensor_log,0.02,93,MonotoneLSPIA,0.004382159348296013,0.0,0.022374777996446937,0.022374777996446937,,43,True,
sensor_log,0.02,93,Penalized monotone B-spline,0.0044252758584189915,0.0,0.030957764014601707,0.00043065898353233933,1.0,1,True,Optimization terminated successfully
sensor_log,0.02,93,pyGAM,0.0027599548322956836,0.0,0.07921000302303582,0.008914940990507603,0.1,2,True,
sensor_log,0.02,94,MonotoneLSPIA,0.004798043181020719,0.0,0.02176974096801132,0.02176974096801132,,53,True,
sensor_log,0.02,94,Penalized monotone B-spline,0.004464302510833764,0.0,0.01665066898567602,0.0005193600081838667,1.0,1,True,Optimization terminated successfully
sensor_log,0.02,94,pyGAM,0.0047785599544107925,0.0,0.07246753096114844,0.009197473991662264,1.0,2,True,
sensor_log,0.02,95,MonotoneLSPIA,0.005375493280993769,0.0,0.02087458095047623,0.02087458095047623,,42,True,
sensor_log,0.02,95,Penalized monotone B-spline,0.00550656187352875,0.0,0.024040193005930632,0.000432392000220716,1.0,1,True,Optimization terminated successfully
sensor_log,0.02,95,pyGAM,0.004385974161231451,0.0,0.07918643701123074,0.010234819957986474,0.1,3,True,
sensor_log,0.02,96,MonotoneLSPIA,0.008838431579971464,0.0,0.020636227971408516,0.020636227971408516,,47,True,
sensor_log,0.02,96,Penalized monotone B-spline,0.008148445194144777,0.0,0.02032554999459535,0.00042430503526702523,1.0,1,True,Optimization terminated successfully
sensor_log,0.02,96,pyGAM,0.009422350531248923,0.0,0.07188418903388083,0.009662713971920311,1.0,2,True,
sensor_log,0.02,97,MonotoneLSPIA,0.006257411244856527,0.0,0.020721831009723246,0.020721831009723246,,46,True,
sensor_log,0.02,97,Penalized monotone B-spline,0.005408556598952781,0.0,0.011797084007412195,0.0004811790422536433,1.0,1,True,Optimization terminated successfully
sensor_log,0.02,97,pyGAM,0.005586314942408738,0.0,0.070867934031412,0.009044758975505829,1.0,2,True,
sensor_log,0.02,98,MonotoneLSPIA,0.004266100879240793,0.0,0.020733429992105812,0.020733429992105812,,45,True,
sensor_log,0.02,98,Penalized monotone B-spline,0.0038594866816769316,0.0,0.012196454976219684,0.0004640959668904543,1.0,1,True,Optimization terminated successfully
sensor_log,0.02,98,pyGAM,0.003656849647723964,0.0,0.07181605498772115,0.009544999978970736,1.0,2,True,
sensor_log,0.02,99,MonotoneLSPIA,0.004166511245810945,0.0,0.02130794001277536,0.02130794001277536,,52,True,
sensor_log,0.02,99,Penalized monotone B-spline,0.004609485915464724,0.0,0.014568648999556899,0.0005232969997450709,1.0,1,True,Optimization terminated successfully
sensor_log,0.02,99,pyGAM,0.0039109757221327274,0.0,0.0777442249818705,0.010861745977308601,1.0,2,True,
sensor_log,0.02,100,MonotoneLSPIA,0.008342392871218445,0.0,0.02136872202390805,0.02136872202390805,,52,True,
sensor_log,0.02,100,Penalized monotone B-spline,0.0078902142212072,0.0,0.022494599979836494,0.0004387270309962332,1.0,1,True,Optimization terminated successfully
sensor_log,0.02,100,pyGAM,0.007512935143367687,0.0,0.07453557197004557,0.009199391002766788,0.01,2,True,
sensor_log,0.05,1,MonotoneLSPIA,0.016451592571710156,0.0,0.0274883090169169,0.0274883090169169,,50,True,
sensor_log,0.05,1,Penalized monotone B-spline,0.01304930582393463,0.0,0.034737914975266904,0.0005282469792291522,1.0,1,True,Optimization terminated successfully
sensor_log,0.05,1,pyGAM,0.012948291076952568,0.0,0.09038889000657946,0.00998092198278755,1.0,2,True,
sensor_log,0.05,2,MonotoneLSPIA,0.016940912886112672,0.0,0.02034049399662763,0.02034049399662763,,48,True,
sensor_log,0.05,2,Penalized monotone B-spline,0.016947013153281443,0.0,0.03855141100939363,0.0017729340470395982,1e-08,14,True,Optimization terminated successfully
sensor_log,0.05,2,pyGAM,0.016976009003300742,0.0,0.09646584000438452,0.01943448302336037,0.001,5,True,
sensor_log,0.05,3,MonotoneLSPIA,0.012506107075613674,0.0,0.020071737992111593,0.020071737992111593,,44,True,
sensor_log,0.05,3,Penalized monotone B-spline,0.012487230125585539,0.0,0.033679209009278566,0.0014682500041089952,1e-08,10,True,Optimization terminated successfully
sensor_log,0.05,3,pyGAM,0.01177575754395957,0.0,0.07818065799074247,0.009834772034082562,10.0,2,True,
sensor_log,0.05,4,MonotoneLSPIA,0.012468614391350956,0.0,0.021662415005266666,0.021662415005266666,,55,True,
sensor_log,0.05,4,Penalized monotone B-spline,0.010122778967528416,0.0,0.02069664199370891,0.0004719040007330477,1.0,1,True,Optimization terminated successfully
sensor_log,0.05,4,pyGAM,0.01365766891227862,0.0,0.07102188904536888,0.009017085016239434,10.0,2,True,
sensor_log,0.05,5,MonotoneLSPIA,0.013754777674475973,0.0,0.019362368970178068,0.019362368970178068,,35,True,
sensor_log,0.05,5,Penalized monotone B-spline,0.008445945336436899,0.0,0.029028657008893788,0.0004202999989502132,1.0,1,True,Optimization terminated successfully
sensor_log,0.05,5,pyGAM,0.009259852165677632,0.0,0.07329344196477905,0.010348943993449211,1.0,2,True,
sensor_log,0.05,6,MonotoneLSPIA,0.009823007261935699,0.0,0.020625699020456523,0.020625699020456523,,49,True,
sensor_log,0.05,6,Penalized monotone B-spline,0.007519421001756462,0.0,0.034149766026530415,0.00043305696453899145,1.0,1,True,Optimization terminated successfully
sensor_log,0.05,6,pyGAM,0.009274445154361528,0.0,0.0778961629839614,0.010315749968867749,10.0,2,True,
sensor_log,0.05,7,MonotoneLSPIA,0.007705867090559221,0.0,0.020809195993933827,0.020809195993933827,,52,True,
sensor_log,0.05,7,Penalized monotone B-spline,0.006449532632033284,0.0,0.036130032036453485,0.0009852470248006284,1.0,5,True,Optimization terminated successfully
sensor_log,0.05,7,pyGAM,0.011765010310473318,0.0,0.0800761780119501,0.009150631027296185,10.0,2,True,
sensor_log,0.05,8,MonotoneLSPIA,0.009527822910339925,0.0,0.021823346964083612,0.021823346964083612,,57,True,
sensor_log,0.05,8,Penalized monotone B-spline,0.006287520188008648,0.0,0.03562089102342725,0.00042377301724627614,1.0,1,True,Optimization terminated successfully
sensor_log,0.05,8,pyGAM,0.0063152981018965906,0.0,0.0871213490027003,0.009038554970175028,1.0,3,True,
sensor_log,0.05,9,MonotoneLSPIA,0.018763143268195913,0.0,0.020467116963118315,0.020467116963118315,,46,True,
sensor_log,0.05,9,Penalized monotone B-spline,0.015459073123217981,0.0,0.022277974989265203,0.00043156102765351534,1.0,1,True,Optimization terminated successfully
sensor_log,0.05,9,pyGAM,0.013674595877654211,0.0,0.07131307799136266,0.008972570998594165,1.0,2,True,
sensor_log,0.05,10,MonotoneLSPIA,0.014883576983652112,0.0,0.022653022955637425,0.022653022955637425,,58,True,
sensor_log,0.05,10,Penalized monotone B-spline,0.009796807875558174,0.0,0.029439938021823764,0.00041903299279510975,1.0,1,True,Optimization terminated successfully
sensor_log,0.05,10,pyGAM,0.009997954517179967,0.0,0.08315877401037142,0.010647887014783919,0.1,3,True,
sensor_log,0.05,11,MonotoneLSPIA,0.013244789415494316,0.0,0.02146764798089862,0.02146764798089862,,53,True,
sensor_log,0.05,11,Penalized monotone B-spline,0.008892374288174701,0.0,0.036988034029491246,0.0004705199971795082,1.0,1,True,Optimization terminated successfully
sensor_log,0.05,11,pyGAM,0.012085297367990163,0.0,0.11689489200944081,0.011444027011748403,10.0,2,True,
sensor_log,0.05,12,MonotoneLSPIA,0.013370981112685287,0.0,0.02476120099890977,0.02476120099890977,,53,True,
sensor_log,0.05,12,Penalized monotone B-spline,0.008778994745127111,0.0,0.0309380569960922,0.0004972050082869828,1.0,1,True,Optimization terminated successfully
sensor_log,0.05,12,pyGAM,0.0062597069653874005,0.0,0.08755807200213894,0.011087791994214058,1.0,2,True,
sensor_log,0.05,13,MonotoneLSPIA,0.014968709772844624,0.0,0.021322656015399843,0.021322656015399843,,53,True,
sensor_log,0.05,13,Penalized monotone B-spline,0.012156052845035101,0.0,0.03436624800087884,0.0004267009790055454,1.0,1,True,Optimization terminated successfully
sensor_log,0.05,13,pyGAM,0.013937819725367595,0.0,0.09015703399199992,0.010638631007168442,10.0,2,True,
sensor_log,0.05,14,MonotoneLSPIA,0.015196840941195246,0.0,0.021841762005351484,0.021841762005351484,,56,True,
sensor_log,0.05,14,Penalized monotone B-spline,0.011568864247829455,0.0,0.02877009002259001,0.00044049997813999653,1.0,1,True,Optimization terminated successfully
sensor_log,0.05,14,pyGAM,0.010681184446357319,0.0,0.07810866698855534,0.010040206019766629,1.0,2,True,
sensor_log,0.05,15,MonotoneLSPIA,0.015558500529378372,0.0,0.019128672021906823,0.019128672021906823,,36,True,
sensor_log,0.05,15,Penalized monotone B-spline,0.011683161833294441,0.0,0.02761034300783649,0.00041803502244874835,1.0,1,True,Optimization terminated successfully
sensor_log,0.05,15,pyGAM,0.011913849086045439,0.0,0.08090875204652548,0.009887869004160166,1.0,2,True,
sensor_log,0.05,16,MonotoneLSPIA,0.01404706407911462,0.0,0.020325558027252555,0.020325558027252555,,41,True,
sensor_log,0.05,16,Penalized monotone B-spline,0.0102456033338116,0.0,0.03562928002793342,0.00047575501957908273,1.0,1,True,Optimization terminated successfully
sensor_log,0.05,16,pyGAM,0.008158548247361749,0.0,0.0892501370399259,0.010513561021070927,1.0,3,True,
sensor_log,0.05,17,MonotoneLSPIA,0.015105021304745109,0.0,0.019329728034790605,0.019329728034790605,,36,True,
sensor_log,0.05,17,Penalized monotone B-spline,0.01512295818715375,0.0,0.033403067965991795,0.002274617028888315,1e-08,10,True,Optimization terminated successfully
sensor_log,0.05,17,pyGAM,0.011923305290015906,0.0,0.08533491299021989,0.009080817981157452,1.0,4,True,
sensor_log,0.05,18,MonotoneLSPIA,0.01787215465877232,0.0,0.019273707002867013,0.019273707002867013,,26,True,
sensor_log,0.05,18,Penalized monotone B-spline,0.015505446075860465,0.0,0.03467839700169861,0.0004326080088503659,1.0,1,True,Optimization terminated successfully
sensor_log,0.05,18,pyGAM,0.015814428541892554,0.0,0.07822147698607296,0.009192173019982874,1.0,2,True,
sensor_log,0.05,19,MonotoneLSPIA,0.014867770184289806,0.0,0.019614910008385777,0.019614910008385777,,38,True,
sensor_log,0.05,19,Penalized monotone B-spline,0.009829564844046356,0.0,0.026770222990307957,0.00048727699322625995,1.0,1,True,Optimization terminated successfully
sensor_log,0.05,19,pyGAM,0.00978737800064636,0.0,0.08518800599267706,0.009693984990008175,1.0,2,True,
sensor_log,0.05,20,MonotoneLSPIA,0.016210358966888706,0.0,0.020578890049364418,0.020578890049364418,,48,True,
sensor_log,0.05,20,Penalized monotone B-spline,0.015278131070358088,0.0,0.021614580997265875,0.00045537902042269707,1.0,1,True,Optimization terminated successfully
sensor_log,0.05,20,pyGAM,0.01415046326717972,0.0,0.0708262849948369,0.009462304995395243,1.0,2,True,
sensor_log,0.05,21,MonotoneLSPIA,0.011823821240425723,0.0,0.021598136983811855,0.021598136983811855,,57,True,
sensor_log,0.05,21,Penalized monotone B-spline,0.010003677094440245,0.0,0.035811274021398276,0.0010723969899117947,1.0,1,True,Optimization terminated successfully
sensor_log,0.05,21,pyGAM,0.010686586160882057,0.0,0.0780108780018054,0.009975963970646262,10.0,2,True,
sensor_log,0.05,22,MonotoneLSPIA,0.01738738380616706,0.0,0.020086529024410993,0.020086529024410993,,45,True,
sensor_log,0.05,22,Penalized monotone B-spline,0.01505615011959101,0.0,0.03353817400056869,0.00042548601049929857,1.0,1,True,Optimization terminated successfully
sensor_log,0.05,22,pyGAM,0.012719536831664068,0.0,0.08553703798679635,0.009016825002618134,1.0,3,True,
sensor_log,0.05,23,MonotoneLSPIA,0.009399404381100696,0.0,0.021759783965535462,0.021759783965535462,,50,True,
sensor_log,0.05,23,Penalized monotone B-spline,0.008091185059872028,0.0,0.022014352027326822,0.0004300130531191826,1.0,1,True,Optimization terminated successfully
sensor_log,0.05,23,pyGAM,0.009701669500397463,0.0,0.07002960395766422,0.008938389015384018,10.0,2,True,
sensor_log,0.05,24,MonotoneLSPIA,0.017629366567298035,0.0,0.021597006008960307,0.021597006008960307,,55,True,
sensor_log,0.05,24,Penalized monotone B-spline,0.013577010765998054,0.0,0.030754521023482084,0.0004193889908492565,1.0,1,True,Optimization terminated successfully
sensor_log,0.05,24,pyGAM,0.013814008153487161,0.0,0.07924891996663064,0.008905396971385926,0.1,3,True,
sensor_log,0.05,25,MonotoneLSPIA,0.012920802992251712,0.0,0.021561667032074183,0.021561667032074183,,52,True,
sensor_log,0.05,25,Penalized monotone B-spline,0.0063396649678577645,0.0,0.034044458996504545,0.00041664199670776725,1.0,1,True,Optimization terminated successfully
sensor_log,0.05,25,pyGAM,0.008774235294023396,0.0,0.08276415301952511,0.01170438400004059,10.0,2,True,
sensor_log,0.05,26,MonotoneLSPIA,0.012913676076205947,0.0,0.019989179039839655,0.019989179039839655,,40,True,
sensor_log,0.05,26,Penalized monotone B-spline,0.009810274685821702,0.0,0.033216476964298636,0.00042202899930998683,1.0,1,True,Optimization terminated successfully
sensor_log,0.05,26,pyGAM,0.012654169620015976,0.0,0.07828939100727439,0.008990090049337596,10.0,2,True,
sensor_log,0.05,27,MonotoneLSPIA,0.01301794574866106,0.0,0.01971530803712085,0.01971530803712085,,41,True,
sensor_log,0.05,27,Penalized monotone B-spline,0.010596252108769919,0.0,0.03151230700314045,0.00041565101128071547,1.0,1,True,Optimization terminated successfully
sensor_log,0.05,27,pyGAM,0.011253200082305527,0.0,0.07885873597115278,0.009370549989398569,1.0,2,True,
sensor_log,0.05,28,MonotoneLSPIA,0.013022039089831242,0.0,0.02190056099789217,0.02190056099789217,,55,True,
sensor_log,0.05,28,Penalized monotone B-spline,0.011308439754108264,0.0,0.036584997025784105,0.0012357999803498387,1.0,8,True,Optimization terminated successfully
sensor_log,0.05,28,pyGAM,0.011662474807749061,0.0,0.08523641497595236,0.010041136993095279,1.0,3,True,
sensor_log,0.05,29,MonotoneLSPIA,0.015695208783523082,0.0,0.020813993003685027,0.020813993003685027,,50,True,
sensor_log,0.05,29,Penalized monotone B-spline,0.011355972165232311,0.0,0.03201854700455442,0.0004790069651789963,1.0,1,True,Optimization terminated successfully
sensor_log,0.05,29,pyGAM,0.011642907150360973,0.0,0.07862119999481365,0.009322665981017053,1.0,2,True,
sensor_log,0.05,30,MonotoneLSPIA,0.013878865361453656,0.0,0.021043336018919945,0.021043336018919945,,48,True,
sensor_log,0.05,30,Penalized monotone B-spline,0.01032164951532278,0.0,0.028615271963644773,0.0004325920017436147,1.0,1,True,Optimization terminated successfully
sensor_log,0.05,30,pyGAM,0.010054468625969698,0.0,0.07899343699682504,0.009360839030705392,1.0,2,True,
sensor_log,0.05,31,MonotoneLSPIA,0.01717583121443059,0.0,0.021213733998592943,0.021213733998592943,,52,True,
sensor_log,0.05,31,Penalized monotone B-spline,0.01191764330218184,0.0,0.027487784042023122,0.00042363902321085334,1.0,1,True,Optimization terminated successfully
sensor_log,0.05,31,pyGAM,0.010723938921956484,0.0,0.08050801098579541,0.009245226974599063,1.0,2,True,
sensor_log,0.05,32,MonotoneLSPIA,0.011446888464876629,0.0,0.020748078008182347,0.020748078008182347,,50,True,
sensor_log,0.05,32,Penalized monotone B-spline,0.008083231362373143,0.0,0.034231238008942455,0.0005124339950270951,1.0,1,True,Optimization terminated successfully
sensor_log,0.05,32,pyGAM,0.009228640067080627,0.0,0.08009622001554817,0.008992199960630387,1.0,3,True,
sensor_log,0.05,33,MonotoneLSPIA,0.014282376651965537,0.0,0.02061470499029383,0.02061470499029383,,44,True,
sensor_log,0.05,33,Penalized monotone B-spline,0.010477476043557015,0.0,0.032613555958960205,0.0004161300021223724,1.0,1,True,Optimization terminated successfully
sensor_log,0.05,33,pyGAM,0.009009729615985559,0.0,0.08072052296483889,0.008999390993267298,1.0,2,True,
sensor_log,0.05,34,MonotoneLSPIA,0.01923562644502973,0.0,0.02234991599107161,0.02234991599107161,,44,True,
sensor_log,0.05,34,Penalized monotone B-spline,0.016686768216774527,0.0,0.02589161798823625,0.00042679300531744957,1.0,1,True,Optimization terminated successfully
sensor_log,0.05,34,pyGAM,0.01311196668285845,0.0,0.07627401599893346,0.009360464988276362,1.0,2,True,
sensor_log,0.05,35,MonotoneLSPIA,0.014169928455428273,0.0,0.022956172993872315,0.022956172993872315,,54,True,
sensor_log,0.05,35,Penalized monotone B-spline,0.009581198856957174,0.0,0.03422143298666924,0.0004207529709674418,1.0,1,True,Optimization terminated successfully
sensor_log,0.05,35,pyGAM,0.00805255991943192,0.0,0.0912206310313195,0.009310840046964586,1.0,2,True,
sensor_log,0.05,36,MonotoneLSPIA,0.012501104555818696,0.0,0.022202209976967424,0.022202209976967424,,50,True,
sensor_log,0.05,36,Penalized monotone B-spline,0.008568604091726014,0.0,0.035060911963228136,0.0008912989869713783,1.0,1,True,Optimization terminated successfully
sensor_log,0.05,36,pyGAM,0.011638595975191224,0.0,1.7625953429960646,0.009700321999844164,10.0,2,True,did not converge
sensor_log,0.05,37,MonotoneLSPIA,0.017189012486708847,0.0,0.02004863996990025,0.02004863996990025,,43,True,
sensor_log,0.05,37,Penalized monotone B-spline,0.014266439559863535,0.0,0.033892392995767295,0.0004230220220051706,1.0,1,True,Optimization terminated successfully
sensor_log,0.05,37,pyGAM,0.01375278315151732,0.0,0.07891482301056385,0.00916678603971377,10.0,2,True,
sensor_log,0.05,38,MonotoneLSPIA,0.011817396031726093,0.0,0.021945438988041133,0.021945438988041133,,57,True,
sensor_log,0.05,38,Penalized monotone B-spline,0.008432832774003737,0.0,0.027229187020566314,0.0004935409524478018,1.0,1,True,Optimization terminated successfully
sensor_log,0.05,38,pyGAM,0.00956009386809626,0.0,0.07957603101385757,0.009139842994045466,10.0,2,True,
sensor_log,0.05,39,MonotoneLSPIA,0.013840111324229494,0.0,0.021852947014849633,0.021852947014849633,,53,True,
sensor_log,0.05,39,Penalized monotone B-spline,0.011681481648905631,0.0,0.02733777998946607,0.0007781509775668383,1.0,1,True,Optimization terminated successfully
sensor_log,0.05,39,pyGAM,0.009018510266469769,0.0,0.07411638903431594,0.009729027980938554,1.0,2,True,
sensor_log,0.05,40,MonotoneLSPIA,0.009368870750682615,0.0,0.02171345497481525,0.02171345497481525,,58,True,
sensor_log,0.05,40,Penalized monotone B-spline,0.007359997997878256,0.0,0.032905679021496326,0.0004189899773336947,1.0,1,True,Optimization terminated successfully
sensor_log,0.05,40,pyGAM,0.011888481393881847,0.0,0.08599403098924085,0.010185300023294985,10.0,2,True,
sensor_log,0.05,41,MonotoneLSPIA,0.011912956141268917,0.0,0.020499100035522133,0.020499100035522133,,49,True,
sensor_log,0.05,41,Penalized monotone B-spline,0.008497259226310803,0.0,0.034842761990148574,0.0004471080028451979,1.0,1,True,Optimization terminated successfully
sensor_log,0.05,41,pyGAM,0.011271388984608166,0.0,0.08197405200917274,0.009867698012385517,10.0,2,True,
sensor_log,0.05,42,MonotoneLSPIA,0.016245722272755222,0.0,0.021266057970933616,0.021266057970933616,,51,True,
sensor_log,0.05,42,Penalized monotone B-spline,0.013234257117472892,0.0,0.039046518970280886,0.0005045770085416734,1.0,1,True,Optimization terminated successfully
sensor_log,0.05,42,pyGAM,0.011567705127462729,0.0,0.08881644095527008,0.009501000982709229,1.0,2,True,
sensor_log,0.05,43,MonotoneLSPIA,0.01561425247765581,0.0,0.021289961994625628,0.021289961994625628,,44,True,
sensor_log,0.05,43,Penalized monotone B-spline,0.01132086459701338,0.0,0.03326565300812945,0.0004206960438750684,1.0,1,True,Optimization terminated successfully
sensor_log,0.05,43,pyGAM,0.010862040467936544,0.0,0.08243884600233287,0.009781020984519273,1.0,2,True,
sensor_log,0.05,44,MonotoneLSPIA,0.011774342833009455,0.0,0.021357546967919916,0.021357546967919916,,57,True,
sensor_log,0.05,44,Penalized monotone B-spline,0.00851553100578149,0.0,0.0345236060093157,0.0004334639525040984,1.0,1,True,Optimization terminated successfully
sensor_log,0.05,44,pyGAM,0.012278420554516058,0.0,0.08020522899460047,0.010081962042022496,10.0,2,True,
sensor_log,0.05,45,MonotoneLSPIA,0.012892369295374097,0.0,0.023307121999096125,0.023307121999096125,,61,True,
sensor_log,0.05,45,Penalized monotone B-spline,0.010477431911108948,0.0,0.033691965974867344,0.00042511499486863613,1.0,1,True,Optimization terminated successfully
sensor_log,0.05,45,pyGAM,0.014078499346796456,0.0,0.07986170699587092,0.010271398001350462,10.0,2,True,
sensor_log,0.05,46,MonotoneLSPIA,0.014774753576860809,0.0,0.019803872040938586,0.019803872040938586,,38,True,
sensor_log,0.05,46,Penalized monotone B-spline,0.01156576474664165,0.0,0.02825656597269699,0.0004283820162527263,1.0,1,True,Optimization terminated successfully
sensor_log,0.05,46,pyGAM,0.011398700421279816,0.0,0.0789829870336689,0.009360927040688694,1.0,2,True,
sensor_log,0.05,47,MonotoneLSPIA,0.012513412325376765,0.0,0.01906145497923717,0.01906145497923717,,30,True,
sensor_log,0.05,47,Penalized monotone B-spline,0.007804229912030543,0.0,0.03093883499968797,0.000418231007643044,1.0,1,True,Optimization terminated successfully
sensor_log,0.05,47,pyGAM,0.009888081497804681,0.0,0.08517374499933794,0.01091869198717177,10.0,2,True,
sensor_log,0.05,48,MonotoneLSPIA,0.011136778970757003,0.0,0.022988505952525884,0.022988505952525884,,54,True,
sensor_log,0.05,48,Penalized monotone B-spline,0.0077683499284897164,0.0,0.03386827697977424,0.00048093602526932955,1.0,1,True,Optimization terminated successfully
sensor_log,0.05,48,pyGAM,0.005368555762718004,0.0,0.08049472799757496,0.010117510973941535,1.0,2,True,
sensor_log,0.05,49,MonotoneLSPIA,0.015048644392568934,0.0,0.02121219498803839,0.02121219498803839,,50,True,
sensor_log,0.05,49,Penalized monotone B-spline,0.008730056802591795,0.0,0.03798244602512568,0.0004562119720503688,1.0,1,True,Optimization terminated successfully
sensor_log,0.05,49,pyGAM,0.009719626486678424,0.0,0.08982743002707139,0.010026491014286876,1.0,3,True,
sensor_log,0.05,50,MonotoneLSPIA,0.01285500897218825,0.0,0.022763482003938407,0.022763482003938407,,55,True,
sensor_log,0.05,50,Penalized monotone B-spline,0.010691578958379147,0.0,0.037644230003934354,0.001315222994890064,1.0,8,True,Optimization terminated successfully
sensor_log,0.05,50,pyGAM,0.013985998283351949,0.0,0.09530030598398298,0.009347775019705296,10.0,2,True,
sensor_log,0.05,51,MonotoneLSPIA,0.012486426024584458,0.0,0.022360323986504227,0.022360323986504227,,58,True,
sensor_log,0.05,51,Penalized monotone B-spline,0.009623210734068667,0.0,0.02250806597294286,0.0004684129962697625,1.0,1,True,Optimization terminated successfully
sensor_log,0.05,51,pyGAM,0.010428585234403803,0.0,0.07155615999363363,0.009760059008840472,1.0,2,True,
sensor_log,0.05,52,MonotoneLSPIA,0.018955085259711013,0.0,0.022269668988883495,0.022269668988883495,,42,True,
sensor_log,0.05,52,Penalized monotone B-spline,0.018947709950605306,0.0,0.0359228840097785,0.0014929279568605125,1e-08,10,True,Optimization terminated successfully
sensor_log,0.05,52,pyGAM,0.019168095340230822,0.0,0.08756827900651842,0.017247384996153414,0.001,4,True,
sensor_log,0.05,53,MonotoneLSPIA,0.015798050394336356,0.0,0.020943893992807716,0.020943893992807716,,36,True,
sensor_log,0.05,53,Penalized monotone B-spline,0.013240150562180097,0.0,0.03639226598897949,0.0004288570489734411,1.0,1,True,Optimization terminated successfully
sensor_log,0.05,53,pyGAM,0.011737670012838522,0.0,0.0875693439738825,0.009475314989686012,1.0,2,True,
sensor_log,0.05,54,MonotoneLSPIA,0.010234913963116992,0.0,0.020789900969248265,0.020789900969248265,,52,True,
sensor_log,0.05,54,Penalized monotone B-spline,0.007159937869708006,0.0,0.026927403989247978,0.00045888900058344007,1.0,1,True,Optimization terminated successfully
sensor_log,0.05,54,pyGAM,0.006428043358631591,0.0,0.07262004597578198,0.009825890010688454,1.0,2,True,
sensor_log,0.05,55,MonotoneLSPIA,0.01110099739093772,0.0,0.01906928903190419,0.01906928903190419,,35,True,
sensor_log,0.05,55,Penalized monotone B-spline,0.009475228649028023,0.0,0.03008669294649735,0.00042384903645142913,1.0,1,True,Optimization terminated successfully
sensor_log,0.05,55,pyGAM,0.013226447415906848,0.0,0.08203238900750875,0.010417289973702282,10.0,2,True,
sensor_log,0.05,56,MonotoneLSPIA,0.014024157158037853,0.0,0.020083485054783523,0.020083485054783523,,42,True,
sensor_log,0.05,56,Penalized monotone B-spline,0.008517101462916309,0.0,0.024294069968163967,0.0004231590428389609,1.0,1,True,Optimization terminated successfully
sensor_log,0.05,56,pyGAM,0.011211852813940978,0.0,0.08366558299167082,0.01008007995551452,10.0,2,True,
sensor_log,0.05,57,MonotoneLSPIA,0.02202787660849628,0.0,0.02171113103395328,0.02171113103395328,,54,True,
sensor_log,0.05,57,Penalized monotone B-spline,0.019899154560107067,0.0,0.033421344007365406,0.0004966629785485566,1.0,1,True,Optimization terminated successfully
sensor_log,0.05,57,pyGAM,0.01958260360344899,0.0,0.08633039402775466,0.008897215011529624,1.0,2,True,
sensor_log,0.05,58,MonotoneLSPIA,0.009619103786669813,0.0,0.019860583008266985,0.019860583008266985,,32,True,
sensor_log,0.05,58,Penalized monotone B-spline,0.009277660557250239,0.0,0.03488226397894323,0.0004274829989299178,1.0,1,True,Optimization terminated successfully
sensor_log,0.05,58,pyGAM,0.012335007506586332,0.0,0.0787769400049001,0.00948618701659143,10.0,2,True,
sensor_log,0.05,59,MonotoneLSPIA,0.01445399363570274,0.0,0.020027732010930777,0.020027732010930777,,44,True,
sensor_log,0.05,59,Penalized monotone B-spline,0.008937042131235116,0.0,0.02990457700798288,0.00042124598985537887,1.0,1,True,Optimization terminated successfully
sensor_log,0.05,59,pyGAM,0.011042865945654502,0.0,0.0855287549784407,0.009708161989692599,0.1,3,True,
sensor_log,0.05,60,MonotoneLSPIA,0.01624603298247619,0.0,0.020648434991016984,0.020648434991016984,,46,True,
sensor_log,0.05,60,Penalized monotone B-spline,0.016275334123407748,0.0,0.03509474196471274,0.0017868049908429384,0.0001,15,True,Optimization terminated successfully
sensor_log,0.05,60,pyGAM,0.013563617029521541,0.0,0.08196647797012702,0.009278414014261216,10.0,2,True,
sensor_log,0.05,61,MonotoneLSPIA,0.012881453650409975,0.0,0.02206691895844415,0.02206691895844415,,55,True,
sensor_log,0.05,61,Penalized monotone B-spline,0.006790752110229209,0.0,0.03208100702613592,0.00042299198685213923,1.0,1,True,Optimization terminated successfully
sensor_log,0.05,61,pyGAM,0.007962188509112565,0.0,0.08208301401464269,0.00977761100511998,1.0,2,True,
sensor_log,0.05,62,MonotoneLSPIA,0.016574085854412127,0.0,0.018835266993846744,0.018835266993846744,,33,True,
sensor_log,0.05,62,Penalized monotone B-spline,0.012560035986202913,0.0,0.03506002697395161,0.0008568789926357567,1.0,1,True,Optimization terminated successfully
sensor_log,0.05,62,pyGAM,0.015164451039376683,0.0,0.08476882003014907,0.0089701900142245,10.0,2,True,
sensor_log,0.05,63,MonotoneLSPIA,0.00574944463593957,0.0,0.02060547797009349,0.02060547797009349,,45,True,
sensor_log,0.05,63,Penalized monotone B-spline,0.004807417401396623,0.0,0.034340742975473404,0.0004316050326451659,1.0,1,True,Optimization terminated successfully
sensor_log,0.05,63,pyGAM,0.004119546171965947,0.0,0.07889726402936503,0.008903396024834365,1.0,3,True,
sensor_log,0.05,64,MonotoneLSPIA,0.015876032559379454,0.0,0.02068602800136432,0.02068602800136432,,52,True,
sensor_log,0.05,64,Penalized monotone B-spline,0.013375413281483603,0.0,0.03332783601945266,0.00042474601650610566,1.0,1,True,Optimization terminated successfully
sensor_log,0.05,64,pyGAM,0.01431276001753039,0.0,0.07911096099996939,0.009520719002466649,10.0,2,True,
sensor_log,0.05,65,MonotoneLSPIA,0.012543871985382817,0.0,0.02150532795349136,0.02150532795349136,,53,True,
sensor_log,0.05,65,Penalized monotone B-spline,0.012167236632141715,0.0,0.039741490967571735,0.0018418219988234341,0.01,13,True,Optimization terminated successfully
sensor_log,0.05,65,pyGAM,0.011681693977412495,0.0,0.08563607302494347,0.013100574957206845,0.1,2,True,
sensor_log,0.05,66,MonotoneLSPIA,0.01417316983679449,0.0,0.02084466302767396,0.02084466302767396,,53,True,
sensor_log,0.05,66,Penalized monotone B-spline,0.01098382336255856,0.0,0.0372095390339382,0.0014175319811329246,1.0,9,True,Optimization terminated successfully
sensor_log,0.05,66,pyGAM,0.012254107985008842,0.0,0.08637764101149514,0.013401978998444974,0.1,2,True,
sensor_log,0.05,67,MonotoneLSPIA,0.01186098280710591,0.0,0.02116113796364516,0.02116113796364516,,54,True,
sensor_log,0.05,67,Penalized monotone B-spline,0.009841660499530695,0.0,0.038764699012972414,0.0013141169911250472,1.0,8,True,Optimization terminated successfully
sensor_log,0.05,67,pyGAM,0.010385008105494812,0.0,0.08727807400282472,0.011866058979649097,1.0,3,True,
sensor_log,0.05,68,MonotoneLSPIA,0.016838871895323522,0.0,0.02462957304669544,0.02462957304669544,,56,True,
sensor_log,0.05,68,Penalized monotone B-spline,0.012534234374610537,0.0,0.03208849299699068,0.0004173449706286192,1.0,1,True,Optimization terminated successfully
sensor_log,0.05,68,pyGAM,0.015014589487734037,0.0,0.07913188595557585,0.009383243042975664,10.0,2,True,
sensor_log,0.05,69,MonotoneLSPIA,0.008816256849241125,0.0,0.020492378971539438,0.020492378971539438,,44,True,
sensor_log,0.05,69,Penalized monotone B-spline,0.004615845130701635,0.0,0.031280877999961376,0.0004263899754732847,1.0,1,True,Optimization terminated successfully
sensor_log,0.05,69,pyGAM,0.009930972998367099,0.0,0.08501163794426247,0.011159220011904836,10.0,2,True,
sensor_log,0.05,70,MonotoneLSPIA,0.009809282942756351,0.0,0.02261650300351903,0.02261650300351903,,57,True,
sensor_log,0.05,70,Penalized monotone B-spline,0.007134940352892143,0.0,0.03578531404491514,0.0004203069838695228,1.0,1,True,Optimization terminated successfully
sensor_log,0.05,70,pyGAM,0.010746100214701156,0.0,0.08806173602351919,0.010908160998951644,10.0,2,True,
sensor_log,0.05,71,MonotoneLSPIA,0.015980528497578285,0.0,0.023143623024225235,0.023143623024225235,,48,True,
sensor_log,0.05,71,Penalized monotone B-spline,0.009072670442950426,0.0,0.03387370996642858,0.0004466479877009988,1.0,1,True,Optimization terminated successfully
sensor_log,0.05,71,pyGAM,0.006805092860245089,0.0,0.07444340502843261,0.009377610986120999,1.0,2,True,
sensor_log,0.05,72,MonotoneLSPIA,0.01762240093196811,0.0,0.023275006969925016,0.023275006969925016,,52,True,
sensor_log,0.05,72,Penalized monotone B-spline,0.017629939860176094,0.0,0.03321753704221919,0.002733397006522864,1e-08,10,True,Optimization terminated successfully
sensor_log,0.05,72,pyGAM,0.015639790302062345,0.0,0.08445298299193382,0.009377502021379769,10.0,2,True,
sensor_log,0.05,73,MonotoneLSPIA,0.0074203465328646035,0.0,0.023133905953727663,0.023133905953727663,,46,True,
sensor_log,0.05,73,Penalized monotone B-spline,0.005933455973971573,0.0,0.03104253503261134,0.0004489279817789793,1.0,1,True,Optimization terminated successfully
sensor_log,0.05,73,pyGAM,0.009687273199718039,0.0,0.09605069103417918,0.013329679029993713,10.0,2,True,
sensor_log,0.05,74,MonotoneLSPIA,0.01500302632247506,0.0,0.030767382006160915,0.030767382006160915,,52,True,
sensor_log,0.05,74,Penalized monotone B-spline,0.012254349286101527,0.0,0.024749676987994462,0.0005176279810257256,1.0,1,True,Optimization terminated successfully
sensor_log,0.05,74,pyGAM,0.00929797443075628,0.0,0.09212489699712023,0.011229963973164558,1.0,2,True,
sensor_log,0.05,75,MonotoneLSPIA,0.012737662586883552,0.0,0.020117020001634955,0.020117020001634955,,22,True,
sensor_log,0.05,75,Penalized monotone B-spline,0.011593343784648167,0.0,0.02908037800807506,0.00043792102951556444,1.0,1,True,Optimization terminated successfully
sensor_log,0.05,75,pyGAM,0.014890912816090209,0.0,0.08304317900910974,0.010370444972068071,10.0,2,True,
sensor_log,0.05,76,MonotoneLSPIA,0.011024735248209884,0.0,0.021346112014725804,0.021346112014725804,,48,True,
sensor_log,0.05,76,Penalized monotone B-spline,0.009179979352361312,0.0,0.03347849700367078,0.0004244259907864034,1.0,1,True,Optimization terminated successfully
sensor_log,0.05,76,pyGAM,0.008090743073720687,0.0,1.7329535579774529,0.008923917019274086,1.0,2,True,did not converge
sensor_log,0.05,77,MonotoneLSPIA,0.012669915087555106,0.0,0.02125126897590235,0.02125126897590235,,49,True,
sensor_log,0.05,77,Penalized monotone B-spline,0.009089284178761058,0.0,0.030758036009501666,0.0004261569702066481,1.0,1,True,Optimization terminated successfully
sensor_log,0.05,77,pyGAM,0.011131811813892964,0.0,0.08241356903454289,0.009549297974444926,10.0,2,True,
sensor_log,0.05,78,MonotoneLSPIA,0.011333382683909592,0.0,0.02081303799059242,0.02081303799059242,,48,True,
sensor_log,0.05,78,Penalized monotone B-spline,0.009469164587951861,0.0,0.03779828903498128,0.0004260219866409898,1.0,1,True,Optimization terminated successfully
sensor_log,0.05,78,pyGAM,0.010015595927712726,0.0,0.07910620997427031,0.009631930035538971,1.0,3,True,
sensor_log,0.05,79,MonotoneLSPIA,0.017815264309382323,0.0,0.020281514967791736,0.020281514967791736,,44,True,
sensor_log,0.05,79,Penalized monotone B-spline,0.014911441178512199,0.0,0.027909236028790474,0.0004260580171830952,1.0,1,True,Optimization terminated successfully
sensor_log,0.05,79,pyGAM,0.014818241454460312,0.0,0.07837691903114319,0.00993035000283271,1.0,2,True,
sensor_log,0.05,80,MonotoneLSPIA,0.014285358072884958,0.0,0.02067447901936248,0.02067447901936248,,46,True,
sensor_log,0.05,80,Penalized monotone B-spline,0.012313996230692138,0.0,0.03348976996494457,0.0004190690233372152,1.0,1,True,Optimization terminated successfully
sensor_log,0.05,80,pyGAM,0.014629994013350215,0.0,0.07969946000957862,0.00918136298423633,10.0,2,True,
sensor_log,0.05,81,MonotoneLSPIA,0.018429193467919533,0.0,0.02018174802651629,0.02018174802651629,,36,True,
sensor_log,0.05,81,Penalized monotone B-spline,0.013604758569082111,0.0,0.03483773395419121,0.0004144820268265903,1.0,1,True,Optimization terminated successfully
sensor_log,0.05,81,pyGAM,0.014577545079236654,0.0,0.08019766100915149,0.010227482009213418,1.0,2,True,
sensor_log,0.05,82,MonotoneLSPIA,0.010210552966239494,0.0,0.021894681034609675,0.021894681034609675,,57,True,
sensor_log,0.05,82,Penalized monotone B-spline,0.007319313449586165,0.0,0.027703107974957675,0.0004709110362455249,1.0,1,True,Optimization terminated successfully
sensor_log,0.05,82,pyGAM,0.005825329613620208,0.0,0.07220146496547386,0.008960362989455462,1.0,2,True,
sensor_log,0.05,83,MonotoneLSPIA,0.01126383793404693,0.0,0.021545019990298897,0.021545019990298897,,45,True,
sensor_log,0.05,83,Penalized monotone B-spline,0.00989337452755306,0.0,0.030119106988422573,0.0004354870179668069,1.0,1,True,Optimization terminated successfully
sensor_log,0.05,83,pyGAM,0.008968725056464224,0.0,0.0850657700211741,0.010643182962667197,1.0,2,True,
sensor_log,0.05,84,MonotoneLSPIA,0.011522608860280089,0.0,0.021578586951363832,0.021578586951363832,,45,True,
sensor_log,0.05,84,Penalized monotone B-spline,0.007810760967101781,0.0,0.03288089600391686,0.00042505498277023435,1.0,1,True,Optimization terminated successfully
sensor_log,0.05,84,pyGAM,0.011611735705723892,0.0,0.07497607095865533,0.009941526979673654,10.0,2,True,
sensor_log,0.05,85,MonotoneLSPIA,0.01543776338535331,0.0,0.022285479004494846,0.022285479004494846,,52,True,
sensor_log,0.05,85,Penalized monotone B-spline,0.012504787302698857,0.0,0.038009207986760885,0.0012609040131792426,1.0,8,True,Optimization terminated successfully
sensor_log,0.05,85,pyGAM,0.014087649247675377,0.0,0.09172037098323926,0.009482030000071973,10.0,2,True,
sensor_log,0.05,86,MonotoneLSPIA,0.014507714502992451,0.0,0.021508397010620683,0.021508397010620683,,51,True,
sensor_log,0.05,86,Penalized monotone B-spline,0.014076348927280203,0.0,0.03574202599702403,0.0006013819947838783,1.0,1,True,Optimization terminated successfully
sensor_log,0.05,86,pyGAM,0.013698171742785327,0.0,0.08204962901072577,0.01129010203294456,1.0,2,True,
sensor_log,0.05,87,MonotoneLSPIA,0.010722606902946623,0.0,0.025119616999290884,0.025119616999290884,,54,True,
sensor_log,0.05,87,Penalized monotone B-spline,0.008424245115291414,0.0,0.03454454900929704,0.0004204119904898107,1.0,1,True,Optimization terminated successfully
sensor_log,0.05,87,pyGAM,0.011286391895101161,0.0,0.08252692496171221,0.009789358999114484,10.0,2,True,
sensor_log,0.05,88,MonotoneLSPIA,0.011966619334853355,0.0,0.021879350009839982,0.021879350009839982,,63,True,
sensor_log,0.05,88,Penalized monotone B-spline,0.008752812954048547,0.0,0.028305148996878415,0.00043586501851677895,1.0,1,True,Optimization terminated successfully
sensor_log,0.05,88,pyGAM,0.011894413401612867,0.0,0.07740581402322277,0.010629419994074851,10.0,2,True,
sensor_log,0.05,89,MonotoneLSPIA,0.007613071024558896,0.0,0.021257578977383673,0.021257578977383673,,51,True,
sensor_log,0.05,89,Penalized monotone B-spline,0.00541358186998525,0.0,0.027930691023357213,0.0004242400173097849,1.0,1,True,Optimization terminated successfully
sensor_log,0.05,89,pyGAM,0.006005676897554973,0.0,0.08596749900607392,0.009028353029862046,1.0,2,True,
sensor_log,0.05,90,MonotoneLSPIA,0.01935974177888925,0.0,0.02248140500159934,0.02248140500159934,,54,True,
sensor_log,0.05,90,Penalized monotone B-spline,0.01445084808952889,0.0,0.03259711101418361,0.0004258059780113399,1.0,1,True,Optimization terminated successfully
sensor_log,0.05,90,pyGAM,0.013944802013841148,0.0,0.08209333301056176,0.009613533969968557,1.0,2,True,
sensor_log,0.05,91,MonotoneLSPIA,0.012179765065429617,0.0,0.021365698950830847,0.021365698950830847,,42,True,
sensor_log,0.05,91,Penalized monotone B-spline,0.009460646496410543,0.0,0.03220147604588419,0.0004259879933670163,1.0,1,True,Optimization terminated successfully
sensor_log,0.05,91,pyGAM,0.014124583357676508,0.0,0.08229074394330382,0.008980673970654607,10.0,2,True,
sensor_log,0.05,92,MonotoneLSPIA,0.017931783242257054,0.0,0.02087524998933077,0.02087524998933077,,49,True,
sensor_log,0.05,92,Penalized monotone B-spline,0.01549941778019483,0.0,0.0333296749740839,0.00043219997314736247,1.0,1,True,Optimization terminated successfully
sensor_log,0.05,92,pyGAM,0.017219428852112466,0.0,0.08573385002091527,0.010126074019353837,10.0,2,True,
sensor_log,0.05,93,MonotoneLSPIA,0.019433019030080205,0.0,0.02057187899481505,0.02057187899481505,,46,True,
sensor_log,0.05,93,Penalized monotone B-spline,0.01575921038572847,0.0,0.025800306000746787,0.00044272502418607473,1.0,1,True,Optimization terminated successfully
sensor_log,0.05,93,pyGAM,0.01761516046298686,0.0,0.07287851697765291,0.008892298035789281,10.0,2,True,
sensor_log,0.05,94,MonotoneLSPIA,0.007884831216774113,0.0,0.019526185002177954,0.019526185002177954,,39,True,
sensor_log,0.05,94,Penalized monotone B-spline,0.007016118004191452,0.0,0.036577956983819604,0.0012606329983100295,1.0,8,True,Optimization terminated successfully
sensor_log,0.05,94,pyGAM,0.006075409944204323,0.0,0.08013839402701706,0.00953543500509113,1.0,3,True,
sensor_log,0.05,95,MonotoneLSPIA,0.01296950285279718,0.0,0.020911812025588006,0.020911812025588006,,47,True,
sensor_log,0.05,95,Penalized monotone B-spline,0.013002539326191184,0.0,0.03614782798103988,0.002498770016245544,1e-08,11,True,Optimization terminated successfully
sensor_log,0.05,95,pyGAM,0.009011913663451694,0.0,0.092059055052232,0.009771957993507385,1.0,3,True,
sensor_log,0.05,96,MonotoneLSPIA,0.013764226751696295,0.0,0.020227495988365263,0.020227495988365263,,46,True,
sensor_log,0.05,96,Penalized monotone B-spline,0.011480244873434521,0.0,0.03287296002963558,0.000772078987210989,1.0,1,True,Optimization terminated successfully
sensor_log,0.05,96,pyGAM,0.01370575332538227,0.0,0.07877187599660829,0.010040635010227561,10.0,2,True,
sensor_log,0.05,97,MonotoneLSPIA,0.012187265453406438,0.0,0.01972918095998466,0.01972918095998466,,41,True,
sensor_log,0.05,97,Penalized monotone B-spline,0.010974185028976626,0.0,0.026529352995567024,0.00041758804582059383,1.0,1,True,Optimization terminated successfully
sensor_log,0.05,97,pyGAM,0.010619703146554473,0.0,0.07824746303958818,0.00935922801727429,1.0,2,True,
sensor_log,0.05,98,MonotoneLSPIA,0.012105317110688602,0.0,0.0203230629558675,0.0203230629558675,,45,True,
sensor_log,0.05,98,Penalized monotone B-spline,0.008636639340979132,0.0,0.03193949500564486,0.0004228210309520364,1.0,1,True,Optimization terminated successfully
sensor_log,0.05,98,pyGAM,0.013138551550611487,0.0,1.8162689600139856,0.010496931965462863,10.0,2,True,did not converge
sensor_log,0.05,99,MonotoneLSPIA,0.009958157097239146,0.0,0.021925023989751935,0.021925023989751935,,51,True,
sensor_log,0.05,99,Penalized monotone B-spline,0.0071548806985191945,0.0,0.03720604197587818,0.0004290069919079542,1.0,1,True,Optimization terminated successfully
sensor_log,0.05,99,pyGAM,0.007534121118654651,0.0,0.08582683902932331,0.010499702009838074,1.0,3,True,
sensor_log,0.05,100,MonotoneLSPIA,0.01598308526153464,0.0,0.02152055798796937,0.02152055798796937,,41,True,
sensor_log,0.05,100,Penalized monotone B-spline,0.015866193810029513,0.0,0.03478370496304706,0.0016518229967914522,0.01,12,True,Optimization terminated successfully
sensor_log,0.05,100,pyGAM,0.015812587126647574,0.0,0.07911474496359006,0.01333781803259626,0.01,2,True,
sensor_log,0.1,1,MonotoneLSPIA,0.02813267269608371,0.0,0.020541701989714056,0.020541701989714056,,51,True,
sensor_log,0.1,1,Penalized monotone B-spline,0.025334927770787274,0.0,0.03272234700853005,0.0005435930215753615,100.0,1,True,Optimization terminated successfully
sensor_log,0.1,1,pyGAM,0.02221810192095002,0.0,0.09290291304932907,0.011064518999774009,10.0,2,True,
sensor_log,0.1,2,MonotoneLSPIA,0.018263659291852433,0.0,0.02113034197827801,0.02113034197827801,,43,True,
sensor_log,0.1,2,Penalized monotone B-spline,0.011928583431602243,0.0,0.033868578961119056,0.000421033997554332,1.0,1,True,Optimization terminated successfully
sensor_log,0.1,2,pyGAM,0.012357376507724121,0.0,0.09204911603592336,0.010703300009481609,10.0,2,True,
sensor_log,0.1,3,MonotoneLSPIA,0.016490472394085753,0.0,0.020021289004944265,0.020021289004944265,,39,True,
sensor_log,0.1,3,Penalized monotone B-spline,0.016501265176901016,0.0,0.03543381602503359,0.0016195509815588593,1e-08,12,True,Optimization terminated successfully
sensor_log,0.1,3,pyGAM,0.014459768465192754,0.0,0.08517995802685618,0.00985095597570762,10.0,2,True,
sensor_log,0.1,4,MonotoneLSPIA,0.03253179606271482,0.0,0.021475805959198624,0.021475805959198624,,57,True,
sensor_log,0.1,4,Penalized monotone B-spline,0.02189217405916744,0.0,0.03737567795906216,0.0012753919581882656,1.0,8,True,Optimization terminated successfully
sensor_log,0.1,4,pyGAM,0.017876830837164945,0.0,0.08894252096069977,0.009858031990006566,10.0,2,True,
sensor_log,0.1,5,MonotoneLSPIA,0.023862572414050914,0.0,0.02155869302805513,0.02155869302805513,,53,True,
sensor_log,0.1,5,Penalized monotone B-spline,0.020546313288163132,0.0,0.035610110964626074,0.00046187202678993344,1.0,1,True,Optimization terminated successfully
sensor_log,0.1,5,pyGAM,0.02048999238572522,0.0,0.08710614696610719,0.009750126977451146,10.0,2,True,
sensor_log,0.1,6,MonotoneLSPIA,0.034921773391271824,0.0,0.018154514022171497,0.018154514022171497,,25,True,
sensor_log,0.1,6,Penalized monotone B-spline,0.030744737806944252,0.0,0.034581055981107056,0.000443604018073529,1.0,1,True,Optimization terminated successfully
sensor_log,0.1,6,pyGAM,0.03147280962340882,0.0,0.07865985203534365,0.009874404990114272,10.0,2,True,
sensor_log,0.1,7,MonotoneLSPIA,0.0265736962312636,0.0,0.019573141005821526,0.019573141005821526,,39,True,
sensor_log,0.1,7,Penalized monotone B-spline,0.02326341249104792,0.0,0.033799739030655473,0.0004914030432701111,100.0,1,True,Optimization terminated successfully
sensor_log,0.1,7,pyGAM,0.017367385120265692,0.0,0.08578309102449566,0.00881278602173552,10.0,2,True,
sensor_log,0.1,8,MonotoneLSPIA,0.02859057572718238,0.0,0.021355767967179418,0.021355767967179418,,48,True,
sensor_log,0.1,8,Penalized monotone B-spline,0.018352321365925375,0.0,0.040692857990507036,0.002153150038793683,1.0,9,True,Optimization terminated successfully
sensor_log,0.1,8,pyGAM,0.020147083433454633,0.0,0.09714812895981595,0.009638137998990715,10.0,2,True,
sensor_log,0.1,9,MonotoneLSPIA,0.023623269203127677,0.0,0.020038144022691995,0.020038144022691995,,46,True,
sensor_log,0.1,9,Penalized monotone B-spline,0.019876487268498087,0.0,0.03219168895157054,0.00046317698433995247,1.0,1,True,Optimization terminated successfully
sensor_log,0.1,9,pyGAM,0.021610076188524768,0.0,0.08255501900566742,0.009033374022692442,10.0,2,True,
sensor_log,0.1,10,MonotoneLSPIA,0.022127993445608743,0.0,0.022196486010216177,0.022196486010216177,,58,True,
sensor_log,0.1,10,Penalized monotone B-spline,0.02093064216454235,0.0,0.039471116033382714,0.0004973569884896278,100.0,1,True,Optimization terminated successfully
sensor_log,0.1,10,pyGAM,0.014420644295737412,0.0,0.0896114920033142,0.009565577958710492,10.0,2,True,
sensor_log,0.1,11,MonotoneLSPIA,0.024943877869193123,0.0,0.02216672000940889,0.02216672000940889,,52,True,
sensor_log,0.1,11,Penalized monotone B-spline,0.023572328713573745,0.0,0.027352250006515533,0.000426746963057667,1.0,1,True,Optimization terminated successfully
sensor_log,0.1,11,pyGAM,0.016178775639022473,0.0,0.09119093301706016,0.008882194000761956,10.0,2,True,
sensor_log,0.1,12,MonotoneLSPIA,0.01680034451627973,0.0,0.020848209038376808,0.020848209038376808,,47,True,
sensor_log,0.1,12,Penalized monotone B-spline,0.014084814606871955,0.0,0.03394094097893685,0.00041870796121656895,100.0,1,True,Optimization terminated successfully
sensor_log,0.1,12,pyGAM,0.012705673715029129,0.0,0.08980235003400594,0.009191389020998031,10.0,2,True,
sensor_log,0.1,13,MonotoneLSPIA,0.02869617944864322,0.0,0.02137545996811241,0.02137545996811241,,54,True,
sensor_log,0.1,13,Penalized monotone B-spline,0.020578564458632254,0.0,0.033605896984227,0.0004585260176099837,100.0,1,True,Optimization terminated successfully
sensor_log,0.1,13,pyGAM,0.016435498576105427,0.0,0.08816709002712741,0.010913160047493875,10.0,2,True,
sensor_log,0.1,14,MonotoneLSPIA,0.028031866329616944,0.0,0.020334967994131148,0.020334967994131148,,41,True,
sensor_log,0.1,14,Penalized monotone B-spline,0.029108071361580997,0.0,0.03350817895261571,0.0004177379887551069,100.0,1,True,Optimization terminated successfully
sensor_log,0.1,14,pyGAM,0.020821453668226814,0.0,0.08191680500749499,0.008870778023265302,10.0,2,True,
sensor_log,0.1,15,MonotoneLSPIA,0.020021521908181638,0.0,0.023062135034706444,0.023062135034706444,,62,True,
sensor_log,0.1,15,Penalized monotone B-spline,0.009315849458309752,0.0,0.03916657000081614,0.0004869530093856156,100.0,1,True,Optimization terminated successfully
sensor_log,0.1,15,pyGAM,0.013871026661452032,0.0,0.08490442100446671,0.00912183296168223,10.0,2,True,
sensor_log,0.1,16,MonotoneLSPIA,0.02283606582592749,0.0,0.020988044037949294,0.020988044037949294,,49,True,
sensor_log,0.1,16,Penalized monotone B-spline,0.027689887677641765,0.0,0.03326805797405541,0.000412777008023113,100.0,1,True,Optimization terminated successfully
sensor_log,0.1,16,pyGAM,0.02007198444958214,0.0,0.08620532497297972,0.0100167749915272,10.0,2,True,
sensor_log,0.1,17,MonotoneLSPIA,0.02861160477831724,0.0,0.021367486973758787,0.021367486973758787,,47,True,
sensor_log,0.1,17,Penalized monotone B-spline,0.03266701502623218,0.0,0.03327850496862084,0.00045395299093797803,100.0,1,True,Optimization terminated successfully
sensor_log,0.1,17,pyGAM,0.02575805849288231,0.0,0.08349294902291149,0.0088649180252105,10.0,2,True,
sensor_log,0.1,18,MonotoneLSPIA,0.02782882538793836,0.0,0.020467769005335867,0.020467769005335867,,42,True,
sensor_log,0.1,18,Penalized monotone B-spline,0.027849929514980998,0.0,0.0331826820038259,0.001622737036086619,1e-08,13,True,Optimization terminated successfully
sensor_log,0.1,18,pyGAM,0.02509773332068521,0.0,0.08635772805428132,0.014419554034247994,0.1,2,True,
sensor_log,0.1,19,MonotoneLSPIA,0.02039896971494974,0.0,0.02159127697814256,0.02159127697814256,,36,True,
sensor_log,0.1,19,Penalized monotone B-spline,0.018201195499260654,0.0,0.039134739025030285,0.0016211469774134457,1.0,8,True,Optimization terminated successfully
sensor_log,0.1,19,pyGAM,0.015388566052839602,0.0,0.09518726996611804,0.010410260991193354,10.0,2,True,
sensor_log,0.1,20,MonotoneLSPIA,0.03146437011407726,0.0,0.022397196968086064,0.022397196968086064,,51,True,
sensor_log,0.1,20,Penalized monotone B-spline,0.03398021434387494,0.0,0.03701587999239564,0.000414679991081357,100.0,1,True,Optimization terminated successfully
sensor_log,0.1,20,pyGAM,0.02806164317490151,0.0,0.09470931900432333,0.010709084977861494,10.0,2,True,
sensor_log,0.1,21,MonotoneLSPIA,0.027249530619070494,0.0,0.021728202002122998,0.021728202002122998,,48,True,
sensor_log,0.1,21,Penalized monotone B-spline,0.030658455598498717,0.0,0.036869763978756964,0.00045849598245695233,100.0,1,True,Optimization terminated successfully
sensor_log,0.1,21,pyGAM,0.027030806696977314,0.0,0.08449331298470497,0.009011211048346013,10.0,2,True,
sensor_log,0.1,22,MonotoneLSPIA,0.03332954363249212,0.0,0.022054950997699052,0.022054950997699052,,48,True,
sensor_log,0.1,22,Penalized monotone B-spline,0.033333225531781065,0.0,0.03618107899092138,0.0023399459896609187,1e-08,11,True,Optimization terminated successfully
sensor_log,0.1,22,pyGAM,0.0331121636233165,0.0,0.0830048950156197,0.012941499007865787,0.01,2,True,
sensor_log,0.1,23,MonotoneLSPIA,0.037669394966107286,0.0,0.021026363945566118,0.021026363945566118,,47,True,
sensor_log,0.1,23,Penalized monotone B-spline,0.03745351659392839,0.0,0.03459680697415024,0.0017166199977509677,0.01,13,True,Optimization terminated successfully
sensor_log,0.1,23,pyGAM,0.028013297587092843,0.0,0.08784415700938553,0.009001850965432823,10.0,2,True,
sensor_log,0.1,24,MonotoneLSPIA,0.01692273319369684,0.0,0.02223739097826183,0.02223739097826183,,42,True,
sensor_log,0.1,24,Penalized monotone B-spline,0.022243296783044143,0.0,0.035003832017537206,0.00042178103467449546,100.0,1,True,Optimization terminated successfully
sensor_log,0.1,24,pyGAM,0.015831197371738524,0.0,0.0828067859984003,0.010855780041310936,10.0,2,True,
sensor_log,0.1,25,MonotoneLSPIA,0.03419301477735975,0.0,0.021751366031821817,0.021751366031821817,,54,True,
sensor_log,0.1,25,Penalized monotone B-spline,0.02842865420964355,0.0,0.037083000992424786,0.0015955630224198103,1.0,11,True,Optimization terminated successfully
sensor_log,0.1,25,pyGAM,0.023341481668800998,0.0,0.08306056499714032,0.013426526042167097,1.0,2,True,
sensor_log,0.1,26,MonotoneLSPIA,0.025124366027338477,0.0,0.02131189696956426,0.02131189696956426,,50,True,
sensor_log,0.1,26,Penalized monotone B-spline,0.025102978723870933,0.0,0.035598744987510145,0.0015903700259514153,1e-08,13,True,Optimization terminated successfully
sensor_log,0.1,26,pyGAM,0.025129695371935535,0.0,0.09457976400153711,0.016731271985918283,0.001,4,True,
sensor_log,0.1,27,MonotoneLSPIA,0.03640211608880705,0.0,0.020206820976454765,0.020206820976454765,,40,True,
sensor_log,0.1,27,Penalized monotone B-spline,0.03093298466358068,0.0,0.03136054700007662,0.0008203989709727466,1.0,1,True,Optimization terminated successfully
sensor_log,0.1,27,pyGAM,0.023388013021342476,0.0,0.09837833599885926,0.009314133028965443,10.0,2,True,
sensor_log,0.1,28,MonotoneLSPIA,0.027019508080655407,0.0,0.020479852973949164,0.020479852973949164,,44,True,
sensor_log,0.1,28,Penalized monotone B-spline,0.027022724424382406,0.0,0.038004627043846995,0.001495215983595699,0.0001,10,True,Optimization terminated successfully
sensor_log,0.1,28,pyGAM,0.013524909778224748,0.0,0.09073998901294544,0.008810862025711685,10.0,2,True,
sensor_log,0.1,29,MonotoneLSPIA,0.018742426514439067,0.0,0.021504944015759975,0.021504944015759975,,49,True,
sensor_log,0.1,29,Penalized monotone B-spline,0.022960416449209497,0.0,0.035387667012400925,0.00040768698090687394,100.0,1,True,Optimization terminated successfully
sensor_log,0.1,29,pyGAM,0.014730392693926331,0.0,0.08931021497119218,0.009311011002864689,10.0,2,True,
sensor_log,0.1,30,MonotoneLSPIA,0.03276194048857767,0.0,0.02104873798089102,0.02104873798089102,,45,True,
sensor_log,0.1,30,Penalized monotone B-spline,0.026999005169519887,0.0,0.03879650600720197,0.0014000099617987871,1.0,9,True,Optimization terminated successfully
sensor_log,0.1,30,pyGAM,0.018554353655259745,0.0,0.09027304203482345,0.013200938003137708,1.0,3,True,
sensor_log,0.1,31,MonotoneLSPIA,0.0241305815631012,0.0,0.02180793898878619,0.02180793898878619,,56,True,
sensor_log,0.1,31,Penalized monotone B-spline,0.017509748925094486,0.0,0.03325570002198219,0.00042260601185262203,100.0,1,True,Optimization terminated successfully
sensor_log,0.1,31,pyGAM,0.012320991689143239,0.0,0.07832134800264612,0.010134098993148655,10.0,2,True,
sensor_log,0.1,32,MonotoneLSPIA,0.039049888541075606,0.0,0.019219626032281667,0.019219626032281667,,35,True,
sensor_log,0.1,32,Penalized monotone B-spline,0.038658610880481475,0.0,0.036571991979144514,0.001633581006899476,0.01,12,True,Optimization terminated successfully
sensor_log,0.1,32,pyGAM,0.037505673996933005,0.0,0.08613521995721385,0.017795663967262954,0.1,2,True,
sensor_log,0.1,33,MonotoneLSPIA,0.02234960476829106,0.0,0.023391647031530738,0.023391647031530738,,52,True,
sensor_log,0.1,33,Penalized monotone B-spline,0.015221190501578294,0.0,0.03319446503883228,0.0004185889847576618,1.0,1,True,Optimization terminated successfully
sensor_log,0.1,33,pyGAM,0.013962285066386167,0.0,0.08302764594554901,0.010337591986171901,10.0,2,True,
sensor_log,0.1,34,MonotoneLSPIA,0.024514094229458414,0.0,0.02010512404376641,0.02010512404376641,,44,True,
sensor_log,0.1,34,Penalized monotone B-spline,0.02026439156520973,0.0,0.03218348801601678,0.0004337409627623856,1.0,1,True,Optimization terminated successfully
sensor_log,0.1,34,pyGAM,0.01517989051673682,0.0,0.08566834300290793,0.009099814982619137,10.0,2,True,
sensor_log,0.1,35,MonotoneLSPIA,0.018256410233807873,0.0,0.020734602003358305,0.020734602003358305,,40,True,
sensor_log,0.1,35,Penalized monotone B-spline,0.0168652378355906,0.0,0.032600247010122985,0.0004448319668881595,100.0,1,True,Optimization terminated successfully
sensor_log,0.1,35,pyGAM,0.013261486945115138,0.0,0.09508659900166094,0.00968188897240907,10.0,2,True,
sensor_log,0.1,36,MonotoneLSPIA,0.028870390372759583,0.0,0.023167725012172014,0.023167725012172014,,50,True,
sensor_log,0.1,36,Penalized monotone B-spline,0.02112481026083706,0.0,0.03597124299267307,0.00044422404607757926,1.0,1,True,Optimization terminated successfully
sensor_log,0.1,36,pyGAM,0.017906856765550698,0.0,0.08574159198906273,0.01108789403224364,10.0,2,True,
sensor_log,0.1,37,MonotoneLSPIA,0.027450543186595285,0.0,0.02449125499697402,0.02449125499697402,,51,True,
sensor_log,0.1,37,Penalized monotone B-spline,0.01612753318530249,0.0,0.03267654502997175,0.00045420799870043993,1.0,1,True,Optimization terminated successfully
sensor_log,0.1,37,pyGAM,0.013395629572761567,0.0,0.08933025901205838,0.010175806994084269,10.0,2,True,
sensor_log,0.1,38,MonotoneLSPIA,0.024260846622832,0.0,0.02175566303776577,0.02175566303776577,,61,True,
sensor_log,0.1,38,Penalized monotone B-spline,0.020789184950022386,0.0,0.040143480990082026,0.001504738989751786,1.0,8,True,Optimization terminated successfully
sensor_log,0.1,38,pyGAM,0.013819004451589758,0.0,0.0883331359946169,0.009729087993036956,10.0,2,True,
sensor_log,0.1,39,MonotoneLSPIA,0.024198724549569034,0.0,0.02479890699032694,0.02479890699032694,,34,True,
sensor_log,0.1,39,Penalized monotone B-spline,0.025503110124826065,0.0,0.03730909898877144,0.0004406039952300489,100.0,1,True,Optimization terminated successfully
sensor_log,0.1,39,pyGAM,0.018278538075843075,0.0,0.08658957399893552,0.008955948986113071,10.0,2,True,
sensor_log,0.1,40,MonotoneLSPIA,0.024884017216000223,0.0,0.022067573969252408,0.022067573969252408,,58,True,
sensor_log,0.1,40,Penalized monotone B-spline,0.021092167796013323,0.0,0.03498837404185906,0.00041865697130560875,1.0,1,True,Optimization terminated successfully
sensor_log,0.1,40,pyGAM,0.01805465279622599,0.0,0.07579568499932066,0.010626960021909326,10.0,2,True,
sensor_log,0.1,41,MonotoneLSPIA,0.022638456611190506,0.0,0.019773414998780936,0.019773414998780936,,36,True,
sensor_log,0.1,41,Penalized monotone B-spline,0.02122179347206786,0.0,0.036831350007560104,0.000431830994784832,1.0,1,True,Optimization terminated successfully
sensor_log,0.1,41,pyGAM,0.01845502561840854,0.0,0.10369636298855767,0.012616982974577695,10.0,2,True,
sensor_log,0.1,42,MonotoneLSPIA,0.015500518306993503,0.0,0.027056151011493057,0.027056151011493057,,60,True,
sensor_log,0.1,42,Penalized monotone B-spline,0.01238695759833384,0.0,0.037938786030281335,0.0008373759919777513,1.0,1,True,Optimization terminated successfully
sensor_log,0.1,42,pyGAM,0.015393567940180023,0.0,0.08224261703435332,0.009611334011424333,10.0,2,True,
sensor_log,0.1,43,MonotoneLSPIA,0.024264496064606837,0.0,0.020598962029907852,0.020598962029907852,,44,True,
sensor_log,0.1,43,Penalized monotone B-spline,0.02275688764919427,0.0,0.034585632965900004,0.0004372789990156889,100.0,1,True,Optimization terminated successfully
sensor_log,0.1,43,pyGAM,0.0146673599297522,0.0,0.09079106303397566,0.009118821006268263,10.0,2,True,
sensor_log,0.1,44,MonotoneLSPIA,0.03038249663673825,0.0,0.02225978998467326,0.02225978998467326,,51,True,
sensor_log,0.1,44,Penalized monotone B-spline,0.02347382312692706,0.0,0.03532158402958885,0.00041890901047736406,1.0,1,True,Optimization terminated successfully
sensor_log,0.1,44,pyGAM,0.020134429818513103,0.0,0.08356436097528785,0.009943532990291715,10.0,2,True,
sensor_log,0.1,45,MonotoneLSPIA,0.02341719736643635,0.0,0.020415807026438415,0.020415807026438415,,49,True,
sensor_log,0.1,45,Penalized monotone B-spline,0.019216408872776668,0.0,0.03225882403785363,0.0004358249716460705,1.0,1,True,Optimization terminated successfully
sensor_log,0.1,45,pyGAM,0.014840647454307236,0.0,0.09152112499577925,0.010645226982887834,10.0,2,True,
sensor_log,0.1,46,MonotoneLSPIA,0.01905279975616523,0.0,0.021102494036313146,0.021102494036313146,,54,True,
sensor_log,0.1,46,Penalized monotone B-spline,0.01750143082668162,0.0,0.03350933798355982,0.000416889030020684,100.0,1,True,Optimization terminated successfully
sensor_log,0.1,46,pyGAM,0.016390180745783474,0.0,0.08548482996411622,0.009036072995513678,10.0,2,True,
sensor_log,0.1,47,MonotoneLSPIA,0.031749390461307925,0.0,0.021816269028931856,0.021816269028931856,,59,True,
sensor_log,0.1,47,Penalized monotone B-spline,0.02430368537627315,0.0,0.033332124003209174,0.0004295799881219864,1.0,1,True,Optimization terminated successfully
sensor_log,0.1,47,pyGAM,0.01722247671341838,0.0,0.08260248100850731,0.010379554005339742,10.0,2,True,
sensor_log,0.1,48,MonotoneLSPIA,0.021525601250019524,0.0,0.02110096998512745,0.02110096998512745,,49,True,
sensor_log,0.1,48,Penalized monotone B-spline,0.017057224865914853,0.0,0.037341219023801386,0.0017560599953867495,1.0,11,True,Optimization terminated successfully
sensor_log,0.1,48,pyGAM,0.01736433967980556,0.0,0.09350867598550394,0.008945449953898787,10.0,4,True,
sensor_log,0.1,49,MonotoneLSPIA,0.02366012470758511,0.0,0.02248359302757308,0.02248359302757308,,55,True,
sensor_log,0.1,49,Penalized monotone B-spline,0.01704136605048747,0.0,0.033919894020073116,0.0004159550298936665,100.0,1,True,Optimization terminated successfully
sensor_log,0.1,49,pyGAM,0.017733694891554817,0.0,0.08239581901580095,0.010613545018713921,10.0,2,True,
sensor_log,0.1,50,MonotoneLSPIA,0.018239210400136388,0.0,0.021158054005354643,0.021158054005354643,,50,True,
sensor_log,0.1,50,Penalized monotone B-spline,0.014114196407446284,0.0,0.03392233100021258,0.00041247799526900053,100.0,1,True,Optimization terminated successfully
sensor_log,0.1,50,pyGAM,0.011984986111771104,0.0,0.08153597603086382,0.00905655202222988,10.0,2,True,
sensor_log,0.1,51,MonotoneLSPIA,0.01930228862519285,0.0,0.021472604013979435,0.021472604013979435,,46,True,
sensor_log,0.1,51,Penalized monotone B-spline,0.01229690249926867,0.0,0.03485697496216744,0.001336821005679667,1.0,8,True,Optimization terminated successfully
sensor_log,0.1,51,pyGAM,0.019279079775883074,0.0,0.09321076096966863,0.016381144989281893,0.001,4,True,
sensor_log,0.1,52,MonotoneLSPIA,0.025693801595841954,0.0,0.024202832952141762,0.024202832952141762,,50,True,
sensor_log,0.1,52,Penalized monotone B-spline,0.03150180932479298,0.0,0.04779653204604983,0.0006223150412552059,100.0,1,True,Optimization terminated successfully
sensor_log,0.1,52,pyGAM,0.036375322828161735,0.0,0.09742572996765375,0.00993418600410223,100.0,2,True,
sensor_log,0.1,53,MonotoneLSPIA,0.029685495428670744,0.0,0.02240878902375698,0.02240878902375698,,61,True,
sensor_log,0.1,53,Penalized monotone B-spline,0.024678370816464457,0.0,0.034983413002919406,0.0004184989957138896,1.0,1,True,Optimization terminated successfully
sensor_log,0.1,53,pyGAM,0.018967163872970743,0.0,0.08486939198337495,0.009033526002895087,10.0,2,True,
sensor_log,0.1,54,MonotoneLSPIA,0.02618460230381474,0.0,0.02105130994459614,0.02105130994459614,,47,True,
sensor_log,0.1,54,Penalized monotone B-spline,0.017666427400004712,0.0,0.0334706999710761,0.00042107398621737957,100.0,1,True,Optimization terminated successfully
sensor_log,0.1,54,pyGAM,0.015490304208663642,0.0,0.09921399102313444,0.010160098026972264,1.0,3,True,
sensor_log,0.1,55,MonotoneLSPIA,0.030550107054062574,0.0,0.01863894599955529,0.01863894599955529,,30,True,
sensor_log,0.1,55,Penalized monotone B-spline,0.022920403954439134,0.0,0.03562734497245401,0.0015609170077368617,1.0,8,True,Optimization terminated successfully
sensor_log,0.1,55,pyGAM,0.019823778890450384,0.0,0.08333611296257004,0.008950007031671703,10.0,2,True,
sensor_log,0.1,56,MonotoneLSPIA,0.02116978809002238,0.0,0.02325737097999081,0.02325737097999081,,57,True,
sensor_log,0.1,56,Penalized monotone B-spline,0.026821573945262574,0.0,0.03152043005684391,0.0004433970316313207,100.0,1,True,Optimization terminated successfully
sensor_log,0.1,56,pyGAM,0.01871257385817391,0.0,0.07880337402457371,0.009239720995537937,10.0,2,True,
sensor_log,0.1,57,MonotoneLSPIA,0.01974293525412939,0.0,0.02130104595562443,0.02130104595562443,,56,True,
sensor_log,0.1,57,Penalized monotone B-spline,0.013103199874619302,0.0,0.035084566043224186,0.0004117600037716329,100.0,1,True,Optimization terminated successfully
sensor_log,0.1,57,pyGAM,0.016087639392293473,0.0,0.08967231004498899,0.008961908984929323,10.0,2,True,
sensor_log,0.1,58,MonotoneLSPIA,0.034846311973451644,0.0,0.020817359967622906,0.020817359967622906,,41,True,
sensor_log,0.1,58,Penalized monotone B-spline,0.028645008308366554,0.0,0.03258190501946956,0.00047885096864774823,1.0,1,True,Optimization terminated successfully
sensor_log,0.1,58,pyGAM,0.0343700277322691,0.0,0.09668754803715274,0.01978228404186666,0.001,5,True,
sensor_log,0.1,59,MonotoneLSPIA,0.016839393523609903,0.0,0.021772362000774592,0.021772362000774592,,50,True,
sensor_log,0.1,59,Penalized monotone B-spline,0.01326497446446151,0.0,0.03819604002637789,0.0013924899976700544,1.0,8,True,Optimization terminated successfully
sensor_log,0.1,59,pyGAM,0.013438919861675561,0.0,0.09092228102963418,0.008973521005827934,10.0,3,True,
sensor_log,0.1,60,MonotoneLSPIA,0.028171345835250775,0.0,0.02225992997409776,0.02225992997409776,,50,True,
sensor_log,0.1,60,Penalized monotone B-spline,0.02477840696221894,0.0,0.03475715697277337,0.00047438801266252995,1.0,1,True,Optimization terminated successfully
sensor_log,0.1,60,pyGAM,0.023943441795602958,0.0,0.08309003501199186,0.010614141006954014,10.0,2,True,
sensor_log,0.1,61,MonotoneLSPIA,0.015209105273869573,0.0,0.01926008000737056,0.01926008000737056,,35,True,
sensor_log,0.1,61,Penalized monotone B-spline,0.012152446855055314,0.0,0.03519444999983534,0.00163898995378986,1.0,12,True,Optimization terminated successfully
sensor_log,0.1,61,pyGAM,0.0122648484990752,0.0,0.09371739398920909,0.00903459801338613,10.0,4,True,
sensor_log,0.1,62,MonotoneLSPIA,0.021798573399857957,0.0,0.020633835985790938,0.020633835985790938,,41,True,
sensor_log,0.1,62,Penalized monotone B-spline,0.017778404485124855,0.0,0.039912373991683125,0.0015113319968804717,1.0,10,True,Optimization terminated successfully
sensor_log,0.1,62,pyGAM,0.017330859452251376,0.0,0.08828504895791411,0.009208096016664058,10.0,2,True,
sensor_log,0.1,63,MonotoneLSPIA,0.026289954245661457,0.0,0.020954007981345057,0.020954007981345057,,40,True,
sensor_log,0.1,63,Penalized monotone B-spline,0.02929135883065181,0.0,0.03590474504744634,0.0004187350277788937,100.0,1,True,Optimization terminated successfully
sensor_log,0.1,63,pyGAM,0.023297504878998912,0.0,0.08563833398511633,0.009352530993055552,10.0,2,True,
sensor_log,0.1,64,MonotoneLSPIA,0.01607732112996147,0.0,0.024768434988800436,0.024768434988800436,,57,True,
sensor_log,0.1,64,Penalized monotone B-spline,0.02158115904698731,0.0,0.0325707130250521,0.0004117750213481486,100.0,1,True,Optimization terminated successfully
sensor_log,0.1,64,pyGAM,0.013745975160742685,0.0,0.0816396750160493,0.010107741982210428,10.0,2,True,
sensor_log,0.1,65,MonotoneLSPIA,0.02066989643329096,0.0,0.022142645029816777,0.022142645029816777,,57,True,
sensor_log,0.1,65,Penalized monotone B-spline,0.019194229026670492,0.0,0.03585384099278599,0.00040937401354312897,100.0,1,True,Optimization terminated successfully
sensor_log,0.1,65,pyGAM,0.015203964057601006,0.0,0.08872804697602987,0.00996308500180021,10.0,2,True,
sensor_log,0.1,66,MonotoneLSPIA,0.023400171626870962,0.0,0.019818845961708575,0.019818845961708575,,44,True,
sensor_log,0.1,66,Penalized monotone B-spline,0.023396927473762128,0.0,0.0342869030428119,0.0018686529947444797,1e-08,14,True,Optimization terminated successfully
sensor_log,0.1,66,pyGAM,0.0146189911160142,0.0,0.08811905496986583,0.009889909997582436,10.0,2,True,
sensor_log,0.1,67,MonotoneLSPIA,0.02360166434503763,0.0,0.020830718975048512,0.020830718975048512,,49,True,
sensor_log,0.1,67,Penalized monotone B-spline,0.02704548172793225,0.0,0.0346720140078105,0.00041903299279510975,100.0,1,True,Optimization terminated successfully
sensor_log,0.1,67,pyGAM,0.022086808147738873,0.0,0.0848847070010379,0.009047613013535738,10.0,2,True,
sensor_log,0.1,68,MonotoneLSPIA,0.027100063594791442,0.0,0.0216285299975425,0.0216285299975425,,42,True,
sensor_log,0.1,68,Penalized monotone B-spline,0.02446086932178412,0.0,0.034282851964235306,0.00041922699892893434,100.0,1,True,Optimization terminated successfully
sensor_log,0.1,68,pyGAM,0.018157316618973993,0.0,0.09057203202974051,0.009112574975006282,10.0,2,True,
sensor_log,0.1,69,MonotoneLSPIA,0.036185441402708594,0.0,0.021933255018666387,0.021933255018666387,,53,True,
sensor_log,0.1,69,Penalized monotone B-spline,0.029758021321039208,0.0,0.03896487597376108,0.0014422329841181636,1.0,8,True,Optimization terminated successfully
sensor_log,0.1,69,pyGAM,0.03335697771515151,0.0,0.08571901899995282,0.01246759295463562,0.1,2,True,
sensor_log,0.1,70,MonotoneLSPIA,0.01967523257716286,0.0,0.02022840199060738,0.02022840199060738,,39,True,
sensor_log,0.1,70,Penalized monotone B-spline,0.020463223085852637,0.0,0.03386659699026495,0.0004133629845455289,100.0,1,True,Optimization terminated successfully
sensor_log,0.1,70,pyGAM,0.013821494208819675,0.0,0.08835292200092226,0.009378736955113709,10.0,2,True,
sensor_log,0.1,71,MonotoneLSPIA,0.02095314078216647,0.0,0.02128581900615245,0.02128581900615245,,48,True,
sensor_log,0.1,71,Penalized monotone B-spline,0.018269982022390305,0.0,0.037434055004268885,0.0013171469909138978,1.0,8,True,Optimization terminated successfully
sensor_log,0.1,71,pyGAM,0.018855582632683623,0.0,0.09068647702224553,0.010171538044232875,1.0,3,True,
sensor_log,0.1,72,MonotoneLSPIA,0.030380362202255196,0.0,0.020595973008312285,0.020595973008312285,,51,True,
sensor_log,0.1,72,Penalized monotone B-spline,0.02230707980009135,0.0,0.03268417197978124,0.00041415897430852056,1.0,1,True,Optimization terminated successfully
sensor_log,0.1,72,pyGAM,0.018797425700349746,0.0,0.07523929898161441,0.008906033006496727,1.0,2,True,
sensor_log,0.1,73,MonotoneLSPIA,0.021513470633212486,0.0,0.021455516980495304,0.021455516980495304,,48,True,
sensor_log,0.1,73,Penalized monotone B-spline,0.02622030025096273,0.0,0.03289217100245878,0.0004113459726795554,100.0,1,True,Optimization terminated successfully
sensor_log,0.1,73,pyGAM,0.017829029175626794,0.0,0.08681698201689869,0.010962761007249355,10.0,2,True,
sensor_log,0.1,74,MonotoneLSPIA,0.022006042966199433,0.0,0.02169111801777035,0.02169111801777035,,50,True,
sensor_log,0.1,74,Penalized monotone B-spline,0.018465203443499417,0.0,0.03283260198077187,0.0004240850103087723,1.0,1,True,Optimization terminated successfully
sensor_log,0.1,74,pyGAM,0.0184323064912742,0.0,0.08960841101361439,0.009589954977855086,10.0,2,True,
sensor_log,0.1,75,MonotoneLSPIA,0.04233474608619997,0.0,0.02163202699739486,0.02163202699739486,,53,True,
sensor_log,0.1,75,Penalized monotone B-spline,0.03863178547112405,0.0,0.03641800698824227,0.001415469974745065,1.0,9,True,Optimization terminated successfully
sensor_log,0.1,75,pyGAM,0.03859222194725831,0.0,0.09353249898413196,0.013074216025415808,1.0,3,True,
sensor_log,0.1,76,MonotoneLSPIA,0.022383286960075043,0.0,0.021746359998360276,0.021746359998360276,,57,True,
sensor_log,0.1,76,Penalized monotone B-spline,0.0249278901707958,0.0,0.03157312603434548,0.0004793659900315106,100.0,1,True,Optimization terminated successfully
sensor_log,0.1,76,pyGAM,0.016855705826398927,0.0,0.0889694649958983,0.00930586998583749,10.0,2,True,
sensor_log,0.1,77,MonotoneLSPIA,0.021542179225000936,0.0,0.02273765398422256,0.02273765398422256,,57,True,
sensor_log,0.1,77,Penalized monotone B-spline,0.012707871591104295,0.0,0.03597154997987673,0.001346247037872672,1.0,8,True,Optimization terminated successfully
sensor_log,0.1,77,pyGAM,0.009547831003051942,0.0,0.09083453501807526,0.008831210958305746,10.0,2,True,
sensor_log,0.1,78,MonotoneLSPIA,0.026924311310131045,0.0,0.02157496102154255,0.02157496102154255,,52,True,
sensor_log,0.1,78,Penalized monotone B-spline,0.030437480713341934,0.0,0.03549622098216787,0.0006296900101006031,100.0,1,True,Optimization terminated successfully
sensor_log,0.1,78,pyGAM,0.026104538981079617,0.0,0.08989432599628344,0.009169339027721435,10.0,3,True,
sensor_log,0.1,79,MonotoneLSPIA,0.03241387172396542,0.0,0.020705208007711917,0.020705208007711917,,49,True,
sensor_log,0.1,79,Penalized monotone B-spline,0.022667338243738486,0.0,0.04114955401746556,0.002366025000810623,1.0,12,True,Optimization terminated successfully
sensor_log,0.1,79,pyGAM,0.021860303174519972,0.0,0.08285887498641387,0.009055713017005473,1.0,3,True,
sensor_log,0.1,80,MonotoneLSPIA,0.020034396122944206,0.0,0.022022186021786183,0.022022186021786183,,52,True,
sensor_log,0.1,80,Penalized monotone B-spline,0.02045232871153805,0.0,0.03087499999674037,0.00041108799632638693,100.0,1,True,Optimization terminated successfully
sensor_log,0.1,80,pyGAM,0.018201011378691477,0.0,0.09064635401591659,0.008989310008473694,10.0,2,True,
sensor_log,0.1,81,MonotoneLSPIA,0.022476220658456253,0.0,0.021934731979854405,0.021934731979854405,,54,True,
sensor_log,0.1,81,Penalized monotone B-spline,0.017376651261153047,0.0,0.03574697801377624,0.0013138639624230564,1.0,8,True,Optimization terminated successfully
sensor_log,0.1,81,pyGAM,0.01851106746566727,0.0,0.09148107405053452,0.00897586002247408,10.0,4,True,
sensor_log,0.1,82,MonotoneLSPIA,0.02565234728342756,0.0,0.022345693956594914,0.022345693956594914,,56,True,
sensor_log,0.1,82,Penalized monotone B-spline,0.028162362376469196,0.0,0.033632859995123,0.0004122829996049404,100.0,1,True,Optimization terminated successfully
sensor_log,0.1,82,pyGAM,0.022347323997823715,0.0,0.081841005012393,0.009778100007679313,10.0,2,True,
sensor_log,0.1,83,MonotoneLSPIA,0.03134027894749878,0.0,0.022167620016261935,0.022167620016261935,,63,True,
sensor_log,0.1,83,Penalized monotone B-spline,0.027206471297880633,0.0,0.03590543702011928,0.0004931070143356919,1.0,1,True,Optimization terminated successfully
sensor_log,0.1,83,pyGAM,0.02447871567722159,0.0,0.08770610101055354,0.010326261981390417,1.0,3,True,
sensor_log,0.1,84,MonotoneLSPIA,0.02132842826046666,0.0,0.024752822006121278,0.024752822006121278,,61,True,
sensor_log,0.1,84,Penalized monotone B-spline,0.030031090586637457,0.0,0.033979244995862246,0.00043781002750620246,100.0,1,True,Optimization terminated successfully
sensor_log,0.1,84,pyGAM,0.0216608818274272,0.0,0.08466994797345251,0.01121688395505771,10.0,2,True,
sensor_log,0.1,85,MonotoneLSPIA,0.017005512057937846,0.0,0.020253249967936426,0.020253249967936426,,44,True,
sensor_log,0.1,85,Penalized monotone B-spline,0.02277475735378949,0.0,0.03918872796930373,0.00044513295870274305,100.0,1,True,Optimization terminated successfully
sensor_log,0.1,85,pyGAM,0.016985955158711607,0.0,0.08977430500090122,0.010011142992880195,10.0,2,True,
sensor_log,0.1,86,MonotoneLSPIA,0.024701694462043032,0.0,0.023619327985215932,0.023619327985215932,,63,True,
sensor_log,0.1,86,Penalized monotone B-spline,0.020314642493528545,0.0,0.03394694800954312,0.0015366930165328085,1.0,8,True,Optimization terminated successfully
sensor_log,0.1,86,pyGAM,0.018004018960694833,0.0,0.0864921750035137,0.010513930988963693,10.0,2,True,
sensor_log,0.1,87,MonotoneLSPIA,0.026563077860081497,0.0,0.021688461012672633,0.021688461012672633,,48,True,
sensor_log,0.1,87,Penalized monotone B-spline,0.022171093477364057,0.0,0.039043655968271196,0.001457846025004983,1.0,9,True,Optimization terminated successfully
sensor_log,0.1,87,pyGAM,0.021199127127940014,0.0,0.09600937203504145,0.008930962008889765,10.0,3,True,
sensor_log,0.1,88,MonotoneLSPIA,0.02903484313733644,0.0,0.022142247995361686,0.022142247995361686,,53,True,
sensor_log,0.1,88,Penalized monotone B-spline,0.020845807385460973,0.0,0.033175643999129534,0.0004232199862599373,1.0,1,True,Optimization terminated successfully
sensor_log,0.1,88,pyGAM,0.021090345068969313,0.0,0.08541699295165017,0.010156064003240317,10.0,2,True,
sensor_log,0.1,89,MonotoneLSPIA,0.014148227121749988,0.0,0.02077152399579063,0.02077152399579063,,48,True,
sensor_log,0.1,89,Penalized monotone B-spline,0.014155619469475054,0.0,0.036600221996195614,0.0015676869661547244,1e-08,10,True,Optimization terminated successfully
sensor_log,0.1,89,pyGAM,0.010944642251356098,0.0,0.09352900099474937,0.009360618016216904,10.0,2,True,
sensor_log,0.1,90,MonotoneLSPIA,0.022160137561544592,0.0,0.022286659048404545,0.022286659048404545,,49,True,
sensor_log,0.1,90,Penalized monotone B-spline,0.020402235006130802,0.0,0.04145505797350779,0.0020119990222156048,1.0,10,True,Optimization terminated successfully
sensor_log,0.1,90,pyGAM,0.020434388017384897,0.0,0.08994585002074018,0.009682304982561618,10.0,4,True,
sensor_log,0.1,91,MonotoneLSPIA,0.022728975066768416,0.0,0.020763024978805333,0.020763024978805333,,43,True,
sensor_log,0.1,91,Penalized monotone B-spline,0.022204153184151906,0.0,0.03361161798238754,0.0004177149967290461,100.0,1,True,Optimization terminated successfully
sensor_log,0.1,91,pyGAM,0.014171427005882012,0.0,0.0878663639887236,0.00996010098606348,10.0,2,True,
sensor_log,0.1,92,MonotoneLSPIA,0.022748602377675297,0.0,0.01836613699560985,0.01836613699560985,,29,True,
sensor_log,0.1,92,Penalized monotone B-spline,0.0227120849100455,0.0,0.03370506298961118,0.0016367679927498102,0.01,12,True,Optimization terminated successfully
sensor_log,0.1,92,pyGAM,0.017684552739142254,0.0,0.09301653900183737,0.00964716001180932,10.0,2,True,
sensor_log,0.1,93,MonotoneLSPIA,0.022427510410175322,0.0,0.02262552100000903,0.02262552100000903,,55,True,
sensor_log,0.1,93,Penalized monotone B-spline,0.017885685947744603,0.0,0.036703707999549806,0.0013806879869662225,1.0,8,True,Optimization terminated successfully
sensor_log,0.1,93,pyGAM,0.018720252207582288,0.0,0.09407493396429345,0.009995847009122372,10.0,4,True,
sensor_log,0.1,94,MonotoneLSPIA,0.027853800292090548,0.0,0.02068456303095445,0.02068456303095445,,41,True,
sensor_log,0.1,94,Penalized monotone B-spline,0.013081088633466848,0.0,0.03470522502902895,0.0004674820229411125,100.0,1,True,Optimization terminated successfully
sensor_log,0.1,94,pyGAM,0.020952495417870143,0.0,0.08971410599770024,0.009614496026188135,10.0,2,True,
sensor_log,0.1,95,MonotoneLSPIA,0.023279742494192637,0.0,0.018671858008019626,0.018671858008019626,,31,True,
sensor_log,0.1,95,Penalized monotone B-spline,0.027603294932476947,0.0,0.03252671001246199,0.0004913249867968261,100.0,1,True,Optimization terminated successfully
sensor_log,0.1,95,pyGAM,0.02251264361478353,0.0,0.09318783500930294,0.010956134006846696,10.0,2,True,
sensor_log,0.1,96,MonotoneLSPIA,0.03441562322923061,0.0,0.02177368098637089,0.02177368098637089,,59,True,
sensor_log,0.1,96,Penalized monotone B-spline,0.024147778940902778,0.0,0.03231530700577423,0.0004408119712024927,1.0,1,True,Optimization terminated successfully
sensor_log,0.1,96,pyGAM,0.023349003158024625,0.0,0.08678624598542228,0.009910318010952324,1.0,3,True,
sensor_log,0.1,97,MonotoneLSPIA,0.029875504989568844,0.0,0.018587153987027705,0.018587153987027705,,27,True,
sensor_log,0.1,97,Penalized monotone B-spline,0.019799909229418912,0.0,0.032762135029770434,0.0004187259473837912,1.0,1,True,Optimization terminated successfully
sensor_log,0.1,97,pyGAM,0.014731816849208313,0.0,0.08761172596132383,0.009478299005422741,10.0,2,True,
sensor_log,0.1,98,MonotoneLSPIA,0.015856632062416828,0.0,0.020677650987636298,0.020677650987636298,,45,True,
sensor_log,0.1,98,Penalized monotone B-spline,0.019611184636991148,0.0,0.03529770398745313,0.000411052955314517,100.0,1,True,Optimization terminated successfully
sensor_log,0.1,98,pyGAM,0.014549696677248824,0.0,0.08875262399669737,0.009329315973445773,10.0,2,True,
sensor_log,0.1,99,MonotoneLSPIA,0.020538927432987828,0.0,0.022810959024354815,0.022810959024354815,,54,True,
sensor_log,0.1,99,Penalized monotone B-spline,0.016442994906897882,0.0,0.03815240500262007,0.001398058026097715,1.0,9,True,Optimization terminated successfully
sensor_log,0.1,99,pyGAM,0.01838523824341479,0.0,0.09875586000271142,0.009965161967556924,10.0,3,True,
sensor_log,0.1,100,MonotoneLSPIA,0.030114464676523574,0.0,0.02184270799625665,0.02184270799625665,,54,True,
sensor_log,0.1,100,Penalized monotone B-spline,0.03486439617401617,0.0,0.03548437502468005,0.0005366030381992459,100.0,1,True,Optimization terminated successfully
sensor_log,0.1,100,pyGAM,0.040096798744149016,0.0,0.08680260297842324,0.010096338985022157,100.0,2,True,
dose_response,0.02,1,MonotoneLSPIA,0.00583823434947694,0.0,0.02605547697748989,0.02605547697748989,,40,True,
dose_response,0.02,1,Penalized monotone B-spline,0.005608871037172473,0.0,0.04702622100012377,0.0021605599904432893,0.01,13,True,Optimization terminated successfully
dose_response,0.02,1,pyGAM,0.005622614288887723,0.0,0.09905205998802558,0.016337943030521274,0.01,2,True,
dose_response,0.02,2,MonotoneLSPIA,0.0042135306330117585,0.0,0.02004298905376345,0.02004298905376345,,41,True,
dose_response,0.02,2,Penalized monotone B-spline,0.004201486036996351,0.0,0.03548504697391763,0.001468616013880819,0.01,10,True,Optimization terminated successfully
dose_response,0.02,2,pyGAM,0.004149962444993982,0.0,0.09994695399655029,0.016588878992479295,0.001,4,True,
dose_response,0.02,3,MonotoneLSPIA,0.005898496116666706,0.0,0.019904689048416913,0.019904689048416913,,42,True,
dose_response,0.02,3,Penalized monotone B-spline,0.005584887531731852,0.0,0.036010899988468736,0.0014661779860034585,0.01,10,True,Optimization terminated successfully
dose_response,0.02,3,pyGAM,0.00555862214057917,0.0,0.10775698203360662,0.012748751032631844,0.01,2,True,
dose_response,0.02,4,MonotoneLSPIA,0.006428607023262306,0.0,0.021231252001598477,0.021231252001598477,,44,True,
dose_response,0.02,4,Penalized monotone B-spline,0.006329226856071296,0.0,0.03639703697990626,0.0015789460157975554,0.01,11,True,Optimization terminated successfully
dose_response,0.02,4,pyGAM,0.006223003237637451,0.0,0.08940001297742128,0.01930455002002418,0.001,5,True,
dose_response,0.02,5,MonotoneLSPIA,0.005277481092973727,0.0,0.017971938010305166,0.017971938010305166,,22,True,
dose_response,0.02,5,Penalized monotone B-spline,0.005322286245337821,0.0,0.044346673996187747,0.0018066350021399558,0.01,11,True,Optimization terminated successfully
dose_response,0.02,5,pyGAM,0.0059701877615061716,0.0,0.09540992003167048,0.015941539022605866,0.1,2,True,
dose_response,0.02,6,MonotoneLSPIA,0.005251453346758408,0.0,0.023070066003128886,0.023070066003128886,,42,True,
dose_response,0.02,6,Penalized monotone B-spline,0.005216573155482111,0.0,0.04008630395401269,0.002086071006488055,0.01,12,True,Optimization terminated successfully
dose_response,0.02,6,pyGAM,0.005616574864953574,0.0,0.09404104202985764,0.014700548024848104,0.1,2,True,
dose_response,0.02,7,MonotoneLSPIA,0.005636027063530849,0.0,0.023648342990782112,0.023648342990782112,,45,True,
dose_response,0.02,7,Penalized monotone B-spline,0.005618720014856688,0.0,0.041421963018365204,0.0018296909984201193,0.01,12,True,Optimization terminated successfully
dose_response,0.02,7,pyGAM,0.00577671940586948,0.0,0.10051562101580203,0.01610940496902913,0.1,2,True,
dose_response,0.02,8,MonotoneLSPIA,0.008408399146883627,0.0,0.020548833010252565,0.020548833010252565,,42,True,
dose_response,0.02,8,Penalized monotone B-spline,0.008416405728189334,0.0,0.039473542012274265,0.002322147018276155,0.01,12,True,Optimization terminated successfully
dose_response,0.02,8,pyGAM,0.008236423553473907,0.0,0.10916519199963659,0.016885327990166843,0.01,2,True,
dose_response,0.02,9,MonotoneLSPIA,0.006648090456584857,0.0,0.01996935997158289,0.01996935997158289,,33,True,
dose_response,0.02,9,Penalized monotone B-spline,0.0065848559051084055,0.0,0.037823995982762426,0.00162457802798599,0.01,12,True,Optimization terminated successfully
dose_response,0.02,9,pyGAM,0.006687426225465241,0.0,0.09901756996987388,0.013513538986444473,0.1,2,True,
dose_response,0.02,10,MonotoneLSPIA,0.004573439251031378,0.0,0.021203017968218774,0.021203017968218774,,38,True,
dose_response,0.02,10,Penalized monotone B-spline,0.00450819556805985,0.0,0.03907150396844372,0.0016612180043011904,0.01,13,True,Optimization terminated successfully
dose_response,0.02,10,pyGAM,0.004504979950780676,0.0,0.10228343802737072,0.016749733011238277,0.001,4,True,
dose_response,0.02,11,MonotoneLSPIA,0.006690663819307474,0.0,0.02132213400909677,0.02132213400909677,,42,True,
dose_response,0.02,11,Penalized monotone B-spline,0.006368970822961749,0.0,0.03816256899153814,0.001793047005776316,0.01,13,True,Optimization terminated successfully
dose_response,0.02,11,pyGAM,0.006190708660101968,0.0,0.08633281401125714,0.017028222035150975,0.01,2,True,
dose_response,0.02,12,MonotoneLSPIA,0.007026695620158386,0.0,0.020102121983654797,0.020102121983654797,,44,True,
dose_response,0.02,12,Penalized monotone B-spline,0.006910525251114896,0.0,0.038018366030883044,0.0017490320024080575,0.01,10,True,Optimization terminated successfully
dose_response,0.02,12,pyGAM,0.006772092093549162,0.0,0.09247361699817702,0.014100794971454889,0.01,2,True,
dose_response,0.02,13,MonotoneLSPIA,0.005788871110162336,0.0,0.019874094985425472,0.019874094985425472,,41,True,
dose_response,0.02,13,Penalized monotone B-spline,0.005822519476694319,0.0,0.039711960998829454,0.0017645659972913563,0.01,12,True,Optimization terminated successfully
dose_response,0.02,13,pyGAM,0.0063303892282829234,0.0,0.10510837798938155,0.01318909996189177,0.1,3,True,
dose_response,0.02,14,MonotoneLSPIA,0.004762734989488409,0.0,0.01957415702054277,0.01957415702054277,,36,True,
dose_response,0.02,14,Penalized monotone B-spline,0.004502997286677179,0.0,0.03954499796964228,0.0018564779893495142,0.01,13,True,Optimization terminated successfully
dose_response,0.02,14,pyGAM,0.004492324791940256,0.0,0.10552806197665632,0.01641661097528413,0.01,2,True,
dose_response,0.02,15,MonotoneLSPIA,0.005066020678283533,0.0,0.02397545299027115,0.02397545299027115,,37,True,
dose_response,0.02,15,Penalized monotone B-spline,0.005055387860305787,0.0,0.040816706023178995,0.0014779139892198145,0.01,9,True,Optimization terminated successfully
dose_response,0.02,15,pyGAM,0.004938912450377535,0.0,0.10889302304713055,0.020526962995063514,0.01,2,True,
dose_response,0.02,16,MonotoneLSPIA,0.0043600646651690365,0.0,0.02105103904614225,0.02105103904614225,,42,True,
dose_response,0.02,16,Penalized monotone B-spline,0.0043650670166915165,0.0,0.039607950020581484,0.0016425939975306392,1e-08,12,True,Optimization terminated successfully
dose_response,0.02,16,pyGAM,0.00402386219439612,0.0,0.10765621601603925,0.014660039043519646,0.01,2,True,
dose_response,0.02,17,MonotoneLSPIA,0.005753352886391222,0.0,0.020346689969301224,0.020346689969301224,,39,True,
dose_response,0.02,17,Penalized monotone B-spline,0.0055677244458830905,0.0,0.03590144601184875,0.0016576639609411359,0.01,10,True,Optimization terminated successfully
dose_response,0.02,17,pyGAM,0.005076029438720484,0.0,0.09435754601145163,0.015346325002610683,0.1,3,True,
dose_response,0.02,18,MonotoneLSPIA,0.005889935867254914,0.0,0.021164732053875923,0.021164732053875923,,42,True,
dose_response,0.02,18,Penalized monotone B-spline,0.005847879469297864,0.0,0.04005425999639556,0.0018587359809316695,0.01,11,True,Optimization terminated successfully
dose_response,0.02,18,pyGAM,0.006249956309491021,0.0,0.10717124695656821,0.013490003999322653,0.1,3,True,
dose_response,0.02,19,MonotoneLSPIA,0.007313706976701929,0.0,0.02079083299031481,0.02079083299031481,,43,True,
dose_response,0.02,19,Penalized monotone B-spline,0.00700130811601316,0.0,0.03929576702648774,0.001514533010777086,0.01,10,True,Optimization terminated successfully
dose_response,0.02,19,pyGAM,0.006984049858120539,0.0,0.09947043401189148,0.013031373964622617,0.01,2,True,
dose_response,0.02,20,MonotoneLSPIA,0.005396890716477761,4.4364512064022255e-13,0.02010673499898985,0.02010673499898985,,36,True,
dose_response,0.02,20,Penalized monotone B-spline,0.005375532623915889,4.4364512064022255e-13,0.038031900010537356,0.0016155839548446238,0.01,11,True,Optimization terminated successfully
dose_response,0.02,20,pyGAM,0.0054080971257013544,1.1690048928868567e-10,0.1034906689892523,0.017465882003307343,0.01,2,True,
dose_response,0.02,21,MonotoneLSPIA,0.003309750068486701,0.0,0.023385052976664156,0.023385052976664156,,37,True,
dose_response,0.02,21,Penalized monotone B-spline,0.0033824761112754894,0.0,0.04088463098742068,0.00169859902234748,0.01,12,True,Optimization terminated successfully
dose_response,0.02,21,pyGAM,0.004464342853159054,0.0,0.0955478489631787,0.013538825965952128,0.1,2,True,
dose_response,0.02,22,MonotoneLSPIA,0.0037915163912836916,3.3273384048016694e-13,0.02067133504897356,0.02067133504897356,,35,True,
dose_response,0.02,22,Penalized monotone B-spline,0.003997091108270624,3.3273384048016694e-13,0.03710939397569746,0.0017962540150620043,0.01,11,True,Optimization terminated successfully
dose_response,0.02,22,pyGAM,0.005646264196163815,1.8011991897991037e-10,0.10227139899507165,0.013088061998132616,0.1,2,True,
dose_response,0.02,23,MonotoneLSPIA,0.004260761698723905,0.0,0.024118289991747588,0.024118289991747588,,25,True,
dose_response,0.02,23,Penalized monotone B-spline,0.004325220285400472,0.0,0.04174759902525693,0.0015502800233662128,0.01,9,True,Optimization terminated successfully
dose_response,0.02,23,pyGAM,0.004290894860645395,0.0,0.10955630801618099,0.018165468994993716,0.001,4,True,
dose_response,0.02,24,MonotoneLSPIA,0.006395974663017594,0.0,0.02220222301548347,0.02220222301548347,,47,True,
dose_response,0.02,24,Penalized monotone B-spline,0.0064843089767620335,0.0,0.03962064301595092,0.0035243049496784806,0.01,12,True,Optimization terminated successfully
dose_response,0.02,24,pyGAM,0.0064887467769023125,0.0,0.11336460302118212,0.019846696057356894,0.01,2,True,
dose_response,0.02,25,MonotoneLSPIA,0.0060105799854491175,0.0,0.0233246450079605,0.0233246450079605,,47,True,
dose_response,0.02,25,Penalized monotone B-spline,0.0059324629113458194,0.0,0.039241734019014984,0.0017470309976488352,0.01,13,True,Optimization terminated successfully
dose_response,0.02,25,pyGAM,0.006035575744770667,0.0,0.10149903799174353,0.01805567997507751,0.1,2,True,
dose_response,0.02,26,MonotoneLSPIA,0.003137667231306282,0.0,0.021203750977292657,0.021203750977292657,,44,True,
dose_response,0.02,26,Penalized monotone B-spline,0.0032205706940424345,0.0,0.040828072000294924,0.0017694729613140225,0.01,12,True,Optimization terminated successfully
dose_response,0.02,26,pyGAM,0.004420179235709486,0.0,0.10139033797895536,0.017496106040198356,0.1,2,True,
dose_response,0.02,27,MonotoneLSPIA,0.006064883584310473,0.0,0.02022009197389707,0.02022009197389707,,36,True,
dose_response,0.02,27,Penalized monotone B-spline,0.00577190013250895,0.0,0.039168116985820234,0.0016965579707175493,0.01,12,True,Optimization terminated successfully
dose_response,0.02,27,pyGAM,0.005782779025228401,0.0,0.09536347299581394,0.017592819989658892,0.01,2,True,
dose_response,0.02,28,MonotoneLSPIA,0.005689699109483496,0.0,0.02138011797796935,0.02138011797796935,,45,True,
dose_response,0.02,28,Penalized monotone B-spline,0.0054157469761290265,0.0,0.038130116008687764,0.0018024560413323343,0.01,10,True,Optimization terminated successfully
dose_response,0.02,28,pyGAM,0.005401156427410242,0.0,0.09806512302020565,0.013722145988140255,0.01,2,True,
dose_response,0.02,29,MonotoneLSPIA,0.006117480395119271,0.0,0.020427220035344362,0.020427220035344362,,44,True,
dose_response,0.02,29,Penalized monotone B-spline,0.00610484957836395,0.0,0.037859703006688505,0.0019479930051602423,0.01,13,True,Optimization terminated successfully
dose_response,0.02,29,pyGAM,0.006088920692697198,0.0,0.10282978403847665,0.017225674004293978,0.01,2,True,
dose_response,0.02,30,MonotoneLSPIA,0.004426384993288079,0.0,0.02071132801938802,0.02071132801938802,,40,True,
dose_response,0.02,30,Penalized monotone B-spline,0.004378713634617347,0.0,0.03923711203970015,0.0016365469782613218,0.01,11,True,Optimization terminated successfully
dose_response,0.02,30,pyGAM,0.00439699362040298,0.0,0.10358744004042819,0.01628564001293853,0.001,4,True,
dose_response,0.02,31,MonotoneLSPIA,0.00574662453915429,0.0,0.02068779699038714,0.02068779699038714,,38,True,
dose_response,0.02,31,Penalized monotone B-spline,0.005659061641370152,0.0,0.037858445022720844,0.0017535470542497933,0.01,13,True,Optimization terminated successfully
dose_response,0.02,31,pyGAM,0.005230018546452197,0.0,0.09528006002074108,0.013296307995915413,0.1,2,True,
dose_response,0.02,32,MonotoneLSPIA,0.003994311606959188,0.0,0.019285938993562013,0.019285938993562013,,34,True,
dose_response,0.02,32,Penalized monotone B-spline,0.0038373742656500334,0.0,0.038179760973434895,0.0015521530294790864,0.01,10,True,Optimization terminated successfully
dose_response,0.02,32,pyGAM,0.003732934057113854,0.0,0.10655098798451945,0.016985926020424813,0.01,2,True,
dose_response,0.02,33,MonotoneLSPIA,0.004734292392940434,4.4364512064022255e-13,0.019549974997062236,0.019549974997062236,,27,True,
dose_response,0.02,33,Penalized monotone B-spline,0.004649258484855485,3.3273384048016694e-13,0.03827471099793911,0.0021924959728494287,0.01,11,True,Optimization terminated successfully
dose_response,0.02,33,pyGAM,0.004633730233218952,5.944844616578323e-11,0.09432373603340238,0.01757284300401807,0.01,2,True,
dose_response,0.02,34,MonotoneLSPIA,0.0035484800256905626,4.4364512064022255e-13,0.021859049971681088,0.021859049971681088,,30,True,
dose_response,0.02,34,Penalized monotone B-spline,0.0036204892733837425,4.436451206401733e-13,0.03727095399517566,0.0017427490092813969,0.01,13,True,Optimization terminated successfully
dose_response,0.02,34,pyGAM,0.005043563389827413,1.2965528650710504e-10,0.10515205998672172,0.021247069002129138,0.1,2,True,
dose_response,0.02,35,MonotoneLSPIA,0.00514806456930594,0.0,0.02050630300072953,0.02050630300072953,,31,True,
dose_response,0.02,35,Penalized monotone B-spline,0.004875917786243896,0.0,0.037902334006503224,0.0016203279956243932,0.01,12,True,Optimization terminated successfully
dose_response,0.02,35,pyGAM,0.004852514768170404,0.0,0.10261435096617788,0.013597543991636485,0.01,2,True,
dose_response,0.02,36,MonotoneLSPIA,0.003827759805142244,0.0,0.021382419974543154,0.021382419974543154,,38,True,
dose_response,0.02,36,Penalized monotone B-spline,0.00394101570265413,0.0,0.03812430601101369,0.001574724039528519,0.01,10,True,Optimization terminated successfully
dose_response,0.02,36,pyGAM,0.0052004721788787124,0.0,0.09763284999644384,0.009835436008870602,0.1,3,True,
dose_response,0.02,37,MonotoneLSPIA,0.006249841438232562,0.0,0.02049814601195976,0.02049814601195976,,41,True,
dose_response,0.02,37,Penalized monotone B-spline,0.005989686757957407,0.0,0.03905331500573084,0.0014682310284115374,0.01,10,True,Optimization terminated successfully
dose_response,0.02,37,pyGAM,0.0060017830477992595,0.0,0.09237357100937515,0.01248597598168999,0.1,2,True,
dose_response,0.02,38,MonotoneLSPIA,0.005075930170375372,4.4364512064022255e-13,0.02059687301516533,0.02059687301516533,,38,True,
dose_response,0.02,38,Penalized monotone B-spline,0.005104710550316746,2.2182256032011127e-13,0.04015032004099339,0.0015731410239823163,0.01,10,True,Optimization terminated successfully
dose_response,0.02,38,pyGAM,0.005102315182264459,1.6414869463688234e-10,0.09881361701991409,0.019938966957852244,0.01,2,True,
dose_response,0.02,39,MonotoneLSPIA,0.005850010922709246,0.0,0.021484747005160898,0.021484747005160898,,43,True,
dose_response,0.02,39,Penalized monotone B-spline,0.00570075064214801,0.0,0.03759294602787122,0.0014620639849454165,0.01,10,True,Optimization terminated successfully
dose_response,0.02,39,pyGAM,0.0053199722453678286,0.0,0.09581474697915837,0.01501285599078983,0.01,2,True,
dose_response,0.02,40,MonotoneLSPIA,0.006359078717432847,0.0,0.023207232006825507,0.023207232006825507,,43,True,
dose_response,0.02,40,Penalized monotone B-spline,0.006457707615656561,0.0,0.04070298600709066,0.0018216549651697278,0.01,11,True,Optimization terminated successfully
dose_response,0.02,40,pyGAM,0.007579565990497025,0.0,0.11170307698193938,0.01493371999822557,0.1,2,True,
dose_response,0.02,41,MonotoneLSPIA,0.007647788304416111,0.0,0.023371621966362,0.023371621966362,,46,True,
dose_response,0.02,41,Penalized monotone B-spline,0.007508008208809443,0.0,0.04284961201483384,0.0019118989584967494,0.01,12,True,Optimization terminated successfully
dose_response,0.02,41,pyGAM,0.007418990770704993,0.0,0.11080275103449821,0.01925559202209115,0.01,2,True,
dose_response,0.02,42,MonotoneLSPIA,0.006451684788106833,0.0,0.020901689014863223,0.020901689014863223,,29,True,
dose_response,0.02,42,Penalized monotone B-spline,0.006461473098467163,0.0,0.042069332965184,0.0019781719893217087,0.01,13,True,Optimization terminated successfully
dose_response,0.02,42,pyGAM,0.006472804368306071,0.0,0.11373471200931817,0.018788499990478158,0.001,4,True,
dose_response,0.02,43,MonotoneLSPIA,0.005744332375461084,0.0,0.021781825984362513,0.021781825984362513,,34,True,
dose_response,0.02,43,Penalized monotone B-spline,0.0057612960261664015,0.0,0.04020068095996976,0.001794583979062736,0.01,10,True,Optimization terminated successfully
dose_response,0.02,43,pyGAM,0.006408149334572654,0.0,0.11232205998385325,0.0193033890100196,0.1,2,True,
dose_response,0.02,44,MonotoneLSPIA,0.004699177264494526,0.0,0.021608837007079273,0.021608837007079273,,30,True,
dose_response,0.02,44,Penalized monotone B-spline,0.004695411773520611,0.0,0.04439540201565251,0.002009984978940338,0.0001,13,True,Optimization terminated successfully
dose_response,0.02,44,pyGAM,0.0043798017081769485,0.0,0.11297366704093292,0.015297866950277239,0.1,2,True,
dose_response,0.02,45,MonotoneLSPIA,0.00567652400297971,0.0,0.022624548990279436,0.022624548990279436,,37,True,
dose_response,0.02,45,Penalized monotone B-spline,0.005737919535095563,0.0,0.043245198961813,0.002013151010032743,0.01,13,True,Optimization terminated successfully
dose_response,0.02,45,pyGAM,0.005699447682332268,0.0,0.11695765203330666,0.019084960978943855,0.01,2,True,
dose_response,0.02,46,MonotoneLSPIA,0.0048894801028874155,3.3273384048016694e-13,0.0224043219932355,0.0224043219932355,,36,True,
dose_response,0.02,46,Penalized monotone B-spline,0.004989387444152724,3.3273384048016694e-13,0.04275717900600284,0.0016304629971273243,0.01,9,True,Optimization terminated successfully
dose_response,0.02,46,pyGAM,0.004878868092555777,1.696942586448663e-10,0.12362864398164675,0.022657922003418207,0.001,5,True,
dose_response,0.02,47,MonotoneLSPIA,0.004412030445389736,0.0,0.023079482023604214,0.023079482023604214,,42,True,
dose_response,0.02,47,Penalized monotone B-spline,0.004485916669074906,0.0,0.042139151017181575,0.0019953629816882312,0.01,10,True,Optimization terminated successfully
dose_response,0.02,47,pyGAM,0.004423321422140676,0.0,0.10898832901148126,0.014962752989958972,0.01,2,True,
dose_response,0.02,48,MonotoneLSPIA,0.005062704663822035,0.0,0.022399410023353994,0.022399410023353994,,40,True,
dose_response,0.02,48,Penalized monotone B-spline,0.0048930342127879055,0.0,0.045547997986432165,0.002122086996678263,0.01,14,True,Optimization terminated successfully
dose_response,0.02,48,pyGAM,0.004899358487856711,0.0,0.11558225803310052,0.02289548999397084,0.001,5,True,
dose_response,0.02,49,MonotoneLSPIA,0.005729386505900419,3.3273384048016694e-13,0.021326570014934987,0.021326570014934987,,28,True,
dose_response,0.02,49,Penalized monotone B-spline,0.005591758186030108,4.4364512064022255e-13,0.04224886803422123,0.0020293230190873146,0.01,13,True,Optimization terminated successfully
dose_response,0.02,49,pyGAM,0.005493811187496811,1.2865708498565027e-10,0.10586288903141394,0.019181829993613064,0.01,2,True,
dose_response,0.02,50,MonotoneLSPIA,0.00460221277291849,0.0,0.02145915199071169,0.02145915199071169,,31,True,
dose_response,0.02,50,Penalized monotone B-spline,0.004551629546808908,0.0,0.04319997603306547,0.002196338027715683,0.01,13,True,Optimization terminated successfully
dose_response,0.02,50,pyGAM,0.004424620967521181,0.0,0.106152018008288,0.01940518495393917,0.001,4,True,
dose_response,0.02,51,MonotoneLSPIA,0.005164165325073582,0.0,0.02268203697167337,0.02268203697167337,,42,True,
dose_response,0.02,51,Penalized monotone B-spline,0.00516932549643909,0.0,0.0459920380380936,0.0017947430023923516,0.0001,10,True,Optimization terminated successfully
dose_response,0.02,51,pyGAM,0.0050293276176221315,0.0,0.10971311602042988,0.015390620974358171,0.001,3,True,
dose_response,0.02,52,MonotoneLSPIA,0.0060954665580623835,0.0,0.02391420694766566,0.02391420694766566,,47,True,
dose_response,0.02,52,Penalized monotone B-spline,0.006106512447526388,0.0,0.0422617340227589,0.0020361149800010026,0.01,14,True,Optimization terminated successfully
dose_response,0.02,52,pyGAM,0.006429771823777333,0.0,0.11080792098073289,0.01494040503166616,0.1,2,True,
dose_response,0.02,53,MonotoneLSPIA,0.003624000666680223,0.0,0.02322901104344055,0.02322901104344055,,47,True,
dose_response,0.02,53,Penalized monotone B-spline,0.0036139139865266285,0.0,0.042095593991689384,0.0019364070030860603,0.01,12,True,Optimization terminated successfully
dose_response,0.02,53,pyGAM,0.0035717182335423215,0.0,0.12502278597094119,0.014996457961387932,0.01,2,True,
dose_response,0.02,54,MonotoneLSPIA,0.007088015365184999,4.4364512064022255e-13,0.02217546501196921,0.02217546501196921,,37,True,
dose_response,0.02,54,Penalized monotone B-spline,0.006911346362550607,4.4364512064022255e-13,0.041544509993400425,0.001856158021837473,0.01,11,True,Optimization terminated successfully
dose_response,0.02,54,pyGAM,0.006989939345022892,2.5309954132524695e-10,0.10692840098636225,0.019100944977253675,0.001,4,True,
dose_response,0.02,55,MonotoneLSPIA,0.00580377805869841,0.0,0.02379057399230078,0.02379057399230078,,50,True,
dose_response,0.02,55,Penalized monotone B-spline,0.005629444201094444,0.0,0.04297702998155728,0.001972034981008619,0.01,12,True,Optimization terminated successfully
dose_response,0.02,55,pyGAM,0.004955198324932861,0.0,0.09865972201805562,0.014958651969209313,0.1,2,True,
dose_response,0.02,56,MonotoneLSPIA,0.006583507888958799,0.0,0.02263725799275562,0.02263725799275562,,38,True,
dose_response,0.02,56,Penalized monotone B-spline,0.006549148373298933,0.0,0.04280415299581364,0.0019414050038903952,0.01,12,True,Optimization terminated successfully
dose_response,0.02,56,pyGAM,0.006484202372488602,0.0,0.12295156496111304,0.022783569002058357,0.001,5,True,
dose_response,0.02,57,MonotoneLSPIA,0.006033894037904814,0.0,0.023020130000077188,0.023020130000077188,,41,True,
dose_response,0.02,57,Penalized monotone B-spline,0.005863055708768589,0.0,0.041043083008844405,0.0020094250212423503,0.01,13,True,Optimization terminated successfully
dose_response,0.02,57,pyGAM,0.005868672487936774,0.0,0.11585610604379326,0.018780261045321822,0.01,2,True,
dose_response,0.02,58,MonotoneLSPIA,0.006889573452387879,0.0,0.022184457979165018,0.022184457979165018,,36,True,
dose_response,0.02,58,Penalized monotone B-spline,0.0068911217137438896,0.0,0.042075925040990114,0.0016255229711532593,0.0001,9,True,Optimization terminated successfully
dose_response,0.02,58,pyGAM,0.00655829036821954,0.0,0.11365183599991724,0.01881590799894184,0.01,2,True,
dose_response,0.02,59,MonotoneLSPIA,0.004978858787822007,3.3273384048016694e-13,0.021790746017359197,0.021790746017359197,,34,True,
dose_response,0.02,59,Penalized monotone B-spline,0.004930484882245558,4.4364512064022255e-13,0.04157451499486342,0.001929063000716269,0.01,12,True,Optimization terminated successfully
dose_response,0.02,59,pyGAM,0.005040479028480286,1.6592327511944324e-10,0.11914722097571939,0.022923913958948106,0.01,3,True,
dose_response,0.02,60,MonotoneLSPIA,0.004755088881835567,0.0,0.022651771956589073,0.022651771956589073,,40,True,
dose_response,0.02,60,Penalized monotone B-spline,0.004730624970241811,0.0,0.0411775610409677,0.002246450982056558,0.01,12,True,Optimization terminated successfully
dose_response,0.02,60,pyGAM,0.004741599493467508,0.0,0.10962019400903955,0.018984864000231028,0.01,2,True,
dose_response,0.02,61,MonotoneLSPIA,0.006017285965334791,0.0,0.019931188959162682,0.019931188959162682,,20,True,
dose_response,0.02,61,Penalized monotone B-spline,0.006170611575951717,0.0,0.04457603901391849,0.0018766209832392633,0.01,11,True,Optimization terminated successfully
dose_response,0.02,61,pyGAM,0.007401519515777789,0.0,0.10347848600940779,0.01894338201964274,0.1,2,True,
dose_response,0.02,62,MonotoneLSPIA,0.003754994244723429,0.0,0.023691417009104043,0.023691417009104043,,44,True,
dose_response,0.02,62,Penalized monotone B-spline,0.0035242349903859918,0.0,0.04434668994508684,0.002137081988621503,0.01,13,True,Optimization terminated successfully
dose_response,0.02,62,pyGAM,0.003494255966664457,0.0,0.11132183304289356,0.01921176095493138,0.01,2,True,
dose_response,0.02,63,MonotoneLSPIA,0.005409475939588039,0.0,0.02373156399698928,0.02373156399698928,,44,True,
dose_response,0.02,63,Penalized monotone B-spline,0.005231904871513046,0.0,0.044815266970545053,0.00214673497248441,0.01,14,True,Optimization terminated successfully
dose_response,0.02,63,pyGAM,0.005108944344728413,0.0,0.11927104002097622,0.01560313196387142,0.01,2,True,
dose_response,0.02,64,MonotoneLSPIA,0.005869123776873997,0.0,0.022222140978556126,0.022222140978556126,,35,True,
dose_response,0.02,64,Penalized monotone B-spline,0.005818927342457708,0.0,0.04166310600703582,0.0017066709697246552,0.01,9,True,Optimization terminated successfully
dose_response,0.02,64,pyGAM,0.005791457929375591,0.0,0.10609118395950645,0.014807694009505212,0.01,2,True,
dose_response,0.02,65,MonotoneLSPIA,0.004081366337156347,3.3273384048016694e-13,0.022980554029345512,0.022980554029345512,,41,True,
dose_response,0.02,65,Penalized monotone B-spline,0.004105980859930591,3.3273384048016694e-13,0.0409487480064854,0.0018190729897469282,0.01,11,True,Optimization terminated successfully
dose_response,0.02,65,pyGAM,0.004567396122315459,4.0016789881743636e-10,0.10267746599856764,0.01503992301877588,0.1,2,True,
dose_response,0.02,66,MonotoneLSPIA,0.003510167868765812,4.4364512064022255e-13,0.02285206801025197,0.02285206801025197,,41,True,
dose_response,0.02,66,Penalized monotone B-spline,0.0033552549037938126,4.4364512064022255e-13,0.03941292403033003,0.0018088460201397538,0.01,11,True,Optimization terminated successfully
dose_response,0.02,66,pyGAM,0.003705106348740366,1.2222423073638132e-10,0.11189681995892897,0.018659056047908962,0.1,2,True,
dose_response,0.02,67,MonotoneLSPIA,0.005673935029139122,3.3273384048016694e-13,0.022734995000064373,0.022734995000064373,,39,True,
dose_response,0.02,67,Penalized monotone B-spline,0.005830426744178203,4.4364512064022255e-13,0.04232862900244072,0.0016456649755127728,0.01,9,True,Optimization terminated successfully
dose_response,0.02,67,pyGAM,0.007315206546306136,2.1927160087640567e-10,0.10207328799879178,0.01894643803825602,0.1,2,True,
dose_response,0.02,68,MonotoneLSPIA,0.0036245817282363237,0.0,0.02240262198029086,0.02240262198029086,,36,True,
dose_response,0.02,68,Penalized monotone B-spline,0.0035757645314588777,0.0,0.041530949994921684,0.001960202003829181,0.01,12,True,Optimization terminated successfully
dose_response,0.02,68,pyGAM,0.003541560515273113,0.0,0.11832225002581254,0.018348777026403695,0.01,2,True,
dose_response,0.02,69,MonotoneLSPIA,0.0053963017382310415,0.0,0.02355844696285203,0.02355844696285203,,45,True,
dose_response,0.02,69,Penalized monotone B-spline,0.005281943775700034,0.0,0.042771518987137824,0.0020099650137126446,0.01,13,True,Optimization terminated successfully
dose_response,0.02,69,pyGAM,0.004998570700938347,0.0,0.09435275295982137,0.014850918028969318,0.1,2,True,
dose_response,0.02,70,MonotoneLSPIA,0.003929290839043235,0.0,0.02058575995033607,0.02058575995033607,,23,True,
dose_response,0.02,70,Penalized monotone B-spline,0.0039984090286484435,0.0,0.042643822031095624,0.0020463669789023697,0.01,14,True,Optimization terminated successfully
dose_response,0.02,70,pyGAM,0.005232072742380193,0.0,0.11784249299671501,0.01519959804136306,0.1,3,True,
dose_response,0.02,71,MonotoneLSPIA,0.004789162675520089,0.0,0.020149032992776483,0.020149032992776483,,15,True,
dose_response,0.02,71,Penalized monotone B-spline,0.004849321600717958,0.0,0.0441682810196653,0.0020359200425446033,0.01,13,True,Optimization terminated successfully
dose_response,0.02,71,pyGAM,0.005908514012877939,0.0,0.10550958395469934,0.0147063999902457,0.1,3,True,
dose_response,0.02,72,MonotoneLSPIA,0.0058019595006607244,4.4364512064022255e-13,0.021061812003608793,0.021061812003608793,,24,True,
dose_response,0.02,72,Penalized monotone B-spline,0.005806710449130857,4.4364512064022255e-13,0.04075119300978258,0.001693661033641547,0.0001,9,True,Optimization terminated successfully
dose_response,0.02,72,pyGAM,0.005699938156175933,2.2514989872488797e-10,0.11621830199146643,0.01883258402813226,0.01,2,True,
dose_response,0.02,73,MonotoneLSPIA,0.004727209291223745,0.0,0.02236140496097505,0.02236140496097505,,36,True,
dose_response,0.02,73,Penalized monotone B-spline,0.00480919745516183,0.0,0.040383016981650144,0.0022618210059590638,0.01,11,True,Optimization terminated successfully
dose_response,0.02,73,pyGAM,0.00564100570713391,0.0,0.11108729999978095,0.018677114974707365,0.1,2,True,
dose_response,0.02,74,MonotoneLSPIA,0.005921947661297686,0.0,0.023880754015408456,0.023880754015408456,,51,True,
dose_response,0.02,74,Penalized monotone B-spline,0.0057568983575983545,0.0,0.04195116402115673,0.0018607300007715821,0.01,10,True,Optimization terminated successfully
dose_response,0.02,74,pyGAM,0.005693872179970085,0.0,0.10728981002466753,0.014938489999622107,0.01,2,True,
dose_response,0.02,75,MonotoneLSPIA,0.0032292410392678874,0.0,0.02209139900514856,0.02209139900514856,,34,True,
dose_response,0.02,75,Penalized monotone B-spline,0.0031056730832233386,0.0,0.04186113603645936,0.002012296987231821,0.01,13,True,Optimization terminated successfully
dose_response,0.02,75,pyGAM,0.003204164211084087,0.0,0.11877364799147472,0.019376146025024354,0.001,4,True,
dose_response,0.02,76,MonotoneLSPIA,0.004382759170260101,3.3273384048016694e-13,0.02259575796779245,0.02259575796779245,,38,True,
dose_response,0.02,76,Penalized monotone B-spline,0.0042724930052529565,3.3273384048016694e-13,0.041458366031292826,0.0016542149824090302,0.01,9,True,Optimization terminated successfully
dose_response,0.02,76,pyGAM,0.004179306608204796,3.7798564278546963e-10,0.11432963301194832,0.018773745046928525,0.01,2,True,
dose_response,0.02,77,MonotoneLSPIA,0.005758873797665501,0.0,0.024198874016292393,0.024198874016292393,,47,True,
dose_response,0.02,77,Penalized monotone B-spline,0.005801061694450955,0.0,0.04150797298643738,0.0017536249943077564,0.01,10,True,Optimization terminated successfully
dose_response,0.02,77,pyGAM,0.006778317773134539,0.0,0.09954238898353651,0.015315875003580004,0.1,2,True,
dose_response,0.02,78,MonotoneLSPIA,0.005455660988619885,0.0,0.023758789990097284,0.023758789990097284,,46,True,
dose_response,0.02,78,Penalized monotone B-spline,0.0051437433414539034,0.0,0.04193137603579089,0.001970504003111273,0.01,12,True,Optimization terminated successfully
dose_response,0.02,78,pyGAM,0.005107501103517311,0.0,0.10614641604479402,0.01874327997211367,0.01,2,True,
dose_response,0.02,79,MonotoneLSPIA,0.006682268657499751,0.0,0.022405889991205186,0.022405889991205186,,36,True,
dose_response,0.02,79,Penalized monotone B-spline,0.006631836347647334,0.0,0.044312938989605755,0.0020106289885006845,0.01,13,True,Optimization terminated successfully
dose_response,0.02,79,pyGAM,0.006483264890334962,0.0,0.1132747940137051,0.019698062038514763,0.01,2,True,
dose_response,0.02,80,MonotoneLSPIA,0.005063121814899505,4.4364512064022255e-13,0.022161829052492976,0.022161829052492976,,31,True,
dose_response,0.02,80,Penalized monotone B-spline,0.0050581784370047,3.3273384048016694e-13,0.03679172304691747,0.0013779160217382014,0.01,7,True,Optimization terminated successfully
dose_response,0.02,80,pyGAM,0.005047702892310966,6.521583273410549e-10,0.1162685610470362,0.019935419026296586,0.01,2,True,
dose_response,0.02,81,MonotoneLSPIA,0.006519474173656293,0.0,0.023429963970556855,0.023429963970556855,,43,True,
dose_response,0.02,81,Penalized monotone B-spline,0.006520642044345211,0.0,0.04289315303321928,0.0020947220036759973,0.01,12,True,Optimization terminated successfully
dose_response,0.02,81,pyGAM,0.006534978503860778,0.0,0.1049800249747932,0.022748870018403977,0.001,5,True,
dose_response,0.02,82,MonotoneLSPIA,0.004370713038765004,0.0,0.023424947983585298,0.023424947983585298,,39,True,
dose_response,0.02,82,Penalized monotone B-spline,0.004349641278370496,0.0,0.040996966999955475,0.0018951600068248808,0.0001,11,True,Optimization terminated successfully
dose_response,0.02,82,pyGAM,0.004198907025013582,0.0,0.10724136797944084,0.018924259988125414,0.01,2,True,
dose_response,0.02,83,MonotoneLSPIA,0.006401889447797459,0.0,0.024271394999232143,0.024271394999232143,,53,True,
dose_response,0.02,83,Penalized monotone B-spline,0.006140826653685759,0.0,0.04236293601570651,0.00193544797366485,0.01,11,True,Optimization terminated successfully
dose_response,0.02,83,pyGAM,0.005519702907496333,0.0,0.09093269699951634,0.014850970008410513,0.1,2,True,
dose_response,0.02,84,MonotoneLSPIA,0.004158469521785604,0.0,0.022866038023494184,0.022866038023494184,,40,True,
dose_response,0.02,84,Penalized monotone B-spline,0.004299294935048941,0.0,0.04367122199619189,0.002308142022229731,0.01,11,True,Optimization terminated successfully
dose_response,0.02,84,pyGAM,0.005618449448129141,0.0,0.10259411501465365,0.01509481796529144,0.1,2,True,
dose_response,0.02,85,MonotoneLSPIA,0.005357828362744751,0.0,0.022724565002135932,0.022724565002135932,,37,True,
dose_response,0.02,85,Penalized monotone B-spline,0.005346899007988896,0.0,0.03935272799571976,0.0016655559884384274,0.01,9,True,Optimization terminated successfully
dose_response,0.02,85,pyGAM,0.005934194271249769,0.0,0.1105076489620842,0.018916787987109274,0.1,2,True,
dose_response,0.02,86,MonotoneLSPIA,0.00814318108305739,0.0,0.022054500004742295,0.022054500004742295,,36,True,
dose_response,0.02,86,Penalized monotone B-spline,0.00813918528181885,0.0,0.04084537999005988,0.0016863130149431527,0.01,9,True,Optimization terminated successfully
dose_response,0.02,86,pyGAM,0.008555330967459182,0.0,0.11050327395787463,0.018891892046667635,0.1,2,True,
dose_response,0.02,87,MonotoneLSPIA,0.005008988129352442,2.2182256032011127e-13,0.021740127995144576,0.021740127995144576,,34,True,
dose_response,0.02,87,Penalized monotone B-spline,0.005016204387828024,2.2182256032011127e-13,0.04133863199967891,0.0021258079796098173,0.01,14,True,Optimization terminated successfully
dose_response,0.02,87,pyGAM,0.00489852819754702,7.896883147395086e-11,0.11474570300197229,0.01921690598828718,0.01,2,True,
dose_response,0.02,88,MonotoneLSPIA,0.004634972948165074,4.4364512064022255e-13,0.022085752978455275,0.022085752978455275,,35,True,
dose_response,0.02,88,Penalized monotone B-spline,0.004771973195773752,4.4364512064022255e-13,0.04314486600924283,0.0016494400333613157,0.01,9,True,Optimization terminated successfully
dose_response,0.02,88,pyGAM,0.005975463226889575,3.5935254771858025e-11,0.10698781901737675,0.019084646017290652,0.1,2,True,
dose_response,0.02,89,MonotoneLSPIA,0.007003767099568254,0.0,0.023577385989483446,0.023577385989483446,,39,True,
dose_response,0.02,89,Penalized monotone B-spline,0.0071710094823728586,0.0,0.04204296600073576,0.0018592720152810216,0.01,11,True,Optimization terminated successfully
dose_response,0.02,89,pyGAM,0.008461998474059389,0.0,0.1068774769664742,0.014832640008535236,0.1,3,True,
dose_response,0.02,90,MonotoneLSPIA,0.00449098062059825,3.3273384048016694e-13,0.022694070008583367,0.022694070008583367,,40,True,
dose_response,0.02,90,Penalized monotone B-spline,0.00450450343822793,3.3273384048016694e-13,0.04022497602272779,0.0017648889916017652,0.0001,11,True,Optimization terminated successfully
dose_response,0.02,90,pyGAM,0.004771377874613332,2.1838431063512532e-10,0.11527636798564345,0.01506297301966697,0.1,3,True,
dose_response,0.02,91,MonotoneLSPIA,0.006359521522863074,0.0,0.02261845499742776,0.02261845499742776,,41,True,
dose_response,0.02,91,Penalized monotone B-spline,0.006023925160232701,0.0,0.04267055500531569,0.002061775012407452,0.01,14,True,Optimization terminated successfully
dose_response,0.02,91,pyGAM,0.005993631628192805,0.0,0.09831403999123722,0.018872163025662303,0.01,2,True,
dose_response,0.02,92,MonotoneLSPIA,0.0046229403497654795,0.0,0.021649744012393057,0.021649744012393057,,38,True,
dose_response,0.02,92,Penalized monotone B-spline,0.004600151216348006,0.0,0.04263913398608565,0.00200400099856779,0.01,14,True,Optimization terminated successfully
dose_response,0.02,92,pyGAM,0.0045435070687815104,0.0,0.11313696199795231,0.0190803810255602,0.001,4,True,
dose_response,0.02,93,MonotoneLSPIA,0.0038716030191607,3.3273384048016694e-13,0.021068619971629232,0.021068619971629232,,28,True,
dose_response,0.02,93,Penalized monotone B-spline,0.003983389863166408,4.4364512064022255e-13,0.03987760498421267,0.0015427120379172266,0.01,8,True,Optimization terminated successfully
dose_response,0.02,93,pyGAM,0.005096008857682108,2.806055388049096e-10,0.11587559001054615,0.018778719007968903,0.1,2,True,
dose_response,0.02,94,MonotoneLSPIA,0.00453106864099212,0.0,0.023261366004589945,0.023261366004589945,,44,True,
dose_response,0.02,94,Penalized monotone B-spline,0.004479567428368339,0.0,0.03926564002176747,0.001727991970255971,0.01,8,True,Optimization terminated successfully
dose_response,0.02,94,pyGAM,0.004626702114279275,0.0,0.11013440100941807,0.014798415009863675,0.1,2,True,
dose_response,0.02,95,MonotoneLSPIA,0.004219680194511304,4.4364512064022255e-13,0.02167347801150754,0.02167347801150754,,32,True,
dose_response,0.02,95,Penalized monotone B-spline,0.0040400052589066445,4.4364512064022255e-13,0.040396387048531324,0.002165433019399643,0.01,13,True,Optimization terminated successfully
dose_response,0.02,95,pyGAM,0.00399728244264538,1.6614509767976335e-10,0.11178624402964488,0.01906107901595533,0.01,2,True,
dose_response,0.02,96,MonotoneLSPIA,0.00793063666972319,3.3273384048016694e-13,0.02150371199240908,0.02150371199240908,,32,True,
dose_response,0.02,96,Penalized monotone B-spline,0.007963139865387851,0.0,0.04237689299043268,0.0019357000128366053,0.01,12,True,Optimization terminated successfully
dose_response,0.02,96,pyGAM,0.007860175980126425,7.675060587074999e-11,0.11035733198514208,0.02293067000573501,0.001,5,True,
dose_response,0.02,97,MonotoneLSPIA,0.004210976411387427,3.3273384048016694e-13,0.02187626395607367,0.02187626395607367,,34,True,
dose_response,0.02,97,Penalized monotone B-spline,0.004289997865783681,4.4364512064022255e-13,0.03932142199482769,0.0016536739422008395,0.01,8,True,Optimization terminated successfully
dose_response,0.02,97,pyGAM,0.004298489169069871,1.9076740187527454e-10,0.12056836899137124,0.02358638698933646,0.01,2,True,
dose_response,0.02,98,MonotoneLSPIA,0.005191218046364905,0.0,0.025984640989918262,0.025984640989918262,,39,True,
dose_response,0.02,98,Penalized monotone B-spline,0.005189607815126777,0.0,0.04724167595850304,0.0019719660049304366,0.01,12,True,Optimization terminated successfully
dose_response,0.02,98,pyGAM,0.005717829279233697,0.0,0.1216077979770489,0.019258384010754526,0.1,3,True,
dose_response,0.02,99,MonotoneLSPIA,0.005800462566393074,4.4364512064022255e-13,0.02188771404325962,0.02188771404325962,,30,True,
dose_response,0.02,99,Penalized monotone B-spline,0.00579774472394488,3.3273384048016694e-13,0.040665102016646415,0.0016435699653811753,1e-08,9,True,Optimization terminated successfully
dose_response,0.02,99,pyGAM,0.005685152100752497,1.2433154505942236e-10,0.11333395499968901,0.019411813002079725,0.01,2,True,
dose_response,0.02,100,MonotoneLSPIA,0.00645507356356326,0.0,0.02047241001855582,0.02047241001855582,,21,True,
dose_response,0.02,100,Penalized monotone B-spline,0.006442352755438244,0.0,0.04361296497518197,0.0022861320176161826,0.01,13,True,Optimization terminated successfully
dose_response,0.02,100,pyGAM,0.006440842182945782,0.0,0.11699095898075029,0.019293554010801017,0.01,2,True,
dose_response,0.05,1,MonotoneLSPIA,0.012270450313544604,0.0,0.02591870096512139,0.02591870096512139,,52,True,
dose_response,0.05,1,Penalized monotone B-spline,0.012156333027130829,0.0,0.04182992997812107,0.001722201006487012,0.01,9,True,Optimization terminated successfully
dose_response,0.05,1,pyGAM,0.011951967076892445,0.0,0.10097211401443928,0.015037921024486423,0.01,2,True,
dose_response,0.05,2,MonotoneLSPIA,0.011818995129339671,4.4364512064022255e-13,0.022011146997101605,0.022011146997101605,,33,True,
dose_response,0.05,2,Penalized monotone B-spline,0.011557172053099427,4.4364512064022255e-13,0.040709645953029394,0.0018315830384381115,0.01,11,True,Optimization terminated successfully
dose_response,0.05,2,pyGAM,0.011551710795622281,1.102458124790953e-09,0.1139431269839406,0.02264509501401335,0.01,2,True,
dose_response,0.05,3,MonotoneLSPIA,0.013778681213461538,0.0,0.02368421305436641,0.02368421305436641,,49,True,
dose_response,0.05,3,Penalized monotone B-spline,0.013743185967689323,0.0,0.041802828025538474,0.0018759950180537999,0.01,11,True,Optimization terminated successfully
dose_response,0.05,3,pyGAM,0.01339761007344505,0.0,0.1065440610400401,0.015032794966828078,0.1,2,True,
dose_response,0.05,4,MonotoneLSPIA,0.013787856430309112,0.0,0.02188980398932472,0.02188980398932472,,37,True,
dose_response,0.05,4,Penalized monotone B-spline,0.013776674829250473,0.0,0.04037410399178043,0.0017497669905424118,0.0001,10,True,Optimization terminated successfully
dose_response,0.05,4,pyGAM,0.011841816226952531,0.0,0.09570604399777949,0.015247559000272304,0.1,2,True,
dose_response,0.05,5,MonotoneLSPIA,0.012974787143184502,0.0,0.021582412999123335,0.021582412999123335,,33,True,
dose_response,0.05,5,Penalized monotone B-spline,0.012986672190827718,0.0,0.04267437197268009,0.0020736110163852572,0.0001,11,True,Optimization terminated successfully
dose_response,0.05,5,pyGAM,0.012176638113675966,0.0,0.10214342596009374,0.018941015005111694,0.01,2,True,
dose_response,0.05,6,MonotoneLSPIA,0.010938839628719207,4.4364512064022255e-13,0.02120979002211243,0.02120979002211243,,28,True,
dose_response,0.05,6,Penalized monotone B-spline,0.010847232500298065,4.4364512064022255e-13,0.038921629020478576,0.0017544659785926342,0.01,11,True,Optimization terminated successfully
dose_response,0.05,6,pyGAM,0.010742382991302596,1.1115528497640623e-09,0.1152619980275631,0.019054856966249645,0.1,2,True,
dose_response,0.05,7,MonotoneLSPIA,0.010550736009625342,3.3273384048016694e-13,0.0210955340298824,0.0210955340298824,,25,True,
dose_response,0.05,7,Penalized monotone B-spline,0.010589863206677957,3.3273384048016694e-13,0.04159544501453638,0.001975680992472917,0.01,13,True,Optimization terminated successfully
dose_response,0.05,7,pyGAM,0.00960118932879053,0.0,0.11273016803897917,0.019083450024481863,0.1,2,True,
dose_response,0.05,8,MonotoneLSPIA,0.010703503950921126,3.4659775050016606e-15,0.021294511971063912,0.021294511971063912,,28,True,
dose_response,0.05,8,Penalized monotone B-spline,0.010618283753271195,2.5994831287512454e-15,0.041067741985898465,0.0016921409987844527,0.01,8,True,Optimization terminated successfully
dose_response,0.05,8,pyGAM,0.01031619566483577,1.197176358047624e-09,0.11369291401933879,0.015116763999685645,0.1,3,True,
dose_response,0.05,9,MonotoneLSPIA,0.014763519749816016,0.0,0.021922322979662567,0.021922322979662567,,29,True,
dose_response,0.05,9,Penalized monotone B-spline,0.01428295313917345,0.0,0.04317284398712218,0.001987662981264293,0.01,12,True,Optimization terminated successfully
dose_response,0.05,9,pyGAM,0.012127351353180946,0.0,0.10223418596433476,0.015304507978726178,0.1,2,True,
dose_response,0.05,10,MonotoneLSPIA,0.013948499466294048,0.0,0.02297116501722485,0.02297116501722485,,42,True,
dose_response,0.05,10,Penalized monotone B-spline,0.013771864777325228,0.0,0.041961105016525835,0.0019301709835417569,0.01,12,True,Optimization terminated successfully
dose_response,0.05,10,pyGAM,0.019600422784715712,0.0,0.11598208302166313,0.01918216299964115,1.0,4,True,
dose_response,0.05,11,MonotoneLSPIA,0.012172853326437506,0.0,0.023517697991337627,0.023517697991337627,,45,True,
dose_response,0.05,11,Penalized monotone B-spline,0.012122486008535088,0.0,0.044144254992716014,0.0018901239964179695,0.01,11,True,Optimization terminated successfully
dose_response,0.05,11,pyGAM,0.011872940905795892,0.0,0.11120213201502338,0.014924679009709507,0.1,3,True,
dose_response,0.05,12,MonotoneLSPIA,0.009543157800546079,0.0,0.022123216011095792,0.022123216011095792,,37,True,
dose_response,0.05,12,Penalized monotone B-spline,0.009596940432225079,0.0,0.04171550599858165,0.0019588469876907766,0.01,12,True,Optimization terminated successfully
dose_response,0.05,12,pyGAM,0.01019039527105477,0.0,0.11345073999837041,0.015119437011890113,0.1,3,True,
dose_response,0.05,13,MonotoneLSPIA,0.013230425049748007,0.0,0.023251889972016215,0.023251889972016215,,46,True,
dose_response,0.05,13,Penalized monotone B-spline,0.013297561789313845,0.0,0.042225033044815063,0.0021372640039771795,0.01,12,True,Optimization terminated successfully
dose_response,0.05,13,pyGAM,0.01385200418764059,0.0,0.10225296497810632,0.014813607966061682,0.1,2,True,
dose_response,0.05,14,MonotoneLSPIA,0.011832775669772347,4.4364512064022255e-13,0.02014843496726826,0.02014843496726826,,23,True,
dose_response,0.05,14,Penalized monotone B-spline,0.011899460856779575,4.4364512064022255e-13,0.042830490972846746,0.0020933119812980294,0.01,14,True,Optimization terminated successfully
dose_response,0.05,14,pyGAM,0.012668209494305886,9.917686671912175e-10,0.1142443849821575,0.018833128036931157,0.1,2,True,
dose_response,0.05,15,MonotoneLSPIA,0.012940676411332702,4.4364512064022255e-13,0.02321123197907582,0.02321123197907582,,40,True,
dose_response,0.05,15,Penalized monotone B-spline,0.012835000473359977,3.3273384048016694e-13,0.04169003601418808,0.0016512420261278749,0.01,9,True,Optimization terminated successfully
dose_response,0.05,15,pyGAM,0.012335890858858247,5.851679141244536e-10,0.11357282201061025,0.019404986000154167,0.1,2,True,
dose_response,0.05,16,MonotoneLSPIA,0.012501436623004115,0.0,0.022007576015312225,0.022007576015312225,,26,True,
dose_response,0.05,16,Penalized monotone B-spline,0.01236751347762831,0.0,0.04158067295793444,0.001840398006606847,0.01,11,True,Optimization terminated successfully
dose_response,0.05,16,pyGAM,0.012352151366465076,0.0,0.11098738200962543,0.01985648600384593,0.001,4,True,
dose_response,0.05,17,MonotoneLSPIA,0.01014405645550416,3.3273384048016694e-13,0.02091124898288399,0.02091124898288399,,25,True,
dose_response,0.05,17,Penalized monotone B-spline,0.00995350492090367,3.3273384048016694e-13,0.04265948903048411,0.001697919040452689,0.01,10,True,Optimization terminated successfully
dose_response,0.05,17,pyGAM,0.009053063299820783,9.555006785787734e-10,0.11238376697292551,0.015310709015466273,0.1,2,True,
dose_response,0.05,18,MonotoneLSPIA,0.011429127852604115,4.4364512064022255e-13,0.02132180501939729,0.02132180501939729,,28,True,
dose_response,0.05,18,Penalized monotone B-spline,0.011056049554539026,4.4364512064022255e-13,0.04223566100699827,0.002025974972639233,0.01,13,True,Optimization terminated successfully
dose_response,0.05,18,pyGAM,0.009314843519268807,3.7909475558702813e-10,0.10629281599540263,0.019187650992535055,0.1,3,True,
dose_response,0.05,19,MonotoneLSPIA,0.016937660876719614,0.0,0.023178703035227954,0.023178703035227954,,42,True,
dose_response,0.05,19,Penalized monotone B-spline,0.016799923649988377,0.0,0.04135148599743843,0.002167070982977748,0.01,14,True,Optimization terminated successfully
dose_response,0.05,19,pyGAM,0.01518729102772878,0.0,0.09904975799145177,0.015112353954464197,0.1,2,True,
dose_response,0.05,20,MonotoneLSPIA,0.018491626584848268,0.0,0.022371725004632026,0.022371725004632026,,36,True,
dose_response,0.05,20,Penalized monotone B-spline,0.018470713252136915,0.0,0.043459165026433766,0.0020636260160245,0.01,13,True,Optimization terminated successfully
dose_response,0.05,20,pyGAM,0.01854463947442311,0.0,0.09994659101357684,0.018845934013370425,0.1,2,True,
dose_response,0.05,21,MonotoneLSPIA,0.013824487004438727,4.4364512064022255e-13,0.02164639497641474,0.02164639497641474,,29,True,
dose_response,0.05,21,Penalized monotone B-spline,0.013314915152920275,4.436451206401733e-13,0.042335019970778376,0.0019466869998723269,0.01,9,True,Optimization terminated successfully
dose_response,0.05,21,pyGAM,0.013086642716136201,5.770713906727695e-10,0.11119249003240839,0.018928835983388126,0.01,2,True,
dose_response,0.05,22,MonotoneLSPIA,0.009274955632491592,0.0,0.02226595999673009,0.02226595999673009,,37,True,
dose_response,0.05,22,Penalized monotone B-spline,0.009301737313808262,0.0,0.04200781701365486,0.002001723973080516,0.01,13,True,Optimization terminated successfully
dose_response,0.05,22,pyGAM,0.018294981655634226,3.214208899038056e-10,0.11390637396834791,0.019164675031788647,1.0,3,True,
dose_response,0.05,23,MonotoneLSPIA,0.01253890828683158,0.0,0.02177810500143096,0.02177810500143096,,29,True,
dose_response,0.05,23,Penalized monotone B-spline,0.012155280537109894,0.0,0.04169483797159046,0.0019367539789527655,0.01,12,True,Optimization terminated successfully
dose_response,0.05,23,pyGAM,0.009880623347582865,0.0,0.10925040300935507,0.01931784104090184,0.1,2,True,
dose_response,0.05,24,MonotoneLSPIA,0.013224676059270244,3.3273384048016694e-13,0.020862164965365082,0.020862164965365082,,26,True,
dose_response,0.05,24,Penalized monotone B-spline,0.01308960675921684,3.3273384048016694e-13,0.04023914103163406,0.0019363390165381134,0.01,13,True,Optimization terminated successfully
dose_response,0.05,24,pyGAM,0.013097594688389013,6.67685906563535e-10,0.11978224699851125,0.027229342027567327,0.01,2,True,
dose_response,0.05,25,MonotoneLSPIA,0.01573295010688318,4.4364512064022255e-13,0.02294958900893107,0.02294958900893107,,43,True,
dose_response,0.05,25,Penalized monotone B-spline,0.015722078881684132,2.2182256032011127e-13,0.04046964697772637,0.0019329480128362775,0.0001,9,True,Optimization terminated successfully
dose_response,0.05,25,pyGAM,0.014937158399104098,7.053957418179539e-11,0.11023950699018314,0.014920013025403023,0.01,2,True,
dose_response,0.05,26,MonotoneLSPIA,0.011965424842695159,0.0,0.023431863985024393,0.023431863985024393,,42,True,
dose_response,0.05,26,Penalized monotone B-spline,0.012035692970201625,0.0,0.04378377698594704,0.002040961990132928,0.01,13,True,Optimization terminated successfully
dose_response,0.05,26,pyGAM,0.012492293090932922,0.0,0.09761483100010082,0.018853239016607404,0.1,2,True,
dose_response,0.05,27,MonotoneLSPIA,0.017157398891078653,0.0,0.023558843007776886,0.023558843007776886,,43,True,
dose_response,0.05,27,Penalized monotone B-spline,0.017024972932406957,0.0,0.042731268040370196,0.0016291950014419854,0.01,9,True,Optimization terminated successfully
dose_response,0.05,27,pyGAM,0.01640389102172911,0.0,0.105031571991276,0.014835864014457911,0.1,3,True,
dose_response,0.05,28,MonotoneLSPIA,0.018039997226292858,0.0,0.023096230055671185,0.023096230055671185,,41,True,
dose_response,0.05,28,Penalized monotone B-spline,0.017465602293531536,0.0,0.042924601992126554,0.0019406229839660227,0.01,12,True,Optimization terminated successfully
dose_response,0.05,28,pyGAM,0.017808434912541776,0.0,0.11327712394995615,0.018552588007878512,0.001,4,True,
dose_response,0.05,29,MonotoneLSPIA,0.013131314066280856,0.0,0.0235033180215396,0.0235033180215396,,44,True,
dose_response,0.05,29,Penalized monotone B-spline,0.01297239205343815,0.0,0.04349012998864055,0.002334407006856054,0.01,12,True,Optimization terminated successfully
dose_response,0.05,29,pyGAM,0.012271330593450286,0.0,0.10567177197663113,0.015069416025653481,0.1,2,True,
dose_response,0.05,30,MonotoneLSPIA,0.012605565036270076,0.0,0.023156980983912945,0.023156980983912945,,44,True,
dose_response,0.05,30,Penalized monotone B-spline,0.012296780192642558,0.0,0.042908684990834445,0.002045312023255974,0.01,12,True,Optimization terminated successfully
dose_response,0.05,30,pyGAM,0.011410437281792028,0.0,0.0966339010046795,0.014698422979563475,0.1,3,True,
dose_response,0.05,31,MonotoneLSPIA,0.008391216811184906,3.3273384048016694e-13,0.02149331703549251,0.02149331703549251,,34,True,
dose_response,0.05,31,Penalized monotone B-spline,0.008076028138729681,3.3273384048016694e-13,0.04172555898549035,0.0017776499735191464,0.01,10,True,Optimization terminated successfully
dose_response,0.05,31,pyGAM,0.005909618787192382,7.307944249746066e-10,0.10862974199699238,0.01920535898534581,0.1,2,True,
dose_response,0.05,32,MonotoneLSPIA,0.015219573603189828,3.3273384048016694e-13,0.02228151203598827,0.02228151203598827,,36,True,
dose_response,0.05,32,Penalized monotone B-spline,0.014979294632725739,4.4364512064022255e-13,0.03886895900359377,0.0016490209964103997,0.01,10,True,Optimization terminated successfully
dose_response,0.05,32,pyGAM,0.014176550498948219,1.8629767728484548e-09,0.11035894200904295,0.018861106014810503,0.1,2,True,
dose_response,0.05,33,MonotoneLSPIA,0.010555256887915697,0.0,0.021130340988747776,0.021130340988747776,,31,True,
dose_response,0.05,33,Penalized monotone B-spline,0.010647074382244751,0.0,0.04463537799892947,0.002275568025652319,0.01,11,True,Optimization terminated successfully
dose_response,0.05,33,pyGAM,0.011457901509899044,0.0,0.10439855797449127,0.015321868006139994,0.1,3,True,
dose_response,0.05,34,MonotoneLSPIA,0.011428108904992643,0.0,0.022835844021756202,0.022835844021756202,,38,True,
dose_response,0.05,34,Penalized monotone B-spline,0.018912947547482163,0.0,0.042700744001194835,0.0014320070040412247,1.0,7,True,Optimization terminated successfully
dose_response,0.05,34,pyGAM,0.01143351601968447,0.0,0.09920604695798829,0.018019276030827314,0.1,2,True,
dose_response,0.05,35,MonotoneLSPIA,0.006833255732105428,4.436451206401733e-13,0.020963507005944848,0.020963507005944848,,27,True,
dose_response,0.05,35,Penalized monotone B-spline,0.0065980310417172415,4.4364512064022255e-13,0.03973693703301251,0.0017063140403479338,0.01,10,True,Optimization terminated successfully
dose_response,0.05,35,pyGAM,0.006318744648448651,7.719425099139872e-10,0.1125849629752338,0.0195027319714427,0.1,2,True,
dose_response,0.05,36,MonotoneLSPIA,0.012617860210561941,4.4364512064022255e-13,0.021777257963549346,0.021777257963549346,,27,True,
dose_response,0.05,36,Penalized monotone B-spline,0.012478877048698506,4.4364512064022255e-13,0.03890347195556387,0.0017813050071708858,0.01,10,True,Optimization terminated successfully
dose_response,0.05,36,pyGAM,0.0120398876786629,1.6580127271124877e-09,0.11481847596587613,0.018553735979367048,0.1,2,True,
dose_response,0.05,37,MonotoneLSPIA,0.010629838073984552,0.0,0.022090022976044565,0.022090022976044565,,36,True,
dose_response,0.05,37,Penalized monotone B-spline,0.010640594930702404,0.0,0.041327344020828605,0.002172362001147121,1e-08,13,True,Optimization terminated successfully
dose_response,0.05,37,pyGAM,0.010516109578933642,0.0,0.10969202499836683,0.019083493039943278,0.01,2,True,
dose_response,0.05,38,MonotoneLSPIA,0.011117509413833562,0.0,0.021274913975503296,0.021274913975503296,,26,True,
dose_response,0.05,38,Penalized monotone B-spline,0.01124097060304282,0.0,0.042329478019382805,0.002044976979959756,0.01,13,True,Optimization terminated successfully
dose_response,0.05,38,pyGAM,0.012394419491109705,0.0,0.11457802704535425,0.019466659985482693,0.1,2,True,
dose_response,0.05,39,MonotoneLSPIA,0.015142400511080942,0.0,0.02500753296772018,0.02500753296772018,,50,True,
dose_response,0.05,39,Penalized monotone B-spline,0.014846429540073492,0.0,0.04427510697860271,0.0017850029980763793,0.01,10,True,Optimization terminated successfully
dose_response,0.05,39,pyGAM,0.013113537753050297,0.0,0.10463825496844947,0.015541670029051602,0.1,2,True,
dose_response,0.05,40,MonotoneLSPIA,0.008415054395243843,0.0,0.02152454195311293,0.02152454195311293,,26,True,
dose_response,0.05,40,Penalized monotone B-spline,0.008189098274222683,0.0,0.04327705898322165,0.0018043399904854596,0.01,10,True,Optimization terminated successfully
dose_response,0.05,40,pyGAM,0.006838578413938873,0.0,0.11101206199964508,0.019239845976699144,0.1,2,True,
dose_response,0.05,41,MonotoneLSPIA,0.013351204081689876,3.3273384048016694e-13,0.021914548007771373,0.021914548007771373,,30,True,
dose_response,0.05,41,Penalized monotone B-spline,0.013211164223435585,3.3273384048016694e-13,0.04181840398814529,0.002281287976074964,0.01,13,True,Optimization terminated successfully
dose_response,0.05,41,pyGAM,0.012908225399562516,1.6769785560200412e-10,0.11660400399705395,0.019197618996258825,0.1,3,True,
dose_response,0.05,42,MonotoneLSPIA,0.008596384880755386,4.4364512064022255e-13,0.021348402951844037,0.021348402951844037,,26,True,
dose_response,0.05,42,Penalized monotone B-spline,0.008741379227073631,3.3273384048016694e-13,0.043226880952715874,0.002219874004367739,0.01,12,True,Optimization terminated successfully
dose_response,0.05,42,pyGAM,0.009495178516229691,1.6880696840358596e-10,0.11830784304765984,0.01916245702886954,0.1,2,True,
dose_response,0.05,43,MonotoneLSPIA,0.011248866915583878,2.599483128751268e-15,0.02110884099965915,0.02110884099965915,,25,True,
dose_response,0.05,43,Penalized monotone B-spline,0.011131746143503487,2.5994831287512498e-15,0.04067351797129959,0.0014257740112952888,0.01,7,True,Optimization terminated successfully
dose_response,0.05,43,pyGAM,0.010668435066206704,4.910042372685595e-10,0.11249050102196634,0.01906749204499647,0.1,3,True,
dose_response,0.05,44,MonotoneLSPIA,0.012295498552424667,4.4364512064022255e-13,0.02378757600672543,0.02378757600672543,,44,True,
dose_response,0.05,44,Penalized monotone B-spline,0.012296530455976852,4.4364512064022255e-13,0.04042130499146879,0.0015488810022361577,0.01,8,True,Optimization terminated successfully
dose_response,0.05,44,pyGAM,0.012956051086016267,1.7546164521318856e-10,0.10992932098452002,0.019608819973655045,0.1,2,True,
dose_response,0.05,45,MonotoneLSPIA,0.014349146412408104,0.0,0.022866877960041165,0.022866877960041165,,32,True,
dose_response,0.05,45,Penalized monotone B-spline,0.021779406823044405,0.0,0.044957706006243825,0.0018178769969381392,1.0,9,True,Optimization terminated successfully
dose_response,0.05,45,pyGAM,0.015173894103769542,0.0,0.10861090704565868,0.015146447985898703,0.1,2,True,
dose_response,0.05,46,MonotoneLSPIA,0.015475522027935775,0.0,0.024755032965913415,0.024755032965913415,,46,True,
dose_response,0.05,46,Penalized monotone B-spline,0.015165165363830788,0.0,0.04007031599758193,0.0020382030052132905,0.01,13,True,Optimization terminated successfully
dose_response,0.05,46,pyGAM,0.013827723303815218,0.0,0.11739921197295189,0.01631540502421558,0.1,4,True,
dose_response,0.05,47,MonotoneLSPIA,0.009993713956588731,0.0,0.02379110100446269,0.02379110100446269,,36,True,
dose_response,0.05,47,Penalized monotone B-spline,0.009564040556608429,0.0,0.04238633101340383,0.0017417449853383005,0.01,9,True,Optimization terminated successfully
dose_response,0.05,47,pyGAM,0.00678450893680725,0.0,0.11452872597146779,0.015871962998062372,0.1,4,True,
dose_response,0.05,48,MonotoneLSPIA,0.015562536452688128,0.0,0.021690863999538124,0.021690863999538124,,26,True,
dose_response,0.05,48,Penalized monotone B-spline,0.015567991466719023,0.0,0.04465771798277274,0.0023242129827849567,1e-08,15,True,Optimization terminated successfully
dose_response,0.05,48,pyGAM,0.015127531569642404,0.0,0.11142719304189086,0.019849735021125525,0.001,4,True,
dose_response,0.05,49,MonotoneLSPIA,0.013732537077575498,6.931955010003381e-15,0.023184210993349552,0.023184210993349552,,38,True,
dose_response,0.05,49,Penalized monotone B-spline,0.013728937226718044,6.931955010003333e-15,0.04187587200431153,0.0017580679850652814,0.01,9,True,Optimization terminated successfully
dose_response,0.05,49,pyGAM,0.013862911118945418,9.691427660385528e-10,0.11171347502386197,0.020302864024415612,0.1,2,True,
dose_response,0.05,50,MonotoneLSPIA,0.012952895686092132,0.0,0.024076489033177495,0.024076489033177495,,41,True,
dose_response,0.05,50,Penalized monotone B-spline,0.012795409023261341,0.0,0.04334291000850499,0.0021146300132386386,0.01,13,True,Optimization terminated successfully
dose_response,0.05,50,pyGAM,0.011431850937603972,0.0,0.12080820894334465,0.020606427046004683,0.1,4,True,
dose_response,0.05,51,MonotoneLSPIA,0.01082488662102178,0.0,0.021306527021806687,0.021306527021806687,,22,True,
dose_response,0.05,51,Penalized monotone B-spline,0.010776246747802908,0.0,0.04763222800102085,0.0021492820233106613,0.01,12,True,Optimization terminated successfully
dose_response,0.05,51,pyGAM,0.010478595835400641,0.0,0.12420171301346272,0.016908048011828214,0.1,3,True,
dose_response,0.05,52,MonotoneLSPIA,0.008184728600340634,0.0,0.02568587101995945,0.02568587101995945,,47,True,
dose_response,0.05,52,Penalized monotone B-spline,0.008010541154991405,0.0,0.049433909996878356,0.0019973409944213927,0.01,11,True,Optimization terminated successfully
dose_response,0.05,52,pyGAM,0.007492836066075682,0.0,0.11986440897453576,0.016523914993740618,0.1,2,True,
dose_response,0.05,53,MonotoneLSPIA,0.008341570596297277,4.4364512064022255e-13,0.023282092006411403,0.023282092006411403,,29,True,
dose_response,0.05,53,Penalized monotone B-spline,0.007809359879689053,3.3273384048016694e-13,0.046806887025013566,0.0019524990348145366,0.01,11,True,Optimization terminated successfully
dose_response,0.05,53,pyGAM,0.005748197310589854,2.0429857805482248e-10,0.11814734298968688,0.020416576007846743,0.1,2,True,
dose_response,0.05,54,MonotoneLSPIA,0.019009169264191623,0.0,0.02554840297671035,0.02554840297671035,,45,True,
dose_response,0.05,54,Penalized monotone B-spline,0.01880474900164696,0.0,0.04693667299579829,0.0017753270221874118,0.01,9,True,Optimization terminated successfully
dose_response,0.05,54,pyGAM,0.018011146100785407,0.0,0.11948423401918262,0.016221000987570733,0.1,2,True,
dose_response,0.05,55,MonotoneLSPIA,0.009592641942124485,0.0,0.026232748001348227,0.026232748001348227,,44,True,
dose_response,0.05,55,Penalized monotone B-spline,0.009366363958634594,0.0,0.04600244195898995,0.0026931280153803527,0.01,13,True,Optimization terminated successfully
dose_response,0.05,55,pyGAM,0.0066417845123058475,0.0,0.11414666200289503,0.01698877295712009,0.1,2,True,
dose_response,0.05,56,MonotoneLSPIA,0.01127402907201968,6.498707821878114e-16,0.02261419501155615,0.02261419501155615,,22,True,
dose_response,0.05,56,Penalized monotone B-spline,0.011262968061834269,2.1662359406260566e-16,0.043966808007098734,0.0022097089677117765,1e-08,10,True,Optimization terminated successfully
dose_response,0.05,56,pyGAM,0.011177753275196057,5.573291828042641e-10,0.1238483950146474,0.02128102700226009,0.1,3,True,
dose_response,0.05,57,MonotoneLSPIA,0.01474927320615147,0.0,0.026747951982542872,0.026747951982542872,,50,True,
dose_response,0.05,57,Penalized monotone B-spline,0.014602425477466352,0.0,0.04910093802027404,0.00230222602840513,0.01,14,True,Optimization terminated successfully
dose_response,0.05,57,pyGAM,0.013817001415328638,0.0,0.12026216101367027,0.0167631619842723,0.1,2,True,
dose_response,0.05,58,MonotoneLSPIA,0.010683329577858931,0.0,0.026661253010388464,0.026661253010388464,,46,True,
dose_response,0.05,58,Penalized monotone B-spline,0.010261204366989816,0.0,0.046539282018784434,0.002397137985099107,0.01,14,True,Optimization terminated successfully
dose_response,0.05,58,pyGAM,0.006996986815924222,0.0,0.12302360002649948,0.02096620900556445,0.1,3,True,
dose_response,0.05,59,MonotoneLSPIA,0.012544307458375252,0.0,0.025319001986645162,0.025319001986645162,,39,True,
dose_response,0.05,59,Penalized monotone B-spline,0.012527874707582718,0.0,0.04731559898937121,0.0023790670093148947,1e-08,14,True,Optimization terminated successfully
dose_response,0.05,59,pyGAM,0.010549275594023173,0.0,0.13417522003874183,0.016690633026883006,0.1,4,True,
dose_response,0.05,60,MonotoneLSPIA,0.008485154336024595,3.3273384048016694e-13,0.023081074003130198,0.023081074003130198,,25,True,
dose_response,0.05,60,Penalized monotone B-spline,0.008374494347359715,4.4364512064022255e-13,0.04486631799954921,0.002098814002238214,0.01,11,True,Optimization terminated successfully
dose_response,0.05,60,pyGAM,0.008650001024261118,1.215365807993755e-09,0.1276516629732214,0.02122117404360324,0.1,2,True,
dose_response,0.05,61,MonotoneLSPIA,0.012267569309650077,0.0,0.022428656986448914,0.022428656986448914,,20,True,
dose_response,0.05,61,Penalized monotone B-spline,0.01199244272894029,0.0,0.04781262599863112,0.0021691370056942105,0.01,12,True,Optimization terminated successfully
dose_response,0.05,61,pyGAM,0.011057234846813183,0.0,0.11950202198931947,0.017163305019494146,0.1,2,True,
dose_response,0.05,62,MonotoneLSPIA,0.01416510042797008,0.0,0.025008602999150753,0.025008602999150753,,37,True,
dose_response,0.05,62,Penalized monotone B-spline,0.014030683353453123,0.0,0.048229862994048744,0.002531527017708868,0.01,15,True,Optimization terminated successfully
dose_response,0.05,62,pyGAM,0.014065995378368074,0.0,0.11952081904746592,0.02589615498436615,0.001,5,True,
dose_response,0.05,63,MonotoneLSPIA,0.010621137415270944,4.4364512064022255e-13,0.025603236979804933,0.025603236979804933,,42,True,
dose_response,0.05,63,Penalized monotone B-spline,0.010446796854271316,2.2182256032011127e-13,0.044319442997220904,0.0019299300038255751,0.01,10,True,Optimization terminated successfully
dose_response,0.05,63,pyGAM,0.009578211758913222,6.341906999551981e-10,0.12470236199442297,0.021381328988354653,0.1,3,True,
dose_response,0.05,64,MonotoneLSPIA,0.013898466497830074,0.0,0.02635738399112597,0.02635738399112597,,42,True,
dose_response,0.05,64,Penalized monotone B-spline,0.013890593210227474,0.0,0.04493656201520935,0.0023703029728494585,0.01,13,True,Optimization terminated successfully
dose_response,0.05,64,pyGAM,0.01352105558660609,0.0,0.11390537797706202,0.016687159019056708,0.1,3,True,
dose_response,0.05,65,MonotoneLSPIA,0.009947599682108944,0.0,0.02531836403068155,0.02531836403068155,,36,True,
dose_response,0.05,65,Penalized monotone B-spline,0.009872103951472502,0.0,0.045092391956131905,0.0019775760010816157,0.01,10,True,Optimization terminated successfully
dose_response,0.05,65,pyGAM,0.009643650580631368,0.0,0.12468845502007753,0.020931639010086656,0.1,2,True,
dose_response,0.05,66,MonotoneLSPIA,0.013029328824667452,2.5994831287512498e-15,0.02130704402225092,0.02130704402225092,,13,True,
dose_response,0.05,66,Penalized monotone B-spline,0.013067812113670623,2.5994831287512498e-15,0.04543297999771312,0.002041779982391745,0.01,11,True,Optimization terminated successfully
dose_response,0.05,66,pyGAM,0.01335535218275066,2.0795865030010144e-10,0.12240801099687815,0.021222893032245338,0.1,2,True,
dose_response,0.05,67,MonotoneLSPIA,0.009884713906757736,0.0,0.024087614030577242,0.024087614030577242,,30,True,
dose_response,0.05,67,Penalized monotone B-spline,0.009805694443055261,0.0,0.04828724998515099,0.001876830996479839,0.01,9,True,Optimization terminated successfully
dose_response,0.05,67,pyGAM,0.00973956466988906,0.0,0.11550808901665732,0.01738583203405142,0.1,3,True,
dose_response,0.05,68,MonotoneLSPIA,0.005730106389221197,0.0,0.026500619016587734,0.026500619016587734,,37,True,
dose_response,0.05,68,Penalized monotone B-spline,0.005681114197592976,0.0,0.046286538999993354,0.002152572968043387,0.01,10,True,Optimization terminated successfully
dose_response,0.05,68,pyGAM,0.005889874626815354,0.0,0.13111043901881203,0.017595074023120105,0.1,2,True,
dose_response,0.05,69,MonotoneLSPIA,0.009638153502841635,0.0,0.02567852201173082,0.02567852201173082,,34,True,
dose_response,0.05,69,Penalized monotone B-spline,0.009440805122634847,0.0,0.051689660002011806,0.0022985939867794514,0.01,13,True,Optimization terminated successfully
dose_response,0.05,69,pyGAM,0.008359990482381745,0.0,0.12041801196755841,0.017256844032090157,0.1,2,True,
dose_response,0.05,70,MonotoneLSPIA,0.01620454031230341,0.0,0.024417531036306173,0.024417531036306173,,27,True,
dose_response,0.05,70,Penalized monotone B-spline,0.01624541651167398,0.0,0.04759609198663384,0.002342691004741937,0.01,13,True,Optimization terminated successfully
dose_response,0.05,70,pyGAM,0.02296934594763813,0.0,0.11331011104630306,0.017458497022744268,1.0,2,True,
dose_response,0.05,71,MonotoneLSPIA,0.009136540245046895,4.4364512064022255e-13,0.02518758299993351,0.02518758299993351,,29,True,
dose_response,0.05,71,Penalized monotone B-spline,0.009103069236040928,4.436451206401733e-13,0.04473570600384846,0.002156491973437369,0.01,12,True,Optimization terminated successfully
dose_response,0.05,71,pyGAM,0.008956872731036567,1.359661383482122e-09,0.13362193398643285,0.02252917201258242,0.1,2,True,
dose_response,0.05,72,MonotoneLSPIA,0.012960593584992458,0.0,0.025840451009571552,0.025840451009571552,,39,True,
dose_response,0.05,72,Penalized monotone B-spline,0.012589278374267099,0.0,0.0496613800060004,0.00247457402292639,0.01,14,True,Optimization terminated successfully
dose_response,0.05,72,pyGAM,0.01045667893198971,0.0,0.12860440398799255,0.021812390012200922,0.1,3,True,
dose_response,0.05,73,MonotoneLSPIA,0.017206542043238054,0.0,0.027280186011921614,0.027280186011921614,,47,True,
dose_response,0.05,73,Penalized monotone B-spline,0.017147894763475977,0.0,0.048948253970593214,0.0022803129977546632,0.01,12,True,Optimization terminated successfully
dose_response,0.05,73,pyGAM,0.01694214289831713,0.0,0.12449182098498568,0.021801129973027855,0.1,2,True,
dose_response,0.05,74,MonotoneLSPIA,0.01689150167456722,0.0,0.02756615699036047,0.02756615699036047,,48,True,
dose_response,0.05,74,Penalized monotone B-spline,0.016642243909192785,0.0,0.040491558029316366,0.0019324549939483404,0.01,9,True,Optimization terminated successfully
dose_response,0.05,74,pyGAM,0.015413980071330049,0.0,2.2738341229851358,0.018280250020325184,0.1,3,True,did not converge
dose_response,0.05,75,MonotoneLSPIA,0.017750600560008104,0.0,0.026228514965623617,0.026228514965623617,,42,True,
dose_response,0.05,75,Penalized monotone B-spline,0.01736501054157994,0.0,0.053272166987881064,0.0023532179766334593,0.01,10,True,Optimization terminated successfully
dose_response,0.05,75,pyGAM,0.014962188695957489,0.0,0.12054395501036197,0.017944688035640866,0.1,3,True,
dose_response,0.05,76,MonotoneLSPIA,0.011714581310630624,0.0,0.026181579974945635,0.026181579974945635,,34,True,
dose_response,0.05,76,Penalized monotone B-spline,0.011623640288867167,0.0,0.0500109099666588,0.0027986239874735475,0.01,13,True,Optimization terminated successfully
dose_response,0.05,76,pyGAM,0.010159068190493328,4.88675100385195e-10,0.1239469469874166,0.022139355016406626,0.1,3,True,
dose_response,0.05,77,MonotoneLSPIA,0.010260301819075734,0.0,0.02655057597439736,0.02655057597439736,,39,True,
dose_response,0.05,77,Penalized monotone B-spline,0.010069724470770538,0.0,0.04833456396590918,0.0022051770356483757,0.01,11,True,Optimization terminated successfully
dose_response,0.05,77,pyGAM,0.00934753169810792,0.0,0.12199472001520917,0.017463626980315894,0.1,2,True,
dose_response,0.05,78,MonotoneLSPIA,0.006598067609978533,0.0,0.027718832017853856,0.027718832017853856,,48,True,
dose_response,0.05,78,Penalized monotone B-spline,0.006619432721312592,2.5994831287512498e-15,0.04883861099369824,0.0022778999991714954,0.01,12,True,Optimization terminated successfully
dose_response,0.05,78,pyGAM,0.006743434219596911,4.778057949295097e-10,0.14260125497821718,0.021399800025392324,0.1,3,True,
dose_response,0.05,79,MonotoneLSPIA,0.010970300525919019,2.599483128751268e-15,0.024093470012303442,0.024093470012303442,,27,True,
dose_response,0.05,79,Penalized monotone B-spline,0.0107709222840639,2.5994831287512454e-15,0.047848479996901006,0.002127757004927844,0.01,9,True,Optimization terminated successfully
dose_response,0.05,79,pyGAM,0.008642434879141991,5.256085566784964e-10,0.12312944402219728,0.017175160988699645,0.1,2,True,
dose_response,0.05,80,MonotoneLSPIA,0.01108757564152205,1.2997415643756249e-15,0.02380111499223858,0.02380111499223858,,22,True,
dose_response,0.05,80,Penalized monotone B-spline,0.010977856077695053,1.2997415643756249e-15,0.04550904099596664,0.0018954079714603722,0.01,9,True,Optimization terminated successfully
dose_response,0.05,80,pyGAM,0.010970415887634297,1.609322675122385e-10,0.13809958600904793,0.022247008979320526,0.01,2,True,
dose_response,0.05,81,MonotoneLSPIA,0.014583828974602111,4.436451206401733e-13,0.02488458901643753,0.02488458901643753,,34,True,
dose_response,0.05,81,Penalized monotone B-spline,0.014648531155195977,4.4364512064022255e-13,0.04209843400167301,0.0018530950183048844,0.01,9,True,Optimization terminated successfully
dose_response,0.05,81,pyGAM,0.014143979502939887,7.19592385678441e-10,0.1272060860064812,0.02165734302252531,0.01,2,True,
dose_response,0.05,82,MonotoneLSPIA,0.015079686002756679,0.0,0.02245313604362309,0.02245313604362309,,16,True,
dose_response,0.05,82,Penalized monotone B-spline,0.014931794385004808,0.0,0.049187626980710775,0.001899886003229767,0.01,8,True,Optimization terminated successfully
dose_response,0.05,82,pyGAM,0.013668405799645063,0.0,0.1260847600060515,0.01810329401632771,0.1,2,True,
dose_response,0.05,83,MonotoneLSPIA,0.010281365155293057,0.0,0.02537248597946018,0.02537248597946018,,28,True,
dose_response,0.05,83,Penalized monotone B-spline,0.010264712049036239,0.0,0.05209404998458922,0.002486614976078272,0.01,13,True,Optimization terminated successfully
dose_response,0.05,83,pyGAM,0.010049126019811132,0.0,0.1352139359805733,0.018027469981461763,0.1,2,True,
dose_response,0.05,84,MonotoneLSPIA,0.012693292218396319,2.5994831287512498e-15,0.026241948013193905,0.026241948013193905,,33,True,
dose_response,0.05,84,Penalized monotone B-spline,0.012560957914609382,3.4659775050016606e-15,0.04835820500738919,0.0021839350229129195,0.01,11,True,Optimization terminated successfully
dose_response,0.05,84,pyGAM,0.012328870099181651,3.2918467951504056e-10,0.12459756003227085,0.022409610042814165,0.1,2,True,
dose_response,0.05,85,MonotoneLSPIA,0.013132771280825194,0.0,0.026619413984008133,0.026619413984008133,,37,True,
dose_response,0.05,85,Penalized monotone B-spline,0.012930864472589657,0.0,0.051289124006871134,0.002349456015508622,0.01,10,True,Optimization terminated successfully
dose_response,0.05,85,pyGAM,0.012421194247132195,0.0,0.11685554997529835,0.017776668013539165,0.1,2,True,
dose_response,0.05,86,MonotoneLSPIA,0.012243272687456633,4.4364512064022255e-13,0.02650361496489495,0.02650361496489495,,37,True,
dose_response,0.05,86,Penalized monotone B-spline,0.012149177303976204,3.3273384048016694e-13,0.05108188296435401,0.0025555010070092976,0.01,14,True,Optimization terminated successfully
dose_response,0.05,86,pyGAM,0.01212602219101398,1.437410190874321e-10,0.1229750820202753,0.02214946603635326,0.01,2,True,
dose_response,0.05,87,MonotoneLSPIA,0.012824058228265508,4.4364512064022255e-13,0.026609405991621315,0.026609405991621315,,34,True,
dose_response,0.05,87,Penalized monotone B-spline,0.01255187829324479,4.4364512064022255e-13,0.050407005997840315,0.002213120984379202,0.01,11,True,Optimization terminated successfully
dose_response,0.05,87,pyGAM,0.011887916751379029,9.18789044845799e-10,0.13207131397211924,0.022562364989425987,0.1,2,True,
dose_response,0.05,88,MonotoneLSPIA,0.013187810272903428,4.4364512064022255e-13,0.027628958981949836,0.027628958981949836,,43,True,
dose_response,0.05,88,Penalized monotone B-spline,0.013051624619576822,4.4364512064022255e-13,0.05082515499088913,0.0021503579919226468,0.01,10,True,Optimization terminated successfully
dose_response,0.05,88,pyGAM,0.012778389929816355,1.3548921984352397e-09,0.12820808199467137,0.022675734013319016,0.1,2,True,
dose_response,0.05,89,MonotoneLSPIA,0.011961340654870607,4.436451206401733e-13,0.024750555050559342,0.024750555050559342,,23,True,
dose_response,0.05,89,Penalized monotone B-spline,0.01201105643321032,4.4364512064022255e-13,0.04678568005328998,0.0016740519786253572,0.01,7,True,Optimization terminated successfully
dose_response,0.05,89,pyGAM,0.01166552694157981,8.946103857710088e-10,0.13270853698486462,0.022940021008253098,0.1,2,True,
dose_response,0.05,90,MonotoneLSPIA,0.016034142271804674,0.0,0.026217000966425985,0.026217000966425985,,27,True,
dose_response,0.05,90,Penalized monotone B-spline,0.01564658864594018,0.0,0.05036444298457354,0.002430165943223983,0.01,14,True,Optimization terminated successfully
dose_response,0.05,90,pyGAM,0.01584550347408316,0.0,0.1422569639980793,0.028044068021699786,0.001,5,True,
dose_response,0.05,91,MonotoneLSPIA,0.014214474284633532,4.4364512064022255e-13,0.02728079102234915,0.02728079102234915,,41,True,
dose_response,0.05,91,Penalized monotone B-spline,0.014155778370333098,3.3273384048016694e-13,0.050963802030310035,0.002194862987380475,0.01,11,True,Optimization terminated successfully
dose_response,0.05,91,pyGAM,0.014417282121378014,6.60254850792738e-10,0.13875735603505746,0.022934477019589394,0.1,3,True,
dose_response,0.05,92,MonotoneLSPIA,0.01748786707515894,0.0,0.026406229997519404,0.026406229997519404,,35,True,
dose_response,0.05,92,Penalized monotone B-spline,0.017487158981119886,0.0,0.04922481701942161,0.0024222589563578367,1e-08,12,True,Optimization terminated successfully
dose_response,0.05,92,pyGAM,0.015045226632965019,0.0,0.13610311702359468,0.017640220001339912,0.1,4,True,
dose_response,0.05,93,MonotoneLSPIA,0.013402319574371255,3.3273384048016694e-13,0.02351280499715358,0.02351280499715358,,20,True,
dose_response,0.05,93,Penalized monotone B-spline,0.01340008769556235,3.3273384048016694e-13,0.04947704897494987,0.0020001489901915193,0.01,10,True,Optimization terminated successfully
dose_response,0.05,93,pyGAM,0.013509490614477678,7.01181113171794e-10,0.13620812899898738,0.027358157967682928,0.1,2,True,
dose_response,0.05,94,MonotoneLSPIA,0.015182909284590382,0.0,0.02679198799887672,0.02679198799887672,,34,True,
dose_response,0.05,94,Penalized monotone B-spline,0.01518497025653936,0.0,0.049071196001023054,0.0022213629563339055,0.01,11,True,Optimization terminated successfully
dose_response,0.05,94,pyGAM,0.015019050785758622,0.0,0.12225028203101829,0.01772087800782174,0.1,2,True,
dose_response,0.05,95,MonotoneLSPIA,0.014244542732921764,0.0,0.025768493011128157,0.025768493011128157,,32,True,
dose_response,0.05,95,Penalized monotone B-spline,0.013959185371642325,0.0,0.04784525895956904,0.0021822970011271536,0.01,11,True,Optimization terminated successfully
dose_response,0.05,95,pyGAM,0.012439106887823112,2.74727240956454e-10,0.13173719204496592,0.02289498399477452,0.1,3,True,
dose_response,0.05,96,MonotoneLSPIA,0.012805134887168985,0.0,0.02838325797347352,0.02838325797347352,,46,True,
dose_response,0.05,96,Penalized monotone B-spline,0.012437984946372814,0.0,0.04930703999707475,0.0020045890123583376,0.01,9,True,Optimization terminated successfully
dose_response,0.05,96,pyGAM,0.010104920920579337,0.0,2.3498571820091456,0.01828864705748856,0.1,3,True,did not converge
dose_response,0.05,97,MonotoneLSPIA,0.007019457091301731,3.3273384048016694e-13,0.025166264967992902,0.025166264967992902,,24,True,
dose_response,0.05,97,Penalized monotone B-spline,0.007118610009376454,2.2182256032011127e-13,0.0474787310231477,0.0020890909945592284,0.01,9,True,Optimization terminated successfully
dose_response,0.05,97,pyGAM,0.008300138636849794,1.0973562059034688e-09,0.1312470159609802,0.01876584003912285,0.1,3,True,
dose_response,0.05,98,MonotoneLSPIA,0.01150313997618482,1.0397932515004982e-14,0.024862084013875574,0.024862084013875574,,24,True,
dose_response,0.05,98,Penalized monotone B-spline,0.011376423321290848,1.3863910020006642e-14,0.05179374199360609,0.002336704987101257,0.01,11,True,Optimization terminated successfully
dose_response,0.05,98,pyGAM,0.01076020233862346,4.985462043194363e-10,0.14007680298527703,0.022952749975956976,0.1,2,True,
dose_response,0.05,99,MonotoneLSPIA,0.012493166679781698,4.4364512064022255e-13,0.024715872015804052,0.024715872015804052,,28,True,
dose_response,0.05,99,Penalized monotone B-spline,0.012464769980865908,4.4364512064022255e-13,0.04809306398965418,0.0020503870327956975,0.01,10,True,Optimization terminated successfully
dose_response,0.05,99,pyGAM,0.01304637865967521,1.5665109209806259e-09,0.13632147200405598,0.027035645965952426,0.1,2,True,
dose_response,0.05,100,MonotoneLSPIA,0.008699775758714506,5.1989662575024995e-15,0.025795518013183028,0.025795518013183028,,30,True,
dose_response,0.05,100,Penalized monotone B-spline,0.0085181235646509,5.198966257502491e-15,0.049118530994746834,0.002193494001403451,0.01,11,True,Optimization terminated successfully
dose_response,0.05,100,pyGAM,0.00847672277736705,3.873021903189089e-10,0.1753652740153484,0.022271966969128698,0.1,2,True,
dose_response,0.1,1,MonotoneLSPIA,0.013606466602867934,0.0,0.02883783297147602,0.02883783297147602,,45,True,
dose_response,0.1,1,Penalized monotone B-spline,0.0189749904534238,0.0,0.05264909297693521,0.00270647497382015,1.0,13,True,Optimization terminated successfully
dose_response,0.1,1,pyGAM,0.018904879030633783,0.0,0.12314924597740173,0.017590906005352736,1.0,3,True,
dose_response,0.1,2,MonotoneLSPIA,0.021701905103822635,0.0,0.024136154970619828,0.024136154970619828,,19,True,
dose_response,0.1,2,Penalized monotone B-spline,0.021468244064848725,0.0,0.04719763796310872,0.0023417650372721255,0.01,12,True,Optimization terminated successfully
dose_response,0.1,2,pyGAM,0.02032253299177586,0.0,0.12193038803525269,0.021990743989590555,0.01,2,True,
dose_response,0.1,3,MonotoneLSPIA,0.020002335373631747,0.0,0.02874007698846981,0.02874007698846981,,53,True,
dose_response,0.1,3,Penalized monotone B-spline,0.025802311115414964,0.0,0.05047573195770383,0.0021322599495761096,1.0,10,True,Optimization terminated successfully
dose_response,0.1,3,pyGAM,0.025768228740259698,0.0,0.13004426698898897,0.017927137028891593,1.0,4,True,
dose_response,0.1,4,MonotoneLSPIA,0.03141193326636751,0.0,0.027215675974730402,0.027215675974730402,,40,True,
dose_response,0.1,4,Penalized monotone B-spline,0.03339713334999037,0.0,0.051402909972239286,0.0025906029623001814,1.0,13,True,Optimization terminated successfully
dose_response,0.1,4,pyGAM,0.031902632320847106,0.0,0.1339739859686233,0.018033916014246643,1.0,4,True,
dose_response,0.1,5,MonotoneLSPIA,0.019190774959808494,4.4364512064022255e-13,0.026798042003065348,0.026798042003065348,,38,True,
dose_response,0.1,5,Penalized monotone B-spline,0.019183917641354586,4.4364512064022255e-13,0.04681246500695124,0.001965163042768836,0.0001,9,True,Optimization terminated successfully
dose_response,0.1,5,pyGAM,0.018903039336896264,5.74076786108448e-10,0.1323055080138147,0.022625985962804407,0.001,4,True,
dose_response,0.1,6,MonotoneLSPIA,0.03188299141708909,4.4364512064022255e-13,0.024332872009836137,0.024332872009836137,,20,True,
dose_response,0.1,6,Penalized monotone B-spline,0.03193267864854283,4.436451206401733e-13,0.04541467496892437,0.0016683130525052547,0.01,6,True,Optimization terminated successfully
dose_response,0.1,6,pyGAM,0.031093430700599736,2.543417476630396e-09,0.14167310198536143,0.022404349001590163,0.01,2,True,
dose_response,0.1,7,MonotoneLSPIA,0.028544066822649216,3.3273384048016694e-13,0.02396407601190731,0.02396407601190731,,24,True,
dose_response,0.1,7,Penalized monotone B-spline,0.02737281740415924,4.4364512064022255e-13,0.04935332800960168,0.0020194979733787477,1.0,9,True,Optimization terminated successfully
dose_response,0.1,7,pyGAM,0.026945013866212834,1.6472543329371464e-09,0.1364142710226588,0.022814071038737893,1.0,2,True,
dose_response,0.1,8,MonotoneLSPIA,0.020340207343790828,0.0,0.027341038978192955,0.027341038978192955,,41,True,
dose_response,0.1,8,Penalized monotone B-spline,0.02554705562294622,4.4364512064022255e-13,0.05093300295993686,0.0019443980418145657,1.0,9,True,Optimization terminated successfully
dose_response,0.1,8,pyGAM,0.025484423588172638,4.944424869534732e-10,0.13164662796771154,0.018035049026366323,1.0,4,True,
dose_response,0.1,9,MonotoneLSPIA,0.02014402864752012,6.654676809603339e-13,0.02452657400863245,0.02452657400863245,,26,True,
dose_response,0.1,9,Penalized monotone B-spline,0.02522254838172418,4.4364512064022255e-13,0.04569394199643284,0.0021351559553295374,1.0,10,True,Optimization terminated successfully
dose_response,0.1,9,pyGAM,0.02520935597479393,2.1981506614920816e-09,0.1323554149712436,0.018283334968145937,1.0,2,True,
dose_response,0.1,10,MonotoneLSPIA,0.020827538759019826,0.0,0.02826278901193291,0.02826278901193291,,42,True,
dose_response,0.1,10,Penalized monotone B-spline,0.02593639537293144,0.0,0.05163179797818884,0.001949795987457037,1.0,8,True,Optimization terminated successfully
dose_response,0.1,10,pyGAM,0.02585042463814755,0.0,0.14157682500081137,0.017860357009340078,1.0,4,True,
dose_response,0.1,11,MonotoneLSPIA,0.02107784630312879,4.436451206401733e-13,0.02627430099528283,0.02627430099528283,,36,True,
dose_response,0.1,11,Penalized monotone B-spline,0.023589396124950975,3.3273384048016694e-13,0.05068334599491209,0.002471392974257469,1.0,12,True,Optimization terminated successfully
dose_response,0.1,11,pyGAM,0.023581270546447573,2.128942022672268e-09,0.12743848899845034,0.023127616965211928,1.0,2,True,
dose_response,0.1,12,MonotoneLSPIA,0.023376858764500442,4.4364512064022255e-13,0.027854197949636728,0.027854197949636728,,40,True,
dose_response,0.1,12,Penalized monotone B-spline,0.022920933680742325,4.4364512064022255e-13,0.05188840499613434,0.0025049730320461094,0.01,13,True,Optimization terminated successfully
dose_response,0.1,12,pyGAM,0.027692072210615908,0.0,0.1298671720433049,0.018023797019850463,1.0,2,True,
dose_response,0.1,13,MonotoneLSPIA,0.021241674004885636,0.0,0.02869292499963194,0.02869292499963194,,50,True,
dose_response,0.1,13,Penalized monotone B-spline,0.027918639628439386,0.0,0.05269048298941925,0.0024165359791368246,1.0,11,True,Optimization terminated successfully
dose_response,0.1,13,pyGAM,0.027921176832101796,0.0,0.11847834498621523,0.012731888040434569,1.0,3,True,
dose_response,0.1,14,MonotoneLSPIA,0.025772467040287354,0.0,0.02650822198484093,0.02650822198484093,,37,True,
dose_response,0.1,14,Penalized monotone B-spline,0.026290901612535226,0.0,0.05299754103180021,0.0022362209856510162,1.0,11,True,Optimization terminated successfully
dose_response,0.1,14,pyGAM,0.026394424829851194,0.0,0.12731633702060208,0.02239661995554343,1.0,3,True,
dose_response,0.1,15,MonotoneLSPIA,0.018824655763506518,3.3273384048016694e-13,0.02487314899917692,0.02487314899917692,,27,True,
dose_response,0.1,15,Penalized monotone B-spline,0.019583185836009667,0.0,0.047800283995456994,0.00196181598585099,1.0,8,True,Optimization terminated successfully
dose_response,0.1,15,pyGAM,0.01761798585780797,1.662449178319051e-09,0.1336218689684756,0.02249149401905015,0.1,2,True,
dose_response,0.1,16,MonotoneLSPIA,0.015171325820002352,4.4364512064022255e-13,0.02601592696737498,0.02601592696737498,,29,True,
dose_response,0.1,16,Penalized monotone B-spline,0.015099539226247068,4.4364512064022255e-13,0.0481007220223546,0.0023079650127328932,0.01,12,True,Optimization terminated successfully
dose_response,0.1,16,pyGAM,0.015968465178837505,0.0,0.12360335403354838,0.01760374801233411,1.0,3,True,
dose_response,0.1,17,MonotoneLSPIA,0.01950875535284682,4.4364512064022255e-13,0.023260390968061984,0.023260390968061984,,18,True,
dose_response,0.1,17,Penalized monotone B-spline,0.01598430783340935,3.3273384048016694e-13,0.043033841997385025,0.0017784020164981484,1.0,8,True,Optimization terminated successfully
dose_response,0.1,17,pyGAM,0.015989768629012076,6.138384800458279e-09,0.13254753698129207,0.02221891499357298,1.0,2,True,
dose_response,0.1,18,MonotoneLSPIA,0.02009685899373137,0.0,0.028236404003109783,0.028236404003109783,,48,True,
dose_response,0.1,18,Penalized monotone B-spline,0.019684916580098126,0.0,0.0509365180041641,0.002556432969868183,0.01,12,True,Optimization terminated successfully
dose_response,0.1,18,pyGAM,0.019659596258601576,0.0,0.1360861730063334,0.02679454896133393,0.01,2,True,
dose_response,0.1,19,MonotoneLSPIA,0.021987962365148092,0.0,0.025562845985405147,0.025562845985405147,,35,True,
dose_response,0.1,19,Penalized monotone B-spline,0.026804118146190794,0.0,0.05133031203877181,0.002229787001851946,1.0,10,True,Optimization terminated successfully
dose_response,0.1,19,pyGAM,0.026604562620632953,0.0,0.11846913298359141,0.018213789036963135,1.0,3,True,
dose_response,0.1,20,MonotoneLSPIA,0.013330160953038765,6.498707821878114e-16,0.023443482001312077,0.023443482001312077,,16,True,
dose_response,0.1,20,Penalized monotone B-spline,0.017823098140321705,6.092538583010731e-16,0.047810103045776486,0.0020623450400307775,1.0,9,True,Optimization terminated successfully
dose_response,0.1,20,pyGAM,0.017787335422431466,2.25759910765787e-09,0.13094689295394346,0.022374450985807925,1.0,3,True,
dose_response,0.1,21,MonotoneLSPIA,0.015337074349293737,4.4364512064022255e-13,0.025309655989985913,0.025309655989985913,,29,True,
dose_response,0.1,21,Penalized monotone B-spline,0.01490437540110304,4.4364512064022255e-13,0.04348540399223566,0.00166551599977538,0.01,7,True,Optimization terminated successfully
dose_response,0.1,21,pyGAM,0.017394830387000047,2.335126092489779e-09,0.1380745240021497,0.022786275018006563,1.0,2,True,
dose_response,0.1,22,MonotoneLSPIA,0.015253153753269017,4.4364512064022255e-13,0.024854735005646944,0.024854735005646944,,24,True,
dose_response,0.1,22,Penalized monotone B-spline,0.015258544664509953,3.3273384048016694e-13,0.042902549961581826,0.0017715410212986171,1e-08,8,True,Optimization terminated successfully
dose_response,0.1,22,pyGAM,0.015243673869354287,3.487716115912723e-09,0.1368225070182234,0.022282032994553447,0.01,2,True,
dose_response,0.1,23,MonotoneLSPIA,0.02001391048190323,0.0,0.025182490004226565,0.025182490004226565,,32,True,
dose_response,0.1,23,Penalized monotone B-spline,0.022597036677696743,1.0397932515004999e-14,0.04875252000056207,0.0019077910110354424,1.0,8,True,Optimization terminated successfully
dose_response,0.1,23,pyGAM,0.022613249614290138,8.034413134794264e-10,0.13615527999354526,0.01746675797039643,1.0,4,True,
dose_response,0.1,24,MonotoneLSPIA,0.014462428476724918,4.4364512064022255e-13,0.0251033459790051,0.0251033459790051,,28,True,
dose_response,0.1,24,Penalized monotone B-spline,0.014061953964775213,4.4364512064022255e-13,0.0472904319758527,0.0021052920492365956,0.01,10,True,Optimization terminated successfully
dose_response,0.1,24,pyGAM,0.011566944641307758,2.143027755252595e-09,0.12812384095741436,0.01780192001024261,0.1,2,True,
dose_response,0.1,25,MonotoneLSPIA,0.023871502895168185,0.0,0.02798312605591491,0.02798312605591491,,45,True,
dose_response,0.1,25,Penalized monotone B-spline,0.023866024802268355,0.0,0.04745131399249658,0.0027729689609259367,0.01,14,True,Optimization terminated successfully
dose_response,0.1,25,pyGAM,0.023875226504355387,0.0,0.13114878797205165,0.022255203977692872,0.01,2,True,
dose_response,0.1,26,MonotoneLSPIA,0.02275770711925945,0.0,0.029148951987735927,0.029148951987735927,,53,True,
dose_response,0.1,26,Penalized monotone B-spline,0.017794087393081477,0.0,0.04724256304325536,0.0006316439830698073,1.0,1,True,Optimization terminated successfully
dose_response,0.1,26,pyGAM,0.01734452094399879,0.0,0.10912915400695056,0.013672089029569179,1.0,2,True,
dose_response,0.1,27,MonotoneLSPIA,0.013383917771581197,0.0,0.02725439699133858,0.02725439699133858,,39,True,
dose_response,0.1,27,Penalized monotone B-spline,0.020500028594502454,0.0,0.050463599036447704,0.0024964199983514845,1.0,13,True,Optimization terminated successfully
dose_response,0.1,27,pyGAM,0.020496234351643952,0.0,0.1292534830281511,0.018482571002095938,1.0,2,True,
dose_response,0.1,28,MonotoneLSPIA,0.01917546286329263,0.0,0.02912554400973022,0.02912554400973022,,49,True,
dose_response,0.1,28,Penalized monotone B-spline,0.018699614968575935,0.0,0.05087959801312536,0.0022815950214862823,0.01,12,True,Optimization terminated successfully
dose_response,0.1,28,pyGAM,0.015573415650892422,4.0138792289924136e-10,0.1426911909948103,0.02288803202100098,0.1,3,True,
dose_response,0.1,29,MonotoneLSPIA,0.018495339701584557,0.0,0.026829812035430223,0.026829812035430223,,42,True,
dose_response,0.1,29,Penalized monotone B-spline,0.01591389142178693,4.4364512064022255e-13,0.04947886901209131,0.002222312963567674,1.0,10,True,Optimization terminated successfully
dose_response,0.1,29,pyGAM,0.015403597461702877,6.829916632255468e-10,0.1370840179733932,0.018155898025725037,1.0,3,True,
dose_response,0.1,30,MonotoneLSPIA,0.023803130249761193,0.0,0.025367225985974073,0.025367225985974073,,31,True,
dose_response,0.1,30,Penalized monotone B-spline,0.025822121319443735,0.0,0.050941170018631965,0.002324086963199079,1.0,10,True,Optimization terminated successfully
dose_response,0.1,30,pyGAM,0.02579885474036181,0.0,0.1376864739577286,0.01863991899881512,1.0,3,True,
dose_response,0.1,31,MonotoneLSPIA,0.01554393120613584,0.0,0.02632318896939978,0.02632318896939978,,37,True,
dose_response,0.1,31,Penalized monotone B-spline,0.015503256409296217,0.0,0.051426104037091136,0.0024099869769997895,0.01,13,True,Optimization terminated successfully
dose_response,0.1,31,pyGAM,0.013454689498067654,0.0,0.13689933496061713,0.022543944010976702,1.0,3,True,
dose_response,0.1,32,MonotoneLSPIA,0.020646886412214446,4.4364512064022255e-13,0.0246267169713974,0.0246267169713974,,25,True,
dose_response,0.1,32,Penalized monotone B-spline,0.020223069591128347,4.4364512064022255e-13,0.05014296597801149,0.002121345023624599,0.01,11,True,Optimization terminated successfully
dose_response,0.1,32,pyGAM,0.016632330601595025,2.6195026148201214e-09,0.13293973199324682,0.017909400979988277,1.0,2,True,
dose_response,0.1,33,MonotoneLSPIA,0.036672762455308344,0.0,0.025348879978992045,0.025348879978992045,,29,True,
dose_response,0.1,33,Penalized monotone B-spline,0.039753105686286275,0.0,0.05008866899879649,0.0021280759829096496,1.0,10,True,Optimization terminated successfully
dose_response,0.1,33,pyGAM,0.039657631817569955,0.0,0.12752424302743748,0.01789790898328647,1.0,3,True,
dose_response,0.1,34,MonotoneLSPIA,0.012288330840417142,3.3273384048016694e-13,0.026717188011389226,0.026717188011389226,,37,True,
dose_response,0.1,34,Penalized monotone B-spline,0.010966707933110956,3.3273384048016694e-13,0.04933416296262294,0.002283570996951312,1.0,11,True,Optimization terminated successfully
dose_response,0.1,34,pyGAM,0.010387592896521155,2.501825746570375e-09,0.13407117599854246,0.02283717895625159,1.0,2,True,
dose_response,0.1,35,MonotoneLSPIA,0.020824906270605303,0.0,0.0265178139670752,0.0265178139670752,,37,True,
dose_response,0.1,35,Penalized monotone B-spline,0.020760612988759742,0.0,0.04924475500592962,0.002262146968860179,0.01,10,True,Optimization terminated successfully
dose_response,0.1,35,pyGAM,0.018454815411556545,0.0,0.12111276102950796,0.02270869503263384,0.01,2,True,
dose_response,0.1,36,MonotoneLSPIA,0.02215675048697084,0.0,0.028394877968821675,0.028394877968821675,,47,True,
dose_response,0.1,36,Penalized monotone B-spline,0.024808865974372558,0.0,0.0485119289951399,0.0024655709858052433,1.0,12,True,Optimization terminated successfully
dose_response,0.1,36,pyGAM,0.021684114341872115,0.0,0.12784755899338052,0.027522909978870302,0.01,2,True,
dose_response,0.1,37,MonotoneLSPIA,0.03061796800815888,4.4364512064022255e-13,0.025553240964654833,0.025553240964654833,,27,True,
dose_response,0.1,37,Penalized monotone B-spline,0.030472439066017917,4.4364512064022255e-13,0.04933483898639679,0.00224002095637843,0.01,11,True,Optimization terminated successfully
dose_response,0.1,37,pyGAM,0.03376955715308801,1.8080756891690264e-09,0.13674468995304778,0.017820915032643825,1.0,2,True,
dose_response,0.1,38,MonotoneLSPIA,0.013605886282190184,0.0,0.02663400798337534,0.02663400798337534,,39,True,
dose_response,0.1,38,Penalized monotone B-spline,0.013588441147233642,0.0,0.04984243999933824,0.00229185598436743,0.0001,11,True,Optimization terminated successfully
dose_response,0.1,38,pyGAM,0.012707054255992922,0.0,0.12316389300394803,0.01802761194994673,1.0,2,True,
dose_response,0.1,39,MonotoneLSPIA,0.02302096830018202,0.0,0.02640313596930355,0.02640313596930355,,36,True,
dose_response,0.1,39,Penalized monotone B-spline,0.026874891007652207,0.0,0.049087997002061456,0.0021655159653164446,1.0,10,True,Optimization terminated successfully
dose_response,0.1,39,pyGAM,0.026882564964312967,0.0,0.13245996501063928,0.017861544038169086,1.0,3,True,
dose_response,0.1,40,MonotoneLSPIA,0.02514609974707762,4.332471881252076e-15,0.027047987037803978,0.027047987037803978,,41,True,
dose_response,0.1,40,Penalized monotone B-spline,0.024805436702387967,6.931955010003321e-15,0.051125337020494044,0.002223305986262858,0.01,12,True,Optimization terminated successfully
dose_response,0.1,40,pyGAM,0.02308684824231885,1.4955277016781592e-09,0.12819160998333246,0.02241426904220134,1.0,3,True,
dose_response,0.1,41,MonotoneLSPIA,0.013166810523056693,3.3273384048016694e-13,0.026107673009391874,0.026107673009391874,,32,True,
dose_response,0.1,41,Penalized monotone B-spline,0.013171578920767075,4.4364512064022255e-13,0.04756176803493872,0.002050793031230569,1e-08,10,True,Optimization terminated successfully
dose_response,0.1,41,pyGAM,0.0130853185872024,2.4230787376567355e-09,0.1421542099560611,0.02791262202663347,0.01,2,True,
dose_response,0.1,42,MonotoneLSPIA,0.025235768692481127,0.0,0.028480676002800465,0.028480676002800465,,47,True,
dose_response,0.1,42,Penalized monotone B-spline,0.024823302124642076,0.0,0.05378099298104644,0.002394001989159733,0.01,13,True,Optimization terminated successfully
dose_response,0.1,42,pyGAM,0.023676116337408317,0.0,0.1431323229917325,0.02299847296671942,0.1,2,True,
dose_response,0.1,43,MonotoneLSPIA,0.02487144557806663,0.0,0.027982266037724912,0.027982266037724912,,39,True,
dose_response,0.1,43,Penalized monotone B-spline,0.02727650029933611,0.0,0.0528682770091109,0.0019167200080119073,1.0,8,True,Optimization terminated successfully
dose_response,0.1,43,pyGAM,0.02664217253944542,0.0,0.1288817300228402,0.018342802010010928,1.0,3,True,
dose_response,0.1,44,MonotoneLSPIA,0.021363699568909753,0.0,0.024909451021812856,0.024909451021812856,,23,True,
dose_response,0.1,44,Penalized monotone B-spline,0.021388331623245643,0.0,0.04844072595005855,0.0019839740125462413,0.01,10,True,Optimization terminated successfully
dose_response,0.1,44,pyGAM,0.02140315424425102,1.3637651008478928e-09,0.14133027102798223,0.02707821602234617,0.01,2,True,
dose_response,0.1,45,MonotoneLSPIA,0.031963821002034515,0.0,0.028177989996038377,0.028177989996038377,,46,True,
dose_response,0.1,45,Penalized monotone B-spline,0.031998636091019064,0.0,0.04929713701130822,0.002157338021788746,0.01,11,True,Optimization terminated successfully
dose_response,0.1,45,pyGAM,0.031715611850238426,0.0,0.12756819202331826,0.023206222045700997,0.1,3,True,
dose_response,0.1,46,MonotoneLSPIA,0.026574206602909767,3.3273384048016694e-13,0.024841273028869182,0.024841273028869182,,26,True,
dose_response,0.1,46,Penalized monotone B-spline,0.026290486051236215,3.3273384048016694e-13,0.048863767995499074,0.00226581102469936,0.01,10,True,Optimization terminated successfully
dose_response,0.1,46,pyGAM,0.02422663211094958,1.4518286572951283e-09,0.12790420901728794,0.027895205945242196,0.1,3,True,
dose_response,0.1,47,MonotoneLSPIA,0.023419576699438862,4.4364512064022255e-13,0.024999665969517082,0.024999665969517082,,26,True,
dose_response,0.1,47,Penalized monotone B-spline,0.023155586179828682,5.545564008002782e-13,0.04776831198250875,0.002581662032753229,0.01,11,True,Optimization terminated successfully
dose_response,0.1,47,pyGAM,0.023227589561575036,6.773351879374598e-10,0.12792125600390136,0.022633412037976086,0.001,4,True,
dose_response,0.1,48,MonotoneLSPIA,0.015428534541295091,0.0,0.026636052993126214,0.026636052993126214,,38,True,
dose_response,0.1,48,Penalized monotone B-spline,0.019450714938638317,0.0,0.05039647495141253,0.0020970740006305277,1.0,10,True,Optimization terminated successfully
dose_response,0.1,48,pyGAM,0.019403468477823767,0.0,0.11678419698728248,0.017791591002605855,1.0,3,True,
dose_response,0.1,49,MonotoneLSPIA,0.0294573059940994,0.0,0.02879978797864169,0.02879978797864169,,52,True,
dose_response,0.1,49,Penalized monotone B-spline,0.030701054798892326,0.0,0.05106731998967007,0.0020608140039257705,1.0,9,True,Optimization terminated successfully
dose_response,0.1,49,pyGAM,0.030651408022773042,0.0,0.12811911199241877,0.02298979600891471,1.0,3,True,
dose_response,0.1,50,MonotoneLSPIA,0.01687060260652424,0.0,0.02875614498043433,0.02875614498043433,,50,True,
dose_response,0.1,50,Penalized monotone B-spline,0.020705044310720074,0.0,0.0512007069773972,0.0017879439983516932,1.0,8,True,Optimization terminated successfully
dose_response,0.1,50,pyGAM,0.02033786588656724,0.0,0.12093945796368644,0.01310184400063008,1.0,3,True,
dose_response,0.1,51,MonotoneLSPIA,0.021659949282206086,3.3273384048013003e-13,0.02604320499813184,0.02604320499813184,,32,True,
dose_response,0.1,51,Penalized monotone B-spline,0.021659522529999368,4.4364512064022255e-13,0.05195720703341067,0.0022855819552205503,1e-08,11,True,Optimization terminated successfully
dose_response,0.1,51,pyGAM,0.024766320521022647,7.686151715091856e-10,0.14732853299938142,0.018159438972361386,1.0,2,True,
dose_response,0.1,52,MonotoneLSPIA,0.02162454188490768,0.0,0.027135847019962966,0.027135847019962966,,40,True,
dose_response,0.1,52,Penalized monotone B-spline,0.0210853155874268,0.0,0.05128672899445519,0.002332675037905574,0.01,12,True,Optimization terminated successfully
dose_response,0.1,52,pyGAM,0.017139011464908198,0.0,0.11849590699421242,0.018229090026579797,0.1,2,True,
dose_response,0.1,53,MonotoneLSPIA,0.01894956950658894,0.0,0.02752849500393495,0.02752849500393495,,44,True,
dose_response,0.1,53,Penalized monotone B-spline,0.01877221997207523,0.0,0.05333400395466015,0.002441446005832404,0.01,12,True,Optimization terminated successfully
dose_response,0.1,53,pyGAM,0.018535937586392187,7.304616911340454e-10,0.14254213398089632,0.0228517500218004,1.0,3,True,
dose_response,0.1,54,MonotoneLSPIA,0.037936040226830614,4.436451206401733e-13,0.026885510014835745,0.026885510014835745,,39,True,
dose_response,0.1,54,Penalized monotone B-spline,0.03695596041877845,0.0,0.05234562297118828,0.002712487999815494,1.0,13,True,Optimization terminated successfully
dose_response,0.1,54,pyGAM,0.03710158671909184,2.3646284930123863e-09,0.22493220603791997,0.023259364010300487,0.001,4,True,
dose_response,0.1,55,MonotoneLSPIA,0.019833055413299258,5.198966257502536e-15,0.025553020008374006,0.025553020008374006,,29,True,
dose_response,0.1,55,Penalized monotone B-spline,0.02198194978413864,0.0,0.04961795901181176,0.002249510958790779,1.0,10,True,Optimization terminated successfully
dose_response,0.1,55,pyGAM,0.019731322048066303,3.554706529129734e-10,0.13133727596141398,0.022766348032746464,0.1,3,True,
dose_response,0.1,56,MonotoneLSPIA,0.02202494169771989,0.0,0.027438807010184973,0.027438807010184973,,37,True,
dose_response,0.1,56,Penalized monotone B-spline,0.023103600730536026,0.0,0.05175392801174894,0.00210102298296988,1.0,10,True,Optimization terminated successfully
dose_response,0.1,56,pyGAM,0.020374177295248763,0.0,0.12049848301103339,0.018543118960224092,0.1,2,True,
dose_response,0.1,57,MonotoneLSPIA,0.022955838911527433,4.4364512064022255e-13,0.02624091797042638,0.02624091797042638,,29,True,
dose_response,0.1,57,Penalized monotone B-spline,0.026753039175141824,2.2182256032011127e-13,0.04721459100255743,0.0018306160345673561,1.0,8,True,Optimization terminated successfully
dose_response,0.1,57,pyGAM,0.026738515076533142,9.119125454758764e-10,0.14490001800004393,0.01804295799229294,1.0,3,True,
dose_response,0.1,58,MonotoneLSPIA,0.029165640660324878,0.0,0.02847162599209696,0.02847162599209696,,45,True,
dose_response,0.1,58,Penalized monotone B-spline,0.030621845410035934,0.0,0.052583533979486674,0.002319503983017057,1.0,11,True,Optimization terminated successfully
dose_response,0.1,58,pyGAM,0.030667113023844724,0.0,0.13543312303954735,0.02248563803732395,1.0,3,True,
dose_response,0.1,59,MonotoneLSPIA,0.024042374255510108,4.4364512064022255e-13,0.02370342198992148,0.02370342198992148,,17,True,
dose_response,0.1,59,Penalized monotone B-spline,0.027317116957746666,4.4364512064022255e-13,0.051025305001530796,0.0023623400484211743,1.0,10,True,Optimization terminated successfully
dose_response,0.1,59,pyGAM,0.02397201182826355,1.7253358741698255e-09,0.1322112919879146,0.027705874992534518,0.1,2,True,
dose_response,0.1,60,MonotoneLSPIA,0.03209320916201393,4.436451206401733e-13,0.024188251001760364,0.024188251001760364,,19,True,
dose_response,0.1,60,Penalized monotone B-spline,0.03522436312499989,3.3273384048016694e-13,0.047836782003287226,0.0021137649891898036,1.0,9,True,Optimization terminated successfully
dose_response,0.1,60,pyGAM,0.035241233188854845,2.967985857083089e-09,0.1347651060204953,0.022775893041398376,1.0,2,True,
dose_response,0.1,61,MonotoneLSPIA,0.02631072236974124,0.0,0.027970024035312235,0.027970024035312235,,44,True,
dose_response,0.1,61,Penalized monotone B-spline,0.02631264550312237,0.0,0.048910576035268605,0.002206337987445295,1e-08,9,True,Optimization terminated successfully
dose_response,0.1,61,pyGAM,0.024076814678982095,0.0,0.12768160802079365,0.018163568049203604,1.0,2,True,
dose_response,0.1,62,MonotoneLSPIA,0.027343154373859948,4.4364512064022255e-13,0.024704316980205476,0.024704316980205476,,24,True,
dose_response,0.1,62,Penalized monotone B-spline,0.027331969144169476,4.4364512064022255e-13,0.049500839959364384,0.002198553003836423,1e-08,11,True,Optimization terminated successfully
dose_response,0.1,62,pyGAM,0.025549745429507966,1.1001289879074699e-09,0.12870617699809372,0.02288992702960968,0.1,2,True,
dose_response,0.1,63,MonotoneLSPIA,0.016794967618085663,4.4364512064022255e-13,0.02430661499965936,0.02430661499965936,,20,True,
dose_response,0.1,63,Penalized monotone B-spline,0.016509881392864585,3.3273384048016694e-13,0.046655316022224724,0.0018647489487193525,0.01,8,True,Optimization terminated successfully
dose_response,0.1,63,pyGAM,0.014777050444200416,0.0,0.12673758598975837,0.018125105008948594,1.0,2,True,
dose_response,0.1,64,MonotoneLSPIA,0.017606560830527182,4.4364512064022255e-13,0.024979456036817282,0.024979456036817282,,26,True,
dose_response,0.1,64,Penalized monotone B-spline,0.022328421163831748,3.3273384048016694e-13,0.04648093500873074,0.002118126954883337,1.0,10,True,Optimization terminated successfully
dose_response,0.1,64,pyGAM,0.022332717685178506,1.8115139388541886e-09,0.13293277099728584,0.018137151026166975,1.0,3,True,
dose_response,0.1,65,MonotoneLSPIA,0.03622906971418233,6.654676809603339e-13,0.02451149997068569,0.02451149997068569,,21,True,
dose_response,0.1,65,Penalized monotone B-spline,0.03617617777277175,4.4364512064022255e-13,0.04731439205352217,0.002257410029415041,0.01,11,True,Optimization terminated successfully
dose_response,0.1,65,pyGAM,0.03515502215221406,6.856535339494639e-10,0.1504079870064743,0.02297210501274094,0.1,3,True,
dose_response,0.1,66,MonotoneLSPIA,0.023201485091291177,3.3273384048016694e-13,0.027240061026532203,0.027240061026532203,,40,True,
dose_response,0.1,66,Penalized monotone B-spline,0.027976866363113088,2.2182256032011127e-13,0.04937998601235449,0.0023936890065670013,1.0,11,True,Optimization terminated successfully
dose_response,0.1,66,pyGAM,0.02798089485050266,9.773502007704104e-10,0.12779143400257453,0.017939814017154276,1.0,2,True,
dose_response,0.1,67,MonotoneLSPIA,0.02504734492823322,0.0,0.029035218991339207,0.029035218991339207,,53,True,
dose_response,0.1,67,Penalized monotone B-spline,0.024883937680243707,0.0,0.05007102497620508,0.002155131020117551,0.01,10,True,Optimization terminated successfully
dose_response,0.1,67,pyGAM,0.02510663949246117,0.0,0.1312035119626671,0.0176917560165748,1.0,2,True,
dose_response,0.1,68,MonotoneLSPIA,0.021012464567386865,4.436451206401733e-13,0.025369313021656126,0.025369313021656126,,31,True,
dose_response,0.1,68,Penalized monotone B-spline,0.020206809611914293,4.4364512064022255e-13,0.04340999404666945,0.0020025999983772635,0.01,11,True,Optimization terminated successfully
dose_response,0.1,68,pyGAM,0.01593262841491379,3.859047081888548e-09,0.1280730670550838,0.01724738097982481,0.1,2,True,
dose_response,0.1,69,MonotoneLSPIA,0.04238543296830378,0.0,0.027014716994017363,0.027014716994017363,,43,True,
dose_response,0.1,69,Penalized monotone B-spline,0.044285170701835824,0.0,0.048509375017602,0.0018055510008707643,1.0,8,True,Optimization terminated successfully
dose_response,0.1,69,pyGAM,0.04437146532895863,0.0,0.1084248480037786,0.01765149598941207,1.0,2,True,
dose_response,0.1,70,MonotoneLSPIA,0.019880651593893118,0.0,0.02689700899645686,0.02689700899645686,,41,True,
dose_response,0.1,70,Penalized monotone B-spline,0.01578311163202234,0.0,0.04635530896484852,0.002333808981347829,1.0,11,True,Optimization terminated successfully
dose_response,0.1,70,pyGAM,0.015967122781782184,0.0,0.12262599199311808,0.01729639997938648,0.1,2,True,
dose_response,0.1,71,MonotoneLSPIA,0.022016729827954388,4.4364512064022255e-13,0.026982134964782745,0.026982134964782745,,46,True,
dose_response,0.1,71,Penalized monotone B-spline,0.021996460816426408,2.2182256032011127e-13,0.04696369695011526,0.0022132780286483467,1e-08,12,True,Optimization terminated successfully
dose_response,0.1,71,pyGAM,0.019573735837367157,5.088609533743353e-10,0.13007334200665355,0.02180390403373167,0.1,2,True,
dose_response,0.1,72,MonotoneLSPIA,0.025949028261880246,0.0,0.028324960032477975,0.028324960032477975,,46,True,
dose_response,0.1,72,Penalized monotone B-spline,0.030439608685759654,0.0,0.051924249972216785,0.002353149000555277,1.0,12,True,Optimization terminated successfully
dose_response,0.1,72,pyGAM,0.03059527424383355,0.0,0.12957010400714353,0.01791340101044625,1.0,2,True,
dose_response,0.1,73,MonotoneLSPIA,0.023389864933556652,4.436451206401733e-13,0.02515839895932004,0.02515839895932004,,26,True,
dose_response,0.1,73,Penalized monotone B-spline,0.023100447936827098,4.4364512064022255e-13,0.04461794800590724,0.0023512840270996094,0.01,11,True,Optimization terminated successfully
dose_response,0.1,73,pyGAM,0.023505043283428072,2.2154528211971115e-09,0.14323767501628026,0.03133621998131275,0.001,6,True,
dose_response,0.1,74,MonotoneLSPIA,0.02100426660173813,3.3273384048016694e-13,0.02394421200733632,0.02394421200733632,,22,True,
dose_response,0.1,74,Penalized monotone B-spline,0.020482538590163697,4.4364512064022255e-13,0.04689334402792156,0.001598861999809742,0.01,7,True,Optimization terminated successfully
dose_response,0.1,74,pyGAM,0.020217105094507058,1.0889269486114263e-09,0.1314894119859673,0.02198978199157864,0.01,2,True,
dose_response,0.1,75,MonotoneLSPIA,0.02121960966042658,0.0,0.027586559008341283,0.027586559008341283,,49,True,
dose_response,0.1,75,Penalized monotone B-spline,0.021008986339785866,0.0,0.04924906697124243,0.002350660040974617,0.01,12,True,Optimization terminated successfully
dose_response,0.1,75,pyGAM,0.021382436086264587,0.0,0.12557402200764045,0.017546346003655344,1.0,2,True,
dose_response,0.1,76,MonotoneLSPIA,0.01470498866351201,3.3273384048016694e-13,0.025200249976478517,0.025200249976478517,,30,True,
dose_response,0.1,76,Penalized monotone B-spline,0.018110731523897135,0.0,0.046900394023396075,0.0022044299985282123,1.0,9,True,Optimization terminated successfully
dose_response,0.1,76,pyGAM,0.018160673327247388,0.0,0.13388415495865047,0.017612637020647526,1.0,3,True,
dose_response,0.1,77,MonotoneLSPIA,0.025825488850028316,0.0,0.026172698999289423,0.026172698999289423,,40,True,
dose_response,0.1,77,Penalized monotone B-spline,0.027006913157941802,0.0,0.04605828400235623,0.002192035026382655,1.0,11,True,Optimization terminated successfully
dose_response,0.1,77,pyGAM,0.02692032134902203,0.0,0.11654244700912386,0.016933579987380654,1.0,3,True,
dose_response,0.1,78,MonotoneLSPIA,0.0143198967118812,0.0,0.025856406020466238,0.025856406020466238,,33,True,
dose_response,0.1,78,Penalized monotone B-spline,0.018832260729534155,0.0,0.04920114000560716,0.0022595159825868905,1.0,9,True,Optimization terminated successfully
dose_response,0.1,78,pyGAM,0.018790186067672444,0.0,0.11417059600353241,0.01708347798557952,1.0,3,True,
dose_response,0.1,79,MonotoneLSPIA,0.025293136883503625,0.0,0.0266983259934932,0.0266983259934932,,47,True,
dose_response,0.1,79,Penalized monotone B-spline,0.02896297647298649,0.0,0.04942976305028424,0.002230048005003482,1.0,10,True,Optimization terminated successfully
dose_response,0.1,79,pyGAM,0.02901996017839059,0.0,0.1174099359777756,0.017399647971615195,1.0,2,True,
dose_response,0.1,80,MonotoneLSPIA,0.01548766590404324,3.3273384048016694e-13,0.02350599196506664,0.02350599196506664,,21,True,
dose_response,0.1,80,Penalized monotone B-spline,0.01886952444127949,4.4364512064022255e-13,0.04596023599151522,0.0020749749965034425,1.0,10,True,Optimization terminated successfully
dose_response,0.1,80,pyGAM,0.01893650936908445,2.4469246628911473e-09,0.1278956140158698,0.021015420963522047,1.0,2,True,
dose_response,0.1,81,MonotoneLSPIA,0.02628023297051733,0.0,0.02549587097018957,0.02549587097018957,,43,True,
dose_response,0.1,81,Penalized monotone B-spline,0.025966860329121454,0.0,0.046655944956000894,0.002115315990522504,0.01,12,True,Optimization terminated successfully
dose_response,0.1,81,pyGAM,0.023630228934250617,0.0,0.12852976203430444,0.018689282005652785,0.1,2,True,
dose_response,0.1,82,MonotoneLSPIA,0.02159442916622806,4.4364512064022255e-13,0.02305496798362583,0.02305496798362583,,21,True,
dose_response,0.1,82,Penalized monotone B-spline,0.01799883761643314,4.436451206401733e-13,0.04054467799142003,0.0017514869687147439,1.0,8,True,Optimization terminated successfully
dose_response,0.1,82,pyGAM,0.01953165180349879,1.466025301155595e-09,0.12400330300442874,0.021155410970095545,0.1,2,True,
dose_response,0.1,83,MonotoneLSPIA,0.016415867239673886,2.2182256032011127e-13,0.025566755968611687,0.025566755968611687,,44,True,
dose_response,0.1,83,Penalized monotone B-spline,0.01752872165214123,4.4364512064022255e-13,0.04546140902675688,0.001975265040528029,1.0,10,True,Optimization terminated successfully
dose_response,0.1,83,pyGAM,0.017527874229440132,1.8460073469837613e-09,0.12815252196742222,0.01684402796672657,1.0,3,True,
dose_response,0.1,84,MonotoneLSPIA,0.019132956161354946,3.3273384048016694e-13,0.02473860199097544,0.02473860199097544,,34,True,
dose_response,0.1,84,Penalized monotone B-spline,0.01913555641004437,4.4364512064022255e-13,0.047237739025149494,0.0021342950058169663,0.01,12,True,Optimization terminated successfully
dose_response,0.1,84,pyGAM,0.019407573657938278,1.7189030199203515e-09,0.1246439180104062,0.021426204009912908,0.1,2,True,
dose_response,0.1,85,MonotoneLSPIA,0.03541252852505037,3.3273384048016694e-13,0.024689984042197466,0.024689984042197466,,34,True,
dose_response,0.1,85,Penalized monotone B-spline,0.03692959678626749,4.436451206401733e-13,0.04682730900822207,0.002356123994104564,1.0,11,True,Optimization terminated successfully
dose_response,0.1,85,pyGAM,0.036128241375649565,2.3256986336762068e-09,0.12367857503704727,0.022389923979062587,1.0,3,True,
dose_response,0.1,86,MonotoneLSPIA,0.023097506039094235,3.3273384048016694e-13,0.02383310900768265,0.02383310900768265,,27,True,
dose_response,0.1,86,Penalized monotone B-spline,0.02352679026345049,0.0,0.04533562500728294,0.001913890999276191,1.0,9,True,Optimization terminated successfully
dose_response,0.1,86,pyGAM,0.02232705627800499,1.692617046522609e-09,0.12869270204100758,0.020965973963029683,0.1,2,True,
dose_response,0.1,87,MonotoneLSPIA,0.034545897392126754,0.0,0.025396080047357827,0.025396080047357827,,41,True,
dose_response,0.1,87,Penalized monotone B-spline,0.03572975369402222,0.0,0.04743519297335297,0.0017560680280439556,1.0,8,True,Optimization terminated successfully
dose_response,0.1,87,pyGAM,0.03555335788879943,0.0,0.1168844869825989,0.01736126298783347,1.0,2,True,
dose_response,0.1,88,MonotoneLSPIA,0.025647196799816762,3.3273384048016694e-13,0.023710116976872087,0.023710116976872087,,27,True,
dose_response,0.1,88,Penalized monotone B-spline,0.02561093117408807,4.4364512064022255e-13,0.047404779004864395,0.001992220990359783,0.01,10,True,Optimization terminated successfully
dose_response,0.1,88,pyGAM,0.025008241309381417,9.631535569099232e-10,0.12554128700867295,0.02222768502542749,0.1,3,True,
dose_response,0.1,89,MonotoneLSPIA,0.021327383439515436,0.0,0.024712049984373152,0.024712049984373152,,35,True,
dose_response,0.1,89,Penalized monotone B-spline,0.02106087057209137,0.0,0.05100743402726948,0.0022101549548096955,0.01,13,True,Optimization terminated successfully
dose_response,0.1,89,pyGAM,0.014683912007211624,0.0,0.11162509099813178,0.016888513055164367,1.0,2,True,
dose_response,0.1,90,MonotoneLSPIA,0.027682848492741725,0.0,0.0264049069955945,0.0264049069955945,,47,True,
dose_response,0.1,90,Penalized monotone B-spline,0.02862881226622342,0.0,0.04862678196514025,0.002064033003989607,1.0,9,True,Optimization terminated successfully
dose_response,0.1,90,pyGAM,0.02821817893277241,0.0,0.11857541702920571,0.016614503983873874,1.0,3,True,
dose_response,0.1,91,MonotoneLSPIA,0.021055570652412106,0.0,0.025701122009195387,0.025701122009195387,,44,True,
dose_response,0.1,91,Penalized monotone B-spline,0.021064032702785073,0.0,0.04563416604651138,0.002161100972443819,1e-08,12,True,Optimization terminated successfully
dose_response,0.1,91,pyGAM,0.02340406432880966,0.0,0.13326451199827716,0.017236571002285928,1.0,3,True,
dose_response,0.1,92,MonotoneLSPIA,0.021833896374880167,0.0,0.02570576500147581,0.02570576500147581,,37,True,
dose_response,0.1,92,Penalized monotone B-spline,0.021833882492006206,0.0,0.04256948997499421,0.0017631779774092138,1e-08,9,True,Optimization terminated successfully
dose_response,0.1,92,pyGAM,0.02179820579780691,0.0,0.11810045299353078,0.021205733995884657,0.01,2,True,
dose_response,0.1,93,MonotoneLSPIA,0.02347941350391879,4.4364512064022255e-13,0.022329538012854755,0.022329538012854755,,18,True,
dose_response,0.1,93,Penalized monotone B-spline,0.023472190342095224,4.4364512064022255e-13,0.044179187971167266,0.002042149950284511,0.0001,12,True,Optimization terminated successfully
dose_response,0.1,93,pyGAM,0.023413628179438685,1.0155036811454414e-09,0.13250734296161681,0.025860778987407684,0.01,2,True,
dose_response,0.1,94,MonotoneLSPIA,0.031129518506385408,0.0,0.02537413901882246,0.02537413901882246,,33,True,
dose_response,0.1,94,Penalized monotone B-spline,0.03112379237019555,0.0,0.04537162801716477,0.0025398090365342796,1e-08,13,True,Optimization terminated successfully
dose_response,0.1,94,pyGAM,0.02804575357033461,0.0,0.13313338794978335,0.01693183503812179,0.1,2,True,
dose_response,0.1,95,MonotoneLSPIA,0.017072674929073307,0.0,0.022587169019971043,0.022587169019971043,,22,True,
dose_response,0.1,95,Penalized monotone B-spline,0.02095720025102243,0.0,0.049155351996887475,0.0023496969952248037,1.0,12,True,Optimization terminated successfully
dose_response,0.1,95,pyGAM,0.020918553336085974,0.0,0.1171358060091734,0.02086546696955338,1.0,2,True,
dose_response,0.1,96,MonotoneLSPIA,0.03088850064858553,0.0,0.024294147035107017,0.024294147035107017,,35,True,
dose_response,0.1,96,Penalized monotone B-spline,0.03209975895461003,0.0,0.04296092496952042,0.002002859953790903,1.0,10,True,Optimization terminated successfully
dose_response,0.1,96,pyGAM,0.03206215743926734,0.0,0.12004364101449028,0.01609403797192499,1.0,4,True,
dose_response,0.1,97,MonotoneLSPIA,0.028058327721465704,0.0,0.02603632799582556,0.02603632799582556,,46,True,
dose_response,0.1,97,Penalized monotone B-spline,0.0280708574817594,0.0,0.04577376402448863,0.0021436330280266702,0.01,12,True,Optimization terminated successfully
dose_response,0.1,97,pyGAM,0.027905746466144146,0.0,0.11985881900181994,0.016331897000782192,0.1,3,True,
dose_response,0.1,98,MonotoneLSPIA,0.02069320224408321,0.0,0.025191219989210367,0.025191219989210367,,39,True,
dose_response,0.1,98,Penalized monotone B-spline,0.02400599923598099,0.0,0.044106154004111886,0.001837145013269037,1.0,9,True,Optimization terminated successfully
dose_response,0.1,98,pyGAM,0.023639006971160968,0.0,0.11497203900944442,0.016348016040865332,1.0,3,True,
dose_response,0.1,99,MonotoneLSPIA,0.02314409222850383,4.436451206401733e-13,0.022893435030709952,0.022893435030709952,,26,True,
dose_response,0.1,99,Penalized monotone B-spline,0.02291498970569075,3.3273384048016694e-13,0.043207857001107186,0.0016419310122728348,0.01,8,True,Optimization terminated successfully
dose_response,0.1,99,pyGAM,0.021450551446533336,1.3928238562499787e-09,0.11520096700405702,0.02043147198855877,0.01,2,True,
dose_response,0.1,100,MonotoneLSPIA,0.01322894331710461,3.3273384048016694e-13,0.024504609988071024,0.024504609988071024,,36,True,
dose_response,0.1,100,Penalized monotone B-spline,0.01648764605543538,4.4364512064022255e-13,0.04570370598230511,0.0020210699876770377,1.0,10,True,Optimization terminated successfully
dose_response,0.1,100,pyGAM,0.016497886840639936,1.7000481022931442e-09,0.1169902709661983,0.016029459016863257,1.0,3,True,
cdf_plateau,0.02,1,MonotoneLSPIA,0.010987938872406832,4.159173006002087e-14,0.02372595900669694,0.02372595900669694,,19,True,
cdf_plateau,0.02,1,Penalized monotone B-spline,0.011003943422502086,4.159173006001971e-14,0.04522549797547981,0.0018862269935198128,0.01,10,True,Optimization terminated successfully
cdf_plateau,0.02,1,pyGAM,0.010970751501162654,4.944424869535281e-10,0.15328781900461763,0.02962493902305141,0.01,2,True,
cdf_plateau,0.02,2,MonotoneLSPIA,0.011119813350063965,4.4364512064022255e-13,0.020340689981821924,0.020340689981821924,,9,True,
cdf_plateau,0.02,2,Penalized monotone B-spline,0.011112040226739377,3.3273384048016694e-13,0.0377264290000312,0.0017418310162611306,0.01,9,True,Optimization terminated successfully
cdf_plateau,0.02,2,pyGAM,0.011094316968999375,6.585357259503304e-10,0.14221562002785504,0.024820907972753048,0.01,2,True,
cdf_plateau,0.02,3,MonotoneLSPIA,0.011674351146818454,3.3273384048016694e-13,0.021946555993054062,0.021946555993054062,,18,True,
cdf_plateau,0.02,3,Penalized monotone B-spline,0.011675197741220302,3.3273384048016694e-13,0.038661658007185906,0.0016180130187422037,1e-08,9,True,Optimization terminated successfully
cdf_plateau,0.02,3,pyGAM,0.011733063409391196,7.470983831581348e-10,0.14520068099955097,0.02504047000547871,0.01,2,True,
cdf_plateau,0.02,4,MonotoneLSPIA,0.010342467624608593,3.3273384048016694e-13,0.022548704990185797,0.022548704990185797,,19,True,
cdf_plateau,0.02,4,Penalized monotone B-spline,0.010344079528823878,3.3273384048016694e-13,0.041384879034012556,0.0018344279960729182,1e-08,10,True,Optimization terminated successfully
cdf_plateau,0.02,4,pyGAM,0.010314353556760386,5.703058025830061e-10,0.15222308703232557,0.025379278988111764,0.001,5,True,
cdf_plateau,0.02,5,MonotoneLSPIA,0.010829213938060809,0.0,0.022739292006008327,0.022739292006008327,,25,True,
cdf_plateau,0.02,5,Penalized monotone B-spline,0.010831456196594872,0.0,0.042703970975708216,0.0020908270380459726,1e-08,12,True,Optimization terminated successfully
cdf_plateau,0.02,5,pyGAM,0.011057245666056965,0.0,0.1337782559567131,0.020997717045247555,0.01,3,True,
cdf_plateau,0.02,6,MonotoneLSPIA,0.010847856406599089,3.3273384048016694e-13,0.022656469023786485,0.022656469023786485,,22,True,
cdf_plateau,0.02,6,Penalized monotone B-spline,0.010853137124467064,3.3273384048016694e-13,0.041130346013233066,0.0016812389949336648,0.01,9,True,Optimization terminated successfully
cdf_plateau,0.02,6,pyGAM,0.010851269164236095,3.604616605201808e-10,0.1323961329762824,0.02055425802245736,0.01,2,True,
cdf_plateau,0.02,7,MonotoneLSPIA,0.010275727395385665,4.4364512064022255e-13,0.022626085963565856,0.022626085963565856,,24,True,
cdf_plateau,0.02,7,Penalized monotone B-spline,0.010277281617281576,3.3273384048016694e-13,0.03867572301533073,0.0018817050149664283,1e-08,10,True,Optimization terminated successfully
cdf_plateau,0.02,7,pyGAM,0.01029420474523109,3.552488303526582e-10,0.14280337799573317,0.02490679797483608,0.01,2,True,
cdf_plateau,0.02,8,MonotoneLSPIA,0.010448754120548302,3.3273384048016694e-13,0.022076965018641204,0.022076965018641204,,22,True,
cdf_plateau,0.02,8,Penalized monotone B-spline,0.010443977486324686,3.3273384048016694e-13,0.0396717949770391,0.0020180579740554094,1e-08,10,True,Optimization terminated successfully
cdf_plateau,0.02,8,pyGAM,0.01046421639092382,6.247077855015047e-10,0.13691210799152032,0.02884184999857098,0.01,2,True,
cdf_plateau,0.02,9,MonotoneLSPIA,0.010741871349956151,3.3273384048016694e-13,0.020686109026428312,0.020686109026428312,,12,True,
cdf_plateau,0.02,9,Penalized monotone B-spline,0.010736947802952434,3.3273384048016694e-13,0.03981436701724306,0.0017679259763099253,1e-08,10,True,Optimization terminated successfully
cdf_plateau,0.02,9,pyGAM,0.010671068803516122,6.442836264497632e-10,0.14251067698933184,0.02456540201092139,0.001,5,True,
cdf_plateau,0.02,10,MonotoneLSPIA,0.010540019585847804,4.4364512064022255e-13,0.02117049996741116,0.02117049996741116,,14,True,
cdf_plateau,0.02,10,Penalized monotone B-spline,0.010540375311011953,4.4364512064022255e-13,0.04002559499349445,0.001605552970431745,1e-08,8,True,Optimization terminated successfully
cdf_plateau,0.02,10,pyGAM,0.010553971172063921,8.156415542970492e-10,0.14497718901839107,0.028949432948138565,0.01,2,True,
cdf_plateau,0.02,11,MonotoneLSPIA,0.010862114875718651,3.3273384048016694e-13,0.023252136015798897,0.023252136015798897,,28,True,
cdf_plateau,0.02,11,Penalized monotone B-spline,0.010867483621852707,4.436451206401733e-13,0.04123744898242876,0.0018841709825210273,1e-08,10,True,Optimization terminated successfully
cdf_plateau,0.02,11,pyGAM,0.010790443872780088,1.0898142388527067e-09,0.15264491498237476,0.01998998800991103,0.01,4,True,
cdf_plateau,0.02,12,MonotoneLSPIA,0.011173076599797913,0.0,0.02255097299348563,0.02255097299348563,,29,True,
cdf_plateau,0.02,12,Penalized monotone B-spline,0.011166545401732238,0.0,0.04270563897443935,0.0020995769882574677,1e-08,12,True,Optimization terminated successfully
cdf_plateau,0.02,12,pyGAM,0.011105036593222024,0.0,0.13706565200118348,0.024218351987656206,0.01,2,True,
cdf_plateau,0.02,13,MonotoneLSPIA,0.01100391551853201,4.159173006001993e-14,0.022969758021645248,0.022969758021645248,,30,True,
cdf_plateau,0.02,13,Penalized monotone B-spline,0.011005186145287126,2.7727820040013524e-14,0.037451853044331074,0.0016403239569626749,1e-08,8,True,Optimization terminated successfully
cdf_plateau,0.02,13,pyGAM,0.011066882288470485,4.409277942762951e-10,0.13065526098944247,0.019883805012796074,0.01,2,True,
cdf_plateau,0.02,14,MonotoneLSPIA,0.010997885888989376,4.436451206401733e-13,0.02060200198320672,0.02060200198320672,,13,True,
cdf_plateau,0.02,14,Penalized monotone B-spline,0.010992062242820726,4.4364512064022255e-13,0.03630478703416884,0.00138401600997895,0.0001,7,True,Optimization terminated successfully
cdf_plateau,0.02,14,pyGAM,0.010977657692605107,7.000720003702712e-10,0.12548909604083747,0.02387849398655817,0.01,2,True,
cdf_plateau,0.02,15,MonotoneLSPIA,0.011136306322010629,3.3273384048016694e-13,0.02000525500625372,0.02000525500625372,,11,True,
cdf_plateau,0.02,15,Penalized monotone B-spline,0.0111299036429744,3.3273384048016694e-13,0.037604745011776686,0.0016420489992015064,0.01,8,True,Optimization terminated successfully
cdf_plateau,0.02,15,pyGAM,0.011124910305908928,5.963699534206192e-10,0.13092836004216224,0.01956970599712804,0.01,2,True,
cdf_plateau,0.02,16,MonotoneLSPIA,0.010766742200555875,3.3273384048016694e-13,0.020662479975726455,0.020662479975726455,,17,True,
cdf_plateau,0.02,16,Penalized monotone B-spline,0.010768614924399391,2.2182256032011127e-13,0.038112027978058904,0.0016460000188089907,1e-08,9,True,Optimization terminated successfully
cdf_plateau,0.02,16,pyGAM,0.010765845597863139,4.2667569477573404e-10,0.14188691996969283,0.027699363010469824,0.001,6,True,
cdf_plateau,0.02,17,MonotoneLSPIA,0.010361503631835018,3.3273384048016694e-13,0.02110397204523906,0.02110397204523906,,18,True,
cdf_plateau,0.02,17,Penalized monotone B-spline,0.010363832428833203,4.4364512064022255e-13,0.04033165203873068,0.0018292940221726894,1e-08,9,True,Optimization terminated successfully
cdf_plateau,0.02,17,pyGAM,0.010333859907048121,4.493015959283854e-10,0.1422430399688892,0.027916772000025958,0.01,2,True,
cdf_plateau,0.02,18,MonotoneLSPIA,0.010537344405791153,3.3273384048016694e-13,0.020110053999815136,0.020110053999815136,,12,True,
cdf_plateau,0.02,18,Penalized monotone B-spline,0.010537112575334103,3.3273384048016694e-13,0.03551339404657483,0.0013643060228787363,1e-08,7,True,Optimization terminated successfully
cdf_plateau,0.02,18,pyGAM,0.010504767452843,4.692101707171153e-10,0.12408825202146545,0.024535185017157346,0.01,2,True,
cdf_plateau,0.02,19,MonotoneLSPIA,0.01021553719681897,3.3273384048016694e-13,0.020502569968812168,0.020502569968812168,,14,True,
cdf_plateau,0.02,19,Penalized monotone B-spline,0.010226431623863838,3.3273384048013003e-13,0.0358496269909665,0.001513513969257474,0.01,6,True,Optimization terminated successfully
cdf_plateau,0.02,19,pyGAM,0.010229302804865247,1.0040798192889559e-09,0.12954512296710163,0.026113006984815,0.01,2,True,
cdf_plateau,0.02,20,MonotoneLSPIA,0.010373804309536912,3.3273384048016694e-13,0.02074536302825436,0.02074536302825436,,19,True,
cdf_plateau,0.02,20,Penalized monotone B-spline,0.01037132415694997,3.3273384048016694e-13,0.03382446401519701,0.001613690983504057,1e-08,8,True,Optimization terminated successfully
cdf_plateau,0.02,20,pyGAM,0.010402927000570121,3.002368353932373e-10,0.12838775402633473,0.019758736016228795,0.01,2,True,
cdf_plateau,0.02,21,MonotoneLSPIA,0.010414387346659884,4.159173006001993e-14,0.02226684900233522,0.02226684900233522,,29,True,
cdf_plateau,0.02,21,Penalized monotone B-spline,0.010412675173258014,2.7727820040013524e-14,0.03472203604178503,0.0015729439910501242,1e-08,8,True,Optimization terminated successfully
cdf_plateau,0.02,21,pyGAM,0.010421944745540566,4.671583120341414e-10,0.13172269001370296,0.01919379597529769,0.01,2,True,
cdf_plateau,0.02,22,MonotoneLSPIA,0.010637274149645116,4.4364512064022255e-13,0.019706132996361703,0.019706132996361703,,13,True,
cdf_plateau,0.02,22,Penalized monotone B-spline,0.010640880563743287,3.3273384048016694e-13,0.03421696100849658,0.0014326979871839285,1e-08,7,True,Optimization terminated successfully
cdf_plateau,0.02,22,pyGAM,0.010637601913413937,4.509098094907062e-10,0.13109038199763745,0.023340345011092722,0.01,2,True,
cdf_plateau,0.02,23,MonotoneLSPIA,0.011045928768020711,4.4364512064022255e-13,0.021580355998594314,0.021580355998594314,,27,True,
cdf_plateau,0.02,23,Penalized monotone B-spline,0.011047198706462046,3.3273384048016694e-13,0.040112529997713864,0.002077637007459998,1e-08,12,True,Optimization terminated successfully
cdf_plateau,0.02,23,pyGAM,0.010857813961503798,1.8633095066889346e-10,0.13338780595222488,0.01997636997839436,0.01,2,True,
cdf_plateau,0.02,24,MonotoneLSPIA,0.011398954207818952,4.4364512064022255e-13,0.02044961997307837,0.02044961997307837,,21,True,
cdf_plateau,0.02,24,Penalized monotone B-spline,0.011405190648732714,3.3273384048016694e-13,0.03724412800511345,0.0014560410054400563,1e-08,8,True,Optimization terminated successfully
cdf_plateau,0.02,24,pyGAM,0.011374194607184869,6.671313501627346e-10,0.14162214699899778,0.02331326698185876,0.01,2,True,
cdf_plateau,0.02,25,MonotoneLSPIA,0.010837965078266306,0.0,0.019435341004282236,0.019435341004282236,,16,True,
cdf_plateau,0.02,25,Penalized monotone B-spline,0.01084497547869373,0.0,0.036378876015078276,0.0016341159935109317,1e-08,9,True,Optimization terminated successfully
cdf_plateau,0.02,25,pyGAM,0.010864284345933681,0.0,0.13405804202193394,0.015198052045889199,0.01,2,True,
cdf_plateau,0.02,26,MonotoneLSPIA,0.010834373476664615,3.3273384048016694e-13,0.021262962953187525,0.021262962953187525,,25,True,
cdf_plateau,0.02,26,Penalized monotone B-spline,0.01083263580204704,3.3273384048016694e-13,0.04068083601305261,0.0021619820035994053,1e-08,11,True,Optimization terminated successfully
cdf_plateau,0.02,26,pyGAM,0.010817790673742328,5.432434502239525e-10,0.1246149730286561,0.022839654004201293,0.01,2,True,
cdf_plateau,0.02,27,MonotoneLSPIA,0.01065176421469598,4.1591730060019996e-14,0.021412096975836903,0.021412096975836903,,27,True,
cdf_plateau,0.02,27,Penalized monotone B-spline,0.010666189086519508,2.7727820040013524e-14,0.038011753000319004,0.00166563899256289,0.01,10,True,Optimization terminated successfully
cdf_plateau,0.02,27,pyGAM,0.010661313655133713,2.435057155913988e-10,0.13051362201804295,0.02297271601855755,0.01,2,True,
cdf_plateau,0.02,28,MonotoneLSPIA,0.011405160687051231,0.0,0.023477646987885237,0.023477646987885237,,39,True,
cdf_plateau,0.02,28,Penalized monotone B-spline,0.011405838450549466,0.0,0.03729013598058373,0.0018729619914665818,1e-08,10,True,Optimization terminated successfully
cdf_plateau,0.02,28,pyGAM,0.01139006237547963,0.0,0.13253508502384648,0.01943130203289911,0.01,2,True,
cdf_plateau,0.02,29,MonotoneLSPIA,0.010424513740452125,3.3273384048016694e-13,0.01994930300861597,0.01994930300861597,,18,True,
cdf_plateau,0.02,29,Penalized monotone B-spline,0.010424509282397684,3.3273384048016694e-13,0.037277696013916284,0.001803710008971393,1e-08,11,True,Optimization terminated successfully
cdf_plateau,0.02,29,pyGAM,0.010426449488279676,2.4489210659340286e-10,0.1492138839676045,0.019495627959258854,0.01,2,True,
cdf_plateau,0.02,30,MonotoneLSPIA,0.010794469085156836,4.159173006002087e-14,0.022169611998833716,0.022169611998833716,,28,True,
cdf_plateau,0.02,30,Penalized monotone B-spline,0.010798902444832479,2.772782004001391e-14,0.038980373996309936,0.0018834510119631886,0.0001,11,True,Optimization terminated successfully
cdf_plateau,0.02,30,pyGAM,0.010755516947708607,4.948861320741683e-10,0.12837751297047362,0.019248715019784868,0.01,2,True,
cdf_plateau,0.02,31,MonotoneLSPIA,0.011115440755297907,4.159173006002087e-14,0.02078749000793323,0.02078749000793323,,20,True,
cdf_plateau,0.02,31,Penalized monotone B-spline,0.011137145068881771,2.772782004001391e-14,0.03661960095632821,0.0016056529711931944,0.01,9,True,Optimization terminated successfully
cdf_plateau,0.02,31,pyGAM,0.011105329559922604,3.8702491211851416e-10,0.12547202705172822,0.020466448040679097,0.01,2,True,
cdf_plateau,0.02,32,MonotoneLSPIA,0.011096275508172982,2.7727820040013524e-14,0.02133639098610729,0.02133639098610729,,24,True,
cdf_plateau,0.02,32,Penalized monotone B-spline,0.011104112532369573,2.7727820040013524e-14,0.03710135200526565,0.0016990210278891027,0.01,9,True,Optimization terminated successfully
cdf_plateau,0.02,32,pyGAM,0.01109219868669293,3.479286858620897e-10,0.1288232000079006,0.023003037029411644,0.01,2,True,
cdf_plateau,0.02,33,MonotoneLSPIA,0.011670930943162197,5.545564008002782e-14,0.021694794995710254,0.021694794995710254,,27,True,
cdf_plateau,0.02,33,Penalized monotone B-spline,0.011666456620802327,2.772782004001391e-14,0.03655612899456173,0.0014284499920904636,0.01,7,True,Optimization terminated successfully
cdf_plateau,0.02,33,pyGAM,0.01167323509764354,3.352847999238482e-10,0.13369840098312125,0.02423441200517118,0.01,2,True,
cdf_plateau,0.02,34,MonotoneLSPIA,0.011327119763676442,3.3273384048016694e-13,0.021001767017878592,0.021001767017878592,,21,True,
cdf_plateau,0.02,34,Penalized monotone B-spline,0.011355847393349572,4.4364512064022255e-13,0.03868681297171861,0.001716826984193176,0.01,10,True,Optimization terminated successfully
cdf_plateau,0.02,34,pyGAM,0.011274834438139016,6.277578457059149e-10,0.13727231603115797,0.02316217904444784,0.01,2,True,
cdf_plateau,0.02,35,MonotoneLSPIA,0.010347069953564552,3.3273384048016694e-13,0.02108251699246466,0.02108251699246466,,21,True,
cdf_plateau,0.02,35,Penalized monotone B-spline,0.010346982832064129,3.3273384048016694e-13,0.03584808699088171,0.0017678189906291664,0.0001,10,True,Optimization terminated successfully
cdf_plateau,0.02,35,pyGAM,0.010340752217781333,5.088609533743353e-10,0.1283930049976334,0.02407444699201733,0.01,2,True,
cdf_plateau,0.02,36,MonotoneLSPIA,0.011485533845464902,4.4364512064022255e-13,0.020856640010606498,0.020856640010606498,,20,True,
cdf_plateau,0.02,36,Penalized monotone B-spline,0.011477083438942118,3.3273384048016694e-13,0.03645105101168156,0.001493574003688991,0.0001,9,True,Optimization terminated successfully
cdf_plateau,0.02,36,pyGAM,0.011455634584024078,7.377818356246901e-10,0.12995196098927408,0.019558341009542346,0.01,2,True,
cdf_plateau,0.02,37,MonotoneLSPIA,0.010288678923868916,4.4364512064022255e-13,0.020415435021277517,0.020415435021277517,,12,True,
cdf_plateau,0.02,37,Penalized monotone B-spline,0.01027977061360128,4.4364512064022255e-13,0.03220093803247437,0.001241346006281674,0.01,6,True,Optimization terminated successfully
cdf_plateau,0.02,37,pyGAM,0.010260090071924842,7.704452076318265e-10,0.12367466097930446,0.019710546010173857,0.01,2,True,
cdf_plateau,0.02,38,MonotoneLSPIA,0.010247034579958157,4.159173006002087e-14,0.021364238986279815,0.021364238986279815,,23,True,
cdf_plateau,0.02,38,Penalized monotone B-spline,0.010249248109703846,2.772782004001391e-14,0.035754671960603446,0.0015172289567999542,0.01,8,True,Optimization terminated successfully
cdf_plateau,0.02,38,pyGAM,0.010297720897829325,4.1009445839180573e-10,0.12814668600913137,0.019456137029919773,0.1,2,True,
cdf_plateau,0.02,39,MonotoneLSPIA,0.011276089588840013,3.3273384048016694e-13,0.02126414596568793,0.02126414596568793,,22,True,
cdf_plateau,0.02,39,Penalized monotone B-spline,0.011256545523168826,3.3273384048013003e-13,0.04087966401129961,0.0018407810130156577,0.01,11,True,Optimization terminated successfully
cdf_plateau,0.02,39,pyGAM,0.011169397749686274,2.522122510839665e-10,0.12899956898763776,0.019715516013093293,0.01,2,True,
cdf_plateau,0.02,40,MonotoneLSPIA,0.010971904330139785,4.159173006001993e-14,0.021833873994182795,0.021833873994182795,,27,True,
cdf_plateau,0.02,40,Penalized monotone B-spline,0.01112594272336736,4.1591730060019996e-14,0.03754919703351334,0.00153186300303787,0.01,9,True,Optimization terminated successfully
cdf_plateau,0.02,40,pyGAM,0.01112292215805974,5.74021330468352e-10,0.12458399799652398,0.023872024030424654,0.01,2,True,
cdf_plateau,0.02,41,MonotoneLSPIA,0.010668654835953513,0.0,0.021891861979383975,0.021891861979383975,,29,True,
cdf_plateau,0.02,41,Penalized monotone B-spline,0.010665516162380146,0.0,0.03867361199809238,0.0017615180113352835,1e-08,10,True,Optimization terminated successfully
cdf_plateau,0.02,41,pyGAM,0.010655685027218264,0.0,0.12819757498800755,0.01955608604475856,0.01,2,True,
cdf_plateau,0.02,42,MonotoneLSPIA,0.01101197224801388,0.0,0.022332242981065065,0.022332242981065065,,30,True,
cdf_plateau,0.02,42,Penalized monotone B-spline,0.011012251829871034,0.0,0.03966214001411572,0.001807213993743062,0.01,10,True,Optimization terminated successfully
cdf_plateau,0.02,42,pyGAM,0.01099753717632731,0.0,0.12473789299838245,0.022594489040784538,0.01,2,True,
cdf_plateau,0.02,43,MonotoneLSPIA,0.01050721408580843,3.3273384048016694e-13,0.020904959994368255,0.020904959994368255,,18,True,
cdf_plateau,0.02,43,Penalized monotone B-spline,0.010501654511001456,3.3273384048016694e-13,0.03540659003192559,0.001553239009808749,1e-08,8,True,Optimization terminated successfully
cdf_plateau,0.02,43,pyGAM,0.010464044254761532,6.076829039969448e-10,0.12560815998585895,0.019410972017794847,0.01,2,True,
cdf_plateau,0.02,44,MonotoneLSPIA,0.011011879642803339,0.0,0.022436790983192623,0.022436790983192623,,32,True,
cdf_plateau,0.02,44,Penalized monotone B-spline,0.010995202085713097,0.0,0.04158656898653135,0.0024985840427689254,0.01,13,True,Optimization terminated successfully
cdf_plateau,0.02,44,pyGAM,0.010989041433961701,0.0,0.13739845796953887,0.022759423998650163,0.001,5,True,
cdf_plateau,0.02,45,MonotoneLSPIA,0.010750936468553173,2.772782004001391e-14,0.019949781009927392,0.019949781009927392,,16,True,
cdf_plateau,0.02,45,Penalized monotone B-spline,0.010747590192451363,4.159173006002087e-14,0.03882932203123346,0.00163423694903031,0.01,9,True,Optimization terminated successfully
cdf_plateau,0.02,45,pyGAM,0.010696789408626688,1.0599791044896518e-09,0.12361708702519536,0.027112293988466263,0.01,2,True,
cdf_plateau,0.02,46,MonotoneLSPIA,0.011112035721678409,2.7727820040013524e-14,0.021102842991240323,0.021102842991240323,,23,True,
cdf_plateau,0.02,46,Penalized monotone B-spline,0.011112241955414055,2.7727820040013524e-14,0.03846360504394397,0.0017279880121350288,1e-08,10,True,Optimization terminated successfully
cdf_plateau,0.02,46,pyGAM,0.011023172742855485,3.534187942300124e-10,0.13417397998273373,0.02346784301334992,0.01,2,True,
cdf_plateau,0.02,47,MonotoneLSPIA,0.010326491681147923,4.436451206401733e-13,0.020609910017810762,0.020609910017810762,,18,True,
cdf_plateau,0.02,47,Penalized monotone B-spline,0.010324010872336416,3.3273384048013003e-13,0.03669413604075089,0.0019531589932739735,1e-08,11,True,Optimization terminated successfully
cdf_plateau,0.02,47,pyGAM,0.010336548002005414,5.206175490713011e-10,0.1303668720065616,0.01910438697086647,0.01,2,True,
cdf_plateau,0.02,48,MonotoneLSPIA,0.011086284850752234,3.3273384048016694e-13,0.019553093996364623,0.019553093996364623,,12,True,
cdf_plateau,0.02,48,Penalized monotone B-spline,0.011088625882044033,4.4364512064022255e-13,0.03237430896842852,0.00130501197418198,1e-08,7,True,Optimization terminated successfully
cdf_plateau,0.02,48,pyGAM,0.011119162434046606,7.437155891132531e-10,0.12987507501384243,0.027317638974636793,0.01,2,True,
cdf_plateau,0.02,49,MonotoneLSPIA,0.011182242662980194,0.0,0.02310941502219066,0.02310941502219066,,39,True,
cdf_plateau,0.02,49,Penalized monotone B-spline,0.01120556204665971,0.0,0.042502131953369826,0.0017404149984940886,0.01,9,True,Optimization terminated successfully
cdf_plateau,0.02,49,pyGAM,0.011160414147305538,0.0,0.12558081600582227,0.019490947015583515,0.01,2,True,
cdf_plateau,0.02,50,MonotoneLSPIA,0.010300231850381524,4.4364512064022255e-13,0.021939689002465457,0.021939689002465457,,26,True,
cdf_plateau,0.02,50,Penalized monotone B-spline,0.010298958608777734,3.3273384048016694e-13,0.033392434008419514,0.0014119300176389515,1e-08,7,True,Optimization terminated successfully
cdf_plateau,0.02,50,pyGAM,0.010302331574570403,6.04022831751663e-10,0.13052131497533992,0.019205477961804718,0.01,2,True,
cdf_plateau,0.02,51,MonotoneLSPIA,0.011712000841420232,2.772782004001391e-14,0.01970484299818054,0.01970484299818054,,12,True,
cdf_plateau,0.02,51,Penalized monotone B-spline,0.011709579121341322,2.772782004001314e-14,0.038370615046005696,0.0018719420186243951,0.0001,10,True,Optimization terminated successfully
cdf_plateau,0.02,51,pyGAM,0.011947498938008448,3.2519187342928314e-10,0.12444253300782293,0.023364993976429105,0.1,2,True,
cdf_plateau,0.02,52,MonotoneLSPIA,0.01059206089192192,3.3273384048016694e-13,0.02046603598864749,0.02046603598864749,,15,True,
cdf_plateau,0.02,52,Penalized monotone B-spline,0.010595008093538092,3.3273384048016694e-13,0.03825509699527174,0.001482727995608002,1e-08,8,True,Optimization terminated successfully
cdf_plateau,0.02,52,pyGAM,0.010518418510287335,4.1913372772485027e-10,0.13890638097655028,0.023353046970441937,0.01,2,True,
cdf_plateau,0.02,53,MonotoneLSPIA,0.010760432275929297,4.159173006001971e-14,0.020857966970652342,0.020857966970652342,,22,True,
cdf_plateau,0.02,53,Penalized monotone B-spline,0.010771678237013218,4.159173006001993e-14,0.03474405698943883,0.0015111779794096947,0.01,8,True,Optimization terminated successfully
cdf_plateau,0.02,53,pyGAM,0.010776870242604066,6.294769705483609e-10,0.12293101201066747,0.020220242033246905,0.01,2,True,
cdf_plateau,0.02,54,MonotoneLSPIA,0.010666855332435143,4.159173006001993e-14,0.020532533002551645,0.020532533002551645,,17,True,
cdf_plateau,0.02,54,Penalized monotone B-spline,0.010642184111867643,4.159173006001993e-14,0.032647072977852076,0.001287281047552824,0.01,6,True,Optimization terminated successfully
cdf_plateau,0.02,54,pyGAM,0.010431592109072898,1.0096253832969585e-09,0.11747245700098574,0.01950766396475956,0.1,2,True,
cdf_plateau,0.02,55,MonotoneLSPIA,0.010372354593573638,4.4364512064022255e-13,0.019605006964411587,0.019605006964411587,,12,True,
cdf_plateau,0.02,55,Penalized monotone B-spline,0.010352250572652252,4.4364512064022255e-13,0.03260289697209373,0.0013162880204617977,0.01,6,True,Optimization terminated successfully
cdf_plateau,0.02,55,pyGAM,0.01035273820229271,4.66492844353194e-10,0.12957523600198328,0.023486523947212845,0.01,2,True,
cdf_plateau,0.02,56,MonotoneLSPIA,0.01096152959394823,4.1591730060019996e-14,0.020804991014301777,0.020804991014301777,,20,True,
cdf_plateau,0.02,56,Penalized monotone B-spline,0.010961208796770448,4.159173006001993e-14,0.03739196195965633,0.001645979005843401,0.0001,9,True,Optimization terminated successfully
cdf_plateau,0.02,56,pyGAM,0.01099100795144167,3.5147784682721145e-10,0.13092346698977053,0.023705199011601508,0.01,2,True,
cdf_plateau,0.02,57,MonotoneLSPIA,0.010582476294437159,4.1591730060019996e-14,0.020657916029449552,0.020657916029449552,,20,True,
cdf_plateau,0.02,57,Penalized monotone B-spline,0.010580016388607068,2.772782004001391e-14,0.03603001596638933,0.0015537519939243793,1e-08,9,True,Optimization terminated successfully
cdf_plateau,0.02,57,pyGAM,0.010590451110477158,1.9431656284041478e-10,0.1340636860113591,0.02751582395285368,0.001,6,True,
cdf_plateau,0.02,58,MonotoneLSPIA,0.010657876298308914,4.4364512064022255e-13,0.021756221016403288,0.021756221016403288,,27,True,
cdf_plateau,0.02,58,Penalized monotone B-spline,0.010661850220344582,3.3273384048016694e-13,0.039573693997226655,0.0017465819837525487,1e-08,10,True,Optimization terminated successfully
cdf_plateau,0.02,58,pyGAM,0.010649226375250958,2.897002637780653e-10,0.129649429989513,0.019477153022307903,0.01,2,True,
cdf_plateau,0.02,59,MonotoneLSPIA,0.010677614512433143,3.3273384048016694e-13,0.02005549700697884,0.02005549700697884,,16,True,
cdf_plateau,0.02,59,Penalized monotone B-spline,0.010674577774698801,3.3273384048016694e-13,0.0408426079666242,0.0018559389864094555,0.01,11,True,Optimization terminated successfully
cdf_plateau,0.02,59,pyGAM,0.010640512097329547,4.6560555411191357e-10,0.138506347022485,0.027347865980118513,0.01,2,True,
cdf_plateau,0.02,60,MonotoneLSPIA,0.011017183152557663,4.4364512064022255e-13,0.021330350020434707,0.021330350020434707,,25,True,
cdf_plateau,0.02,60,Penalized monotone B-spline,0.011017027513418983,3.3273384048013003e-13,0.040274519997183233,0.002082034945487976,1e-08,12,True,Optimization terminated successfully
cdf_plateau,0.02,60,pyGAM,0.011023472971956851,7.322362716166874e-10,0.1319400139618665,0.02366831700783223,0.01,2,True,
cdf_plateau,0.02,61,MonotoneLSPIA,0.0104752229657354,3.3273384048016694e-13,0.01963759196223691,0.01963759196223691,,14,True,
cdf_plateau,0.02,61,Penalized monotone B-spline,0.01047708805718566,3.3273384048016694e-13,0.03372749994741753,0.0014192769885994494,1e-08,8,True,Optimization terminated successfully
cdf_plateau,0.02,61,pyGAM,0.010445721151391474,7.368945453834097e-10,0.13287614699220285,0.026309787994250655,0.001,6,True,
cdf_plateau,0.02,62,MonotoneLSPIA,0.011821952758786395,0.0,0.02095233101863414,0.02095233101863414,,26,True,
cdf_plateau,0.02,62,Penalized monotone B-spline,0.0118636853555867,0.0,0.041602513985708356,0.0019887230009771883,0.01,13,True,Optimization terminated successfully
cdf_plateau,0.02,62,pyGAM,0.011854480482138245,0.0,0.13008584396447986,0.027844353986438364,0.01,2,True,
cdf_plateau,0.02,63,MonotoneLSPIA,0.011085775192894465,4.159173006002087e-14,0.02065980201587081,0.02065980201587081,,22,True,
cdf_plateau,0.02,63,Penalized monotone B-spline,0.011089474410474812,4.159173006001971e-14,0.034174698987044394,0.0015022089937701821,0.01,9,True,Optimization terminated successfully
cdf_plateau,0.02,63,pyGAM,0.01109559451003223,6.79387046620402e-10,0.12545568303903565,0.022956303029786795,0.01,2,True,
cdf_plateau,0.02,64,MonotoneLSPIA,0.010966895680176062,0.0,0.02208935300586745,0.02208935300586745,,36,True,
cdf_plateau,0.02,64,Penalized monotone B-spline,0.010967411609990372,0.0,0.03755893203197047,0.0018308860016986728,1e-08,12,True,Optimization terminated successfully
cdf_plateau,0.02,64,pyGAM,0.01093743030788515,0.0,0.12465887400321662,0.0195757340406999,0.01,2,True,
cdf_plateau,0.02,65,MonotoneLSPIA,0.010938023922119894,3.3273384048016694e-13,0.020605937985237688,0.020605937985237688,,21,True,
cdf_plateau,0.02,65,Penalized monotone B-spline,0.010914017619243859,4.4364512064022255e-13,0.03522319596959278,0.0014501159894280136,0.01,8,True,Optimization terminated successfully
cdf_plateau,0.02,65,pyGAM,0.010903164231623342,5.878297848482949e-10,0.13305206503719091,0.022558455006219447,0.01,2,True,
cdf_plateau,0.02,66,MonotoneLSPIA,0.011737201710390353,0.0,0.022013497014995664,0.022013497014995664,,32,True,
cdf_plateau,0.02,66,Penalized monotone B-spline,0.011741624370258347,0.0,0.03900784102734178,0.001934254018124193,1e-08,11,True,Optimization terminated successfully
cdf_plateau,0.02,66,pyGAM,0.011693888285200542,0.0,0.12961281999014318,0.023280082968994975,0.01,2,True,
cdf_plateau,0.02,67,MonotoneLSPIA,0.01038787001587153,3.3273384048016694e-13,0.020181133004371077,0.020181133004371077,,19,True,
cdf_plateau,0.02,67,Penalized monotone B-spline,0.010391009039487586,3.3273384048016694e-13,0.03435027500381693,0.0012151349801570177,1e-08,6,True,Optimization terminated successfully
cdf_plateau,0.02,67,pyGAM,0.010394392554287438,6.818825504240221e-10,0.12573663896182552,0.022876293980516493,0.01,2,True,
cdf_plateau,0.02,68,MonotoneLSPIA,0.010892031641359566,3.3273384048016694e-13,0.018713873985689133,0.018713873985689133,,10,True,
cdf_plateau,0.02,68,Penalized monotone B-spline,0.01088723112176353,3.3273384048016694e-13,0.03429550398141146,0.001393617014400661,1e-08,8,True,Optimization terminated successfully
cdf_plateau,0.02,68,pyGAM,0.010859046330512306,4.659382879523938e-10,0.12728254200192168,0.022778247017413378,0.01,2,True,
cdf_plateau,0.02,69,MonotoneLSPIA,0.011074680580720166,0.0,0.021919276972766966,0.021919276972766966,,32,True,
cdf_plateau,0.02,69,Penalized monotone B-spline,0.011093481931937406,0.0,0.0385679510072805,0.0022854729904793203,0.01,13,True,Optimization terminated successfully
cdf_plateau,0.02,69,pyGAM,0.011059985771479559,0.0,0.1314866289612837,0.023185412981547415,0.01,2,True,
cdf_plateau,0.02,70,MonotoneLSPIA,0.01165824346964841,0.0,0.021143111982382834,0.021143111982382834,,24,True,
cdf_plateau,0.02,70,Penalized monotone B-spline,0.011661324754205447,0.0,0.04065364197595045,0.0020003810059279203,0.01,13,True,Optimization terminated successfully
cdf_plateau,0.02,70,pyGAM,0.011643107448971188,0.0,0.13668748800409958,0.022974734019953758,0.01,2,True,
cdf_plateau,0.02,71,MonotoneLSPIA,0.010663417093352591,4.159173006002087e-14,0.02056946197990328,0.02056946197990328,,19,True,
cdf_plateau,0.02,71,Penalized monotone B-spline,0.010668963456398547,4.159173006001971e-14,0.03448902996024117,0.0014736420125700533,1e-08,9,True,Optimization terminated successfully
cdf_plateau,0.02,71,pyGAM,0.010700051648981485,5.065872721310541e-10,0.11785248498199508,0.022476169047877192,0.01,2,True,
cdf_plateau,0.02,72,MonotoneLSPIA,0.011362070178742027,4.4364512064022255e-13,0.019633556017652154,0.019633556017652154,,16,True,
cdf_plateau,0.02,72,Penalized monotone B-spline,0.011401317805081454,3.3273384048016694e-13,0.035787875996902585,0.0014436860219575465,0.01,8,True,Optimization terminated successfully
cdf_plateau,0.02,72,pyGAM,0.01132939464968699,4.976589140781696e-10,0.13929132296470925,0.022389808029402047,0.001,5,True,
cdf_plateau,0.02,73,MonotoneLSPIA,0.010660770474614176,4.4364512064022255e-13,0.019666205043904483,0.019666205043904483,,15,True,
cdf_plateau,0.02,73,Penalized monotone B-spline,0.01065518063032903,3.3273384048016694e-13,0.03695576504105702,0.001481015991885215,1e-08,9,True,Optimization terminated successfully
cdf_plateau,0.02,73,pyGAM,0.01062664659195336,8.359383185663393e-10,0.12863677903078496,0.022402099973987788,0.01,2,True,
cdf_plateau,0.02,74,MonotoneLSPIA,0.011072612148753616,5.545564008002657e-14,0.02085400198120624,0.02085400198120624,,26,True,
cdf_plateau,0.02,74,Penalized monotone B-spline,0.011069453008215723,2.7727820040013524e-14,0.036667376989498734,0.0015807980089448392,1e-08,9,True,Optimization terminated successfully
cdf_plateau,0.02,74,pyGAM,0.011083831161649897,8.983813692964382e-11,0.12572654895484447,0.022357336012646556,0.01,2,True,
cdf_plateau,0.02,75,MonotoneLSPIA,0.010570223747755387,3.3273384048016694e-13,0.019808523007668555,0.019808523007668555,,17,True,
cdf_plateau,0.02,75,Penalized monotone B-spline,0.010565183793125885,4.4364512064022255e-13,0.03274423099355772,0.0016845879727043211,0.0001,10,True,Optimization terminated successfully
cdf_plateau,0.02,75,pyGAM,0.010577368368728109,7.681715263885453e-10,0.1338133540120907,0.02679039299255237,0.01,2,True,
cdf_plateau,0.02,76,MonotoneLSPIA,0.010736681399954508,0.0,0.022001839999575168,0.022001839999575168,,35,True,
cdf_plateau,0.02,76,Penalized monotone B-spline,0.010739950164908807,0.0,0.039130440971348435,0.0019701720448210835,1e-08,12,True,Optimization terminated successfully
cdf_plateau,0.02,76,pyGAM,0.010711206958793877,0.0,0.12419076298829168,0.02249368402408436,0.01,2,True,
cdf_plateau,0.02,77,MonotoneLSPIA,0.01100425660745029,3.3273384048016694e-13,0.018920845992397517,0.018920845992397517,,12,True,
cdf_plateau,0.02,77,Penalized monotone B-spline,0.011002512565972549,3.3273384048016694e-13,0.03332592698279768,0.0012679739738814533,1e-08,7,True,Optimization terminated successfully
cdf_plateau,0.02,77,pyGAM,0.011009257990066001,5.990318241444605e-10,0.13772646698635072,0.023024310008622706,0.01,2,True,
cdf_plateau,0.02,78,MonotoneLSPIA,0.011451112010379285,0.0,0.022668702993541956,0.022668702993541956,,38,True,
cdf_plateau,0.02,78,Penalized monotone B-spline,0.011489889756001662,0.0,0.03691509604686871,0.00176150695187971,0.01,11,True,Optimization terminated successfully
cdf_plateau,0.02,78,pyGAM,0.011487995288072672,0.0,0.12572466296842322,0.022505874978378415,0.01,2,True,
cdf_plateau,0.02,79,MonotoneLSPIA,0.011282803611726195,0.0,0.02150378399528563,0.02150378399528563,,31,True,
cdf_plateau,0.02,79,Penalized monotone B-spline,0.011289208202095249,0.0,0.03969399904599413,0.00185159599641338,0.01,11,True,Optimization terminated successfully
cdf_plateau,0.02,79,pyGAM,0.011271101760035276,0.0,0.1264227880164981,0.01846278802258894,0.01,2,True,
cdf_plateau,0.02,80,MonotoneLSPIA,0.010320339294230048,3.3273384048016694e-13,0.019653193012345582,0.019653193012345582,,18,True,
cdf_plateau,0.02,80,Penalized monotone B-spline,0.010323273984540556,4.4364512064022255e-13,0.03661147499224171,0.0018025540048256516,1e-08,10,True,Optimization terminated successfully
cdf_plateau,0.02,80,pyGAM,0.010302162493504432,5.397497448989108e-10,0.13157293299445882,0.022958688030485064,0.01,2,True,
cdf_plateau,0.02,81,MonotoneLSPIA,0.010692070997388165,0.0,0.02109278499847278,0.02109278499847278,,27,True,
cdf_plateau,0.02,81,Penalized monotone B-spline,0.01069164910748693,0.0,0.03592208004556596,0.001678264990914613,1e-08,10,True,Optimization terminated successfully
cdf_plateau,0.02,81,pyGAM,0.010684752828341618,0.0,0.1273095079814084,0.018992552999407053,0.01,2,True,
cdf_plateau,0.02,82,MonotoneLSPIA,0.01065185149370295,4.159173006001993e-14,0.021534123981837183,0.021534123981837183,,30,True,
cdf_plateau,0.02,82,Penalized monotone B-spline,0.010670770380674911,2.7727820040013524e-14,0.03717969998251647,0.0016736400430090725,0.01,10,True,Optimization terminated successfully
cdf_plateau,0.02,82,pyGAM,0.010643892758775577,2.8814750585581655e-10,0.1292339760111645,0.019066861015744507,0.001,4,True,
cdf_plateau,0.02,83,MonotoneLSPIA,0.01097921225474037,3.3273384048016694e-13,0.0211127910297364,0.0211127910297364,,26,True,
cdf_plateau,0.02,83,Penalized monotone B-spline,0.01100561841784038,3.3273384048016694e-13,0.038783533964306116,0.0018518349970690906,0.01,11,True,Optimization terminated successfully
cdf_plateau,0.02,83,pyGAM,0.010971467032731856,8.65107985248434e-10,0.13503955397754908,0.02282481302972883,0.01,2,True,
cdf_plateau,0.02,84,MonotoneLSPIA,0.01157554654957662,3.3273384048016694e-13,0.02095299999928102,0.02095299999928102,,27,True,
cdf_plateau,0.02,84,Penalized monotone B-spline,0.011571823903246754,4.436451206401733e-13,0.03657115204259753,0.0015787010197527707,1e-08,9,True,Optimization terminated successfully
cdf_plateau,0.02,84,pyGAM,0.011481328283437514,8.09430522608086e-10,0.1328539690002799,0.018661862006410956,0.01,2,True,
cdf_plateau,0.02,85,MonotoneLSPIA,0.011788959226477156,2.772782004001391e-14,0.02008196001406759,0.02008196001406759,,20,True,
cdf_plateau,0.02,85,Penalized monotone B-spline,0.011791149943259914,2.772782004001391e-14,0.041589228028897196,0.0017078850069083273,1e-08,10,True,Optimization terminated successfully
cdf_plateau,0.02,85,pyGAM,0.011746858159406388,3.414958316128113e-10,0.13683908502571285,0.023289303004276007,0.001,5,True,
cdf_plateau,0.02,86,MonotoneLSPIA,0.01067180082235901,4.4364512064022255e-13,0.020303779980167747,0.020303779980167747,,20,True,
cdf_plateau,0.02,86,Penalized monotone B-spline,0.01067336161663674,4.4364512064022255e-13,0.033452653035055846,0.001578130992129445,1e-08,8,True,Optimization terminated successfully
cdf_plateau,0.02,86,pyGAM,0.01068607426484488,7.113849509465969e-10,0.1397176809841767,0.02730661304667592,0.001,6,True,
cdf_plateau,0.02,87,MonotoneLSPIA,0.010973588097919405,2.772782004001391e-14,0.01997995300916955,0.01997995300916955,,18,True,
cdf_plateau,0.02,87,Penalized monotone B-spline,0.01098587964904416,4.159173006001993e-14,0.032855940982699394,0.0014426559791900218,0.01,8,True,Optimization terminated successfully
cdf_plateau,0.02,87,pyGAM,0.011193244926523712,5.047017803683192e-10,0.12739292898913845,0.01937552000163123,0.1,2,True,
cdf_plateau,0.02,88,MonotoneLSPIA,0.010736764436118443,4.1591730060020287e-14,0.02050648699514568,0.02050648699514568,,21,True,
cdf_plateau,0.02,88,Penalized monotone B-spline,0.010735405425227766,2.772782004001391e-14,0.035089882963802665,0.0014735980075784028,0.01,8,True,Optimization terminated successfully
cdf_plateau,0.02,88,pyGAM,0.010683192704197068,6.949146258428093e-10,0.12287752301199362,0.022878099989611655,0.01,2,True,
cdf_plateau,0.02,89,MonotoneLSPIA,0.010495164031046788,0.0,0.02270970301469788,0.02270970301469788,,37,True,
cdf_plateau,0.02,89,Penalized monotone B-spline,0.010491699537772771,0.0,0.03907346195774153,0.0018775579519569874,1e-08,11,True,Optimization terminated successfully
cdf_plateau,0.02,89,pyGAM,0.010478185642825327,0.0,0.13550462201237679,0.023948256974108517,0.001,5,True,
cdf_plateau,0.02,90,MonotoneLSPIA,0.012862528261373055,0.0,0.020928578975144774,0.020928578975144774,,25,True,
cdf_plateau,0.02,90,Penalized monotone B-spline,0.012855701351841527,0.0,0.04095566499745473,0.0019325600005686283,0.01,13,True,Optimization terminated successfully
cdf_plateau,0.02,90,pyGAM,0.012786182821130403,0.0,0.12587875500321388,0.019746062986087054,0.01,2,True,
cdf_plateau,0.02,91,MonotoneLSPIA,0.012319943922033562,3.3273384048016694e-13,0.0209803199977614,0.0209803199977614,,23,True,
cdf_plateau,0.02,91,Penalized monotone B-spline,0.012315927659167693,3.3273384048016694e-13,0.036929203022737056,0.0017230850062333047,1e-08,10,True,Optimization terminated successfully
cdf_plateau,0.02,91,pyGAM,0.012340794221990439,5.609892550495614e-10,0.12942681094864383,0.023631852003745735,0.01,2,True,
cdf_plateau,0.02,92,MonotoneLSPIA,0.010581880394871403,3.3273384048016694e-13,0.02049941901350394,0.02049941901350394,,18,True,
cdf_plateau,0.02,92,Penalized monotone B-spline,0.010606102245701257,3.3273384048016694e-13,0.037634545005857944,0.0017392609734088182,0.01,10,True,Optimization terminated successfully
cdf_plateau,0.02,92,pyGAM,0.010533421118972238,8.310582222392969e-10,0.13734940602444112,0.02683981804875657,0.01,2,True,
cdf_plateau,0.02,93,MonotoneLSPIA,0.010889276137760123,0.0,0.0228748950175941,0.0228748950175941,,39,True,
cdf_plateau,0.02,93,Penalized monotone B-spline,0.010908717415630917,0.0,0.037935049971565604,0.0014825849793851376,0.01,7,True,Optimization terminated successfully
cdf_plateau,0.02,93,pyGAM,0.010903137210296808,0.0,0.12547238200204447,0.01566588698187843,0.01,2,True,
cdf_plateau,0.02,94,MonotoneLSPIA,0.010549819447464748,4.4364512064022255e-13,0.020668696030043066,0.020668696030043066,,14,True,
cdf_plateau,0.02,94,Penalized monotone B-spline,0.010552426781294637,3.3273384048016694e-13,0.03894146496895701,0.001844090991653502,1e-08,12,True,Optimization terminated successfully
cdf_plateau,0.02,94,pyGAM,0.010494714679426621,8.927248940082879e-10,0.13763498904882,0.023346961999777704,0.01,2,True,
cdf_plateau,0.02,95,MonotoneLSPIA,0.01149549926322284,0.0,0.022163694025948644,0.022163694025948644,,29,True,
cdf_plateau,0.02,95,Penalized monotone B-spline,0.011500107445005629,0.0,0.040044921974185854,0.0017931729671545327,0.0001,11,True,Optimization terminated successfully
cdf_plateau,0.02,95,pyGAM,0.011446436601651674,0.0,0.13251501799095422,0.023749086016323417,0.01,2,True,
cdf_plateau,0.02,96,MonotoneLSPIA,0.01162708796202357,2.772782004001391e-14,0.02161306404741481,0.02161306404741481,,25,True,
cdf_plateau,0.02,96,Penalized monotone B-spline,0.011626147894823136,2.772782004001391e-14,0.04006625001784414,0.0017791329883038998,1e-08,11,True,Optimization terminated successfully
cdf_plateau,0.02,96,pyGAM,0.011610771789401862,3.3672664656591957e-10,0.12543453997932374,0.0232105259783566,0.001,5,True,
cdf_plateau,0.02,97,MonotoneLSPIA,0.010743019649299055,2.772782004001391e-14,0.020792021008674055,0.020792021008674055,,21,True,
cdf_plateau,0.02,97,Penalized monotone B-spline,0.010745840540804272,2.772782004001391e-14,0.03775412600953132,0.0017216629930771887,1e-08,10,True,Optimization terminated successfully
cdf_plateau,0.02,97,pyGAM,0.010707340024057505,2.655216047031732e-10,0.1372321909875609,0.02806077100103721,0.001,6,True,
cdf_plateau,0.02,98,MonotoneLSPIA,0.010398091164181581,3.3273384048016694e-13,0.02142692799679935,0.02142692799679935,,23,True,
cdf_plateau,0.02,98,Penalized monotone B-spline,0.010398732549197025,3.3273384048016694e-13,0.035027416015509516,0.0017707960214465857,1e-08,10,True,Optimization terminated successfully
cdf_plateau,0.02,98,pyGAM,0.010577856960183991,5.796223501164507e-10,0.13566808198811486,0.01975080295233056,0.1,3,True,
cdf_plateau,0.02,99,MonotoneLSPIA,0.010782303887461552,0.0,0.02553510502912104,0.02553510502912104,,35,True,
cdf_plateau,0.02,99,Penalized monotone B-spline,0.010794363624582264,0.0,0.04111214500153437,0.0019031559932045639,0.01,12,True,Optimization terminated successfully
cdf_plateau,0.02,99,pyGAM,0.010796829514316167,0.0,0.1337699790019542,0.02355839899973944,0.01,2,True,
cdf_plateau,0.02,100,MonotoneLSPIA,0.011366478185260372,2.772782004001391e-14,0.021726079983636737,0.021726079983636737,,27,True,
cdf_plateau,0.02,100,Penalized monotone B-spline,0.0113709509701594,4.159173006001971e-14,0.03912276402115822,0.001833934977184981,1e-08,7,True,Optimization terminated successfully
cdf_plateau,0.02,100,pyGAM,0.01136846684481534,0.0,0.12985150603344664,0.023033532954286784,0.01,2,True,
cdf_plateau,0.05,1,MonotoneLSPIA,0.012479869716016941,3.3273384048016694e-13,0.020303803961724043,0.020303803961724043,,18,True,
cdf_plateau,0.05,1,Penalized monotone B-spline,0.0124282055546123,3.3273384048016694e-13,0.03657223598565906,0.0016620699898339808,0.01,10,True,Optimization terminated successfully
cdf_plateau,0.05,1,pyGAM,0.012000396992866065,1.078445832636301e-09,0.1294617989915423,0.023510229017119855,0.1,2,True,
cdf_plateau,0.05,2,MonotoneLSPIA,0.014105850208809431,0.0,0.02426706498954445,0.02426706498954445,,37,True,
cdf_plateau,0.05,2,Penalized monotone B-spline,0.014103085376805914,0.0,0.04058787599205971,0.0016756369732320309,1e-08,10,True,Optimization terminated successfully
cdf_plateau,0.05,2,pyGAM,0.014061979799845163,0.0,0.12241818400798365,0.01942334498744458,0.01,2,True,
cdf_plateau,0.05,3,MonotoneLSPIA,0.014743948330751804,2.7727820040013524e-14,0.021308090013917536,0.021308090013917536,,22,True,
cdf_plateau,0.05,3,Penalized monotone B-spline,0.014745261933061915,2.7727820040013332e-14,0.037967014010064304,0.0015756189823150635,1e-08,9,True,Optimization terminated successfully
cdf_plateau,0.05,3,pyGAM,0.014784397591143354,1.5133289621438372e-09,0.11995858099544421,0.019772551022469997,0.01,2,True,
cdf_plateau,0.05,4,MonotoneLSPIA,0.01246465811677387,3.3273384048016694e-13,0.0202397329849191,0.0202397329849191,,14,True,
cdf_plateau,0.05,4,Penalized monotone B-spline,0.01245458127289113,3.3273384048016694e-13,0.03616933600278571,0.001441894972231239,1e-08,8,True,Optimization terminated successfully
cdf_plateau,0.05,4,pyGAM,0.012455456098376868,7.750480257584581e-10,0.12902660301188007,0.023399206984322518,0.01,2,True,
cdf_plateau,0.05,5,MonotoneLSPIA,0.020520800057446265,2.772782004001391e-14,0.022160016000270844,0.022160016000270844,,32,True,
cdf_plateau,0.05,5,Penalized monotone B-spline,0.020512058051095704,2.772782004001391e-14,0.03767563903238624,0.0017933100461959839,1e-08,11,True,Optimization terminated successfully
cdf_plateau,0.05,5,pyGAM,0.020195944205105645,0.0,0.12652376299956813,0.019422519020736217,0.01,2,True,
cdf_plateau,0.05,6,MonotoneLSPIA,0.01554399455635486,2.772782004001391e-14,0.020415492996107787,0.020415492996107787,,16,True,
cdf_plateau,0.05,6,Penalized monotone B-spline,0.015514714202061066,2.772782004001391e-14,0.03237244900083169,0.0013934110174886882,0.01,8,True,Optimization terminated successfully
cdf_plateau,0.05,6,pyGAM,0.015468464654344882,1.3301589829595473e-09,0.12964811600977555,0.019405483966693282,0.01,2,True,
cdf_plateau,0.05,7,MonotoneLSPIA,0.013846789745408938,3.3273384048016694e-13,0.019996255985461175,0.019996255985461175,,15,True,
cdf_plateau,0.05,7,Penalized monotone B-spline,0.013872958530332921,4.4364512064022255e-13,0.0344179340172559,0.0014268580125644803,0.01,8,True,Optimization terminated successfully
cdf_plateau,0.05,7,pyGAM,0.013885844935464575,1.2728733067568432e-09,0.13340692996280268,0.02313469402724877,0.01,2,True,
cdf_plateau,0.05,8,MonotoneLSPIA,0.016126861035851918,0.0,0.02207056002225727,0.02207056002225727,,31,True,
cdf_plateau,0.05,8,Penalized monotone B-spline,0.016131519879965053,0.0,0.040877897990867496,0.001847648003604263,1e-08,11,True,Optimization terminated successfully
cdf_plateau,0.05,8,pyGAM,0.016018670139393273,0.0,0.12068195798201486,0.023600263986736536,0.01,2,True,
cdf_plateau,0.05,9,MonotoneLSPIA,0.019133790829511586,3.3273384048016694e-13,0.019581099972128868,0.019581099972128868,,12,True,
cdf_plateau,0.05,9,Penalized monotone B-spline,0.018896588364246937,3.3273384048016694e-13,0.032589470967650414,0.0012972020194865763,0.01,7,True,Optimization terminated successfully
cdf_plateau,0.05,9,pyGAM,0.01889492869269509,3.2902940372282104e-09,0.11728055798448622,0.023405960004311055,0.01,2,True,
cdf_plateau,0.05,10,MonotoneLSPIA,0.016236190241289642,0.0,0.02290908695431426,0.02290908695431426,,40,True,
cdf_plateau,0.05,10,Penalized monotone B-spline,0.016229471068215505,0.0,0.04054288804763928,0.00216609297785908,1e-08,14,True,Optimization terminated successfully
cdf_plateau,0.05,10,pyGAM,0.015866000825509895,0.0,0.1304358720080927,0.023204947996418923,0.01,2,True,
cdf_plateau,0.05,11,MonotoneLSPIA,0.012702502564283822,4.4364512064022255e-13,0.019456219044514,0.019456219044514,,14,True,
cdf_plateau,0.05,11,Penalized monotone B-spline,0.012698605390749532,4.4364512064022255e-13,0.03582203498808667,0.0018037789850495756,1e-08,11,True,Optimization terminated successfully
cdf_plateau,0.05,11,pyGAM,0.012020743190938191,1.8929782741317495e-09,0.1344015040085651,0.02382839296478778,0.01,2,True,
cdf_plateau,0.05,12,MonotoneLSPIA,0.01555533934095713,4.1591730060020287e-14,0.020657875982578844,0.020657875982578844,,23,True,
cdf_plateau,0.05,12,Penalized monotone B-spline,0.015515068858492048,4.1591730060020287e-14,0.035249543958343565,0.001379300025291741,0.01,7,True,Optimization terminated successfully
cdf_plateau,0.05,12,pyGAM,0.015190041314211375,2.4045565538699396e-09,0.12266533198999241,0.022945526987314224,0.1,2,True,
cdf_plateau,0.05,13,MonotoneLSPIA,0.012403303458592807,3.3273384048016694e-13,0.019174131972249597,0.019174131972249597,,11,True,
cdf_plateau,0.05,13,Penalized monotone B-spline,0.012449306415346664,3.3273384048016694e-13,0.03439790505217388,0.0013715369859710336,0.01,7,True,Optimization terminated successfully
cdf_plateau,0.05,13,pyGAM,0.012858438768886166,5.621538234912264e-10,0.12065601500216872,0.019440575037151575,0.1,2,True,
cdf_plateau,0.05,14,MonotoneLSPIA,0.015542808167780352,3.3273384048016694e-13,0.019623194995801896,0.019623194995801896,,14,True,
cdf_plateau,0.05,14,Penalized monotone B-spline,0.015557265564346822,4.4364512064022255e-13,0.03734223899664357,0.0015319929807446897,0.0001,9,True,Optimization terminated successfully
cdf_plateau,0.05,14,pyGAM,0.015440796496472316,9.896613528681765e-10,0.1347506979946047,0.01926794002065435,0.01,2,True,
cdf_plateau,0.05,15,MonotoneLSPIA,0.012589254300743468,4.159173006002087e-14,0.019949490029830486,0.019949490029830486,,15,True,
cdf_plateau,0.05,15,Penalized monotone B-spline,0.012620701254007508,4.4364512064022255e-13,0.03755684196949005,0.0014900669921189547,0.01,8,True,Optimization terminated successfully
cdf_plateau,0.05,15,pyGAM,0.012549231994938112,9.100825093533365e-10,0.1331179229891859,0.02306823298567906,0.01,4,True,
cdf_plateau,0.05,16,MonotoneLSPIA,0.019032774510747523,4.159173006001971e-14,0.019347172987181693,0.019347172987181693,,13,True,
cdf_plateau,0.05,16,Penalized monotone B-spline,0.018989929456858335,2.772782004001391e-14,0.03680810198420659,0.0014462199760600924,0.01,7,True,Optimization terminated successfully
cdf_plateau,0.05,16,pyGAM,0.018815487406784813,1.3004902155167324e-09,0.12837406003382057,0.023782591975759715,0.01,2,True,
cdf_plateau,0.05,17,MonotoneLSPIA,0.015394928786755845,3.3273384048016694e-13,0.020476376987062395,0.020476376987062395,,16,True,
cdf_plateau,0.05,17,Penalized monotone B-spline,0.015366488552832647,3.3273384048016694e-13,0.036423214012756944,0.0013163029798306525,0.01,5,True,Optimization terminated successfully
cdf_plateau,0.05,17,pyGAM,0.015360477581358797,1.1271913402666455e-09,0.13306021800963208,0.02376960002584383,0.01,2,True,
cdf_plateau,0.05,18,MonotoneLSPIA,0.017811391958334873,3.3273384048016694e-13,0.02273851999780163,0.02273851999780163,,28,True,
cdf_plateau,0.05,18,Penalized monotone B-spline,0.017792070802673098,3.3273384048016694e-13,0.044349253992550075,0.0020934119820594788,1e-08,13,True,Optimization terminated successfully
cdf_plateau,0.05,18,pyGAM,0.017770524969943274,5.097482436156157e-10,0.13552808499662206,0.024912149994634092,0.01,2,True,
cdf_plateau,0.05,19,MonotoneLSPIA,0.016859398692391503,4.1591730060019996e-14,0.02356319996761158,0.02356319996761158,,34,True,
cdf_plateau,0.05,19,Penalized monotone B-spline,0.016869003283332382,2.7727820040013524e-14,0.04144263896159828,0.0019203939591534436,0.01,11,True,Optimization terminated successfully
cdf_plateau,0.05,19,pyGAM,0.016841267735259492,3.9423414532890955e-10,0.12559566396521404,0.02443632303038612,0.01,2,True,
cdf_plateau,0.05,20,MonotoneLSPIA,0.010951535151028752,3.3273384048016694e-13,0.021715487993787974,0.021715487993787974,,22,True,
cdf_plateau,0.05,20,Penalized monotone B-spline,0.010932780774790922,3.3273384048016694e-13,0.03910366503987461,0.001495427975896746,0.01,8,True,Optimization terminated successfully
cdf_plateau,0.05,20,pyGAM,0.01093008657695408,1.204163768697724e-09,0.13525593897793442,0.02424429199891165,0.01,2,True,
cdf_plateau,0.05,21,MonotoneLSPIA,0.0129974951919363,3.3273384048016694e-13,0.019863950030412525,0.019863950030412525,,11,True,
cdf_plateau,0.05,21,Penalized monotone B-spline,0.012991032671244618,3.3273384048016694e-13,0.03462757100351155,0.0010666169691830873,0.01,4,True,Optimization terminated successfully
cdf_plateau,0.05,21,pyGAM,0.013008382042539242,1.852273834312958e-09,0.13344753702403978,0.023813547973986715,0.1,2,True,
cdf_plateau,0.05,22,MonotoneLSPIA,0.011543325762563502,4.436451206401733e-13,0.020619863003958017,0.020619863003958017,,15,True,
cdf_plateau,0.05,22,Penalized monotone B-spline,0.01167581033222046,3.3273384048016694e-13,0.03852851496776566,0.001721169042866677,0.01,10,True,Optimization terminated successfully
cdf_plateau,0.05,22,pyGAM,0.013139319106898039,2.057570613889215e-09,0.13024042500182986,0.02443585603032261,0.1,2,True,
cdf_plateau,0.05,23,MonotoneLSPIA,0.014879228085216361,4.1591730060019996e-14,0.02148108498658985,0.02148108498658985,,22,True,
cdf_plateau,0.05,23,Penalized monotone B-spline,0.014887859655831736,4.1591730060019996e-14,0.037156270002014935,0.0018088399665430188,1e-08,10,True,Optimization terminated successfully
cdf_plateau,0.05,23,pyGAM,0.016357447105893808,9.650390486726174e-10,0.11983593099284917,0.01987796201137826,0.1,2,True,
cdf_plateau,0.05,24,MonotoneLSPIA,0.014323469929283888,3.3273384048016694e-13,0.022185566020198166,0.022185566020198166,,26,True,
cdf_plateau,0.05,24,Penalized monotone B-spline,0.014354283165236025,3.3273384048016694e-13,0.0355388349853456,0.0013529359712265432,0.01,6,True,Optimization terminated successfully
cdf_plateau,0.05,24,pyGAM,0.014697019682897395,1.1809833111442725e-09,0.12598153500584885,0.020687923999503255,0.1,2,True,
cdf_plateau,0.05,25,MonotoneLSPIA,0.014025302292846068,5.545564008002782e-13,0.02173409500392154,0.02173409500392154,,16,True,
cdf_plateau,0.05,25,Penalized monotone B-spline,0.013970070881451697,3.3273384048016694e-13,0.03715915296925232,0.0015262339729815722,0.01,8,True,Optimization terminated successfully
cdf_plateau,0.05,25,pyGAM,0.013843096620372693,2.050860481439589e-09,0.13647683203453198,0.020409177988767624,0.01,2,True,
cdf_plateau,0.05,26,MonotoneLSPIA,0.01749202992780252,3.3273384048016694e-13,0.02303982200101018,0.02303982200101018,,28,True,
cdf_plateau,0.05,26,Penalized monotone B-spline,0.01755615135488193,3.3273384048016694e-13,0.043135154992341995,0.0020296869915910065,0.01,12,True,Optimization terminated successfully
cdf_plateau,0.05,26,pyGAM,0.017546934653384718,7.906865162610366e-10,0.133320560969878,0.02102724596625194,0.01,2,True,
cdf_plateau,0.05,27,MonotoneLSPIA,0.012317069164090314,0.0,0.023910343006718904,0.023910343006718904,,33,True,
cdf_plateau,0.05,27,Penalized monotone B-spline,0.012324286875921504,0.0,0.040819218032993376,0.0021542839822359383,1e-08,12,True,Optimization terminated successfully
cdf_plateau,0.05,27,pyGAM,0.012440548690839062,0.0,0.14486480096820742,0.020397938031237572,0.1,4,True,
cdf_plateau,0.05,28,MonotoneLSPIA,0.014402631044003859,3.3273384048016694e-13,0.020492737996391952,0.020492737996391952,,12,True,
cdf_plateau,0.05,28,Penalized monotone B-spline,0.014415870020934567,4.4364512064022255e-13,0.03295358194736764,0.0011335259769111872,1e-08,4,True,Optimization terminated successfully
cdf_plateau,0.05,28,pyGAM,0.01443444688060696,1.9341263590710767e-09,0.1327898680465296,0.024752441968303174,0.01,2,True,
cdf_plateau,0.05,29,MonotoneLSPIA,0.01387520252669618,0.0,0.02384965098462999,0.02384965098462999,,34,True,
cdf_plateau,0.05,29,Penalized monotone B-spline,0.01388241637147687,0.0,0.040321568958461285,0.0016911770217120647,0.0001,8,True,Optimization terminated successfully
cdf_plateau,0.05,29,pyGAM,0.013600497817631965,0.0,0.1421123209875077,0.020762002968695015,0.01,2,True,
cdf_plateau,0.05,30,MonotoneLSPIA,0.010388386052672652,4.1591730060019996e-14,0.022872087021823972,0.022872087021823972,,29,True,
cdf_plateau,0.05,30,Penalized monotone B-spline,0.010376221189584483,2.7727820040013524e-14,0.038145889004226774,0.0018600019975565374,0.01,9,True,Optimization terminated successfully
cdf_plateau,0.05,30,pyGAM,0.010429069876531359,4.675465015147048e-10,0.1330583299859427,0.0205227310070768,0.1,2,True,
cdf_plateau,0.05,31,MonotoneLSPIA,0.012255986011254584,3.3273384048016694e-13,0.02115503599634394,0.02115503599634394,,15,True,
cdf_plateau,0.05,31,Penalized monotone B-spline,0.012397424692428877,3.3273384048016694e-13,0.03694481402635574,0.0013902059872634709,0.01,6,True,Optimization terminated successfully
cdf_plateau,0.05,31,pyGAM,0.013635744262398875,3.107844981364833e-09,0.1369296310003847,0.02006665797671303,0.1,2,True,
cdf_plateau,0.05,32,MonotoneLSPIA,0.013969172886923781,3.3273384048016694e-13,0.022070326027460396,0.022070326027460396,,21,True,
cdf_plateau,0.05,32,Penalized monotone B-spline,0.014030584038078196,3.3273384048016694e-13,0.03780670196283609,0.0016084450180642307,0.01,8,True,Optimization terminated successfully
cdf_plateau,0.05,32,pyGAM,0.014377426024529795,1.5713910173076682e-09,0.13391598797170445,0.016274889989290386,0.1,4,True,
cdf_plateau,0.05,33,MonotoneLSPIA,0.014828071245331448,3.3273384048016694e-13,0.022370161022990942,0.022370161022990942,,20,True,
cdf_plateau,0.05,33,Penalized monotone B-spline,0.01514137440109188,3.3273384048016694e-13,0.03980942297494039,0.0017102070269174874,0.01,9,True,Optimization terminated successfully
cdf_plateau,0.05,33,pyGAM,0.017153044367196717,9.614898877075224e-10,0.14082007098477334,0.02045515296049416,0.1,4,True,
cdf_plateau,0.05,34,MonotoneLSPIA,0.015295781141535635,3.3273384048016694e-13,0.02171185304177925,0.02171185304177925,,20,True,
cdf_plateau,0.05,34,Penalized monotone B-spline,0.015290761818228122,4.4364512064022255e-13,0.043179775995668024,0.0018388799508102238,0.01,10,True,Optimization terminated successfully
cdf_plateau,0.05,34,pyGAM,0.015241176483569402,1.6671074520857964e-09,0.14315534103661776,0.025316083047073334,0.01,2,True,
cdf_plateau,0.05,35,MonotoneLSPIA,0.013405935291976562,3.3273384048016694e-13,0.022872113971970975,0.022872113971970975,,23,True,
cdf_plateau,0.05,35,Penalized monotone B-spline,0.013419817862847521,3.3273384048016694e-13,0.04136419401038438,0.0019258499960415065,0.0001,9,True,Optimization terminated successfully
cdf_plateau,0.05,35,pyGAM,0.013917929908774546,5.445743855858732e-10,0.1351902749738656,0.020980014000087976,0.1,2,True,
cdf_plateau,0.05,36,MonotoneLSPIA,0.016498992049780933,3.3273384048016694e-13,0.023993131006136537,0.023993131006136537,,32,True,
cdf_plateau,0.05,36,Penalized monotone B-spline,0.016608959102085905,4.4364512064022255e-13,0.0464629209600389,0.0019775909604504704,0.01,11,True,Optimization terminated successfully
cdf_plateau,0.05,36,pyGAM,0.01768050045535732,6.904227189962698e-10,0.1322279599844478,0.016049366968218237,0.1,2,True,
cdf_plateau,0.05,37,MonotoneLSPIA,0.018705681880233156,4.4364512064022255e-13,0.02259101695381105,0.02259101695381105,,24,True,
cdf_plateau,0.05,37,Penalized monotone B-spline,0.018709183267645816,4.4364512064022255e-13,0.04336690698983148,0.0020130829652771354,1e-08,12,True,Optimization terminated successfully
cdf_plateau,0.05,37,pyGAM,0.018551886996584516,4.48469761327185e-10,0.132154964026995,0.025116092001553625,0.001,5,True,
cdf_plateau,0.05,38,MonotoneLSPIA,0.011558346928047188,4.1591730060019996e-14,0.022138386964797974,0.022138386964797974,,21,True,
cdf_plateau,0.05,38,Penalized monotone B-spline,0.0115693065628043,2.772782004001391e-14,0.035483339976053685,0.0013836229918524623,1e-08,7,True,Optimization terminated successfully
cdf_plateau,0.05,38,pyGAM,0.011585268995361438,2.7617463316253887e-09,0.13819213001988828,0.02469771000323817,0.01,2,True,
cdf_plateau,0.05,39,MonotoneLSPIA,0.015377836262799009,3.3273384048016694e-13,0.020632843021303415,0.020632843021303415,,10,True,
cdf_plateau,0.05,39,Penalized monotone B-spline,0.01527645842623795,3.3273384048016694e-13,0.03132161998655647,0.0013580829836428165,0.01,7,True,Optimization terminated successfully
cdf_plateau,0.05,39,pyGAM,0.014423564323273817,2.549628508319359e-09,0.12388669699430466,0.024589831999037415,0.1,2,True,
cdf_plateau,0.05,40,MonotoneLSPIA,0.016118756751854726,0.0,0.02452619804535061,0.02452619804535061,,37,True,
cdf_plateau,0.05,40,Penalized monotone B-spline,0.016145205882221264,0.0,0.04011585097759962,0.0018655249732546508,0.01,10,True,Optimization terminated successfully
cdf_plateau,0.05,40,pyGAM,0.01637134644449434,0.0,0.13781451899558306,0.020240080018993467,0.1,2,True,
cdf_plateau,0.05,41,MonotoneLSPIA,0.015744578135783262,0.0,0.02489720197627321,0.02489720197627321,,38,True,
cdf_plateau,0.05,41,Penalized monotone B-spline,0.015874529116356766,0.0,0.042005686031188816,0.0015242280205711722,0.01,7,True,Optimization terminated successfully
cdf_plateau,0.05,41,pyGAM,0.01551584031442483,0.0,0.12423175701405853,0.020549759967252612,0.01,2,True,
cdf_plateau,0.05,42,MonotoneLSPIA,0.011561922712122355,4.4364512064022255e-13,0.020982548012398183,0.020982548012398183,,13,True,
cdf_plateau,0.05,42,Penalized monotone B-spline,0.011539961111713255,4.4364512064022255e-13,0.03817509301006794,0.0017840209766291082,0.01,10,True,Optimization terminated successfully
cdf_plateau,0.05,42,pyGAM,0.011445255435318463,2.334183346608451e-09,0.1422839019796811,0.03482329798862338,0.01,2,True,
cdf_plateau,0.05,43,MonotoneLSPIA,0.01528320089599604,5.545564008002628e-14,0.027660587977152318,0.027660587977152318,,17,True,
cdf_plateau,0.05,43,Penalized monotone B-spline,0.01528079733458938,4.159173006002087e-14,0.04083180200541392,0.0018965749768540263,1e-08,11,True,Optimization terminated successfully
cdf_plateau,0.05,43,pyGAM,0.015301859392471152,6.572047905883915e-10,0.11725114902947098,0.02040685899555683,0.01,2,True,
cdf_plateau,0.05,44,MonotoneLSPIA,0.013363302181566443,3.3273384048016694e-13,0.02239670598646626,0.02239670598646626,,25,True,
cdf_plateau,0.05,44,Penalized monotone B-spline,0.013378442620150968,3.3273384048016694e-13,0.04014559497591108,0.0015856539830565453,1e-08,8,True,Optimization terminated successfully
cdf_plateau,0.05,44,pyGAM,0.013436250128961522,3.6190350716226156e-10,0.13878948701312765,0.024860445992089808,0.01,2,True,
cdf_plateau,0.05,45,MonotoneLSPIA,0.013343089621423096,2.772782004001391e-14,0.021525915013626218,0.021525915013626218,,18,True,
cdf_plateau,0.05,45,Penalized monotone B-spline,0.013344339339457114,2.772782004001391e-14,0.04075350402854383,0.0020504450076259673,1e-08,12,True,Optimization terminated successfully
cdf_plateau,0.05,45,pyGAM,0.012727797673468821,1.5284683518857268e-09,0.1315837189904414,0.02451524802017957,0.01,2,True,
cdf_plateau,0.05,46,MonotoneLSPIA,0.017413150658592943,3.3273384048016694e-13,0.022956105007324368,0.022956105007324368,,24,True,
cdf_plateau,0.05,46,Penalized monotone B-spline,0.017300516856377627,4.4364512064022255e-13,0.040180392970796674,0.0017721509793773293,0.01,10,True,Optimization terminated successfully
cdf_plateau,0.05,46,pyGAM,0.01721536711885855,1.5664000097004658e-09,0.13841604703338817,0.024828596971929073,0.001,5,True,
cdf_plateau,0.05,47,MonotoneLSPIA,0.015761333395223776,2.772782004001391e-14,0.02199282799847424,0.02199282799847424,,21,True,
cdf_plateau,0.05,47,Penalized monotone B-spline,0.015769613989602697,2.772782004001391e-14,0.043638205039314926,0.0019354670075699687,0.0001,11,True,Optimization terminated successfully
cdf_plateau,0.05,47,pyGAM,0.01481812049147267,1.0019170493258349e-09,0.13203548098681495,0.02855402900604531,0.01,2,True,
cdf_plateau,0.05,48,MonotoneLSPIA,0.011674327377665777,3.3273384048016694e-13,0.022138017986435443,0.022138017986435443,,21,True,
cdf_plateau,0.05,48,Penalized monotone B-spline,0.01168643236323135,3.3273384048016694e-13,0.037198306003119797,0.0017964569851756096,1e-08,10,True,Optimization terminated successfully
cdf_plateau,0.05,48,pyGAM,0.011682488150994798,1.4183334506867916e-09,0.13364618498599157,0.024652505002450198,0.01,2,True,
cdf_plateau,0.05,49,MonotoneLSPIA,0.013694444980137032,3.3273384048016694e-13,0.020643455034587532,0.020643455034587532,,12,True,
cdf_plateau,0.05,49,Penalized monotone B-spline,0.013726387694413285,4.4364512064022255e-13,0.03579708299366757,0.0016956199542619288,0.01,10,True,Optimization terminated successfully
cdf_plateau,0.05,49,pyGAM,0.013953329871604954,2.383816144480076e-09,0.12275181198492646,0.025087404996156693,0.1,2,True,
cdf_plateau,0.05,50,MonotoneLSPIA,0.01190653539861281,2.772782004001391e-14,0.021469934028573334,0.021469934028573334,,19,True,
cdf_plateau,0.05,50,Penalized monotone B-spline,0.011911219131683727,2.772782004001391e-14,0.04377942800056189,0.0020150819909758866,1e-08,10,True,Optimization terminated successfully
cdf_plateau,0.05,50,pyGAM,0.011870738711252937,1.0076289802540776e-09,0.13441184896510094,0.024649170984048396,0.01,2,True,
cdf_plateau,0.05,51,MonotoneLSPIA,0.014832480786369527,5.545564008002628e-14,0.024753781035542488,0.024753781035542488,,39,True,
cdf_plateau,0.05,51,Penalized monotone B-spline,0.01488926147543674,2.772782004001391e-14,0.044252961000893265,0.002057447039987892,0.01,12,True,Optimization terminated successfully
cdf_plateau,0.05,51,pyGAM,0.01482532555037306,3.899640610427556e-10,0.13563535996945575,0.024941226991359144,0.01,2,True,
cdf_plateau,0.05,52,MonotoneLSPIA,0.0114046298844395,4.1591730060019996e-14,0.02124257100513205,0.02124257100513205,,17,True,
cdf_plateau,0.05,52,Penalized monotone B-spline,0.011397678987314024,4.159173006001993e-14,0.03392727504251525,0.001733497017994523,1e-08,9,True,Optimization terminated successfully
cdf_plateau,0.05,52,pyGAM,0.011416052827204233,9.98201521440487e-10,0.1459346580086276,0.0252532729646191,0.001,5,True,
cdf_plateau,0.05,53,MonotoneLSPIA,0.016262751405034158,0.0,0.02385367697570473,0.02385367697570473,,35,True,
cdf_plateau,0.05,53,Penalized monotone B-spline,0.01625987589849205,0.0,0.040619318024255335,0.002033485972788185,1e-08,11,True,Optimization terminated successfully
cdf_plateau,0.05,53,pyGAM,0.016060079787504428,0.0,0.1326307890121825,0.015940240991767496,0.01,2,True,
cdf_plateau,0.05,54,MonotoneLSPIA,0.016863516822419634,4.4364512064022255e-13,0.022425372968427837,0.022425372968427837,,19,True,
cdf_plateau,0.05,54,Penalized monotone B-spline,0.016857097470548907,3.3273384048016694e-13,0.040052786003798246,0.0017081520054489374,1e-08,9,True,Optimization terminated successfully
cdf_plateau,0.05,54,pyGAM,0.01865414467254016,1.6874042163550865e-09,0.1329319479991682,0.02015966596081853,0.1,2,True,
cdf_plateau,0.05,55,MonotoneLSPIA,0.01576917489878573,4.4364512064022255e-13,0.02191021101316437,0.02191021101316437,,20,True,
cdf_plateau,0.05,55,Penalized monotone B-spline,0.015735068701926466,4.436451206401733e-13,0.039582108962349594,0.0015701490337960422,0.01,8,True,Optimization terminated successfully
cdf_plateau,0.05,55,pyGAM,0.015351266839428853,2.802838960924766e-09,0.12122310302220285,0.02502869098680094,0.01,2,True,
cdf_plateau,0.05,56,MonotoneLSPIA,0.01468343068135218,4.159173006002087e-14,0.021167288010474294,0.021167288010474294,,15,True,
cdf_plateau,0.05,56,Penalized monotone B-spline,0.014684439204891996,4.159173006001993e-14,0.04327159799868241,0.002033410011790693,1e-08,12,True,Optimization terminated successfully
cdf_plateau,0.05,56,pyGAM,0.014723848886955807,1.3090858397291004e-09,0.13003743498120457,0.02453033800702542,0.01,2,True,
cdf_plateau,0.05,57,MonotoneLSPIA,0.01476269702218504,4.4364512064022255e-13,0.02128980599809438,0.02128980599809438,,15,True,
cdf_plateau,0.05,57,Penalized monotone B-spline,0.014770018296421467,3.3273384048016694e-13,0.03568123502191156,0.0015833599609322846,1e-08,8,True,Optimization terminated successfully
cdf_plateau,0.05,57,pyGAM,0.014686701518689326,1.7126919882315317e-09,0.13346763397566974,0.020599650975782424,0.01,2,True,
cdf_plateau,0.05,58,MonotoneLSPIA,0.010752912839123612,0.0,0.023256319982465357,0.023256319982465357,,29,True,
cdf_plateau,0.05,58,Penalized monotone B-spline,0.010785844064572834,0.0,0.04147354100132361,0.002007469011005014,0.01,11,True,Optimization terminated successfully
cdf_plateau,0.05,58,pyGAM,0.011152789200109604,1.8915918831296965e-10,0.14271375100361183,0.020753409015014768,0.1,2,True,
cdf_plateau,0.05,59,MonotoneLSPIA,0.011430775033316978,3.3273384048016694e-13,0.02077800000552088,0.02077800000552088,,13,True,
cdf_plateau,0.05,59,Penalized monotone B-spline,0.01143860774560526,4.4364512064022255e-13,0.034582778986077756,0.0013929249835200608,0.01,7,True,Optimization terminated successfully
cdf_plateau,0.05,59,pyGAM,0.011434578830724768,1.2922273251447725e-09,0.13737532100640237,0.02026478899642825,0.01,2,True,
cdf_plateau,0.05,60,MonotoneLSPIA,0.011892361342446423,3.3273384048016694e-13,0.021409393986687064,0.021409393986687064,,16,True,
cdf_plateau,0.05,60,Penalized monotone B-spline,0.011894246175659156,3.3273384048016694e-13,0.035151741001755,0.0012584179639816284,0.01,5,True,Optimization terminated successfully
cdf_plateau,0.05,60,pyGAM,0.011877171927645916,1.0650810233770143e-09,0.12927563401171938,0.020710707001853734,0.01,2,True,
cdf_plateau,0.05,61,MonotoneLSPIA,0.011849431910302485,3.3273384048016694e-13,0.021390242036432028,0.021390242036432028,,15,True,
cdf_plateau,0.05,61,Penalized monotone B-spline,0.011843587524406413,3.3273384048016694e-13,0.035268640029244125,0.0015995459980331361,1e-08,8,True,Optimization terminated successfully
cdf_plateau,0.05,61,pyGAM,0.011767396401377063,2.2974162572351376e-09,0.12360925698885694,0.020443265966605395,0.1,2,True,
cdf_plateau,0.05,62,MonotoneLSPIA,0.013900942512196564,0.0,0.02411577303428203,0.02411577303428203,,36,True,
cdf_plateau,0.05,62,Penalized monotone B-spline,0.01396174768619994,0.0,0.04186277696862817,0.0017515129875391722,0.01,9,True,Optimization terminated successfully
cdf_plateau,0.05,62,pyGAM,0.014544215987316159,0.0,0.12878870102576911,0.020247780019417405,0.1,3,True,
cdf_plateau,0.05,63,MonotoneLSPIA,0.014800073059698013,0.0,0.024063891964033246,0.024063891964033246,,37,True,
cdf_plateau,0.05,63,Penalized monotone B-spline,0.014848604747359224,0.0,0.042982387996744365,0.0017530119512230158,0.01,9,True,Optimization terminated successfully
cdf_plateau,0.05,63,pyGAM,0.015329902801419512,0.0,0.12341478205053136,0.016519424971193075,0.1,2,True,
cdf_plateau,0.05,64,MonotoneLSPIA,0.018484801470699662,0.0,0.023869259981438518,0.023869259981438518,,33,True,
cdf_plateau,0.05,64,Penalized monotone B-spline,0.018731640708302716,0.0,0.04648857796564698,0.002249952987767756,0.01,12,True,Optimization terminated successfully
cdf_plateau,0.05,64,pyGAM,0.01868525927462575,0.0,0.12545068201143295,0.020331441017333418,0.01,2,True,
cdf_plateau,0.05,65,MonotoneLSPIA,0.01345698377225151,4.1591730060019996e-14,0.022988865966908634,0.022988865966908634,,25,True,
cdf_plateau,0.05,65,Penalized monotone B-spline,0.01364895451543149,2.7727820040013332e-14,0.04055344796506688,0.0013481039786711335,0.01,6,True,Optimization terminated successfully
cdf_plateau,0.05,65,pyGAM,0.01363708295963439,1.7205666891228954e-09,0.1291814720025286,0.024417272012215108,0.01,2,True,
cdf_plateau,0.05,66,MonotoneLSPIA,0.015264983544490898,0.0,0.024853780982084572,0.024853780982084572,,38,True,
cdf_plateau,0.05,66,Penalized monotone B-spline,0.015328052124220927,0.0,0.044398723053745925,0.0019185039564035833,0.01,10,True,Optimization terminated successfully
cdf_plateau,0.05,66,pyGAM,0.015902988378192283,0.0,0.13918252801522613,0.016555787005927414,0.1,3,True,
cdf_plateau,0.05,67,MonotoneLSPIA,0.014087061679088636,3.3273384048016694e-13,0.021373895986471325,0.021373895986471325,,16,True,
cdf_plateau,0.05,67,Penalized monotone B-spline,0.014090660188822149,4.4364512064022255e-13,0.03708839201135561,0.0015425930032506585,1e-08,8,True,Optimization terminated successfully
cdf_plateau,0.05,67,pyGAM,0.01508720937833804,2.3487681799494983e-09,0.1324346019537188,0.0251229340210557,0.1,2,True,
cdf_plateau,0.05,68,MonotoneLSPIA,0.014088282732858283,4.436451206401733e-13,0.02323032997082919,0.02323032997082919,,27,True,
cdf_plateau,0.05,68,Penalized monotone B-spline,0.014120595105636248,3.3273384048016694e-13,0.040973895986098796,0.0019244190189056098,0.01,9,True,Optimization terminated successfully
cdf_plateau,0.05,68,pyGAM,0.013601361056115426,1.994961196238921e-09,0.13237395201576874,0.024641294963657856,0.01,2,True,
cdf_plateau,0.05,69,MonotoneLSPIA,0.014474180541764933,3.3273384048016694e-13,0.020786291977856308,0.020786291977856308,,12,True,
cdf_plateau,0.05,69,Penalized monotone B-spline,0.014470816672915325,3.3273384048016694e-13,0.03683297900715843,0.001692047982942313,1e-08,8,True,Optimization terminated successfully
cdf_plateau,0.05,69,pyGAM,0.012565184821011455,1.5095025229783573e-09,0.1325917229987681,0.02481448103208095,0.1,2,True,
cdf_plateau,0.05,70,MonotoneLSPIA,0.014725210514199486,4.159173006002087e-14,0.021736968017648906,0.021736968017648906,,17,True,
cdf_plateau,0.05,70,Penalized monotone B-spline,0.01477730258679992,4.159173006001993e-14,0.0376080289715901,0.0013891010312363505,0.01,5,True,Optimization terminated successfully
cdf_plateau,0.05,70,pyGAM,0.015244238233405333,1.1473771932557437e-09,0.13298308697994798,0.02438452997012064,0.1,2,True,
cdf_plateau,0.05,71,MonotoneLSPIA,0.021286721923367315,0.0,0.024686160031706095,0.024686160031706095,,39,True,
cdf_plateau,0.05,71,Penalized monotone B-spline,0.021264818033794635,0.0,0.040639536979142576,0.0020655650296248496,1e-08,12,True,Optimization terminated successfully
cdf_plateau,0.05,71,pyGAM,0.02129712596745182,0.0,0.1333150069694966,0.024380454036872834,0.01,2,True,
cdf_plateau,0.05,72,MonotoneLSPIA,0.015938106575647346,0.0,0.02323229203466326,0.02323229203466326,,30,True,
cdf_plateau,0.05,72,Penalized monotone B-spline,0.01609453990570822,0.0,0.043802756001241505,0.0020898840157315135,0.01,11,True,Optimization terminated successfully
cdf_plateau,0.05,72,pyGAM,0.015731030804193046,0.0,0.13303907203953713,0.020565874001476914,0.01,2,True,
cdf_plateau,0.05,73,MonotoneLSPIA,0.011372139324002117,3.3273384048016694e-13,0.021542987029533833,0.021542987029533833,,17,True,
cdf_plateau,0.05,73,Penalized monotone B-spline,0.011376972083199948,3.3273384048016694e-13,0.04028063698206097,0.0018979149754159153,1e-08,11,True,Optimization terminated successfully
cdf_plateau,0.05,73,pyGAM,0.011216910207507317,1.0265948091614465e-09,0.1415131979738362,0.024907874001655728,0.01,2,True,
cdf_plateau,0.05,74,MonotoneLSPIA,0.016977376631766874,3.3273384048016694e-13,0.02268401999026537,0.02268401999026537,,24,True,
cdf_plateau,0.05,74,Penalized monotone B-spline,0.016965527703650066,3.3273384048016694e-13,0.03854504897026345,0.0017563470173627138,0.0001,9,True,Optimization terminated successfully
cdf_plateau,0.05,74,pyGAM,0.016877004659283604,1.2963864981507923e-09,0.12888070102781057,0.020485235028900206,0.01,2,True,
cdf_plateau,0.05,75,MonotoneLSPIA,0.01798351914847633,0.0,0.02343548700446263,0.02343548700446263,,30,True,
cdf_plateau,0.05,75,Penalized monotone B-spline,0.0179103133096011,0.0,0.04418906103819609,0.0022129170247353613,0.01,14,True,Optimization terminated successfully
cdf_plateau,0.05,75,pyGAM,0.017593537565827013,0.0,0.13225549703929573,0.0202967650257051,0.01,2,True,
cdf_plateau,0.05,76,MonotoneLSPIA,0.011906065340832318,2.772782004001391e-14,0.022416199964936823,0.022416199964936823,,24,True,
cdf_plateau,0.05,76,Penalized monotone B-spline,0.011946956572319402,2.772782004001391e-14,0.042416166979819536,0.002013274992350489,0.01,12,True,Optimization terminated successfully
cdf_plateau,0.05,76,pyGAM,0.011909151832561258,8.440348420180234e-10,0.14195583399850875,0.024605878978036344,0.01,2,True,
cdf_plateau,0.05,77,MonotoneLSPIA,0.014927648329855128,3.3273384048016694e-13,0.021354353986680508,0.021354353986680508,,14,True,
cdf_plateau,0.05,77,Penalized monotone B-spline,0.014917817461013042,3.3273384048016694e-13,0.03967527503846213,0.001684481045231223,1e-08,9,True,Optimization terminated successfully
cdf_plateau,0.05,77,pyGAM,0.015000888128631592,9.01154151300452e-10,0.12800300295930356,0.024518707010429353,0.01,2,True,
cdf_plateau,0.05,78,MonotoneLSPIA,0.01314159600143023,3.3273384048016694e-13,0.022204837994650006,0.022204837994650006,,22,True,
cdf_plateau,0.05,78,Penalized monotone B-spline,0.013100658765653141,3.3273384048016694e-13,0.03932367998640984,0.001718918967526406,0.01,9,True,Optimization terminated successfully
cdf_plateau,0.05,78,pyGAM,0.01307687689445052,6.813279940232218e-10,0.13689812197117135,0.020512385992333293,0.01,2,True,
cdf_plateau,0.05,79,MonotoneLSPIA,0.013761799908162418,3.3273384048016694e-13,0.02135594200808555,0.02135594200808555,,15,True,
cdf_plateau,0.05,79,Penalized monotone B-spline,0.013792598247385046,3.3273384048016694e-13,0.037960677000228316,0.0017467369907535613,0.01,8,True,Optimization terminated successfully
cdf_plateau,0.05,79,pyGAM,0.013791977982200998,1.6316158424345785e-09,0.1282787219970487,0.020144668000284582,0.01,2,True,
cdf_plateau,0.05,80,MonotoneLSPIA,0.013956465684490472,4.436451206401733e-13,0.021423415979370475,0.021423415979370475,,17,True,
cdf_plateau,0.05,80,Penalized monotone B-spline,0.013962606316905983,3.3273384048016694e-13,0.03668263298459351,0.0016419379971921444,0.0001,9,True,Optimization terminated successfully
cdf_plateau,0.05,80,pyGAM,0.01391517497214108,1.8775061505494217e-09,0.12532447197008878,0.02043572999536991,0.01,2,True,
cdf_plateau,0.05,81,MonotoneLSPIA,0.015305282015880089,4.4364512064022255e-13,0.02287659398280084,0.02287659398280084,,27,True,
cdf_plateau,0.05,81,Penalized monotone B-spline,0.015311356273218675,3.3273384048016694e-13,0.04222389595815912,0.0019352590315975249,0.01,11,True,Optimization terminated successfully
cdf_plateau,0.05,81,pyGAM,0.015215294810808178,6.720114464897771e-10,0.13185025297570974,0.025031555036548525,0.01,2,True,
cdf_plateau,0.05,82,MonotoneLSPIA,0.012105847715651628,4.1591730060020287e-14,0.022059387993067503,0.022059387993067503,,19,True,
cdf_plateau,0.05,82,Penalized monotone B-spline,0.012146949479974054,2.772782004001391e-14,0.04030650696950033,0.0013569999719038606,0.01,6,True,Optimization terminated successfully
cdf_plateau,0.05,82,pyGAM,0.012467801284463731,1.0766712521537103e-09,0.1297167239827104,0.02458704897435382,0.1,2,True,
cdf_plateau,0.05,83,MonotoneLSPIA,0.017098604963410893,3.3273384048016694e-13,0.02356849698117003,0.02356849698117003,,28,True,
cdf_plateau,0.05,83,Penalized monotone B-spline,0.017043284201341165,3.3273384048016694e-13,0.041208882990758866,0.0019145400146953762,0.01,10,True,Optimization terminated successfully
cdf_plateau,0.05,83,pyGAM,0.016638218763027648,6.731760149314577e-10,0.1436977150151506,0.02460837602848187,0.1,2,True,
cdf_plateau,0.05,84,MonotoneLSPIA,0.011476605522164274,2.772782004001391e-14,0.02294169698143378,0.02294169698143378,,24,True,
cdf_plateau,0.05,84,Penalized monotone B-spline,0.011478480652829541,4.159173006002087e-14,0.03951641800813377,0.0019627799629233778,1e-08,11,True,Optimization terminated successfully
cdf_plateau,0.05,84,pyGAM,0.011349732646255719,1.3761317085858903e-09,0.13605817902134731,0.02883862896123901,0.01,2,True,
cdf_plateau,0.05,85,MonotoneLSPIA,0.012432808077641955,3.3273384048016694e-13,0.021751160034909844,0.021751160034909844,,20,True,
cdf_plateau,0.05,85,Penalized monotone B-spline,0.012480672609205391,4.436451206401733e-13,0.03583587100729346,0.0012262529926374555,0.01,5,True,Optimization terminated successfully
cdf_plateau,0.05,85,pyGAM,0.012487379807604488,1.3591068270813218e-09,0.13718168600462377,0.025420237972866744,0.01,2,True,
cdf_plateau,0.05,86,MonotoneLSPIA,0.012512162980622802,2.7727820040013524e-14,0.023127511027269065,0.023127511027269065,,27,True,
cdf_plateau,0.05,86,Penalized monotone B-spline,0.01251219108819131,2.7727820040013524e-14,0.04265230998862535,0.001621318981051445,1e-08,8,True,Optimization terminated successfully
cdf_plateau,0.05,86,pyGAM,0.012508096261934068,7.447692462747736e-10,0.133625649032183,0.020734714984428138,0.01,2,True,
cdf_plateau,0.05,87,MonotoneLSPIA,0.01165968899633645,3.3273384048016694e-13,0.021778982947580516,0.021778982947580516,,16,True,
cdf_plateau,0.05,87,Penalized monotone B-spline,0.01161052343266834,4.4364512064022255e-13,0.04110755299916491,0.0018701910157687962,0.01,11,True,Optimization terminated successfully
cdf_plateau,0.05,87,pyGAM,0.011019335980331458,2.1495160651418987e-09,0.14214114897185937,0.028888158965855837,0.1,2,True,
cdf_plateau,0.05,88,MonotoneLSPIA,0.013593087932065479,0.0,0.023036644037347287,0.023036644037347287,,26,True,
cdf_plateau,0.05,88,Penalized monotone B-spline,0.013600390059281918,0.0,0.04591285501373932,0.0019615000346675515,1e-08,10,True,Optimization terminated successfully
cdf_plateau,0.05,88,pyGAM,0.013962978515896986,0.0,0.13234876602655277,0.024796265992335975,0.1,2,True,
cdf_plateau,0.05,89,MonotoneLSPIA,0.013359739624590982,4.159173006002087e-14,0.02244932798203081,0.02244932798203081,,24,True,
cdf_plateau,0.05,89,Penalized monotone B-spline,0.013384389434911362,2.772782004001391e-14,0.0400620800210163,0.0017804639646783471,0.01,10,True,Optimization terminated successfully
cdf_plateau,0.05,89,pyGAM,0.013794124088687569,9.198981576475015e-10,0.1365353399887681,0.025146042986307293,0.1,2,True,
cdf_plateau,0.05,90,MonotoneLSPIA,0.017193411431055773,2.772782004001391e-14,0.02152947400463745,0.02152947400463745,,22,True,
cdf_plateau,0.05,90,Penalized monotone B-spline,0.01719117795140476,2.772782004001391e-14,0.03947895299643278,0.0013518849737010896,1e-08,6,True,Optimization terminated successfully
cdf_plateau,0.05,90,pyGAM,0.016611949349598983,1.0392386950997213e-09,0.12758561299415305,0.020580501994118094,0.01,2,True,
cdf_plateau,0.05,91,MonotoneLSPIA,0.013885358175106518,3.3273384048016694e-13,0.022505767992697656,0.022505767992697656,,23,True,
cdf_plateau,0.05,91,Penalized monotone B-spline,0.013888613794383308,3.3273384048016694e-13,0.04040292900754139,0.0017155320383608341,1e-08,9,True,Optimization terminated successfully
cdf_plateau,0.05,91,pyGAM,0.01369337120467091,5.911571232530966e-10,0.1354865959729068,0.024826670007314533,0.001,5,True,
cdf_plateau,0.05,92,MonotoneLSPIA,0.014696422529741926,2.2182256032011127e-13,0.021268438023980707,0.021268438023980707,,14,True,
cdf_plateau,0.05,92,Penalized monotone B-spline,0.014794938114156733,3.3273384048013003e-13,0.04144838696811348,0.0017257489962503314,0.01,8,True,Optimization terminated successfully
cdf_plateau,0.05,92,pyGAM,0.016022260397894977,1.3135222909355389e-09,0.14103254600195214,0.02467096602777019,0.1,2,True,
cdf_plateau,0.05,93,MonotoneLSPIA,0.013199851926958394,3.3273384048016694e-13,0.02127149101579562,0.02127149101579562,,14,True,
cdf_plateau,0.05,93,Penalized monotone B-spline,0.013399383316063393,4.4364512064022255e-13,0.03886837896425277,0.0015364389983005822,0.01,8,True,Optimization terminated successfully
cdf_plateau,0.05,93,pyGAM,0.015037505644101893,1.6666638069649713e-09,0.12337530497461557,0.020170048053842038,0.1,2,True,
cdf_plateau,0.05,94,MonotoneLSPIA,0.01513312690236065,2.7727820040013285e-14,0.021787868987303227,0.021787868987303227,,18,True,
cdf_plateau,0.05,94,Penalized monotone B-spline,0.015102685512969727,2.7727820040013524e-14,0.039681916998233646,0.001628164027351886,0.01,8,True,Optimization terminated successfully
cdf_plateau,0.05,94,pyGAM,0.014779530591838808,1.0493316215942718e-09,0.13190064200898632,0.016344439995009452,0.1,3,True,
cdf_plateau,0.05,95,MonotoneLSPIA,0.011532538283113866,3.3273384048016694e-13,0.021749758976511657,0.021749758976511657,,19,True,
cdf_plateau,0.05,95,Penalized monotone B-spline,0.011524119058936282,3.3273384048016694e-13,0.03887668397510424,0.0019365839543752372,1e-08,10,True,Optimization terminated successfully
cdf_plateau,0.05,95,pyGAM,0.013725564953914731,2.2847723712971463e-09,0.12685498798964545,0.02073807001579553,0.1,2,True,
cdf_plateau,0.05,96,MonotoneLSPIA,0.014511510749863383,4.159173006002087e-14,0.022666457982268184,0.022666457982268184,,26,True,
cdf_plateau,0.05,96,Penalized monotone B-spline,0.014552336155561596,2.772782004001391e-14,0.0429355509695597,0.002028089016675949,0.01,9,True,Optimization terminated successfully
cdf_plateau,0.05,96,pyGAM,0.014023045741555301,6.028028076698857e-10,0.14038011396769434,0.02039253298426047,0.01,2,True,
cdf_plateau,0.05,97,MonotoneLSPIA,0.011220041101401818,0.0,0.023628920025657862,0.023628920025657862,,32,True,
cdf_plateau,0.05,97,Penalized monotone B-spline,0.011214139628057106,0.0,0.04140217701205984,0.0021211410057730973,0.0001,11,True,Optimization terminated successfully
cdf_plateau,0.05,97,pyGAM,0.013108137271258237,5.339269026905078e-10,0.13412050099577755,0.025122785998973995,0.1,4,True,
cdf_plateau,0.05,98,MonotoneLSPIA,0.011667393854421964,4.436451206401733e-13,0.02292476297589019,0.02292476297589019,,25,True,
cdf_plateau,0.05,98,Penalized monotone B-spline,0.011664513302864802,3.3273384048016694e-13,0.04127890296513215,0.002100192999932915,1e-08,11,True,Optimization terminated successfully
cdf_plateau,0.05,98,pyGAM,0.011457090509612383,1.880057109993103e-09,0.152045815018937,0.02980874094646424,0.01,4,True,
cdf_plateau,0.05,99,MonotoneLSPIA,0.011954357595292123,4.4364512064022255e-13,0.020906404999550432,0.020906404999550432,,12,True,
cdf_plateau,0.05,99,Penalized monotone B-spline,0.011973981308626197,3.3273384048016694e-13,0.03504725400125608,0.0013859309838153422,0.01,7,True,Optimization terminated successfully
cdf_plateau,0.05,99,pyGAM,0.012119333558182444,2.1754138490593315e-09,0.13071646494790912,0.02525421598693356,0.1,2,True,
cdf_plateau,0.05,100,MonotoneLSPIA,0.013523471420482693,3.3273384048016694e-13,0.02165852504549548,0.02165852504549548,,16,True,
cdf_plateau,0.05,100,Penalized monotone B-spline,0.013563243031509032,3.3273384048016694e-13,0.041245022031944245,0.0021230989950709045,0.01,12,True,Optimization terminated successfully
cdf_plateau,0.05,100,pyGAM,0.013392176483950581,1.1397243149247317e-09,0.13677502097561955,0.024801979947369546,0.01,2,True,
cdf_plateau,0.1,1,MonotoneLSPIA,0.0198132998854033,5.545564008002628e-14,0.02434750198153779,0.02434750198153779,,22,True,
cdf_plateau,0.1,1,Penalized monotone B-spline,0.01985883473242899,4.159173006001971e-14,0.0430509970174171,0.0020152569632045925,0.01,12,True,Optimization terminated successfully
cdf_plateau,0.1,1,pyGAM,0.020031854865827044,3.4571046025887426e-09,0.12170853599673137,0.020754122000653297,0.1,2,True,
cdf_plateau,0.1,2,MonotoneLSPIA,0.02545167048517014,4.159173006001971e-14,0.022412955993786454,0.022412955993786454,,20,True,
cdf_plateau,0.1,2,Penalized monotone B-spline,0.025438257918131396,4.1591730060019996e-14,0.03889130800962448,0.0017310389666818082,1e-08,9,True,Optimization terminated successfully
cdf_plateau,0.1,2,pyGAM,0.025322725605528874,2.1558934637511017e-09,0.12863112398190424,0.02013617003103718,0.01,2,True,
cdf_plateau,0.1,3,MonotoneLSPIA,0.03229204551447733,4.436451206401733e-13,0.02262979600345716,0.02262979600345716,,23,True,
cdf_plateau,0.1,3,Penalized monotone B-spline,0.032084211925122993,4.4364512064022255e-13,0.03817331901518628,0.0013682310236617923,0.01,6,True,Optimization terminated successfully
cdf_plateau,0.1,3,pyGAM,0.03028354958853531,5.039808570472928e-09,0.12490217498270795,0.0209443389903754,0.1,2,True,
cdf_plateau,0.1,4,MonotoneLSPIA,0.018217971360430508,4.1591730060019996e-14,0.02313200302887708,0.02313200302887708,,28,True,
cdf_plateau,0.1,4,Penalized monotone B-spline,0.01820416472328327,4.159173006001971e-14,0.04241368902148679,0.0021729840082116425,1e-08,12,True,Optimization terminated successfully
cdf_plateau,0.1,4,pyGAM,0.017938759488073816,2.0922858445793117e-09,0.12464652699418366,0.0205542859621346,0.01,2,True,
cdf_plateau,0.1,5,MonotoneLSPIA,0.023405052738302495,2.2182256032011127e-13,0.024564282037317753,0.024564282037317753,,37,True,
cdf_plateau,0.1,5,Penalized monotone B-spline,0.02338688952088233,3.3273384048016694e-13,0.03916336299153045,0.001860647986177355,1e-08,10,True,Optimization terminated successfully
cdf_plateau,0.1,5,pyGAM,0.03558370349153443,1.3975930412967061e-09,0.14392724400386214,0.02070972096407786,1.0,5,True,
cdf_plateau,0.1,6,MonotoneLSPIA,0.02503394412090403,0.0,0.023326712020207196,0.023326712020207196,,28,True,
cdf_plateau,0.1,6,Penalized monotone B-spline,0.02496554195803232,0.0,0.047147831006441265,0.0020425349939614534,0.01,11,True,Optimization terminated successfully
cdf_plateau,0.1,6,pyGAM,0.02482377109068256,0.0,0.13030760001856834,0.020683526003267616,0.1,4,True,
cdf_plateau,0.1,7,MonotoneLSPIA,0.02452411391032338,2.0795865030009963e-14,0.023452066001482308,0.023452066001482308,,28,True,
cdf_plateau,0.1,7,Penalized monotone B-spline,0.02450871849638118,2.0795865030010143e-14,0.03771975700510666,0.001787144981790334,1e-08,10,True,Optimization terminated successfully
cdf_plateau,0.1,7,pyGAM,0.0251258864838963,5.434652727842726e-10,0.1400240910006687,0.02460267097922042,0.1,4,True,
cdf_plateau,0.1,8,MonotoneLSPIA,0.02938988635215992,5.545564008002657e-14,0.021645165979862213,0.021645165979862213,,15,True,
cdf_plateau,0.1,8,Penalized monotone B-spline,0.02938368972446347,4.159173006001993e-14,0.04141878499649465,0.001804746047127992,1e-08,10,True,Optimization terminated successfully
cdf_plateau,0.1,8,pyGAM,0.02923870716777263,4.617181137423036e-09,0.14073789300164208,0.024632540007587522,0.01,2,True,
cdf_plateau,0.1,9,MonotoneLSPIA,0.015304139538627533,4.4364512064022255e-13,0.02134153398219496,0.02134153398219496,,16,True,
cdf_plateau,0.1,9,Penalized monotone B-spline,0.015282591415496986,3.3273384048016694e-13,0.037861110002268106,0.0015572570264339447,0.01,8,True,Optimization terminated successfully
cdf_plateau,0.1,9,pyGAM,0.014727569005185867,2.487462735789579e-09,0.12397399300243706,0.02028953196713701,0.01,2,True,
cdf_plateau,0.1,10,MonotoneLSPIA,0.01952905695266658,2.7727820040013524e-14,0.02303906303131953,0.02303906303131953,,27,True,
cdf_plateau,0.1,10,Penalized monotone B-spline,0.01970539764895964,2.7727820040013524e-14,0.0407259640051052,0.001854143978562206,0.01,9,True,Optimization terminated successfully
cdf_plateau,0.1,10,pyGAM,0.02100080785080457,2.7608590413841083e-09,0.11893526802305132,0.024199771985877305,0.1,2,True,
cdf_plateau,0.1,11,MonotoneLSPIA,0.02650490013761868,3.3273384048016694e-13,0.02266171801602468,0.02266171801602468,,23,True,
cdf_plateau,0.1,11,Penalized monotone B-spline,0.02621067168957083,3.3273384048016694e-13,0.042271412035916,0.001850745000410825,0.01,11,True,Optimization terminated successfully
cdf_plateau,0.1,11,pyGAM,0.0257901675184403,1.389551973485257e-09,0.1371656900155358,0.0203570649609901,0.01,2,True,
cdf_plateau,0.1,12,MonotoneLSPIA,0.025434329128219527,0.0,0.024516557052265853,0.024516557052265853,,35,True,
cdf_plateau,0.1,12,Penalized monotone B-spline,0.025435655061831774,0.0,0.04333072196459398,0.0022239790414460003,1e-08,12,True,Optimization terminated successfully
cdf_plateau,0.1,12,pyGAM,0.025312970624256893,0.0,0.12344161898363382,0.02053383900783956,0.001,4,True,
cdf_plateau,0.1,13,MonotoneLSPIA,0.01628429332854611,3.3273384048016694e-13,0.02162862301338464,0.02162862301338464,,17,True,
cdf_plateau,0.1,13,Penalized monotone B-spline,0.01629230669504618,3.3273384048016694e-13,0.03936509502818808,0.0016382180037908256,1e-08,8,True,Optimization terminated successfully
cdf_plateau,0.1,13,pyGAM,0.01597810734591837,4.403177822353721e-09,0.13598341995384544,0.025692304014228284,0.01,2,True,
cdf_plateau,0.1,14,MonotoneLSPIA,0.015629871615417464,3.3273384048016694e-13,0.023750798020046204,0.023750798020046204,,29,True,
cdf_plateau,0.1,14,Penalized monotone B-spline,0.01563325377083838,3.3273384048016694e-13,0.03944049699930474,0.0016236079973168671,0.01,8,True,Optimization terminated successfully
cdf_plateau,0.1,14,pyGAM,0.01581781014667537,4.838171863141947e-09,0.13441894500283524,0.021395885036326945,0.1,2,True,
cdf_plateau,0.1,15,MonotoneLSPIA,0.02290774094908443,0.0,0.025644492998253554,0.025644492998253554,,40,True,
cdf_plateau,0.1,15,Penalized monotone B-spline,0.0227941285068123,0.0,0.045841888000722975,0.0018914969987235963,0.01,10,True,Optimization terminated successfully
cdf_plateau,0.1,15,pyGAM,0.022391200160966632,8.583978527987327e-10,0.1427482360159047,0.020567750034388155,0.1,3,True,
cdf_plateau,0.1,16,MonotoneLSPIA,0.01839353972751569,3.3273384048016694e-13,0.023661622020881623,0.023661622020881623,,28,True,
cdf_plateau,0.1,16,Penalized monotone B-spline,0.01833933026238016,3.3273384048016694e-13,0.036747405014466494,0.0016183519619517028,0.01,8,True,Optimization terminated successfully
cdf_plateau,0.1,16,pyGAM,0.018318355159233017,1.8787261746311562e-09,0.13735596602782607,0.02470056398306042,0.01,2,True,
cdf_plateau,0.1,17,MonotoneLSPIA,0.025119569638739646,3.3273384048016694e-13,0.0223470070050098,0.0223470070050098,,23,True,
cdf_plateau,0.1,17,Penalized monotone B-spline,0.02518022561301786,4.4364512064022255e-13,0.03613268496701494,0.0015951159875839949,0.01,8,True,Optimization terminated successfully
cdf_plateau,0.1,17,pyGAM,0.025704337495458526,3.157865968717104e-09,0.13463088404387236,0.02574873698176816,0.1,2,True,
cdf_plateau,0.1,18,MonotoneLSPIA,0.021499789603314622,4.1591730060019996e-14,0.021532983984798193,0.021532983984798193,,17,True,
cdf_plateau,0.1,18,Penalized monotone B-spline,0.021339972837894284,4.159173006002087e-14,0.03457344701746479,0.001348766963928938,0.01,6,True,Optimization terminated successfully
cdf_plateau,0.1,18,pyGAM,0.020222683764464237,2.778993035690277e-09,0.12752774101682007,0.020500756974797696,0.1,2,True,
cdf_plateau,0.1,19,MonotoneLSPIA,0.025595417426250055,3.3273384048016694e-13,0.02282421401469037,0.02282421401469037,,25,True,
cdf_plateau,0.1,19,Penalized monotone B-spline,0.025708565709757353,3.3273384048016694e-13,0.04164385999320075,0.0018205990199930966,0.01,10,True,Optimization terminated successfully
cdf_plateau,0.1,19,pyGAM,0.025939997157652054,2.7141099367967216e-09,0.12746999401133507,0.025196787028107792,0.1,2,True,
cdf_plateau,0.1,20,MonotoneLSPIA,0.019414450380402445,3.3273384048016694e-13,0.02395069197518751,0.02395069197518751,,31,True,
cdf_plateau,0.1,20,Penalized monotone B-spline,0.019394422910394147,3.3273384048016694e-13,0.04747172800125554,0.0020438319770619273,1e-08,12,True,Optimization terminated successfully
cdf_plateau,0.1,20,pyGAM,0.019453281354784135,1.7495145332447177e-09,0.12695201596943662,0.02890553802717477,0.01,2,True,
cdf_plateau,0.1,21,MonotoneLSPIA,0.02284611550822504,3.3273384048016694e-13,0.023844084003940225,0.023844084003940225,,34,True,
cdf_plateau,0.1,21,Penalized monotone B-spline,0.022860746622541405,3.3273384048016694e-13,0.04560172895435244,0.0019369680085219443,1e-08,11,True,Optimization terminated successfully
cdf_plateau,0.1,21,pyGAM,0.02286758293098243,1.6296194393916976e-09,0.1305147050297819,0.02189343801001087,0.1,3,True,
cdf_plateau,0.1,22,MonotoneLSPIA,0.020018975218726875,3.3273384048016694e-13,0.023121038975659758,0.023121038975659758,,27,True,
cdf_plateau,0.1,22,Penalized monotone B-spline,0.02004092239919386,3.3273384048016694e-13,0.042909262992907315,0.0016945030074566603,0.01,9,True,Optimization terminated successfully
cdf_plateau,0.1,22,pyGAM,0.019963636510902414,1.403360427865184e-09,0.13373808399774134,0.025733985006809235,0.01,2,True,
cdf_plateau,0.1,23,MonotoneLSPIA,0.027705751076608533,0.0,0.02447406598366797,0.02447406598366797,,37,True,
cdf_plateau,0.1,23,Penalized monotone B-spline,0.027697728276258812,0.0,0.04117642197525129,0.0018418350373394787,1e-08,11,True,Optimization terminated successfully
cdf_plateau,0.1,23,pyGAM,0.027668910677612284,0.0,0.12844703701557592,0.021464494988322258,0.01,2,True,
cdf_plateau,0.1,24,MonotoneLSPIA,0.02013604331819826,2.772782004001314e-14,0.021210593986324966,0.021210593986324966,,14,True,
cdf_plateau,0.1,24,Penalized monotone B-spline,0.020091918509218668,2.0795865030010434e-14,0.03894617600599304,0.0012084580375812948,0.01,5,True,Optimization terminated successfully
cdf_plateau,0.1,24,pyGAM,0.019629666953655662,2.8520281136756715e-09,0.13261839200276881,0.024525140994228423,0.1,2,True,
cdf_plateau,0.1,25,MonotoneLSPIA,0.017984834759197415,3.3273384048016694e-13,0.021246759046334773,0.021246759046334773,,16,True,
cdf_plateau,0.1,25,Penalized monotone B-spline,0.017982004466792302,3.3273384048016694e-13,0.04318806400988251,0.002077227982226759,0.0001,11,True,Optimization terminated successfully
cdf_plateau,0.1,25,pyGAM,0.017492204612602848,1.309363117929537e-09,0.12865146796684712,0.025000480003654957,0.001,5,True,
cdf_plateau,0.1,26,MonotoneLSPIA,0.03913697722121558,2.772782004001391e-14,0.023617104976437986,0.023617104976437986,,30,True,
cdf_plateau,0.1,26,Penalized monotone B-spline,0.039209616986434284,2.772782004001391e-14,0.04497921001166105,0.002101104997564107,0.01,12,True,Optimization terminated successfully
cdf_plateau,0.1,26,pyGAM,0.04011671604962762,1.2519110748065586e-09,0.123755123000592,0.02047882799524814,0.1,2,True,
cdf_plateau,0.1,27,MonotoneLSPIA,0.015211106669229285,4.4364512064022255e-13,0.021791198989376426,0.021791198989376426,,17,True,
cdf_plateau,0.1,27,Penalized monotone B-spline,0.01522102690584423,3.3273384048016694e-13,0.03982831200119108,0.0015968699590303004,0.01,8,True,Optimization terminated successfully
cdf_plateau,0.1,27,pyGAM,0.014659785425457872,1.4226035349728748e-09,0.1318877349840477,0.020819652010686696,0.1,2,True,
cdf_plateau,0.1,28,MonotoneLSPIA,0.024548544188576583,2.7727820040013524e-14,0.024040559015702456,0.024040559015702456,,35,True,
cdf_plateau,0.1,28,Penalized monotone B-spline,0.02451395181295047,2.772782004001314e-14,0.03921222302597016,0.0018289719591848552,0.01,10,True,Optimization terminated successfully
cdf_plateau,0.1,28,pyGAM,0.024323892185418087,1.1498726970593608e-09,0.12849644699599594,0.020350166014395654,0.1,2,True,
cdf_plateau,0.1,29,MonotoneLSPIA,0.031208580077150105,0.0,0.024111344013363123,0.024111344013363123,,34,True,
cdf_plateau,0.1,29,Penalized monotone B-spline,0.031131222567946083,0.0,0.046294740051962435,0.002092745970003307,0.01,13,True,Optimization terminated successfully
cdf_plateau,0.1,29,pyGAM,0.031113608569920986,0.0,0.11754922900581732,0.02537325699813664,0.01,2,True,
cdf_plateau,0.1,30,MonotoneLSPIA,0.030761320494444057,0.0,0.023965058964677155,0.023965058964677155,,30,True,
cdf_plateau,0.1,30,Penalized monotone B-spline,0.030767407981290358,0.0,0.04530876997159794,0.0021092179813422263,0.01,12,True,Optimization terminated successfully
cdf_plateau,0.1,30,pyGAM,0.029517256870206603,0.0,0.11245522496756166,0.021269649965688586,0.01,2,True,
cdf_plateau,0.1,31,MonotoneLSPIA,0.02705327497612538,3.3273384048016694e-13,0.02255410299403593,0.02255410299403593,,21,True,
cdf_plateau,0.1,31,Penalized monotone B-spline,0.026854242859655427,4.4364512064022255e-13,0.037883995042648166,0.0012699129874818027,0.01,5,True,Optimization terminated successfully
cdf_plateau,0.1,31,pyGAM,0.025380410998527662,3.402868986590667e-09,0.1259267189889215,0.020981114997994155,0.1,2,True,
cdf_plateau,0.1,32,MonotoneLSPIA,0.019359355782664636,4.4364512064022255e-13,0.02278748498065397,0.02278748498065397,,25,True,
cdf_plateau,0.1,32,Penalized monotone B-spline,0.01930916643323766,4.4364512064022255e-13,0.0424796890001744,0.002000212960410863,0.01,11,True,Optimization terminated successfully
cdf_plateau,0.1,32,pyGAM,0.018412283648067802,2.3016863415215545e-09,0.140252070967108,0.024685667012818158,0.01,2,True,
cdf_plateau,0.1,33,MonotoneLSPIA,0.02021536123037002,0.0,0.02394176402594894,0.02394176402594894,,33,True,
cdf_plateau,0.1,33,Penalized monotone B-spline,0.02017626511656834,0.0,0.04370502202073112,0.001961653004400432,0.01,11,True,Optimization terminated successfully
cdf_plateau,0.1,33,pyGAM,0.020137427383383637,0.0,0.14009197300765663,0.025291086989454925,0.01,2,True,
cdf_plateau,0.1,34,MonotoneLSPIA,0.02961225806497939,4.4364512064022255e-13,0.023786908015608788,0.023786908015608788,,32,True,
cdf_plateau,0.1,34,Penalized monotone B-spline,0.02962277618794618,3.3273384048016694e-13,0.04189092799788341,0.0019415949936956167,0.01,10,True,Optimization terminated successfully
cdf_plateau,0.1,34,pyGAM,0.02938628395026549,1.199838228771482e-09,0.12812363600824028,0.024501845007762313,0.1,2,True,
cdf_plateau,0.1,35,MonotoneLSPIA,0.031287643991436756,0.0,0.02362109802197665,0.02362109802197665,,31,True,
cdf_plateau,0.1,35,Penalized monotone B-spline,0.031283692228735394,0.0,0.045550732989795506,0.0020618169801309705,1e-08,13,True,Optimization terminated successfully
cdf_plateau,0.1,35,pyGAM,0.030490706971009574,0.0,0.11595822899835184,0.020969006000086665,0.01,2,True,
cdf_plateau,0.1,36,MonotoneLSPIA,0.018790087365208565,4.4364512064022255e-13,0.02141007495811209,0.02141007495811209,,18,True,
cdf_plateau,0.1,36,Penalized monotone B-spline,0.018805818804120758,3.3273384048016694e-13,0.038609085022471845,0.001561204029712826,1e-08,8,True,Optimization terminated successfully
cdf_plateau,0.1,36,pyGAM,0.018779389663696733,1.7585538025777134e-09,0.13696501799859107,0.02904937299899757,0.001,6,True,
cdf_plateau,0.1,37,MonotoneLSPIA,0.017899254297041412,0.0,0.024567639047745615,0.024567639047745615,,40,True,
cdf_plateau,0.1,37,Penalized monotone B-spline,0.01790358329152247,0.0,0.04161113500595093,0.0021878579864278436,0.01,11,True,Optimization terminated successfully
cdf_plateau,0.1,37,pyGAM,0.018173163409244165,0.0,0.12359686702257022,0.016726057045161724,0.1,2,True,
cdf_plateau,0.1,38,MonotoneLSPIA,0.02059976256713398,2.2182256032011127e-13,0.021678282995708287,0.021678282995708287,,20,True,
cdf_plateau,0.1,38,Penalized monotone B-spline,0.02044672310400018,3.3273384048016694e-13,0.038026461959816515,0.0019196179928258061,0.01,11,True,Optimization terminated successfully
cdf_plateau,0.1,38,pyGAM,0.01829241598864618,5.979781669829399e-10,0.14079081499949098,0.02475278702331707,0.1,2,True,
cdf_plateau,0.1,39,MonotoneLSPIA,0.015133197852521839,4.4364512064022255e-13,0.02157871099188924,0.02157871099188924,,19,True,
cdf_plateau,0.1,39,Penalized monotone B-spline,0.01513413479065521,4.4364512064022255e-13,0.038200761016923934,0.0014212210080586374,1e-08,7,True,Optimization terminated successfully
cdf_plateau,0.1,39,pyGAM,0.014018202037254946,1.8108484711730275e-09,0.12840573297580704,0.02981666097184643,0.1,2,True,
cdf_plateau,0.1,40,MonotoneLSPIA,0.017847685670493035,4.4364512064022255e-13,0.020938351983204484,0.020938351983204484,,16,True,
cdf_plateau,0.1,40,Penalized monotone B-spline,0.018002172893418045,3.3273384048016694e-13,0.04237499996088445,0.002070037997327745,0.01,11,True,Optimization terminated successfully
cdf_plateau,0.1,40,pyGAM,0.019475502238625854,2.3200976140280596e-09,0.12667565600713715,0.020343059964943677,0.1,2,True,
cdf_plateau,0.1,41,MonotoneLSPIA,0.02815026878197507,4.4364512064022255e-13,0.020597296010237187,0.020597296010237187,,14,True,
cdf_plateau,0.1,41,Penalized monotone B-spline,0.028164900854567992,4.4364512064022255e-13,0.03562600997975096,0.0015538619481958449,0.01,7,True,Optimization terminated successfully
cdf_plateau,0.1,41,pyGAM,0.02844883961181401,5.26329479999544e-09,0.13769601797685027,0.02511430502636358,0.1,2,True,
cdf_plateau,0.1,42,MonotoneLSPIA,0.016287442149792428,3.3273384048016694e-13,0.022717359999660403,0.022717359999660403,,26,True,
cdf_plateau,0.1,42,Penalized monotone B-spline,0.01613801422525624,2.2182256032011127e-13,0.03956589300651103,0.001934227009769529,0.01,11,True,Optimization terminated successfully
cdf_plateau,0.1,42,pyGAM,0.015401701718532241,1.3030966306004937e-09,0.12840012897504494,0.020659419998992234,0.1,2,True,
cdf_plateau,0.1,43,MonotoneLSPIA,0.026842548958962795,0.0,0.023880017979536206,0.023880017979536206,,33,True,
cdf_plateau,0.1,43,Penalized monotone B-spline,0.026872559941845443,0.0,0.04580191499553621,0.0020084469579160213,0.01,11,True,Optimization terminated successfully
cdf_plateau,0.1,43,pyGAM,0.026113895266807182,0.0,0.1156551479944028,0.02099252602783963,0.01,2,True,
cdf_plateau,0.1,44,MonotoneLSPIA,0.026016157624872888,0.0,0.023194306006189436,0.023194306006189436,,28,True,
cdf_plateau,0.1,44,Penalized monotone B-spline,0.02606095275215676,0.0,0.043400922033470124,0.0020882940152660012,0.01,11,True,Optimization terminated successfully
cdf_plateau,0.1,44,pyGAM,0.025567772719326462,0.0,0.1235814790125005,0.01619246503105387,0.1,3,True,
cdf_plateau,0.1,45,MonotoneLSPIA,0.016464703772705203,3.3273384048016694e-13,0.022832730028312653,0.022832730028312653,,27,True,
cdf_plateau,0.1,45,Penalized monotone B-spline,0.01649866384746777,3.3273384048016694e-13,0.04053883603774011,0.001807787048164755,0.01,9,True,Optimization terminated successfully
cdf_plateau,0.1,45,pyGAM,0.01592285531580892,1.4538250603380092e-09,0.13053763698553666,0.021261385991238058,0.1,2,True,
cdf_plateau,0.1,46,MonotoneLSPIA,0.023353350653000402,0.0,0.025078633974771947,0.025078633974771947,,40,True,
cdf_plateau,0.1,46,Penalized monotone B-spline,0.023349157660910662,0.0,0.04560535401105881,0.0020535559742711484,1e-08,12,True,Optimization terminated successfully
cdf_plateau,0.1,46,pyGAM,0.024738805872255347,0.0,0.12609344196971506,0.016534788999706507,0.1,2,True,
cdf_plateau,0.1,47,MonotoneLSPIA,0.029067225476063968,2.772782004001391e-14,0.02165080897975713,0.02165080897975713,,19,True,
cdf_plateau,0.1,47,Penalized monotone B-spline,0.029074226162453514,2.772782004001391e-14,0.041345593985170126,0.0022381170419976115,1e-08,12,True,Optimization terminated successfully
cdf_plateau,0.1,47,pyGAM,0.028562659707095827,1.5733874203505058e-09,0.12642110500019044,0.025189339998178184,0.01,2,True,
cdf_plateau,0.1,48,MonotoneLSPIA,0.014766494446066277,5.545564008002628e-14,0.022603279969189316,0.022603279969189316,,22,True,
cdf_plateau,0.1,48,Penalized monotone B-spline,0.014768853541809781,4.159173006002087e-14,0.036556911014486104,0.0016267530154436827,1e-08,9,True,Optimization terminated successfully
cdf_plateau,0.1,48,pyGAM,0.01597653825684753,3.4595446507523597e-09,0.1415160679607652,0.029684101056773216,0.1,4,True,
cdf_plateau,0.1,49,MonotoneLSPIA,0.021701381599067527,4.4364512064022255e-13,0.02150910801719874,0.02150910801719874,,18,True,
cdf_plateau,0.1,49,Penalized monotone B-spline,0.021691733294423733,3.3273384048016694e-13,0.04190459504025057,0.0017446869751438498,1e-08,9,True,Optimization terminated successfully
cdf_plateau,0.1,49,pyGAM,0.021214710533666456,3.756010502620076e-09,0.1338403730187565,0.029292792023625225,0.001,6,True,
cdf_plateau,0.1,50,MonotoneLSPIA,0.03224761154573506,6.931955010003478e-14,0.023730947985313833,0.023730947985313833,,32,True,
cdf_plateau,0.1,50,Penalized monotone B-spline,0.032209300989698084,4.159173006002087e-14,0.043485239963047206,0.001806018000934273,0.01,10,True,Optimization terminated successfully
cdf_plateau,0.1,50,pyGAM,0.03195632946166039,2.9199058171337047e-09,0.11486084095668048,0.02081005898071453,0.01,2,True,
cdf_plateau,0.1,51,MonotoneLSPIA,0.022307137545717677,2.7727820040013332e-14,0.02289018500596285,0.02289018500596285,,27,True,
cdf_plateau,0.1,51,Penalized monotone B-spline,0.022057308608851828,2.7727820040013285e-14,0.04146941000362858,0.002023728971835226,0.01,11,True,Optimization terminated successfully
cdf_plateau,0.1,51,pyGAM,0.020291691274293745,9.79235692533104e-10,0.13793144800001755,0.017093197035137564,0.1,2,True,
cdf_plateau,0.1,52,MonotoneLSPIA,0.03904964834466613,0.0,0.026211590971797705,0.026211590971797705,,50,True,
cdf_plateau,0.1,52,Penalized monotone B-spline,0.049196901134084925,0.0,0.04459825297817588,0.0018692389712668955,1.0,9,True,Optimization terminated successfully
cdf_plateau,0.1,52,pyGAM,0.04034262177660536,0.0,0.12515117303701118,0.01634481200017035,0.1,4,True,
cdf_plateau,0.1,53,MonotoneLSPIA,0.015218606040639269,4.4364512064022255e-13,0.02220366703113541,0.02220366703113541,,20,True,
cdf_plateau,0.1,53,Penalized monotone B-spline,0.015210632924429292,3.3273384048016694e-13,0.04063220496755093,0.0018357349908910692,1e-08,10,True,Optimization terminated successfully
cdf_plateau,0.1,53,pyGAM,0.014951246211727293,3.0785089477625844e-09,0.15061125700594857,0.029883668990805745,0.01,2,True,
cdf_plateau,0.1,54,MonotoneLSPIA,0.016262133413570957,3.3273384048016694e-13,0.021414629998616874,0.021414629998616874,,16,True,
cdf_plateau,0.1,54,Penalized monotone B-spline,0.016268275317917167,3.3273384048016694e-13,0.04086041101254523,0.0018316790228709579,0.01,11,True,Optimization terminated successfully
cdf_plateau,0.1,54,pyGAM,0.015945844116676874,3.3583935632464847e-09,0.13252138899406418,0.024361414019949734,0.001,5,True,
cdf_plateau,0.1,55,MonotoneLSPIA,0.0174641496016225,3.3273384048016694e-13,0.021533062972594053,0.021533062972594053,,16,True,
cdf_plateau,0.1,55,Penalized monotone B-spline,0.017472452244524827,3.3273384048016694e-13,0.036777828994672745,0.0016153170145116746,1e-08,8,True,Optimization terminated successfully
cdf_plateau,0.1,55,pyGAM,0.016801247300975552,2.1370940017639727e-09,0.12868177698692307,0.02538460900541395,0.1,2,True,
cdf_plateau,0.1,56,MonotoneLSPIA,0.019119182623602973,3.3273384048016694e-13,0.020579766016453505,0.020579766016453505,,11,True,
cdf_plateau,0.1,56,Penalized monotone B-spline,0.01902909431190741,5.545564008002782e-13,0.031192788970656693,0.0010490239947102964,0.01,4,True,Optimization terminated successfully
cdf_plateau,0.1,56,pyGAM,0.018353530133749296,3.359280853487765e-09,0.1277647649985738,0.02468496997607872,0.1,2,True,
cdf_plateau,0.1,57,MonotoneLSPIA,0.023327007183203723,3.3273384048013003e-13,0.02151918603340164,0.02151918603340164,,16,True,
cdf_plateau,0.1,57,Penalized monotone B-spline,0.02330716900623885,4.436451206401733e-13,0.04128216701792553,0.0018434569938108325,1e-08,11,True,Optimization terminated successfully
cdf_plateau,0.1,57,pyGAM,0.023322053835256082,3.000205583969585e-09,0.13275752298068255,0.02423147001536563,0.1,2,True,
cdf_plateau,0.1,58,MonotoneLSPIA,0.025003545559768837,4.4364512064022255e-13,0.020921543007716537,0.020921543007716537,,18,True,
cdf_plateau,0.1,58,Penalized monotone B-spline,0.025014590569737778,4.4364512064022255e-13,0.03718083299463615,0.001491508970502764,1e-08,8,True,Optimization terminated successfully
cdf_plateau,0.1,58,pyGAM,0.02487664328682131,1.0834922958835535e-09,0.13611646398203447,0.028030697023496032,0.01,2,True,
cdf_plateau,0.1,59,MonotoneLSPIA,0.020935965858448383,3.3273384048016694e-13,0.02188280300470069,0.02188280300470069,,24,True,
cdf_plateau,0.1,59,Penalized monotone B-spline,0.020863465545975006,3.3273384048016694e-13,0.03954929701285437,0.0016179500380530953,0.01,8,True,Optimization terminated successfully
cdf_plateau,0.1,59,pyGAM,0.020587908617927878,1.4516068347348081e-09,0.1279259659931995,0.028204518952406943,0.01,2,True,
cdf_plateau,0.1,60,MonotoneLSPIA,0.018789975822981593,3.3273384048016694e-13,0.02170247200410813,0.02170247200410813,,22,True,
cdf_plateau,0.1,60,Penalized monotone B-spline,0.01878716482497337,3.3273384048016694e-13,0.0346724379924126,0.0013080909848213196,1e-08,6,True,Optimization terminated successfully
cdf_plateau,0.1,60,pyGAM,0.01883748117746435,2.804391718847007e-09,0.12062484695343301,0.02396549395052716,0.01,2,True,
cdf_plateau,0.1,61,MonotoneLSPIA,0.025049824321786974,4.159173006002087e-14,0.021349960996303707,0.021349960996303707,,20,True,
cdf_plateau,0.1,61,Penalized monotone B-spline,0.025002501397452484,2.772782004001391e-14,0.038829216035082936,0.001662055030465126,0.01,9,True,Optimization terminated successfully
cdf_plateau,0.1,61,pyGAM,0.024797770674913285,2.6361393068442026e-09,0.1252252270351164,0.024452389974612743,0.01,2,True,
cdf_plateau,0.1,62,MonotoneLSPIA,0.020371202774371565,4.4364512064022255e-13,0.021082337014377117,0.021082337014377117,,14,True,
cdf_plateau,0.1,62,Penalized monotone B-spline,0.020309368739137565,3.3273384048016694e-13,0.03399660799186677,0.0014537610113620758,0.01,6,True,Optimization terminated successfully
cdf_plateau,0.1,62,pyGAM,0.017813720223639758,6.8314693901782774e-09,0.12211495399242267,0.028380188043229282,0.1,2,True,
cdf_plateau,0.1,63,MonotoneLSPIA,0.018200746431626287,4.4364512064022255e-13,0.02036518999375403,0.02036518999375403,,12,True,
cdf_plateau,0.1,63,Penalized monotone B-spline,0.018250336835082488,3.3273384048016694e-13,0.03349272900959477,0.0010775860282592475,0.01,4,True,Optimization terminated successfully
cdf_plateau,0.1,63,pyGAM,0.01875698944132676,4.013768317712142e-09,0.13116401998559013,0.020221104030497372,0.1,2,True,
cdf_plateau,0.1,64,MonotoneLSPIA,0.020169687238727745,4.159173006001993e-14,0.02276780502870679,0.02276780502870679,,28,True,
cdf_plateau,0.1,64,Penalized monotone B-spline,0.020184277927492757,4.1591730060019996e-14,0.04032517899759114,0.001890646992251277,0.01,11,True,Optimization terminated successfully
cdf_plateau,0.1,64,pyGAM,0.02012463535839771,1.4262636072182157e-09,0.12474176898831502,0.019759838993195444,0.1,2,True,
cdf_plateau,0.1,65,MonotoneLSPIA,0.018790674899239353,2.7727820040013332e-14,0.021734857989940792,0.021734857989940792,,21,True,
cdf_plateau,0.1,65,Penalized monotone B-spline,0.018794589138532228,2.0795865030009998e-14,0.03541657899040729,0.0016441449988633394,1e-08,9,True,Optimization terminated successfully
cdf_plateau,0.1,65,pyGAM,0.01880319398606248,6.10899331121578e-10,0.1354837219696492,0.020100074994843453,0.01,2,True,
cdf_plateau,0.1,66,MonotoneLSPIA,0.020959799706854243,3.3273384048016694e-13,0.022736863000318408,0.022736863000318408,,28,True,
cdf_plateau,0.1,66,Penalized monotone B-spline,0.02105780822531992,3.3273384048016694e-13,0.03972592996433377,0.0019817969878204167,0.01,12,True,Optimization terminated successfully
cdf_plateau,0.1,66,pyGAM,0.022679350652442108,3.044126450912925e-09,0.13195575802819803,0.024128111021127552,0.1,3,True,
cdf_plateau,0.1,67,MonotoneLSPIA,0.018611309348683516,0.0,0.023024722991976887,0.023024722991976887,,32,True,
cdf_plateau,0.1,67,Penalized monotone B-spline,0.01861645482071181,0.0,0.04273446602746844,0.0021080030128359795,0.01,12,True,Optimization terminated successfully
cdf_plateau,0.1,67,pyGAM,0.019494760633010266,0.0,0.1212925230502151,0.01959393097786233,0.1,2,True,
cdf_plateau,0.1,68,MonotoneLSPIA,0.02541631718332338,4.1591730060019996e-14,0.022113298007752746,0.022113298007752746,,26,True,
cdf_plateau,0.1,68,Penalized monotone B-spline,0.02548802565810445,4.159173006001993e-14,0.034181450959295034,0.0013254020013846457,0.01,6,True,Optimization terminated successfully
cdf_plateau,0.1,68,pyGAM,0.026259441531478918,1.5405022257830715e-09,0.12258917698636651,0.02366251201601699,0.1,2,True,
cdf_plateau,0.1,69,MonotoneLSPIA,0.022141251358775735,4.4364512064022255e-13,0.023112613009288907,0.023112613009288907,,32,True,
cdf_plateau,0.1,69,Penalized monotone B-spline,0.022155464099618525,4.4364512064022255e-13,0.03816860599908978,0.0017278799787163734,1e-08,10,True,Optimization terminated successfully
cdf_plateau,0.1,69,pyGAM,0.022083683378434034,1.5561961719257407e-09,0.1278914999566041,0.019704767037183046,0.01,2,True,
cdf_plateau,0.1,70,MonotoneLSPIA,0.021445938406486464,4.436451206401733e-13,0.021431701024994254,0.021431701024994254,,23,True,
cdf_plateau,0.1,70,Penalized monotone B-spline,0.021321769533801646,3.3273384048016694e-13,0.03900084597989917,0.0013087359839119017,0.01,6,True,Optimization terminated successfully
cdf_plateau,0.1,70,pyGAM,0.020267391444757768,2.166762769206847e-09,0.12875183601863682,0.022770791954826564,0.01,2,True,
cdf_plateau,0.1,71,MonotoneLSPIA,0.022847196361347747,4.4364512064022255e-13,0.018605051969643682,0.018605051969643682,,8,True,
cdf_plateau,0.1,71,Penalized monotone B-spline,0.022854295975746387,3.3273384048016694e-13,0.035233927017543465,0.001389399985782802,0.01,8,True,Optimization terminated successfully
cdf_plateau,0.1,71,pyGAM,0.023093364086817506,6.190790380333734e-09,0.12619010597700253,0.019133261987008154,0.1,2,True,
cdf_plateau,0.1,72,MonotoneLSPIA,0.02131076757736779,0.0,0.022189697017893195,0.022189697017893195,,31,True,
cdf_plateau,0.1,72,Penalized monotone B-spline,0.0213251312919587,0.0,0.03811404900625348,0.0017930929898284376,1e-08,11,True,Optimization terminated successfully
cdf_plateau,0.1,72,pyGAM,0.021240251764731714,0.0,0.12640778499189764,0.019480017013847828,0.01,2,True,
cdf_plateau,0.1,73,MonotoneLSPIA,0.014971272881150932,3.3273384048016694e-13,0.020747167989611626,0.020747167989611626,,21,True,
cdf_plateau,0.1,73,Penalized monotone B-spline,0.014921098080051785,3.3273384048016694e-13,0.03908357000909746,0.001764198997989297,0.01,9,True,Optimization terminated successfully
cdf_plateau,0.1,73,pyGAM,0.01462032110473422,0.0,0.13260527601232752,0.019427250954322517,0.1,2,True,
cdf_plateau,0.1,74,MonotoneLSPIA,0.01990754449973788,3.3273384048016694e-13,0.019827117037493736,0.019827117037493736,,14,True,
cdf_plateau,0.1,74,Penalized monotone B-spline,0.019890554728127705,3.3273384048016694e-13,0.03573401895118877,0.0015548390219919384,1e-08,8,True,Optimization terminated successfully
cdf_plateau,0.1,74,pyGAM,0.019063832897017623,4.926623609069455e-09,0.12501418503234163,0.023361342027783394,0.01,2,True,
cdf_plateau,0.1,75,MonotoneLSPIA,0.020644698927052587,3.3273384048016694e-13,0.02103532396722585,0.02103532396722585,,24,True,
cdf_plateau,0.1,75,Penalized monotone B-spline,0.020500151473615464,3.3273384048016694e-13,0.038365011976566166,0.001765103021170944,0.01,10,True,Optimization terminated successfully
cdf_plateau,0.1,75,pyGAM,0.019366760676692837,2.5241743695224862e-09,0.12105918297311291,0.023315919970627874,0.1,2,True,
cdf_plateau,0.1,76,MonotoneLSPIA,0.030812603326404286,4.4364512064022255e-13,0.01918150600977242,0.01918150600977242,,9,True,
cdf_plateau,0.1,76,Penalized monotone B-spline,0.030812493084402662,4.4364512064022255e-13,0.0318299459759146,0.0013294260133989155,1e-08,7,True,Optimization terminated successfully
cdf_plateau,0.1,76,pyGAM,0.0274849045319484,3.470635778768461e-09,0.11777609400451183,0.023244708019774407,0.1,2,True,
cdf_plateau,0.1,77,MonotoneLSPIA,0.01465446206157064,2.772782004001391e-14,0.021109541004989296,0.021109541004989296,,23,True,
cdf_plateau,0.1,77,Penalized monotone B-spline,0.014615826035636416,2.772782004001391e-14,0.039264048042241484,0.0016775280237197876,0.01,9,True,Optimization terminated successfully
cdf_plateau,0.1,77,pyGAM,0.014054439807530445,3.3194082482702252e-09,0.12110273400321603,0.019091624999418855,0.1,2,True,
cdf_plateau,0.1,78,MonotoneLSPIA,0.019778213468686436,3.3273384048013003e-13,0.0201185509795323,0.0201185509795323,,16,True,
cdf_plateau,0.1,78,Penalized monotone B-spline,0.01978273871778131,3.3273384048016694e-13,0.03752635000273585,0.001711104006972164,1e-08,8,True,Optimization terminated successfully
cdf_plateau,0.1,78,pyGAM,0.019612899554673827,1.903237567546555e-09,0.12076754804002121,0.018953417951706797,0.1,2,True,
cdf_plateau,0.1,79,MonotoneLSPIA,0.023279486510076716,2.7727820040013524e-14,0.021239413996227086,0.021239413996227086,,26,True,
cdf_plateau,0.1,79,Penalized monotone B-spline,0.023379889174630856,2.7727820040013524e-14,0.041466459981165826,0.0022146410192362964,0.01,12,True,Optimization terminated successfully
cdf_plateau,0.1,79,pyGAM,0.02405206600044697,2.9598338779912428e-09,0.12237592501332983,0.018705810012761503,0.1,2,True,
cdf_plateau,0.1,80,MonotoneLSPIA,0.01710333861783446,4.4364512064022255e-13,0.022362141986377537,0.022362141986377537,,32,True,
cdf_plateau,0.1,80,Penalized monotone B-spline,0.017309360597574847,4.4364512064022255e-13,0.0388348950073123,0.0019211610197089612,0.01,12,True,Optimization terminated successfully
cdf_plateau,0.1,80,pyGAM,0.018598064126081768,2.8701621079819196e-09,0.12659733498003334,0.022943293035496026,0.1,3,True,
cdf_plateau,0.1,81,MonotoneLSPIA,0.018624794871075566,4.4364512064022255e-13,0.02007161104120314,0.02007161104120314,,18,True,
cdf_plateau,0.1,81,Penalized monotone B-spline,0.018459535988648374,4.4364512064022255e-13,0.03560664999531582,0.0015739279915578663,0.01,10,True,Optimization terminated successfully
cdf_plateau,0.1,81,pyGAM,0.018208623382540905,3.942119630728857e-09,0.11728547798702493,0.02279206202365458,0.01,2,True,
cdf_plateau,0.1,82,MonotoneLSPIA,0.016843675859305664,2.772782004001391e-14,0.02097253897227347,0.02097253897227347,,25,True,
cdf_plateau,0.1,82,Penalized monotone B-spline,0.017050868035672337,2.772782004001391e-14,0.03633119002915919,0.0017094379873014987,0.01,9,True,Optimization terminated successfully
cdf_plateau,0.1,82,pyGAM,0.01883792171968343,1.8750106467458205e-09,0.11870840104529634,0.018865265999920666,0.1,2,True,
cdf_plateau,0.1,83,MonotoneLSPIA,0.023096150217602196,3.3273384048016694e-13,0.02009923302102834,0.02009923302102834,,16,True,
cdf_plateau,0.1,83,Penalized monotone B-spline,0.022928321488164233,4.4364512064022255e-13,0.036931401991751045,0.0015063569881021976,0.01,9,True,Optimization terminated successfully
cdf_plateau,0.1,83,pyGAM,0.02289841420541549,3.2902385815880394e-09,0.1209158570272848,0.02648989501176402,0.01,2,True,
cdf_plateau,0.1,84,MonotoneLSPIA,0.03299222176969744,3.3273384048016694e-13,0.021847677999176085,0.021847677999176085,,34,True,
cdf_plateau,0.1,84,Penalized monotone B-spline,0.032864762448593814,3.3273384048016694e-13,0.0364972609677352,0.0013546990230679512,0.01,7,True,Optimization terminated successfully
cdf_plateau,0.1,84,pyGAM,0.03245401577818986,9.324311323055878e-10,0.10911328002111986,0.022776407015044242,0.001,5,True,
cdf_plateau,0.1,85,MonotoneLSPIA,0.015831424025534696,3.3273384048016694e-13,0.01861029997235164,0.01861029997235164,,8,True,
cdf_plateau,0.1,85,Penalized monotone B-spline,0.015884376305478305,3.3273384048016694e-13,0.036002515989821404,0.001453548960853368,0.01,8,True,Optimization terminated successfully
cdf_plateau,0.1,85,pyGAM,0.01579211516792451,1.3667597054123656e-09,0.1365567229804583,0.018524320039432496,0.01,2,True,
cdf_plateau,0.1,86,MonotoneLSPIA,0.027313039535941955,3.3273384048016694e-13,0.021279802022036165,0.021279802022036165,,29,True,
cdf_plateau,0.1,86,Penalized monotone B-spline,0.02751286951156942,3.3273384048016694e-13,0.03730228100903332,0.0017800329951569438,0.01,11,True,Optimization terminated successfully
cdf_plateau,0.1,86,pyGAM,0.029142314528061514,3.380076718517682e-09,0.11796230199979618,0.02226524701109156,0.1,3,True,
cdf_plateau,0.1,87,MonotoneLSPIA,0.02566522444314612,4.159173006002087e-14,0.02058009197935462,0.02058009197935462,,20,True,
cdf_plateau,0.1,87,Penalized monotone B-spline,0.025575385196948446,5.545564008002628e-14,0.035825119994115084,0.0013600079691968858,0.01,7,True,Optimization terminated successfully
cdf_plateau,0.1,87,pyGAM,0.024441009781040583,3.850174179475958e-09,0.11029993603006005,0.0229075129609555,0.01,2,True,
cdf_plateau,0.1,88,MonotoneLSPIA,0.03568750419509411,4.436451206401733e-13,0.019936005002819,0.019936005002819,,18,True,
cdf_plateau,0.1,88,Penalized monotone B-spline,0.035380287572840376,3.3273384048016694e-13,0.03762076300336048,0.0017743679927662015,0.01,11,True,Optimization terminated successfully
cdf_plateau,0.1,88,pyGAM,0.032442432541317026,3.6228615107881372e-09,0.11828921100823209,0.026361280994024128,0.1,2,True,
cdf_plateau,0.1,89,MonotoneLSPIA,0.022418729314284753,4.4364512064022255e-13,0.0201237199944444,0.0201237199944444,,20,True,
cdf_plateau,0.1,89,Penalized monotone B-spline,0.02241246467866133,3.3273384048016694e-13,0.03862600901629776,0.0016723779845051467,1e-08,10,True,Optimization terminated successfully
cdf_plateau,0.1,89,pyGAM,0.02063280684454646,2.533324550135831e-09,0.10996339801931754,0.0226899900007993,0.01,2,True,
cdf_plateau,0.1,90,MonotoneLSPIA,0.0314748176383276,4.4364512064022255e-13,0.01934033801080659,0.01934033801080659,,14,True,
cdf_plateau,0.1,90,Penalized monotone B-spline,0.031466805615076844,3.3273384048016694e-13,0.03745521098608151,0.0015645870007574558,1e-08,9,True,Optimization terminated successfully
cdf_plateau,0.1,90,pyGAM,0.032598369736110085,4.373509054911273e-09,0.12861109600635245,0.018440779007505625,0.1,2,True,
cdf_plateau,0.1,91,MonotoneLSPIA,0.025651080055750116,0.0,0.021879698964767158,0.021879698964767158,,32,True,
cdf_plateau,0.1,91,Penalized monotone B-spline,0.02560327152260463,0.0,0.036880987987387925,0.0015863440348766744,0.01,9,True,Optimization terminated successfully
cdf_plateau,0.1,91,pyGAM,0.02560026062482515,0.0,0.11386952799512073,0.019253820995800197,0.01,2,True,
cdf_plateau,0.1,92,MonotoneLSPIA,0.028097317869247487,2.772782004001391e-14,0.021257012034766376,0.021257012034766376,,26,True,
cdf_plateau,0.1,92,Penalized monotone B-spline,0.028086865464226708,2.772782004001391e-14,0.0421995020005852,0.0017323800129815936,1e-08,11,True,Optimization terminated successfully
cdf_plateau,0.1,92,pyGAM,0.027486744281973133,5.141736036940019e-09,0.11361870501423255,0.02273016097024083,0.01,2,True,
cdf_plateau,0.1,93,MonotoneLSPIA,0.024502668729602835,3.3273384048016694e-13,0.021545658994000405,0.021545658994000405,,29,True,
cdf_plateau,0.1,93,Penalized monotone B-spline,0.02450718553447064,2.2182256032011127e-13,0.036443535005673766,0.0016969029675237834,1e-08,9,True,Optimization terminated successfully
cdf_plateau,0.1,93,pyGAM,0.024677314156934096,8.626679370849127e-10,0.12241611501667649,0.022827748965937644,0.01,2,True,
cdf_plateau,0.1,94,MonotoneLSPIA,0.02176943752166362,4.4364512064022255e-13,0.022449094976764172,0.022449094976764172,,32,True,
cdf_plateau,0.1,94,Penalized monotone B-spline,0.021838995364079142,3.3273384048016694e-13,0.03751917998306453,0.0017077939701266587,0.01,10,True,Optimization terminated successfully
cdf_plateau,0.1,94,pyGAM,0.022304622971963305,1.2374371527456035e-09,0.11788215802516788,0.018422654015012085,0.1,2,True,
cdf_plateau,0.1,95,MonotoneLSPIA,0.013006727080814347,4.4364512064022255e-13,0.018941898946650326,0.018941898946650326,,13,True,
cdf_plateau,0.1,95,Penalized monotone B-spline,0.01305639897721574,3.3273384048016694e-13,0.034226234012749046,0.0014566059689968824,0.01,8,True,Optimization terminated successfully
cdf_plateau,0.1,95,pyGAM,0.012820739855280096,3.5295851241735305e-09,0.12372373399557546,0.023910996969789267,0.01,2,True,
cdf_plateau,0.1,96,MonotoneLSPIA,0.024676555457692664,3.3273384048016694e-13,0.02013944898499176,0.02013944898499176,,20,True,
cdf_plateau,0.1,96,Penalized monotone B-spline,0.02466760618525624,4.4364512064022255e-13,0.035191216971725225,0.0017481709946878254,1e-08,11,True,Optimization terminated successfully
cdf_plateau,0.1,96,pyGAM,0.026600882678552727,2.740562277114819e-09,0.10704943200107664,0.015090337023139,0.1,2,True,
cdf_plateau,0.1,97,MonotoneLSPIA,0.01599010815357539,3.3273384048016694e-13,0.020910363004077226,0.020910363004077226,,21,True,
cdf_plateau,0.1,97,Penalized monotone B-spline,0.015925947231450206,3.3273384048016694e-13,0.03963702998589724,0.0016309560160152614,0.01,9,True,Optimization terminated successfully
cdf_plateau,0.1,97,pyGAM,0.015849861890934704,1.1657884657623448e-09,0.1316314900177531,0.023353546974249184,0.01,2,True,
cdf_plateau,0.1,98,MonotoneLSPIA,0.014436596562998847,3.3273384048016694e-13,0.020254773960914463,0.020254773960914463,,17,True,
cdf_plateau,0.1,98,Penalized monotone B-spline,0.014434838776015367,3.3273384048016694e-13,0.03498016798403114,0.001232840004377067,1e-08,6,True,Optimization terminated successfully
cdf_plateau,0.1,98,pyGAM,0.014612031719908021,3.082723576408624e-09,0.12626553099835292,0.026779361010994762,0.01,2,True,
cdf_plateau,0.1,99,MonotoneLSPIA,0.01849367029537871,4.436451206401733e-13,0.01962020999053493,0.01962020999053493,,17,True,
cdf_plateau,0.1,99,Penalized monotone B-spline,0.01849353123632748,3.3273384048016694e-13,0.033762570994440466,0.0015263649984262884,1e-08,8,True,Optimization terminated successfully
cdf_plateau,0.1,99,pyGAM,0.016956428075688236,2.7787157574899538e-09,0.12174829398281872,0.022549751971382648,0.01,2,True,
cdf_plateau,0.1,100,MonotoneLSPIA,0.025721408365282996,3.3273384048016694e-13,0.020049905055202544,0.020049905055202544,,15,True,
cdf_plateau,0.1,100,Penalized monotone B-spline,0.02549168764336306,3.3273384048016694e-13,0.03693915600888431,0.0014243560144677758,0.01,8,True,Optimization terminated successfully
cdf_plateau,0.1,100,pyGAM,0.025182113730566516,2.3756087097482315e-09,0.12967003497760743,0.02265695499954745,0.001,5,True,
